title,year,venue,cited,doi,pdf
Fluorinated interphase enables reversible aqueous zinc battery chemistries,2021,OSTI OAI (U.S. Department of Energy Office of Scientific and Technical Information),1177,10.1038/s41565-021-00905-4,
Electrolyte design for LiF-rich solid–electrolyte interfaces to enable high-performance microsized alloy anodes for batteries,2020,OSTI OAI (U.S. Department of Energy Office of Scientific and Technical Information),1138,10.1038/s41560-020-0601-1,
Enhanced Potassium-Ion Storage of the 3D Carbon Superstructure by Manipulating the Nitrogen-Doped Species and Morphology,2020,Nano-Micro Letters,894,10.1007/s40820-020-00525-y,https://link.springer.com/content/pdf/10.1007/s40820-020-00525-y.pdf
Tailoring electrolyte solvation for Li metal batteries cycled at ultra-low temperature,2021,PubMed Central,849,10.1038/s41560-021-00783-z,
Revealing the closed pore formation of waste wood-derived hard carbon for advanced sodium-ion battery,2023,Nature Communications,809,10.1038/s41467-023-39637-5,https://www.nature.com/articles/s41467-023-39637-5.pdf
Electrolyte Design for In Situ Construction of Highly Zn 2+ ‐Conductive Solid Electrolyte Interphase to Enable High‐Performance Aqueous Zn‐Ion Batteries under P,2021,Figshare,796,10.1002/adma.202007416,
"High areal capacity, long cycle life 4 V ceramic all-solid-state Li-ion batteries enabled by chloride solid electrolytes",2022,OSTI OAI (U.S. Department of Energy Office of Scientific and Technical Information),628,10.1038/s41560-021-00952-0,
An Inorganic‐Rich Solid Electrolyte Interphase for Advanced Lithium‐Metal Batteries in Carbonate Electrolytes,2020,OSTI OAI (U.S. Department of Energy Office of Scientific and Technical Information),607,10.1002/anie.202012005,
Steric Effect Tuned Ion Solvation Enabling Stable Cycling of High-Voltage Lithium Metal Battery,2021,OSTI OAI (U.S. Department of Energy Office of Scientific and Technical Information),596,10.1021/jacs.1c09006,https://www.osti.gov/servlets/purl/1878520
MgO‐Template Synthesis of Extremely High Capacity Hard Carbon for Na‐Ion Battery,2020,Angewandte Chemie International Edition,579,10.1002/anie.202013951,https://onlinelibrary.wiley.com/doi/pdfdirect/10.1002/anie.202013951
Tuning the Kinetics of Zinc‐Ion Insertion/Extraction in V 2 O 5 by In Situ Polyaniline Intercalation Enables Improved Aqueous Zinc‐Ion Storage Performance,2020,OSTI OAI (U.S. Department of Energy Office of Scientific and Technical Information),557,10.1002/adma.202001113,https://www.osti.gov/servlets/purl/1756167
Hierarchical porous silicon structures with extraordinary mechanical strength as high-performance lithium-ion battery anodes,2020,Nature Communications,540,10.1038/s41467-020-15217-9,https://www.nature.com/articles/s41467-020-15217-9.pdf
Nitrogen-rich covalent organic frameworks with multiple carbonyls for high-performance sodium batteries,2020,Nature Communications,527,10.1038/s41467-019-13739-5,https://www.nature.com/articles/s41467-019-13739-5.pdf
Lanthanum nitrate as aqueous electrolyte additive for favourable zinc metal electrodeposition,2022,Nature Communications,512,10.1038/s41467-022-30939-8,https://www.nature.com/articles/s41467-022-30939-8.pdf
In situ inorganic conductive network formation in high-voltage single-crystal Ni-rich cathodes,2021,Nature Communications,487,10.1038/s41467-021-25611-6,https://www.nature.com/articles/s41467-021-25611-6.pdf
Tuning local chemistry of P2 layered-oxide cathode for high energy and long cycles of sodium-ion battery,2021,Nature Communications,482,10.1038/s41467-021-22523-3,https://www.nature.com/articles/s41467-021-22523-3.pdf
A cost-effective and humidity-tolerant chloride solid electrolyte for lithium batteries,2021,Nature Communications,475,10.1038/s41467-021-24697-2,https://www.nature.com/articles/s41467-021-24697-2.pdf
Low-temperature and high-rate-charging lithium metal batteries enabled by an electrochemically active monolayer-regulated interface,2020,OSTI OAI (U.S. Department of Energy Office of Scientific and Technical Information),473,10.1038/s41560-020-0640-7,
"Tuning the Electrolyte Solvation Structure to Suppress Cathode Dissolution, Water Reactivity, and Zn Dendrite Growth in Zinc‐Ion Batteries",2021,Figshare,471,10.1002/adfm.202104281,
3D hierarchical graphene matrices enable stable Zn anodes for aqueous Zn batteries,2023,Nature Communications,442,10.1038/s41467-023-39947-8,https://www.nature.com/articles/s41467-023-39947-8.pdf
Solid‐State Electrolyte Design for Lithium Dendrite Suppression,2020,OSTI OAI (U.S. Department of Energy Office of Scientific and Technical Information),437,10.1002/adma.202002741,
Interface chemistry of an amide electrolyte for highly reversible lithium metal batteries,2020,Nature Communications,431,10.1038/s41467-020-17976-x,https://www.nature.com/articles/s41467-020-17976-x.pdf
Organic-Inorganic-Induced Polymer Intercalation into Layered Composites for Aqueous Zinc-Ion Battery,2020,Chem,423,10.1016/j.chempr.2020.02.001,http://www.cell.com/article/S2451929420300486/pdf
Free-standing ultrathin lithium metal–graphene oxide host foils with controllable thickness for lithium batteries,2021,OSTI OAI (U.S. Department of Energy Office of Scientific and Technical Information),410,10.1038/s41560-021-00833-6,
A high capacity small molecule quinone cathode for rechargeable aqueous zinc-organic batteries,2021,Nature Communications,409,10.1038/s41467-021-24701-9,https://www.nature.com/articles/s41467-021-24701-9.pdf
A chemically self-charging aqueous zinc-ion battery,2020,Nature Communications,408,10.1038/s41467-020-16039-5,https://www.nature.com/articles/s41467-020-16039-5.pdf
Boron-doped sodium layered oxide for reversible oxygen redox reaction in Na-ion battery cathodes,2021,Nature Communications,408,10.1038/s41467-021-25610-7,https://www.nature.com/articles/s41467-021-25610-7.pdf
Additive engineering for robust interphases to stabilize high-Ni layered structures at ultra-high voltage of 4.8 V,2022,OSTI OAI (U.S. Department of Energy Office of Scientific and Technical Information),407,10.1038/s41560-022-01020-x,https://www.osti.gov/servlets/purl/1872753
Mechanical rolling formation of interpenetrated lithium metal/lithium tin alloy foil for ultrahigh-rate battery anode,2020,Nature Communications,402,10.1038/s41467-020-14550-3,https://www.nature.com/articles/s41467-020-14550-3.pdf
Surface enrichment and diffusion enabling gradient-doping and coating of Ni-rich cathode toward Li-ion batteries,2021,Nature Communications,401,10.1038/s41467-021-24893-0,https://www.nature.com/articles/s41467-021-24893-0.pdf
Molecular grafting towards high-fraction active nanodots implanted in N-doped carbon for sodium dual-ion batteries,2020,National Science Review,396,10.1093/nsr/nwaa178,https://academic.oup.com/nsr/article-pdf/8/7/nwaa178/39375184/nwaa178.pdf
Isolated Fe-Co heteronuclear diatomic sites as efficient bifunctional catalysts for high-performance lithium-sulfur batteries,2023,Nature Communications,370,10.1038/s41467-022-35736-x,https://www.nature.com/articles/s41467-022-35736-x.pdf
Chaotropic Anion and Fast-Kinetics Cathode Enabling Low-Temperature Aqueous Zn Batteries,2021,Figshare,363,10.1021/acsenergylett.1c01054,
Niobium-doped layered cathode material for high-power and low-temperature sodium-ion batteries,2022,Nature Communications,360,10.1038/s41467-022-30942-z,https://www.nature.com/articles/s41467-022-30942-z.pdf
Architecting a Stable High-Energy Aqueous Al-Ion Battery,2020,OSTI OAI (U.S. Department of Energy Office of Scientific and Technical Information),357,10.1021/jacs.0c05054,
An Iron‐Decorated Carbon Aerogel for Rechargeable Flow and Flexible Zn–Air Batteries,2020,OSTI OAI (U.S. Department of Energy Office of Scientific and Technical Information),355,10.1002/adma.202002292,https://www.osti.gov/servlets/purl/1712662
Exfoliation and Delamination of Ti 3 C 2 T x MXene Prepared via Molten Salt Etching Route,2021,HAL (Le Centre pour la Communication Scientifique Directe),354,10.1021/acsnano.1c08498,https://hal.science/hal-03826847/document
Regulation of Lamellar Structure of Vanadium Oxide via Polyaniline Intercalation for High‐Performance Aqueous Zinc‐Ion Battery,2020,UEA Digital Repository (University of East Anglia),348,10.1002/adfm.202003890,https://ueaeprints.uea.ac.uk/id/eprint/77049/1/Accepted_Manuscript.pdf
Gradient design of imprinted anode for stable Zn-ion batteries,2023,Nature Communications,346,10.1038/s41467-023-36386-3,https://www.nature.com/articles/s41467-023-36386-3.pdf
A monofluoride ether-based electrolyte solution for fast-charging and low-temperature non-aqueous lithium metal batteries,2023,Nature Communications,345,10.1038/s41467-023-36793-6,https://www.nature.com/articles/s41467-023-36793-6.pdf
Highly reversible Zn anode with a practical areal capacity enabled by a sustainable electrolyte and superacid interfacial chemistry,2022,Joule,341,10.1016/j.joule.2022.04.017,http://www.cell.com/article/S2542435122001842/pdf
Sieving carbons promise practical anodes with extensible low-potential plateaus for sodium batteries,2022,National Science Review,340,10.1093/nsr/nwac084,https://academic.oup.com/nsr/advance-article-pdf/doi/10.1093/nsr/nwac084/44249255/nwac084.pdf
Deep neural network battery charging curve prediction using 30 points collected in 10 min,2021,Joule,337,10.1016/j.joule.2021.05.012,http://www.cell.com/article/S2542435121002476/pdf
Formation of LiF‐rich Cathode‐Electrolyte Interphase by Electrolyte Reduction,2022,Angewandte Chemie International Edition,337,10.1002/anie.202202731,https://onlinelibrary.wiley.com/doi/pdfdirect/10.1002/anie.202202731
Tailoring polymer electrolyte ionic conductivity for production of low- temperature operating quasi-all-solid-state lithium metal batteries,2023,Nature Communications,335,10.1038/s41467-023-35857-x,https://www.nature.com/articles/s41467-023-35857-x.pdf
Efficient fast-charging of lithium-ion batteries enabled by laser-patterned three-dimensional graphite anode architectures,2020,OSTI OAI (U.S. Department of Energy Office of Scientific and Technical Information),320,10.1016/j.jpowsour.2020.228475,https://www.osti.gov/servlets/purl/1924791
Constructing robust heterostructured interface for anode-free zinc batteries with ultrahigh capacities,2023,Nature Communications,320,10.1038/s41467-022-35630-6,https://www.nature.com/articles/s41467-022-35630-6.pdf
Tailoring water structure with high-tetrahedral-entropy for antifreezing electrolytes and energy storage at −80 °C,2023,Nature Communications,320,10.1038/s41467-023-36198-5,https://www.nature.com/articles/s41467-023-36198-5.pdf
High Interfacial-Energy Interphase Promoting Safe Lithium Metal Batteries,2020,OSTI OAI (U.S. Department of Energy Office of Scientific and Technical Information),318,10.1021/jacs.9b11750,
Construct Robust Epitaxial Growth of (101) Textured Zinc Metal Anode for Long Life and High Capacity in Mild Aqueous Zinc‐Ion Batteries,2023,Advanced Materials,316,10.1002/adma.202305988,https://onlinelibrary.wiley.com/doi/pdfdirect/10.1002/adma.202305988
Phenanthroline Covalent Organic Framework Electrodes for High-Performance Zinc-Ion Supercapattery,2020,ACS Energy Letters,314,10.1021/acsenergylett.0c00903,https://pubs.acs.org/doi/pdf/10.1021/acsenergylett.0c00903
Tailoring the metal electrode morphology via electrochemical protocol optimization for long-lasting aqueous zinc batteries,2022,Nature Communications,311,10.1038/s41467-022-31461-7,https://www.nature.com/articles/s41467-022-31461-7.pdf
A weakly solvating electrolyte towards practical rechargeable aqueous zinc-ion batteries,2024,Nature Communications,308,10.1038/s41467-023-44615-y,https://www.nature.com/articles/s41467-023-44615-y.pdf
Rational Design of a Ni3N0.85 Electrocatalyst to Accelerate Polysulfide Conversion in Lithium–Sulfur Batteries,2020,OSTI OAI (U.S. Department of Energy Office of Scientific and Technical Information),307,10.1021/acsnano.9b09371,https://www.osti.gov/servlets/purl/1660426
Single-dispersed polyoxometalate clusters embedded on multilayer graphene as a bifunctional electrocatalyst for efficient Li-S batteries,2022,Nature Communications,307,10.1038/s41467-021-27866-5,https://www.nature.com/articles/s41467-021-27866-5.pdf
Improving the oxygen redox reversibility of Li-rich battery cathode materials via Coulombic repulsive interactions strategy,2022,Nature Communications,306,10.1038/s41467-022-28793-9,https://www.nature.com/articles/s41467-022-28793-9.pdf
High-Performance Aqueous Zinc-Ion Batteries Realized by MOF Materials,2020,Nano-Micro Letters,304,10.1007/s40820-020-00487-1,https://link.springer.com/content/pdf/10.1007/s40820-020-00487-1.pdf
N/O Dual‐Doped Environment‐Friendly Hard Carbon as Advanced Anode for Potassium‐Ion Batteries,2020,Advanced Science,301,10.1002/advs.201902547,https://onlinelibrary.wiley.com/doi/pdfdirect/10.1002/advs.201902547
Unlocking anionic redox activity in O3-type sodium 3d layered oxides via Li substitution,2021,The Australian Nuclear Science and Technology Organisation Institutional Repository (The Australian Nuclear Science and Technology Organisation),301,10.1038/s41563-020-00870-8,https://apo.ansto.gov.au/bitstreams/a3495f59-159b-4b3f-9434-56be0a7148f5/download
Rational design of a topological polymeric solid electrolyte for high-performance all-solid-state alkali metal batteries,2022,Nature Communications,293,10.1038/s41467-022-31792-5,https://www.nature.com/articles/s41467-022-31792-5.pdf
Non-polar ether-based electrolyte solutions for stable high-voltage non-aqueous lithium metal batteries,2023,Nature Communications,290,10.1038/s41467-023-36647-1,https://www.nature.com/articles/s41467-023-36647-1.pdf
Enabling selective zinc-ion intercalation by a eutectic electrolyte for practical anodeless zinc batteries,2023,Nature Communications,289,10.1038/s41467-023-38460-2,https://www.nature.com/articles/s41467-023-38460-2.pdf
"Fluoride-Rich, Organic–Inorganic Gradient Interphase Enabled by Sacrificial Solvation Shells for Reversible Zinc Metal Batteries",2023,OSTI OAI (U.S. Department of Energy Office of Scientific and Technical Information),288,10.1021/jacs.3c06523,https://www.osti.gov/biblio/2480830
Achieving All‐Plateau and High‐Capacity Sodium Insertion in Topological Graphitized Carbon,2023,Figshare,285,10.1002/adma.202302613,
From Micropores to Ultra-micropores inside Hard Carbon: Toward Enhanced Capacity in Room-/Low-Temperature Sodium-Ion Storage,2021,Nano-Micro Letters,282,10.1007/s40820-020-00587-y,https://link.springer.com/content/pdf/10.1007/s40820-020-00587-y.pdf
Synergistic Effect of Bimetallic MOF Modified Separator for Long Cycle Life Lithium‐Sulfur Batteries,2023,Advanced Energy Materials,282,10.1002/aenm.202302897,
Highly Conductive Two-Dimensional Metal–Organic Frameworks for Resilient Lithium Storage with Superb Rate Capability,2020,,280,10.1021/acsnano.0c05200,
Rational design of porous nitrogen-doped Ti3C2 MXene as a multifunctional electrocatalyst for Li–S chemistry,2020,King Abdullah University of Science and Technology Repository (King Abdullah University of Science and Technology),279,10.1016/j.nanoen.2020.104555,
Thickness-independent scalable high-performance Li-S batteries with high areal sulfur loading via electron-enriched carbon framework,2021,Nature Communications,278,10.1038/s41467-021-24873-4,https://www.nature.com/articles/s41467-021-24873-4.pdf
Nonepitaxial Electrodeposition of (002)‐Textured Zn Anode on Textureless Substrates for Dendrite‐Free and Hydrogen Evolution‐Suppressed Zn Batteries,2023,Advanced Materials,278,10.1002/adma.202300073,https://onlinelibrary.wiley.com/doi/pdfdirect/10.1002/adma.202300073
Influence of NCM Particle Cracking on Kinetics of Lithium-Ion Batteries with Liquid or Solid Electrolyte,2020,Journal of The Electrochemical Society,276,10.1149/1945-7111/ab9a2c,https://iopscience.iop.org/article/10.1149/1945-7111/ab9a2c/pdf
Vanadium Dioxide Cathodes for High‐Rate Photo‐Rechargeable Zinc‐Ion Batteries,2021,Advanced Energy Materials,275,10.1002/aenm.202100115,https://onlinelibrary.wiley.com/doi/pdfdirect/10.1002/aenm.202100115
Nitrogen‐Doped Cobalt Pyrite Yolk–Shell Hollow Spheres for Long‐Life Rechargeable Zn–Air Batteries,2020,Advanced Science,272,10.1002/advs.202001178,https://onlinelibrary.wiley.com/doi/pdfdirect/10.1002/advs.202001178
"A Highly Reversible, Dendrite‐Free Lithium Metal Anode Enabled by a Lithium‐Fluoride‐Enriched Interphase",2020,OSTI OAI (U.S. Department of Energy Office of Scientific and Technical Information),271,10.1002/adma.201906427,
High‐Entropy and Superstructure‐Stabilized Layered Oxide Cathodes for Sodium‐Ion Batteries,2022,OSTI OAI (U.S. Department of Energy Office of Scientific and Technical Information),271,10.1002/aenm.202201989,https://www.osti.gov/servlets/purl/1889148
A mechanically robust self-healing binder for silicon anode in lithium ion batteries,2020,"Griffith Research Online (Griffith University, Queensland, Australia)",267,10.1016/j.nanoen.2020.105654,
Artificial dual solid-electrolyte interfaces based on in situ organothiol transformation in lithium sulfur battery,2021,Nature Communications,266,10.1038/s41467-021-23155-3,https://www.nature.com/articles/s41467-021-23155-3.pdf
Microcrystalline Hybridization Enhanced Coal‐Based Carbon Anode for Advanced Sodium‐Ion Batteries,2022,Advanced Science,265,10.1002/advs.202200023,
Organic pH Buffer for Dendrite‐Free and Shuttle‐Free Zn‐I 2 Batteries,2023,Angewandte Chemie International Edition,265,10.1002/anie.202303011,https://onlinelibrary.wiley.com/doi/pdfdirect/10.1002/anie.202303011
Structure and Interface Design Enable Stable Li-Rich Cathode,2020,OSTI OAI (U.S. Department of Energy Office of Scientific and Technical Information),264,10.1021/jacs.0c02302,
In‐Situ Electrochemically Activated Surface Vanadium Valence in V 2 C MXene to Achieve High Capacity and Superior Rate Performance for Zn‐Ion Batteries,2020,Figshare,264,10.1002/adfm.202008033,
"Hard carbon derived from coconut shells, walnut shells, and corn silk biomass waste exhibiting high capacity for Na-ion batteries",2020,HAL (Le Centre pour la Communication Scientifique Directe),263,10.1016/j.jechem.2020.08.065,
Strategies to anode protection in lithium metal battery: A review,2021,InfoMat,262,10.1002/inf2.12189,https://onlinelibrary.wiley.com/doi/pdfdirect/10.1002/inf2.12189
In Situ Construction of Anode–Molecule Interface via Lone‐Pair Electrons in Trace Organic Molecules Additives to Achieve Stable Zinc Metal Anodes,2023,Advanced Energy Materials,261,10.1002/aenm.202300550,https://onlinelibrary.wiley.com/doi/pdfdirect/10.1002/aenm.202300550
"A cost-effective, ionically conductive and compressible oxychloride solid-state electrolyte for stable all-solid-state lithium-based batteries",2023,Nature Communications,259,10.1038/s41467-023-39522-1,https://www.nature.com/articles/s41467-023-39522-1.pdf
Dual Effects of Metal and Organic Ions Co‐Intercalation Boosting the Kinetics and Stability of Hydrated Vanadate Cathodes for Aqueous Zinc‐Ion Batteries,2023,Advanced Energy Materials,259,10.1002/aenm.202301480,https://onlinelibrary.wiley.com/doi/pdfdirect/10.1002/aenm.202301480
A fluoroxalate cathode material for potassium-ion batteries with ultra-long cyclability,2020,Nature Communications,255,10.1038/s41467-020-15044-y,https://www.nature.com/articles/s41467-020-15044-y.pdf
Dual fluorination of polymer electrolyte and conversion-type cathode for high-capacity all-solid-state lithium metal batteries,2022,Nature Communications,254,10.1038/s41467-022-35636-0,https://www.nature.com/articles/s41467-022-35636-0.pdf
Enabling High‐Energy Solid‐State Batteries with Stable Anode Interphase by the Use of Columnar Silicon Anodes,2020,Advanced Energy Materials,253,10.1002/aenm.202001320,https://onlinelibrary.wiley.com/doi/pdfdirect/10.1002/aenm.202001320
Enabling All‐Solid‐State Li Metal Batteries Operated at 30 °C by Molecular Regulation of Polymer Electrolyte,2023,Advanced Energy Materials,251,10.1002/aenm.202203547,https://onlinelibrary.wiley.com/doi/pdfdirect/10.1002/aenm.202203547
Zn2+ Induced Phase Transformation of K2MnFe(CN)6 Boosts Highly Stable Zinc‐Ion Storage,2021,OSTI OAI (U.S. Department of Energy Office of Scientific and Technical Information),248,10.1002/aenm.202003639,
Industrial‐Scale Hard Carbon Designed to Regulate Electrochemical Polarization for Fast Sodium Storage,2024,Angewandte Chemie International Edition,248,10.1002/anie.202406889,https://onlinelibrary.wiley.com/doi/pdfdirect/10.1002/anie.202406889
Tubular CoFeP@CN as a Mott–Schottky Catalyst with Multiple Adsorption Sites for Robust Lithium−Sulfur Batteries,2021,Dipòsit Digital de Documents de la UAB (Universitat Autònoma de Barcelona),247,10.1002/aenm.202100432,
Tuning electron delocalization of hydrogen-bonded organic framework cathode for high-performance zinc-organic batteries,2023,Nature Communications,247,10.1038/s41467-023-40969-5,https://www.nature.com/articles/s41467-023-40969-5.pdf
Achieving Ultrahigh‐Rate Planar and Dendrite‐Free Zinc Electroplating for Aqueous Zinc Battery Anodes,2022,Advanced Materials,245,10.1002/adma.202202552,https://onlinelibrary.wiley.com/doi/pdfdirect/10.1002/adma.202202552
"A Pyrene-4,5,9,10-Tetraone-Based Covalent Organic Framework Delivers High Specific Capacity as a Li-Ion Positive Electrode",2022,Journal of the American Chemical Society,243,10.1021/jacs.2c02196,
Ultrahigh‐Rate and Long‐Life Zinc–Metal Anodes Enabled by Self‐Accelerated Cation Migration,2021,OSTI OAI (U.S. Department of Energy Office of Scientific and Technical Information),242,10.1002/aenm.202100982,https://www.osti.gov/servlets/purl/1812496
"Simultaneous regulation of cations and anions in an electrolyte for high-capacity, high-stability aqueous zinc–vanadium batteries",2022,eScience,242,10.1016/j.esci.2022.03.002,https://www.sciencedirect.com/science/article/pii/S2667141722000246/pdf
Polyfluorinated crosslinker-based solid polymer electrolytes for long-cycling 4.5 V lithium metal batteries,2023,Nature Communications,242,10.1038/s41467-023-37997-6,https://www.nature.com/articles/s41467-023-37997-6.pdf
Developing high-power Li||S batteries via transition metal/carbon nanocomposite electrocatalyst engineering,2024,Figshare,242,10.1038/s41565-024-01614-4,
Inorganic Colloidal Electrolyte for Highly Robust Zinc-Ion Batteries,2021,Nano-Micro Letters,239,10.1007/s40820-021-00595-6,https://link.springer.com/content/pdf/10.1007/s40820-021-00595-6.pdf
Alkali Ions Pre‐Intercalated Layered MnO 2 Nanosheet for Zinc‐Ions Storage,2021,Advanced Energy Materials,239,10.1002/aenm.202101287,https://onlinelibrary.wiley.com/doi/pdfdirect/10.1002/aenm.202101287
A Low Cost Aqueous Zn–S Battery Realizing Ultrahigh Energy Density,2020,Advanced Science,238,10.1002/advs.202000761,https://onlinelibrary.wiley.com/doi/pdfdirect/10.1002/advs.202000761
Selective recovery of cobalt from mixed lithium ion battery wastes using deep eutectic solvent,2021,IRIS Research product catalog (Sapienza University of Rome),238,10.1016/j.cej.2021.129249,
Dual‐Solvent Li‐Ion Solvation Enables High‐Performance Li‐Metal Batteries,2021,OSTI OAI (U.S. Department of Energy Office of Scientific and Technical Information),236,10.1002/adma.202008619,https://www.osti.gov/servlets/purl/1787601
Ionic conductive polymers as artificial solid electrolyte interphase films in Li metal batteries – A review,2020,OSTI OAI (U.S. Department of Energy Office of Scientific and Technical Information),235,10.1016/j.mattod.2020.06.011,
Eliminating interfacial O-involving degradation in Li-rich Mn-based cathodes for all-solid-state lithium batteries,2022,Science Advances,233,10.1126/sciadv.add5189,https://www.science.org/doi/pdf/10.1126/sciadv.add5189?download=true
A stable quasi-solid electrolyte improves the safe operation of highly efficient lithium-metal pouch cells in harsh environments,2022,Nature Communications,232,10.1038/s41467-022-29118-6,https://www.nature.com/articles/s41467-022-29118-6.pdf
High-Voltage and Ultrastable Aqueous Zinc–Iodine Battery Enabled by N-Doped Carbon Materials: Revealing the Contributions of Nitrogen Configurations,2020,Figshare,231,10.1021/acssuschemeng.0c04571,
Enhanced Reversible Zinc Ion Intercalation in Deficient Ammonium Vanadate for High-Performance Aqueous Zinc-Ion Battery,2021,Nano-Micro Letters,231,10.1007/s40820-021-00641-3,https://link.springer.com/content/pdf/10.1007/s40820-021-00641-3.pdf
Regulating closed pore structure enables significantly improved sodium storage for hard carbon pyrolyzing at relatively low temperature,2022,SusMat,230,10.1002/sus2.60,https://onlinelibrary.wiley.com/doi/pdfdirect/10.1002/sus2.60
Rapid mechanochemical synthesis of polyanionic cathode with improved electrochemical performance for Na-ion batteries,2021,Nature Communications,228,10.1038/s41467-021-23132-w,https://www.nature.com/articles/s41467-021-23132-w.pdf
Realizing High Capacity and Zero Strain in Layered Oxide Cathodes via Lithium Dual-Site Substitution for Sodium-Ion Batteries,2023,OSTI OAI (U.S. Department of Energy Office of Scientific and Technical Information),228,10.1021/jacs.3c00117,https://www.osti.gov/servlets/purl/1969926
Current Status and Future Perspective on Lithium Metal Anode Production Methods,2023,Advanced Energy Materials,223,10.1002/aenm.202203744,
Crack-free single-crystalline Co-free Ni-rich LiNi0.95Mn0.05O2 layered cathode,2022,eScience,222,10.1016/j.esci.2022.02.006,https://www.sciencedirect.com/science/article/pii/S2667141722000131/pdf
"High‐Rate, Large Capacity, and Long Life Dendrite‐Free Zn Metal Anode Enabled by Trifunctional Electrolyte Additive with a Wide Temperature Range",2022,Advanced Science,222,10.1002/advs.202201433,
Direct and green repairing of degraded LiCoO2 for reuse in lithium-ion batteries,2022,National Science Review,221,10.1093/nsr/nwac097,
Extending the low-temperature operation of sodium metal batteries combining linear and cyclic ether-based electrolyte solutions,2022,Nature Communications,221,10.1038/s41467-022-32606-4,https://www.nature.com/articles/s41467-022-32606-4.pdf
"3D Flexible, Conductive, and Recyclable Ti3C2Tx MXene-Melamine Foam for High-Areal-Capacity and Long-Lifetime Alkali-Metal Anode",2020,DORA Empa (Swiss Federal Laboratories for Materials Science and Technology (Empa)),218,10.1021/acsnano.0c03042,https://www.dora.lib4ri.ch/empa/dload/empa:23226/PDF2/view
Regulating Zn Deposition via an Artificial Solid–Electrolyte Interface with Aligned Dipoles for Long Life Zn Anode,2021,Nano-Micro Letters,218,10.1007/s40820-021-00599-2,https://link.springer.com/content/pdf/10.1007/s40820-021-00599-2.pdf
A 3d‐4d‐5d High Entropy Alloy as a Bifunctional Oxygen Catalyst for Robust Aqueous Zinc–Air Batteries,2023,Advanced Materials,218,10.1002/adma.202303719,https://onlinelibrary.wiley.com/doi/pdfdirect/10.1002/adma.202303719
Single [0001]-oriented zinc metal anode enables sustainable zinc batteries,2024,Nature Communications,218,10.1038/s41467-024-47101-1,https://www.nature.com/articles/s41467-024-47101-1.pdf
A flexible electron-blocking interfacial shield for dendrite-free solid lithium metal batteries,2021,Nature Communications,217,10.1038/s41467-020-20463-y,https://www.nature.com/articles/s41467-020-20463-y.pdf
High-performance Zn battery with transition metal ions co-regulated electrolytic MnO2,2021,eScience,217,10.1016/j.esci.2021.11.002,https://www.sciencedirect.com/science/article/pii/S2667141721000239/pdf
Promoting the sulfur redox kinetics by mixed organodiselenides in high-energy-density lithium–sulfur batteries,2021,eScience,216,10.1016/j.esci.2021.08.001,https://www.sciencedirect.com/science/article/pii/S266714172100001X/pdf
Long‐Cycling Sulfide‐Based All‐Solid‐State Batteries Enabled by Electrochemo‐Mechanically Stable Electrodes,2022,OSTI OAI (U.S. Department of Energy Office of Scientific and Technical Information),215,10.1002/adma.202200401,
Zn2+-mediated catalysis for fast-charging aqueous Zn-ion batteries,2024,UCL Discovery (University College London),215,10.1038/s41929-024-01169-6,https://discovery.ucl.ac.uk/10196116/1/He_Manuscript_accepted.pdf
Enhancing Li+ Transport in NMC811||Graphite Lithium‐Ion Batteries at Low Temperatures by Using Low‐Polarity‐Solvent Electrolytes,2022,Journal of Media Literacy Education,214,10.1002/anie.202205967,
Dual-anion ionic liquid electrolyte enables stable Ni-rich cathodes in lithium-metal batteries,2021,Joule,213,10.1016/j.joule.2021.06.014,http://www.cell.com/article/S2542435121003020/pdf
Electrolyte design for Li metal-free Li batteries,2020,Materials Today,212,10.1016/j.mattod.2020.04.004,https://www.sciencedirect.com/science/article/am/pii/S1369702120301061?via%3Dihub
"Ultra‐High Initial Coulombic Efficiency Induced by Interface Engineering Enables Rapid, Stable Sodium Storage",2021,Figshare,212,10.1002/anie.202102368,
Long-life lithium-sulfur batteries with high areal capacity based on coaxial CNTs@TiN-TiO2 sponge,2021,Nature Communications,212,10.1038/s41467-021-24976-y,https://www.nature.com/articles/s41467-021-24976-y.pdf
Metal‐Organic Framework Glass Anode with an Exceptional Cycling‐Induced Capacity Enhancement for Lithium‐Ion Batteries,2021,Advanced Materials,212,10.1002/adma.202110048,https://onlinelibrary.wiley.com/doi/pdfdirect/10.1002/adma.202110048
A High‐Energy NASICON‐Type Cathode Material for Na‐Ion Batteries,2020,OSTI OAI (U.S. Department of Energy Office of Scientific and Technical Information),211,10.1002/aenm.201903968,
Amorphization-induced surface electronic states modulation of cobaltous oxide nanosheets for lithium-sulfur batteries,2021,Nature Communications,210,10.1038/s41467-021-23349-9,https://www.nature.com/articles/s41467-021-23349-9.pdf
A Molecular‐Sieve Electrolyte Membrane enables Separator‐Free Zinc Batteries with Ultralong Cycle Life,2022,Advanced Materials,209,10.1002/adma.202207209,https://onlinelibrary.wiley.com/doi/pdfdirect/10.1002/adma.202207209
A Replacement Reaction Enabled Interdigitated Metal/Solid Electrolyte Architecture for Battery Cycling at 20 mA cm–2 and 20 mAh cm–2,2021,OSTI OAI (U.S. Department of Energy Office of Scientific and Technical Information),207,10.1021/jacs.0c11753,
Aluminum-copper alloy anode materials for high-energy aqueous aluminum batteries,2022,Nature Communications,205,10.1038/s41467-022-28238-3,https://www.nature.com/articles/s41467-022-28238-3.pdf
Recent Advances in Covalent Organic Framework Electrode Materials for Alkali Metal-Ion Batteries,2023,CCS Chemistry,204,10.31635/ccschem.023.202302808,
Architecting Amorphous Vanadium Oxide/MXene Nanohybrid via Tunable Anodic Oxidation for High‐Performance Sodium‐Ion Batteries,2021,Figshare,203,10.1002/aenm.202100757,
Cell-like-carbon-micro-spheres for robust potassium anode,2020,National Science Review,201,10.1093/nsr/nwaa276,https://academic.oup.com/nsr/article-pdf/8/9/nwaa276/40346543/nwaa276.pdf
Borate–pyran lean electrolyte-based Li-metal batteries with minimal Li corrosion,2023,Nature Energy,201,10.1038/s41560-023-01405-6,https://www.nature.com/articles/s41560-023-01405-6.pdf
A High‐Kinetics Sulfur Cathode with a Highly Efficient Mechanism for Superior Room‐Temperature Na–S Batteries,2020,Figshare,200,10.1002/adma.201906700,
A Layer‐by‐Layer Self‐Assembled Bio‐Macromolecule Film for Stable Zinc Anode,2023,Advanced Materials,200,10.1002/adma.202306734,https://onlinelibrary.wiley.com/doi/pdfdirect/10.1002/adma.202306734
Electrochemically induced amorphous-to-rock-salt phase transformation in niobium oxide electrode for Li-ion batteries,2022,OSTI OAI (U.S. Department of Energy Office of Scientific and Technical Information),197,10.1038/s41563-022-01242-0,
A Universal Polyiodide Regulation Using Quaternization Engineering toward High Value‐Added and Ultra‐Stable Zinc‐Iodine Batteries,2022,Advanced Science,196,10.1002/advs.202105598,
A gradient oxy-thiophosphate-coated Ni-rich layered oxide cathode for stable all-solid-state Li-ion batteries,2023,Nature Communications,196,10.1038/s41467-022-35667-7,https://www.nature.com/articles/s41467-022-35667-7.pdf
Fe3O4-doped mesoporous carbon cathode with a plumber’s nightmare structure for high-performance Li-S batteries,2024,Nature Communications,196,10.1038/s41467-024-49826-5,https://www.nature.com/articles/s41467-024-49826-5.pdf
"High‐Performance, Long‐Life, Rechargeable Li–CO2 Batteries based on a 3D Holey Graphene Cathode Implanted with Single Iron Atoms",2020,OSTI OAI (U.S. Department of Energy Office of Scientific and Technical Information),194,10.1002/adma.201907436,https://www.osti.gov/servlets/purl/1706137
Rationally Designed Sodium Chromium Vanadium Phosphate Cathodes with Multi‐Electron Reaction for Fast‐Charging Sodium‐Ion Batteries,2022,Advanced Energy Materials,194,10.1002/aenm.202201065,
Realizing high-capacity all-solid-state lithium-sulfur batteries using a low-density inorganic solid-state electrolyte,2023,Nature Communications,194,10.1038/s41467-023-37564-z,https://www.nature.com/articles/s41467-023-37564-z.pdf
Stable zinc anode solid electrolyte interphase via inner Helmholtz plane engineering,2024,Nature Communications,194,10.1038/s41467-024-50890-0,https://www.nature.com/articles/s41467-024-50890-0.pdf
Oxygen-Deficient β-MnO2@Graphene Oxide Cathode for High-Rate and Long-Life Aqueous Zinc Ion Batteries,2021,Nano-Micro Letters,192,10.1007/s40820-021-00691-7,https://link.springer.com/content/pdf/10.1007/s40820-021-00691-7.pdf
Triple‐function Hydrated Eutectic Electrolyte for Enhanced Aqueous Zinc Batteries,2023,Angewandte Chemie International Edition,192,10.1002/anie.202310577,https://onlinelibrary.wiley.com/doi/pdfdirect/10.1002/anie.202310577
A novel Na8Fe5(SO4)9@rGO cathode material with high rate capability and ultra-long lifespan for low-cost sodium-ion batteries,2023,eScience,192,10.1016/j.esci.2023.100186,
Interlayer Modification of Pseudocapacitive Vanadium Oxide and Zn(H2O)n2+ Migration Regulation for Ultrahigh Rate and Durable Aqueous Zinc‐Ion Batteries,2021,Advanced Science,190,10.1002/advs.202004924,
Aqueous Zinc Batteries with Ultra-Fast Redox Kinetics and High Iodine Utilization Enabled by Iron Single Atom Catalysts,2023,Nano-Micro Letters,190,10.1007/s40820-023-01093-7,https://link.springer.com/content/pdf/10.1007/s40820-023-01093-7.pdf
A flexible metallic TiC nanofiber/vertical graphene 1D / 2D heterostructured as active electrocatalyst for advanced Li–S batteries,2021,InfoMat,189,10.1002/inf2.12214,
Universal chemomechanical design rules for solid-ion conductors to prevent dendrite formation in lithium metal batteries,2020,arXiv (Cornell University),188,10.1038/s41563-020-0655-2,https://arxiv.org/pdf/1901.04910
Bridging multiscale interfaces for developing ionically conductive high-voltage iron sulfate-containing sodium-based battery positive electrodes,2023,Nature Communications,188,10.1038/s41467-023-39384-7,https://www.nature.com/articles/s41467-023-39384-7.pdf
The electrolyte comprising more robust water and superhalides transforms Zn‐metal anode reversibly and dendrite‐free,2020,Carbon Energy,186,10.1002/cey2.70,https://onlinelibrary.wiley.com/doi/pdfdirect/10.1002/cey2.70
Proton-assisted calcium-ion storage in aromatic organic molecular crystal with coplanar stacked structure,2021,Nature Communications,185,10.1038/s41467-021-22698-9,https://www.nature.com/articles/s41467-021-22698-9.pdf
Amphoteric Cellulose‐Based Double‐Network Hydrogel Electrolyte Toward Ultra‐Stable Zn Anode,2023,Angewandte Chemie International Edition,185,10.1002/anie.202217833,https://onlinelibrary.wiley.com/doi/pdfdirect/10.1002/anie.202217833
Bifunctional Interphase-Enabled Li 10 GeP 2 S 12 Electrolytes for Lithium–Sulfur Battery,2021,OSTI OAI (U.S. Department of Energy Office of Scientific and Technical Information),184,10.1021/acsenergylett.0c02617,
Hetero‐Polyionic Hydrogels Enable Dendrites‐Free Aqueous Zn‐I 2 Batteries with Fast Kinetics,2023,Advanced Materials,184,10.1002/adma.202306531,https://onlinelibrary.wiley.com/doi/pdfdirect/10.1002/adma.202306531
Interface Engineering of CoS/CoO@N-Doped Graphene Nanocomposite for High-Performance Rechargeable Zn–Air Batteries,2020,Nano-Micro Letters,183,10.1007/s40820-020-00526-x,https://link.springer.com/content/pdf/10.1007/s40820-020-00526-x.pdf
Ice-Assisted Synthesis of Highly Crystallized Prussian Blue Analogues for All-Climate and Long-Calendar-Life Sodium Ion Batteries,2022,Figshare,183,10.1021/acs.nanolett.1c04492,
Hydrogen‐Bond Reinforced Superstructural Manganese Oxide As the Cathode for Ultra‐Stable Aqueous Zinc Ion Batteries,2022,Advanced Energy Materials,183,10.1002/aenm.202201840,
A CrMnFeCoNi high entropy alloy boosting oxygen evolution/reduction reactions and zinc-air battery performance,2023,UPCommons institutional repository (Universitat Politècnica de Catalunya),183,10.1016/j.ensm.2023.03.022,https://upcommons.upc.edu/bitstreams/70b8b9b3-ecb3-4717-aebb-fcdae41f6b7e/download
Hetero Nucleus Growth Stabilizing Zinc Anode for High-Biosecurity Zinc-Ion Batteries,2023,Nano-Micro Letters,183,10.1007/s40820-023-01206-2,https://link.springer.com/content/pdf/10.1007/s40820-023-01206-2.pdf
Membrane‐Free Zn/MnO2 Flow Battery for Large‐Scale Energy Storage,2020,OSTI OAI (U.S. Department of Energy Office of Scientific and Technical Information),182,10.1002/aenm.201902085,
"Mechanically Strong, Freeze‐Resistant, and Ionically Conductive Organohydrogels for Flexible Strain Sensors and Batteries",2023,Advanced Science,182,10.1002/advs.202206591,https://onlinelibrary.wiley.com/doi/pdfdirect/10.1002/advs.202206591
Approaching High‐Performance Lithium Storage Materials by Constructing Hierarchical CoNiO2@CeO2 Nanosheets,2020,Energy & environment materials,181,10.1002/eem2.12140,https://onlinelibrary.wiley.com/doi/pdfdirect/10.1002/eem2.12140
Bilateral Interfaces in In 2 Se 3 -CoIn 2 -CoSe 2 Heterostructures for High-Rate Reversible Sodium Storage,2021,DR-NTU (Nanyang Technological University),180,10.1021/acsnano.1c03056,https://dr.ntu.edu.sg/bitstream/10356/154702/2/InCoSe_v4.pdf
High‐Entropy Co‐Free O3‐Type Layered Oxyfluoride: A Promising Air‐Stable Cathode for Sodium‐Ion Batteries,2023,Advanced Materials,180,10.1002/adma.202304440,https://onlinelibrary.wiley.com/doi/pdfdirect/10.1002/adma.202304440
Ultrastable Sodium–Sulfur Batteries without Polysulfides Formation Using Slit Ultramicropore Carbon Carrier,2020,Advanced Science,179,10.1002/advs.201903246,https://onlinelibrary.wiley.com/doi/pdfdirect/10.1002/advs.201903246
On the crystallography and reversibility of lithium electrodeposits at ultrahigh capacity,2021,Nature Communications,179,10.1038/s41467-021-26143-9,https://www.nature.com/articles/s41467-021-26143-9.pdf
Nanoconfined Strategy Optimizing Hard Carbon for Robust Sodium Storage,2024,Advanced Energy Materials,179,10.1002/aenm.202401763,https://onlinelibrary.wiley.com/doi/pdfdirect/10.1002/aenm.202401763
Strongly Coupled 2D Transition Metal Chalcogenide-MXene-Carbonaceous Nanoribbon Heterostructures with Ultrafast Ion Transport for Boosting Sodium/Potassium Ions,2021,Nano-Micro Letters,178,10.1007/s40820-021-00623-5,https://link.springer.com/content/pdf/10.1007/s40820-021-00623-5.pdf
"Safe, Flexible, and High-Performing Gel-Polymer Electrolyte for Rechargeable Lithium Metal Batteries",2021,Chemistry of Materials,178,10.1021/acs.chemmater.1c02952,
Sabatier Relations in Electrocatalysts Based on High‐entropy Alloys with Wide‐distributed d‐band Centers for Li‐O 2 Batteries,2023,Angewandte Chemie International Edition,178,10.1002/anie.202310894,https://onlinelibrary.wiley.com/doi/pdfdirect/10.1002/anie.202310894
Designing Advanced In Situ Electrode/Electrolyte Interphases for Wide Temperature Operation of 4.5 V Li||LiCoO 2 Batteries,2020,Advanced Materials,177,10.1002/adma.202004898,https://onlinelibrary.wiley.com/doi/pdfdirect/10.1002/adma.202004898
Linking Solid Electrolyte Degradation to Charge Carrier Transport in the Thiophosphate‐Based Composite Cathode toward Solid‐State Lithium‐Sulfur Batteries,2021,Advanced Functional Materials,177,10.1002/adfm.202010620,https://onlinelibrary.wiley.com/doi/pdfdirect/10.1002/adfm.202010620
Bifunctional Oxygen Electrocatalyst of Mesoporous Ni/NiO Nanosheets for Flexible Rechargeable Zn–Air Batteries,2020,Nano-Micro Letters,176,10.1007/s40820-020-0406-6,https://link.springer.com/content/pdf/10.1007/s40820-020-0406-6.pdf
Insights into the Structure Stability of Prussian Blue for Aqueous Zinc Ion Batteries,2020,Energy & environment materials,176,10.1002/eem2.12108,https://onlinelibrary.wiley.com/doi/pdfdirect/10.1002/eem2.12108
New Template Synthesis of Anomalously Large Capacity Hard Carbon for Na‐ and K‐Ion Batteries,2023,Advanced Energy Materials,176,10.1002/aenm.202302647,https://onlinelibrary.wiley.com/doi/pdfdirect/10.1002/aenm.202302647
Integration of homogeneous and heterogeneous nucleation growth via 3D alloy framework for stable Na/K metal anode,2021,eScience,175,10.1016/j.esci.2021.09.003,https://www.sciencedirect.com/science/article/pii/S2667141721000057/pdf
Deciphering the lithium storage chemistry in flexible carbon fiber‐based self‐supportive electrodes,2022,Carbon Energy,175,10.1002/cey2.173,https://onlinelibrary.wiley.com/doi/pdfdirect/10.1002/cey2.173
Monodispersed FeS 2 Electrocatalyst Anchored to Nitrogen‐Doped Carbon Host for Lithium–Sulfur Batteries,2022,Advanced Functional Materials,174,10.1002/adfm.202205471,https://onlinelibrary.wiley.com/doi/pdfdirect/10.1002/adfm.202205471
Surface strain-enhanced MoS2 as a high-performance cathode catalyst for lithium–sulfur batteries,2022,eScience,173,10.1016/j.esci.2022.07.001,https://www.sciencedirect.com/science/article/pii/S2667141722000799/pdf
Fluorinated Li 10 GeP 2 S 12 Enables Stable All‐Solid‐State Lithium Batteries,2023,Advanced Materials,173,10.1002/adma.202211047,https://onlinelibrary.wiley.com/doi/pdfdirect/10.1002/adma.202211047
Rechargeable Zinc–Air Batteries with an Ultralarge Discharge Capacity per Cycle and an Ultralong Cycle Life,2023,Advanced Materials,173,10.1002/adma.202301952,https://onlinelibrary.wiley.com/doi/pdfdirect/10.1002/adma.202301952
A Low‐Strain Potassium‐Rich Prussian Blue Analogue Cathode for High Power Potassium‐Ion Batteries,2021,Figshare,172,10.1002/anie.202103475,
High-energy and durable lithium metal batteries using garnet-type solid electrolytes with tailored lithium-metal compatibility,2022,Nature Communications,172,10.1038/s41467-022-29531-x,https://www.nature.com/articles/s41467-022-29531-x.pdf
Glassy Metal–Organic‐Framework‐Based Quasi‐Solid‐State Electrolyte for High‐Performance Lithium‐Metal Batteries,2021,Advanced Functional Materials,171,10.1002/adfm.202104300,https://onlinelibrary.wiley.com/doi/pdfdirect/10.1002/adfm.202104300
Constructing heterointerface of Bi/Bi2S3 with built-in electric field realizes superior sodium-ion storage capability,2023,eScience,171,10.1016/j.esci.2023.100138,
All-Solid-State Lithium–Sulfur Batteries Enhanced by Redox Mediators,2021,OSTI OAI (U.S. Department of Energy Office of Scientific and Technical Information),170,10.1021/jacs.1c07754,
Boosting Zn||I2 Battery’s Performance by Coating a Zeolite-Based Cation-Exchange Protecting Layer,2022,Nano-Micro Letters,170,10.1007/s40820-022-00825-5,https://link.springer.com/content/pdf/10.1007/s40820-022-00825-5.pdf
Development of rechargeable high-energy hybrid zinc-iodine aqueous batteries exploiting reversible chlorine-based redox reaction,2023,Nature Communications,170,10.1038/s41467-023-37565-y,https://www.nature.com/articles/s41467-023-37565-y.pdf
"MOF-derived Co-MOF,O-doped carbon as trifunctional electrocatalysts to enable highly efficient Zn–air batteries and water-splitting",2020,Journal of Energy Chemistry,169,10.1016/j.jechem.2020.08.007,
A High Conductivity 1D π–d Conjugated Metal–Organic Framework with Efficient Polysulfide Trapping‐Diffusion‐Catalysis in Lithium–Sulfur Batteries,2022,Dipòsit Digital de Documents de la UAB (Universitat Autònoma de Barcelona),169,10.1002/adma.202108835,
Single‐Ion‐Functionalized Nanocellulose Membranes Enable Lean‐Electrolyte and Deeply Cycled Aqueous Zinc‐Metal Batteries,2022,Advanced Functional Materials,169,10.1002/adfm.202200429,https://onlinelibrary.wiley.com/doi/pdfdirect/10.1002/adfm.202200429
"Realizing long-cycling all-solid-state Li-In||TiS2 batteries using Li6+xMxAs1-xS5I (M=Si, Sn) sulfide solid electrolytes",2023,Nature Communications,169,10.1038/s41467-023-39686-w,https://www.nature.com/articles/s41467-023-39686-w.pdf
Manipulating Li2S2/Li2S mixed discharge products of all-solid-state lithium sulfur batteries for improved cycle life,2023,Nature Communications,169,10.1038/s41467-023-42109-5,https://www.nature.com/articles/s41467-023-42109-5.pdf
Pyridinic N‐Dominated Hard Carbon with Accessible Carbonyl Groups Enabling 98% Initial Coulombic Efficiency for Sodium‐Ion Batteries,2024,Advanced Functional Materials,169,10.1002/adfm.202403144,https://onlinelibrary.wiley.com/doi/pdfdirect/10.1002/adfm.202403144
A Mo5N6 electrocatalyst for efficient Na2S electrodeposition in room-temperature sodium-sulfur batteries,2021,Nature Communications,168,10.1038/s41467-021-27551-7,https://www.nature.com/articles/s41467-021-27551-7.pdf
In Situ Synthesis of MXene with Tunable Morphology by Electrochemical Etching of MAX Phase Prepared in Molten Salt,2022,Advanced Energy Materials,168,10.1002/aenm.202203805,https://onlinelibrary.wiley.com/doi/pdfdirect/10.1002/aenm.202203805
Quasi‐Localized High‐Concentration Electrolytes for High‐Voltage Lithium Metal Batteries,2023,Advanced Energy Materials,168,10.1002/aenm.202301396,https://onlinelibrary.wiley.com/doi/pdfdirect/10.1002/aenm.202301396
Protein Interfacial Gelation toward Shuttle‐Free and Dendrite‐Free Zn–Iodine Batteries,2024,Advanced Materials,168,10.1002/adma.202404011,
A High-Capacity Ammonium Vanadate Cathode for Zinc-Ion Battery,2020,Nano-Micro Letters,167,10.1007/s40820-020-0401-y,https://link.springer.com/content/pdf/10.1007/s40820-020-0401-y.pdf
Pillar-beam structures prevent layered cathode materials from destructive phase transitions,2021,Nature Communications,167,10.1038/s41467-020-20169-1,https://www.nature.com/articles/s41467-020-20169-1.pdf
In Situ Oriented Mn Deficient ZnMn 2 O 4 @C Nanoarchitecture for Durable Rechargeable Aqueous Zinc‐Ion Batteries,2021,Advanced Science,167,10.1002/advs.202002636,https://onlinelibrary.wiley.com/doi/pdfdirect/10.1002/advs.202002636
Achieving stable Na metal cycling via polydopamine/multilayer graphene coating of a polypropylene separator,2021,Nature Communications,167,10.1038/s41467-021-26032-1,https://www.nature.com/articles/s41467-021-26032-1.pdf
Flexible Hierarchical Co‐Doped NiS 2 @CNF‐CNT Electron Deficient Interlayer with Grass‐Roots Structure for Li–S Batteries,2023,Advanced Energy Materials,167,10.1002/aenm.202300452,https://onlinelibrary.wiley.com/doi/pdfdirect/10.1002/aenm.202300452
Three Electron Reversible Redox Reaction in Sodium Vanadium Chromium Phosphate as a High‐Energy‐Density Cathode for Sodium‐Ion Batteries,2020,OSTI OAI (U.S. Department of Energy Office of Scientific and Technical Information),166,10.1002/adfm.201908680,
Consecutive chemical bonds reconstructing surface structure of silicon anode for high-performance lithium-ion battery,2021,,165,10.1016/j.ensm.2021.04.043,
A Fe Single Atom Seed‐Mediated Strategy Toward Fe 3 C/FeNC Catalysts with Outstanding Bifunctional ORR/OER Activities,2023,Advanced Science,165,10.1002/advs.202301656,https://onlinelibrary.wiley.com/doi/pdfdirect/10.1002/advs.202301656
A Freestanding Flexible Single‐Atom Cobalt‐Based Multifunctional Interlayer toward Reversible and Durable Lithium‐Sulfur Batteries,2020,,164,10.1002/smtd.201900701,
Metal chalcogenide hollow polar bipyramid prisms as efficient sulfur hosts for Na-S batteries,2020,Nature Communications,164,10.1038/s41467-020-19078-0,https://www.nature.com/articles/s41467-020-19078-0.pdf
Strong Solvent and Dual Lithium Salts Enable Fast-Charging Lithium-Ion Batteries Operating from −78 to 60 °C,2023,Journal of the American Chemical Society,164,10.1021/jacs.3c08313,https://pubs.acs.org/doi/pdf/10.1021/jacs.3c08313
Multi‐Electron Reactions Enabled by Anion‐Based Redox Chemistry for High‐Energy Multivalent Rechargeable Batteries,2020,Angewandte Chemie International Edition,163,10.1002/anie.202002560,https://onlinelibrary.wiley.com/doi/pdfdirect/10.1002/anie.202002560
Insights into the Enhanced Cycle and Rate Performances of the F‐Substituted P2‐Type Oxide Cathodes for Sodium‐Ion Batteries,2020,OSTI OAI (U.S. Department of Energy Office of Scientific and Technical Information),163,10.1002/aenm.202000135,https://www.osti.gov/servlets/purl/1608689
Carbon Dots@rGO Paper as Freestanding and Flexible Potassium‐Ion Batteries Anode,2020,Advanced Science,163,10.1002/advs.202000470,https://onlinelibrary.wiley.com/doi/pdfdirect/10.1002/advs.202000470
In Situ Lattice Tunnel Distortion of Vanadium Trioxide for Enhancing Zinc Ion Storage,2021,Figshare,163,10.1002/aenm.202100973,
An Ultrahigh Rate and Stable Zinc Anode by Facet‐Matching‐Induced Dendrite Regulation,2022,Figshare,163,10.1002/adma.202203835,
Effectively Modulating Oxygen Vacancies in Flower-Like δ-MnO2 Nanostructures for Large Capacity and High-Rate Zinc-Ion Storage,2023,Nano-Micro Letters,163,10.1007/s40820-023-01194-3,https://link.springer.com/content/pdf/10.1007/s40820-023-01194-3.pdf
Surface engineering of inorganic solid-state electrolytes via interlayers strategy for developing long-cycling quasi-all-solid-state lithium batteries,2023,Nature Communications,162,10.1038/s41467-023-36401-7,
Magnesium Ion Doping and Micro‐Structural Engineering Assist NH4V4O10 as a High‐Performance Aqueous Zinc Ion Battery Cathode,2023,Advanced Functional Materials,162,10.1002/adfm.202306205,https://onlinelibrary.wiley.com/doi/pdfdirect/10.1002/adfm.202306205
Anti‐Fatigue Hydrogel Electrolyte for All‐Flexible Zn‐Ion Batteries,2023,Advanced Materials,161,10.1002/adma.202300498,https://onlinelibrary.wiley.com/doi/pdfdirect/10.1002/adma.202300498
Loosening Zinc Ions from Separator Boosts Stable Zn Plating/Striping Behavior for Aqueous Zinc Ion Batteries,2023,Advanced Energy Materials,161,10.1002/aenm.202302126,https://onlinelibrary.wiley.com/doi/pdfdirect/10.1002/aenm.202302126
Cross-linked polyaniline for production of long lifespan aqueous iron||organic batteries with electrochromic properties,2023,Nature Communications,160,10.1038/s41467-023-38890-y,https://www.nature.com/articles/s41467-023-38890-y.pdf
Interplay between electrochemical reactions and mechanical responses in silicon–graphite anodes and its impact on degradation,2021,Nature Communications,159,10.1038/s41467-021-22662-7,https://www.nature.com/articles/s41467-021-22662-7.pdf
High‐Entropy Spinel Oxide Nanofibers as Catalytic Sulfur Hosts Promise the High Gravimetric and Volumetric Capacities for Lithium–Sulfur Batteries,2021,Energy & environment materials,159,10.1002/eem2.12215,https://onlinelibrary.wiley.com/doi/pdfdirect/10.1002/eem2.12215
Engineering Catalytic CoSe–ZnSe Heterojunctions Anchored on Graphene Aerogels for Bidirectional Sulfur Conversion Reactions,2021,Advanced Science,159,10.1002/advs.202103456,
Carbon-coated MoS1.5Te0.5 nanocables for efficient sodium-ion storage in non-aqueous dual-ion batteries,2022,Nature Communications,158,10.1038/s41467-022-28176-0,https://www.nature.com/articles/s41467-022-28176-0.pdf
Regulating Phase Transition and Oxygen Redox to Achieve Stable High‐Voltage O3‐Type Cathode Materials for Sodium‐Ion Batteries,2023,Advanced Energy Materials,158,10.1002/aenm.202302793,https://onlinelibrary.wiley.com/doi/pdfdirect/10.1002/aenm.202302793
Solid‐State Lithium–Sulfur Battery Enabled by Thio‐LiSICON/Polymer Composite Electrolyte and Sulfurized Polyacrylonitrile Cathode,2020,Advanced Functional Materials,157,10.1002/adfm.201910123,https://onlinelibrary.wiley.com/doi/pdfdirect/10.1002/adfm.201910123
Synergistic Effect of Cation and Anion for Low-Temperature Aqueous Zinc-Ion Battery,2021,Nano-Micro Letters,157,10.1007/s40820-021-00733-0,https://link.springer.com/content/pdf/10.1007/s40820-021-00733-0.pdf
Hierarchical Co3O4@N-Doped Carbon Composite as an Advanced Anode Material for Ultrastable Potassium Storage,2020,,156,10.1021/acsnano.0c01395,
Boosting Cathode Activity and Anode Stability of Zn‐S Batteries in Aqueous Media Through Cosolvent‐Catalyst Synergy,2022,Figshare,156,10.1002/anie.202212666,
Solvation Modulation Enhances Anion‐Derived Solid Electrolyte Interphase for Deep Cycling of Aqueous Zinc Metal Batteries,2023,Angewandte Chemie International Edition,156,10.1002/anie.202310290,https://onlinelibrary.wiley.com/doi/pdfdirect/10.1002/anie.202310290
High‐ionicity fluorophosphate lattice via aliovalent substitution as advanced cathode materials in sodium‐ion batteries,2021,InfoMat,155,10.1002/inf2.12184,
Synergistic Modulation of In‐Situ Hybrid Interface Construction and pH Buffering Enabled Ultra‐Stable Zinc Anode at High Current Density and Areal Capacity,2023,Angewandte Chemie International Edition,155,10.1002/anie.202311988,https://onlinelibrary.wiley.com/doi/pdfdirect/10.1002/anie.202311988
A polymer electrolyte with a thermally induced interfacial ion-blocking function enables safety-enhanced lithium metal batteries,2022,eScience,154,10.1016/j.esci.2022.03.001,https://www.sciencedirect.com/science/article/pii/S2667141722000234/pdf
Dextran: A Multifunctional and Universal Electrolyte Additive for Aqueous Zn Ion Batteries,2023,Advanced Energy Materials,154,10.1002/aenm.202301743,https://onlinelibrary.wiley.com/doi/pdfdirect/10.1002/aenm.202301743
High-Entropy Layered Oxide Cathode Enabling High-Rate for Solid-State Sodium-Ion Batteries,2023,Nano-Micro Letters,154,10.1007/s40820-023-01232-0,https://link.springer.com/content/pdf/10.1007/s40820-023-01232-0.pdf
Porous Co2VO4 Nanodisk as a High-Energy and Fast-Charging Anode for Lithium-Ion Batteries,2021,Nano-Micro Letters,153,10.1007/s40820-021-00758-5,https://link.springer.com/content/pdf/10.1007/s40820-021-00758-5.pdf
Unified throughout‐pore microstructure enables ultrahigh separator porosity for robust high‐flux lithium batteries,2023,Electron,153,10.1002/elt2.1,https://onlinelibrary.wiley.com/doi/pdfdirect/10.1002/elt2.1
Nanoscale Mapping of Extrinsic Interfaces in Hybrid Solid Electrolytes,2020,Joule,152,10.1016/j.joule.2019.11.015,http://www.cell.com/article/S2542435119305823/pdf
Anchoring Polyiodide to Conductive Polymers as Cathode for High-Performance Aqueous Zinc–Iodine Batteries,2020,,152,10.1021/acssuschemeng.0c05283,
Lithiation Mechanism in High-Entropy Oxides as Anode Materials for Li-Ion Batteries: An Operando XAS Study,2020,ACS Applied Materials & Interfaces,152,10.1021/acsami.0c13161,https://pubs.acs.org/doi/pdf/10.1021/acsami.0c13161
Cell‐Shearing Chemistry Directed Closed‐Pore Regeneration in Biomass‐Derived Hard Carbons for Ultrafast Sodium Storage,2024,Advanced Materials,152,10.1002/adma.202412989,https://onlinelibrary.wiley.com/doi/pdfdirect/10.1002/adma.202412989
Lithium-conducting covalent-organic-frameworks as artificial solid-electrolyte-interphase on silicon anode for high performance lithium ion batteries,2020,OSTI OAI (U.S. Department of Energy Office of Scientific and Technical Information),151,10.1016/j.nanoen.2020.104657,https://www.osti.gov/servlets/purl/1985467
Quantification of Inactive Lithium and Solid–Electrolyte Interphase Species on Graphite Electrodes after Fast Charging,2020,OSTI OAI (U.S. Department of Energy Office of Scientific and Technical Information),151,10.1021/acsenergylett.0c00859,https://www.osti.gov/servlets/purl/1660095
Building a Better Li‐Garnet Solid Electrolyte/Metallic Li Interface with Antimony,2021,Advanced Energy Materials,151,10.1002/aenm.202102086,https://onlinelibrary.wiley.com/doi/pdfdirect/10.1002/aenm.202102086
Defect‐Concentration‐Mediated T‐Nb2O5 Anodes for Durable and Fast‐Charging Li‐Ion Batteries,2021,OSTI OAI (U.S. Department of Energy Office of Scientific and Technical Information),151,10.1002/adfm.202107060,https://www.osti.gov/servlets/purl/1981338
"Ice‐Templated, Sustainable Carbon Aerogels with Hierarchically Tailored Channels for Sodium‐ and Potassium‐Ion Batteries",2022,Advanced Functional Materials,151,10.1002/adfm.202110862,https://onlinelibrary.wiley.com/doi/pdfdirect/10.1002/adfm.202110862
High voltage electrolytes for lithium-ion batteries with micro-sized silicon anodes,2024,Nature Communications,151,10.1038/s41467-024-45374-0,https://www.nature.com/articles/s41467-024-45374-0.pdf
MXene-Derived Defect-Rich TiO2@rGO as High-Rate Anodes for Full Na Ion Batteries and Capacitors,2020,Nano-Micro Letters,150,10.1007/s40820-020-00471-9,https://link.springer.com/content/pdf/10.1007/s40820-020-00471-9.pdf
A Sodium–Antimony–Telluride Intermetallic Allows Sodium‐Metal Cycling at 100% Depth of Discharge and as an Anode‐Free Metal Battery,2021,OSTI OAI (U.S. Department of Energy Office of Scientific and Technical Information),150,10.1002/adma.202106005,
Hierarchical and lamellar porous carbon as interconnected sulfur host and polysulfide-proof interlayer for Li–S batteries,2022,eScience,150,10.1016/j.esci.2022.100088,
Covalent Organic Framework with 3D Ordered Channel and Multi-Functional Groups Endows Zn Anode with Superior Stability,2024,Nano-Micro Letters,150,10.1007/s40820-023-01278-0,https://link.springer.com/content/pdf/10.1007/s40820-023-01278-0.pdf
Ultrahigh-nickel layered cathode with cycling stability for sustainable lithium-ion batteries,2024,Nature Sustainability,149,10.1038/s41893-024-01402-x,https://www.nature.com/articles/s41893-024-01402-x.pdf
High Capacity and Fast Kinetics of Potassium-Ion Batteries Boosted by Nitrogen-Doped Mesoporous Carbon Spheres,2021,Nano-Micro Letters,148,10.1007/s40820-021-00706-3,https://link.springer.com/content/pdf/10.1007/s40820-021-00706-3.pdf
An Aqueous Conducting Redox‐Polymer‐Based Proton Battery that Can Withstand Rapid Constant‐Voltage Charging and Sub‐Zero Temperatures,2020,Angewandte Chemie International Edition,147,10.1002/anie.202001191,https://onlinelibrary.wiley.com/doi/pdfdirect/10.1002/anie.202001191
In Situ Synthesis of Graphene‐Coated Silicon Monoxide Anodes from Coal‐Derived Humic Acid for High‐Performance Lithium‐Ion Batteries,2021,OSTI OAI (U.S. Department of Energy Office of Scientific and Technical Information),147,10.1002/adfm.202101645,
Production of fast-charge Zn-based aqueous batteries via interfacial adsorption of ion-oligomer complexes,2022,Nature Communications,147,10.1038/s41467-022-29954-6,https://www.nature.com/articles/s41467-022-29954-6.pdf
Binuclear Cu complex catalysis enabling Li–CO2 battery with a high discharge voltage above 3.0 V,2023,Nature Communications,147,10.1038/s41467-023-36276-8,https://www.nature.com/articles/s41467-023-36276-8.pdf
Impact of Ti and Zn Dual‐Substitution in P2 Type Na 2/3 Ni 1/3 Mn 2/3 O 2 on Ni–Mn and Na‐Vacancy Ordering and Electrochemical Properties,2023,Advanced Materials,147,10.1002/adma.202300714,https://onlinelibrary.wiley.com/doi/pdfdirect/10.1002/adma.202300714
Ternary MOF-Based Redox Active Sites Enabled 3D-on-2D Nanoarchitectured Battery-Type Electrodes for High-Energy-Density Supercapatteries,2020,Nano-Micro Letters,146,10.1007/s40820-020-00528-9,https://link.springer.com/content/pdf/10.1007/s40820-020-00528-9.pdf
Atomically dispersed Fe in a C2N Based Catalyst as a Sulfur Host for Efficient Lithium–Sulfur Batteries,2020,Advanced Energy Materials,146,10.1002/aenm.202003507,https://onlinelibrary.wiley.com/doi/pdfdirect/10.1002/aenm.202003507
Elucidating electrochemical intercalation mechanisms of biomass‐derived hard carbon in sodium‐/potassium‐ion batteries,2021,Carbon Energy,146,10.1002/cey2.111,
Single-crystalline Mn-based oxide as a high-rate and long-life cathode material for potassium-ion battery,2022,eScience,146,10.1016/j.esci.2022.10.007,https://www.sciencedirect.com/science/article/pii/S2667141722001203/pdf
A Nature‐Inspired Separator with Water‐Confined and Kinetics‐Boosted Effects for Sustainable and High‐Utilization Zn Metal Batteries,2023,Small,145,10.1002/smll.202300130,https://onlinelibrary.wiley.com/doi/pdfdirect/10.1002/smll.202300130
Identifying Heteroatomic and Defective Sites in Carbon with Dual-Ion Adsorption Capability for High Energy and Power Zinc Ion Capacitor,2021,Nano-Micro Letters,144,10.1007/s40820-021-00588-5,https://link.springer.com/content/pdf/10.1007/s40820-021-00588-5.pdf
NbSe2 Meets C2N: A 2D‐2D Heterostructure Catalysts as Multifunctional Polysulfide Mediator in Ultra‐Long‐Life Lithium–Sulfur Batteries,2021,Dipòsit Digital de Documents de la UAB (Universitat Autònoma de Barcelona),144,10.1002/aenm.202101250,https://ddd.uab.cat/pub/artpub/2021/271951/advenemat_a2021v11n2101250.pdf
Embedding Atomically Dispersed Iron Sites in Nitrogen‐Doped Carbon Frameworks‐Wrapped Silicon Suboxide for Superior Lithium Storage,2022,Advanced Science,144,10.1002/advs.202206084,
Non‐Flammable Electrolyte with Lithium Nitrate as the Only Lithium Salt for Boosting Ultra‐Stable Cycling and Fire‐Safety Lithium Metal Batteries,2023,Advanced Functional Materials,144,10.1002/adfm.202212605,https://onlinelibrary.wiley.com/doi/pdfdirect/10.1002/adfm.202212605
Unraveling Electrochemical Stability and Reversible Redox of Y-Doped Li 2 ZrCl 6 Solid Electrolytes,2023,Energy Material Advances,144,10.34133/energymatadv.0019,
Ultrathin Zincophilic Interphase Regulated Electric Double Layer Enabling Highly Stable Aqueous Zinc-Ion Batteries,2024,Nano-Micro Letters,144,10.1007/s40820-023-01312-1,https://link.springer.com/content/pdf/10.1007/s40820-023-01312-1.pdf
Switchable encapsulation of polysulfides in the transition between sulfur and lithium sulfide,2020,Nature Communications,143,10.1038/s41467-020-14686-2,https://www.nature.com/articles/s41467-020-14686-2.pdf
Polycation ionic liquid tailored PEO-based solid polymer electrolytes for high temperature lithium metal batteries,2020,OSTI OAI (U.S. Department of Energy Office of Scientific and Technical Information),143,10.1016/j.ensm.2020.08.009,
Constructing Artificial SEI Layer on Lithiophilic MXene Surface for High‐Performance Lithium Metal Anodes,2022,Advanced Science,143,10.1002/advs.202103930,
Ni‐CeO2 Heterostructures in Li‐S Batteries: A Balancing Act between Adsorption and Catalytic Conversion of Polysulfide,2022,Advanced Science,143,10.1002/advs.202105538,
Stabilizing Reversible Oxygen Redox Chemistry in Layered Oxides for Sodium‐Ion Batteries,2020,OSTI OAI (U.S. Department of Energy Office of Scientific and Technical Information),142,10.1002/aenm.201903785,
A Co‐ and Ni‐Free P2/O3 Biphasic Lithium Stabilized Layered Oxide for Sodium‐Ion Batteries and its Cycling Behavior,2020,Advanced Functional Materials,142,10.1002/adfm.202003364,https://onlinelibrary.wiley.com/doi/pdfdirect/10.1002/adfm.202003364
Engineering stable Zn-MnO2 batteries by synergistic stabilization between the carbon nanofiber core and birnessite-MnO2 nanosheets shell,2020,OSTI OAI (U.S. Department of Energy Office of Scientific and Technical Information),142,10.1016/j.cej.2020.126969,
In‐MOF‐Derived Hierarchically Hollow Carbon Nanostraws for Advanced Zinc‐Iodine Batteries,2022,Advanced Science,142,10.1002/advs.202105063,https://onlinelibrary.wiley.com/doi/pdfdirect/10.1002/advs.202105063
In situ surface engineering enables high interface stability and rapid reaction kinetics for Ni-rich cathodes,2022,eScience,142,10.1016/j.esci.2022.10.008,https://www.sciencedirect.com/science/article/pii/S2667141722001215/pdf
Overcoming low initial coulombic efficiencies of Si anodes through prelithiation in all-solid-state batteries,2024,Nature Communications,142,10.1038/s41467-024-47352-y,https://www.nature.com/articles/s41467-024-47352-y.pdf
3D Porous Ti3C2 MXene/NiCo-MOF Composites for Enhanced Lithium Storage,2020,Nanomaterials,141,10.3390/nano10040695,https://www.mdpi.com/2079-4991/10/4/695/pdf?version=1586238975
Highly Reversible Zn Metal Anodes Enabled by Increased Nucleation Overpotential,2023,Nano-Micro Letters,141,10.1007/s40820-023-01136-z,https://link.springer.com/content/pdf/10.1007/s40820-023-01136-z.pdf
Promoting high-voltage stability through local lattice distortion of halide solid electrolytes,2024,Nature Communications,141,10.1038/s41467-024-45864-1,https://www.nature.com/articles/s41467-024-45864-1.pdf
A Bifunctional Electrolyte Additive Features Preferential Coordination with Iodine toward Ultralong‐Life Zinc–Iodine Batteries,2024,Advanced Energy Materials,141,10.1002/aenm.202400110,https://onlinelibrary.wiley.com/doi/pdfdirect/10.1002/aenm.202400110
"A comprehensive review of silicon anodes for high-energy lithium-ion batteries: Challenges, latest developments, and perspectives",2024,Next Energy,141,10.1016/j.nxener.2024.100176,
Highly reversible and dendrite-free Zn electrodeposition enabled by a thin metallic interfacial layer in aqueous batteries,2020,Figshare,140,10.1016/j.cej.2020.128062,
High-Energy and High-Power Pseudocapacitor–Battery Hybrid Sodium-Ion Capacitor with Na+ Intercalation Pseudocapacitance Anode,2021,Nano-Micro Letters,140,10.1007/s40820-020-00567-2,https://link.springer.com/content/pdf/10.1007/s40820-020-00567-2.pdf
Phase Engineering of Nickel Sulfides to Boost Sodium‐ and Potassium‐Ion Storage Performance,2021,Figshare,140,10.1002/adfm.202010832,
High‐Entropy Doping Boosts Ion/Electronic Transport of Na 4 Fe 3 (PO 4 ) 2 (P 2 O 7 )/C Cathode for Superior Performance Sodium‐Ion Batteries,2023,Deep Blue (University of Michigan),140,10.1002/smll.202302609,https://hdl.handle.net/2027.42/178230
Covalent Organic Framework with Multiple Redox Active Sites for High-Performance Aqueous Calcium Ion Batteries,2023,Figshare,140,10.1021/jacs.3c04657,
Molecular‐Level Design of Pyrrhotite Electrocatalyst Decorated Hierarchical Porous Carbon Spheres as Nanoreactors for Lithium–Sulfur Batteries,2020,Advanced Energy Materials,139,10.1002/aenm.202000651,https://onlinelibrary.wiley.com/doi/pdfdirect/10.1002/aenm.202000651
Tetradiketone macrocycle for divalent aluminium ion batteries,2021,Nature Communications,139,10.1038/s41467-021-22633-y,https://www.nature.com/articles/s41467-021-22633-y.pdf
A Chemically Self‐Charging Flexible Solid‐State Zinc‐Ion Battery Based on VO2 Cathode and Polyacrylamide–Chitin Nanofiber Hydrogel Electrolyte,2021,Civil War Book Review,139,10.1002/aenm.202003902,
A TiSe2‐Graphite Dual Ion Battery: Fast Na‐Ion Insertion and Excellent Stability,2021,Digital Access to Libraries,139,10.1002/anie.202105439,
High‐Entropy Alloys to Activate the Sulfur Cathode for Lithium–Sulfur Batteries,2022,Energy & environment materials,139,10.1002/eem2.12358,https://onlinelibrary.wiley.com/doi/pdfdirect/10.1002/eem2.12358
Advanced Zinc–Iodine Batteries with Ultrahigh Capacity and Superior Rate Performance Based on Reduced Graphene Oxide and Water‐in‐Salt Electrolyte,2023,Advanced Functional Materials,139,10.1002/adfm.202210043,https://onlinelibrary.wiley.com/doi/pdfdirect/10.1002/adfm.202210043
Revealing the Anion–Solvent Interaction for Ultralow Temperature Lithium Metal Batteries,2023,Advanced Materials,139,10.1002/adma.202306462,https://onlinelibrary.wiley.com/doi/pdfdirect/10.1002/adma.202306462
Semi-solid alkali metal electrodes enabling high critical current densities in solid electrolyte batteries,2021,OSTI OAI (U.S. Department of Energy Office of Scientific and Technical Information),138,10.1038/s41560-021-00786-w,https://www.osti.gov/servlets/purl/1776603
A saccharide-based binder for efficient polysulfide regulations in Li-S batteries,2021,Nature Communications,138,10.1038/s41467-021-25612-5,https://www.nature.com/articles/s41467-021-25612-5.pdf
Versatile Preparation of Mesoporous Single‐Layered Transition‐Metal Sulfide/Carbon Composites for Enhanced Sodium Storage,2021,UCL Discovery (University College London),138,10.1002/adma.202104427,https://discovery.ucl.ac.uk/10136919/1/2021%20AM%20battery%20Dong%20Gu.pdf
Synthesis of Nitrogen‐Doped KMn8O16 with Oxygen Vacancy for Stable Zinc‐Ion Batteries,2022,Advanced Science,138,10.1002/advs.202106067,https://onlinelibrary.wiley.com/doi/pdfdirect/10.1002/advs.202106067
"Molecular deciphering of hydrophobic, Zinc-philic and robust Amino-functionalized Polysilane for Dendrite-free Zn Anode",2022,Figshare,138,10.1016/j.ensm.2022.11.026,
Electronic Structure Engineering in NiFe Sulfide via A Third Metal Doping as Efficient Bifunctional OER/ORR Electrocatalyst for Rechargeable Zinc‐Air Battery,2024,Advanced Functional Materials,138,10.1002/adfm.202310181,https://onlinelibrary.wiley.com/doi/pdfdirect/10.1002/adfm.202310181
Extended Interfacial Stability through Simple Acid Rinsing in a Li-Rich Oxide Cathode Material,2020,OSTI OAI (U.S. Department of Energy Office of Scientific and Technical Information),137,10.1021/jacs.0c02859,https://www.osti.gov/servlets/purl/1594933
Polymer-Derived SiOC Integrated with a Graphene Aerogel As a Highly Stable Li-Ion Battery Anode,2020,arXiv (Cornell University),137,10.1021/acsami.0c12376,https://arxiv.org/pdf/2104.06759
Advanced strategies for the development of porous carbon as a Li host/current collector for lithium metal batteries,2021,OSTI OAI (U.S. Department of Energy Office of Scientific and Technical Information),137,10.1016/j.ensm.2021.06.015,
Lithium Argyrodite as Solid Electrolyte and Cathode Precursor for Solid‐State Batteries with Long Cycle Life,2021,Advanced Energy Materials,137,10.1002/aenm.202101370,
A branched dihydrophenazine-based polymer as a cathode material to achieve dual-ion batteries with high energy and power density,2021,eScience,137,10.1016/j.esci.2021.08.002,https://www.sciencedirect.com/science/article/pii/S2667141721000021/pdf
"N , N -dimethylformamide tailors solvent effect to boost Zn anode reversibility in aqueous electrolyte",2022,National Science Review,137,10.1093/nsr/nwac051,
Steel Anti‐Corrosion Strategy Enables Long‐Cycle Zn Anode,2022,Advanced Energy Materials,137,10.1002/aenm.202202603,https://onlinelibrary.wiley.com/doi/pdfdirect/10.1002/aenm.202202603
An aqueous electrolyte densified by perovskite SrTiO3 enabling high-voltage zinc-ion batteries,2023,Nature Communications,137,10.1038/s41467-023-40462-z,https://www.nature.com/articles/s41467-023-40462-z.pdf
Suppressing Rampant and Vertical Deposition of Cathode Intermediate Product via PH Regulation Toward Large‐Capacity and High‐Durability Zn//MnO 2 Batteries,2023,Advanced Materials,137,10.1002/adma.202304997,https://onlinelibrary.wiley.com/doi/pdfdirect/10.1002/adma.202304997
Regulating Phase Transition and Restraining Fe Distortion at High Potential Window via Rare Earth Metal Incorporation on O3‐Type Layered Cathodes,2024,Advanced Functional Materials,137,10.1002/adfm.202402398,https://onlinelibrary.wiley.com/doi/pdfdirect/10.1002/adfm.202402398
Deconstruction Engineering of Lignocellulose Toward High‐Plateau‐Capacity Hard Carbon Anodes for Sodium‐Ion Batteries,2024,Small,137,10.1002/smll.202405632,https://onlinelibrary.wiley.com/doi/pdfdirect/10.1002/smll.202405632
Overcoming the Interfacial Limitations Imposed by the Solid–Solid Interface in Solid‐State Batteries Using Ionic Liquid‐Based Interlayers,2020,Small,136,10.1002/smll.202000279,https://onlinelibrary.wiley.com/doi/pdfdirect/10.1002/smll.202000279
Ultrathin RuRh Alloy Nanosheets Enable High-Performance Lithium-CO2 Battery,2020,Matter,136,10.1016/j.matt.2020.02.020,http://www.cell.com/article/S2590238520300825/pdf
Alternative lithium-ion battery using biomass-derived carbons as environmentally sustainable anode,2020,Journal of Colloid and Interface Science,136,10.1016/j.jcis.2020.03.092,https://www.sciencedirect.com/science/article/pii/S0021979720303933
Highly stable rechargeable zinc-ion battery using dimethyl sulfoxide electrolyte,2021,Materials Today Energy,136,10.1016/j.mtener.2021.100738,
Carbon-Coated Three-Dimensional MXene/Iron Selenide Ball with Core–Shell Structure for High-Performance Potassium-Ion Batteries,2021,Nano-Micro Letters,136,10.1007/s40820-021-00741-0,https://link.springer.com/content/pdf/10.1007/s40820-021-00741-0.pdf
Elucidating the Effect of Borate Additive in High‐Voltage Electrolyte for Li‐Rich Layered Oxide Materials,2022,OSTI OAI (U.S. Department of Energy Office of Scientific and Technical Information),135,10.1002/aenm.202103033,
Engineering homotype heterojunctions in hard carbon to induce stable solid electrolyte interfaces for sodium‐ion batteries,2022,Carbon Energy,135,10.1002/cey2.220,https://onlinelibrary.wiley.com/doi/pdfdirect/10.1002/cey2.220
Efficient Charge Storage in Zinc–Iodine Batteries based on Pre‐Embedded Iodine‐Ions with Reduced Electrochemical Reaction Barrier and Suppression of Polyiodide ,2023,Advanced Functional Materials,135,10.1002/adfm.202211979,https://onlinelibrary.wiley.com/doi/pdfdirect/10.1002/adfm.202211979
Inorganic Filler Enhanced Formation of Stable Inorganic‐Rich Solid Electrolyte Interphase for High Performance Lithium Metal Batteries,2023,Advanced Functional Materials,135,10.1002/adfm.202301111,https://onlinelibrary.wiley.com/doi/pdfdirect/10.1002/adfm.202301111
Unlocking the Potential of Li‐Rich Mn‐Based Oxides for High‐Rate Rechargeable Lithium‐Ion Batteries,2023,Advanced Materials,135,10.1002/adma.202307138,https://onlinelibrary.wiley.com/doi/pdfdirect/10.1002/adma.202307138
Engineering Mesoporous Structure in Amorphous Carbon Boosts Potassium Storage with High Initial Coulombic Efficiency,2020,Nano-Micro Letters,134,10.1007/s40820-020-00481-7,https://link.springer.com/content/pdf/10.1007/s40820-020-00481-7.pdf
High Performance Printed AgO-Zn Rechargeable Battery for Flexible Electronics,2020,Joule,134,10.1016/j.joule.2020.11.008,http://www.cell.com/article/S254243512030516X/pdf
Ultra-stable sodium ion storage of biomass porous carbon derived from sugarcane,2022,Chemical Engineering Journal,134,10.1016/j.cej.2022.136344,https://linkinghub.elsevier.com/retrieve/pii/S1385894722018393
Electrolyte solvation chemistry to construct an anion-tuned interphase for stable high-temperature lithium metal batteries,2023,eScience,134,10.1016/j.esci.2023.100135,
Enhanced Polysulfide Conversion with Highly Conductive and Electrocatalytic Iodine‐Doped Bismuth Selenide Nanosheets in Lithium–Sulfur Batteries,2022,Dipòsit Digital de Documents de la UAB (Universitat Autònoma de Barcelona),133,10.1002/adfm.202200529,
A twelve-electron conversion iodine cathode enabled by interhalogen chemistry in aqueous solution,2023,Nature Communications,133,10.1038/s41467-023-41071-6,https://www.nature.com/articles/s41467-023-41071-6.pdf
Enabling 4C Fast Charging of Lithium‐Ion Batteries by Coating Graphite with a Solid‐State Electrolyte,2021,Deep Blue (University of Michigan),132,10.1002/aenm.202102618,https://hdl.handle.net/2027.42/171610
Lithiated Prussian blue analogues as positive electrode active materials for stable non-aqueous lithium-ion batteries,2022,Nature Communications,132,10.1038/s41467-022-35376-1,https://www.nature.com/articles/s41467-022-35376-1.pdf
High-throughput and high-performance lithium-ion batteries via dry processing,2023,OSTI OAI (U.S. Department of Energy Office of Scientific and Technical Information),132,10.1016/j.cej.2023.144300,
High-Voltage Potassium Hexacyanoferrate Cathode via High-Entropy and Potassium Incorporation for Stable Sodium-Ion Batteries,2023,OSTI OAI (U.S. Department of Energy Office of Scientific and Technical Information),132,10.1021/acsnano.3c02323,https://www.osti.gov/servlets/purl/2205648
An Iodine‐Chemisorption Binder for High‐Loading and Shuttle‐Free Zn–Iodine Batteries,2024,Advanced Energy Materials,132,10.1002/aenm.202304110,https://onlinelibrary.wiley.com/doi/pdfdirect/10.1002/aenm.202304110
A tripartite synergistic optimization strategy for zinc-iodine batteries,2024,Nature Communications,132,10.1038/s41467-024-53800-6,https://www.nature.com/articles/s41467-024-53800-6.pdf
A Dual Protection System for Heterostructured 3D CNT/CoSe2/C as High Areal Capacity Anode for Sodium Storage,2020,Advanced Science,131,10.1002/advs.201902907,
An Overview on Anodes for Magnesium Batteries: Challenges towards a Promising Storage Solution for Renewables,2021,Nanomaterials,131,10.3390/nano11030810,https://www.mdpi.com/2079-4991/11/3/810/pdf?version=1616405028
Ionic Liquid Functionalized Gel Polymer Electrolytes for Stable Lithium Metal Batteries,2021,Angewandte Chemie International Edition,131,10.1002/anie.202106237,
Toward High-Voltage Solid-State Li-Metal Batteries with Double-Layer Polymer Electrolytes,2022,Figshare,131,10.1021/acsenergylett.2c00488,
Reversible Oxygen-Rich Functional Groups Grafted 3D Honeycomb-Like Carbon Anode for Super-Long Potassium Ion Batteries,2022,Nano-Micro Letters,131,10.1007/s40820-022-00892-8,https://link.springer.com/content/pdf/10.1007/s40820-022-00892-8.pdf
Proton Storage in Metallic H1.75MoO3 Nanobelts through the Grotthuss Mechanism,2022,OSTI OAI (U.S. Department of Energy Office of Scientific and Technical Information),131,10.1021/jacs.2c03844,https://www.osti.gov/servlets/purl/1967430
A parts-per-million scale electrolyte additive for durable aqueous zinc batteries,2025,Nature Communications,131,10.1038/s41467-025-56607-1,https://www.nature.com/articles/s41467-025-56607-1.pdf
Hierarchical Micro‐Nanoclusters of Bimetallic Layered Hydroxide Polyhedrons as Advanced Sulfur Reservoir for High‐Performance Lithium–Sulfur Batteries,2021,Advanced Science,130,10.1002/advs.202003400,https://onlinelibrary.wiley.com/doi/pdfdirect/10.1002/advs.202003400
Molten Salt Derived Nb2CTx MXene Anode for Li‐ion Batteries,2021,ChemElectroChem,130,10.1002/celc.202100142,https://onlinelibrary.wiley.com/doi/pdfdirect/10.1002/celc.202100142
Effects of Catalysis and Separator Functionalization on High‐Energy Lithium–Sulfur Batteries: A Complete Review,2022,Energy & environment materials,130,10.1002/eem2.12420,https://onlinelibrary.wiley.com/doi/pdfdirect/10.1002/eem2.12420
Metallic Particles‐Induced Surface Reconstruction Enabling Highly Durable Zinc Metal Anode,2023,Advanced Functional Materials,130,10.1002/adfm.202302661,https://onlinelibrary.wiley.com/doi/pdfdirect/10.1002/adfm.202302661
A Sulfur Heterocyclic Quinone Cathode Towards High‐Rate and Long‐Cycle Aqueous Zn‐Organic Batteries,2023,Advanced Materials,129,10.1002/adma.202301088,https://onlinelibrary.wiley.com/doi/pdfdirect/10.1002/adma.202301088
Reconstructing interfacial manganese deposition for durable aqueous zinc–manganese batteries,2023,National Science Review,129,10.1093/nsr/nwad220,https://academic.oup.com/nsr/advance-article-pdf/doi/10.1093/nsr/nwad220/51119380/nwad220.pdf
A 500 Wh/kg Lithium-Metal Cell Based on Anionic Redox,2020,Joule,128,10.1016/j.joule.2020.05.012,http://www.cell.com/article/S2542435120302300/pdf
Achieving Uniform Li Plating/Stripping at Ultrahigh Currents and Capacities by Optimizing 3D Nucleation Sites and Li2Se‐Enriched SEI,2022,Advanced Science,128,10.1002/advs.202104689,https://onlinelibrary.wiley.com/doi/pdfdirect/10.1002/advs.202104689
An Ultrahigh‐Mass‐Loading Integrated Free‐Standing Functional All‐Carbon Positive Electrode Prepared using an Architecture Tailoring Strategy for High‐Energy‐De,2023,Advanced Materials,128,10.1002/adma.202302086,https://onlinelibrary.wiley.com/doi/pdfdirect/10.1002/adma.202302086
Interface Engineering of Fe7S8/FeS2 Heterostructure in situ Encapsulated into Nitrogen-Doped Carbon Nanotubes for High Power Sodium-Ion Batteries,2023,Nano-Micro Letters,128,10.1007/s40820-023-01082-w,https://link.springer.com/content/pdf/10.1007/s40820-023-01082-w.pdf
Bioinspired design of Na-ion conduction channels in covalent organic frameworks for quasi-solid-state sodium batteries,2023,Nature Communications,128,10.1038/s41467-023-38822-w,https://www.nature.com/articles/s41467-023-38822-w.pdf
Ultra-fast charging in aluminum-ion batteries: electric double layers on active anode,2021,Nature Communications,127,10.1038/s41467-021-21108-4,https://www.nature.com/articles/s41467-021-21108-4.pdf
Phase Engineering of Defective Copper Selenide toward Robust Lithium–Sulfur Batteries,2022,UPCommons institutional repository (Universitat Politècnica de Catalunya),127,10.1021/acsnano.2c03788,https://upcommons.upc.edu/bitstream/2117/382969/1/Manuscript%20ACSnano%20Dawei%20Yang%20CuSe.pdf
Activating sulfur oxidation reactionviasix-electron redox mesocrystal NiS2 for sulfur-based aqueous batteries,2022,National Science Review,127,10.1093/nsr/nwac268,
Optimizing the Electron Spin States of Na4Fe3(PO4)2P2O7 Cathodes via Mn/F Dual‐Doping for Enhanced Sodium Storage,2023,Advanced Functional Materials,127,10.1002/adfm.202309701,https://onlinelibrary.wiley.com/doi/pdfdirect/10.1002/adfm.202309701
Reversible (De)Intercalation of Hydrated Zn 2+ in Mg 2+ ‐Stabilized V 2 O 5 Nanobelts with High Areal Capacity,2020,OSTI OAI (U.S. Department of Energy Office of Scientific and Technical Information),126,10.1002/aenm.202002293,
High‐Voltage Aqueous Mg‐Ion Batteries Enabled by Solvation Structure Reorganization,2022,Advanced Functional Materials,126,10.1002/adfm.202110674,https://onlinelibrary.wiley.com/doi/pdfdirect/10.1002/adfm.202110674
Restraining the escape of lattice oxygen enables superior cyclic performance towards high-voltage Ni-rich cathodes,2022,National Science Review,126,10.1093/nsr/nwac166,https://academic.oup.com/nsr/article-pdf/10/1/nwac166/48728028/nwac166.pdf
Single‐atomic Co‐B2N2 sites anchored on carbon nanotube arrays promote lithium polysulfide conversion in lithium–sulfur batteries,2023,Carbon Energy,126,10.1002/cey2.306,https://onlinelibrary.wiley.com/doi/pdfdirect/10.1002/cey2.306
Inhibiting collective cation migration in Li-rich cathode materials as a strategy to mitigate voltage hysteresis,2023,OSTI OAI (U.S. Department of Energy Office of Scientific and Technical Information),125,10.1038/s41563-022-01467-z,https://www.osti.gov/servlets/purl/1965253
Physicochemical Dual Cross‐Linking Conductive Polymeric Networks Combining High Strength and High Toughness Enable Stable Operation of Silicon Microparticle Ano,2023,Advanced Materials,125,10.1002/adma.202301320,https://onlinelibrary.wiley.com/doi/pdfdirect/10.1002/adma.202301320
Synergizing Spatial Confinement and Dual‐Metal Catalysis to Boost Sulfur Kinetics in Lithium–Sulfur Batteries,2023,Advanced Materials,125,10.1002/adma.202304120,https://onlinelibrary.wiley.com/doi/pdfdirect/10.1002/adma.202304120
High‐Entropy Prussian Blue Analogues Enable Lattice Respiration for Ultrastable Aqueous Aluminum‐Ion Batteries,2024,Advanced Materials,125,10.1002/adma.202404172,https://onlinelibrary.wiley.com/doi/pdfdirect/10.1002/adma.202404172
Ni/SiO2/Graphene-modified separator as a multifunctional polysulfide barrier for advanced lithium-sulfur batteries,2020,OSTI OAI (U.S. Department of Energy Office of Scientific and Technical Information),124,10.1016/j.nanoen.2020.105033,
Enhanced electrochemical performance of MnFe@NiFe Prussian blue analogue benefited from the inhibition of Mn ions dissolution for sodium-ion batteries,2021,King Abdullah University of Science and Technology Repository (King Abdullah University of Science and Technology),124,10.1016/j.cej.2021.128518,
Robust Pseudocapacitive Sodium Cation Intercalation Induced by Cobalt Vacancies at Atomically Thin Co1−xSe2/Graphene Heterostructure for Sodium‐Ion Batteries,2021,Angewandte Chemie International Edition,124,10.1002/anie.202106857,https://onlinelibrary.wiley.com/doi/pdfdirect/10.1002/anie.202106857
Atomically Dispersed Dual‐Site Cathode with a Record High Sulfur Mass Loading for High‐Performance Room‐Temperature Sodium–Sulfur Batteries,2022,Advanced Materials,124,10.1002/adma.202206828,
"An ultra-long life, high-performance, flexible Li–CO2 battery based on multifunctional carbon electrocatalysts",2020,Nano Energy,123,10.1016/j.nanoen.2020.104595,https://www.sciencedirect.com/science/article/am/pii/S2211285520301531
Flexible C 6 BN Monolayers As Promising Anode Materials for High-Performance K-Ion Batteries,2020,ACS Applied Materials & Interfaces,123,10.1021/acsami.0c09451,https://pubs.acs.org/doi/pdf/10.1021/acsami.0c09451
Dual redox catalysis of VN/nitrogen-doped graphene nanocomposites for high-performance lithium-sulfur batteries,2021,Figshare,123,10.1016/j.jechem.2021.05.015,
Water-shielding electric double layer and stable interphase engineering for durable aqueous zinc-ion batteries,2025,Nature Communications,123,10.1038/s41467-025-59830-y,
Supercritical CO 2 ‐Assisted SiO x /Carbon Multi‐Layer Coating on Si Anode for Lithium‐Ion Batteries,2021,Advanced Functional Materials,122,10.1002/adfm.202104135,https://onlinelibrary.wiley.com/doi/pdfdirect/10.1002/adfm.202104135
Cooperative Chloride Hydrogel Electrolytes Enabling Ultralow-Temperature Aqueous Zinc Ion Batteries by the Hofmeister Effect,2022,Nano-Micro Letters,122,10.1007/s40820-022-00836-2,https://link.springer.com/content/pdf/10.1007/s40820-022-00836-2.pdf
A Thiazole‐linked Covalent Organic Framework for Lithium‐Sulphur Batteries,2023,Angewandte Chemie International Edition,122,10.1002/anie.202302276,
Rational Design of an In‐Situ Polymer‐Inorganic Hybrid Solid Electrolyte Interphase for Realising Stable Zn Metal Anode under Harsh Conditions,2024,Angewandte Chemie International Edition,122,10.1002/anie.202401987,
Metal‐organic framework‐derived Fe/Cu‐substituted Co nanoparticles embedded in CNTs‐grafted carbon polyhedron for Zn‐air batteries,2020,Carbon Energy,121,10.1002/cey2.35,https://onlinelibrary.wiley.com/doi/pdfdirect/10.1002/cey2.35
Highly Dispersed Cobalt Nanoparticles Embedded in Nitrogen-Doped Graphitized Carbon for Fast and Durable Potassium Storage,2020,Nano-Micro Letters,121,10.1007/s40820-020-00534-x,https://link.springer.com/content/pdf/10.1007/s40820-020-00534-x.pdf
Electroactive polymeric nanofibrous composite to drive in situ construction of lithiophilic SEI for stable lithium metal anodes,2022,eScience,121,10.1016/j.esci.2022.02.003,https://www.sciencedirect.com/science/article/pii/S2667141722000118/pdf
Regulating Dendrite‐Free Zinc Deposition by Red Phosphorous‐Derived Artificial Protective Layer for Zinc Metal Batteries,2022,Advanced Science,121,10.1002/advs.202200155,
Ultrahigh‐Loading Manganese‐Based Electrodes for Aqueous Batteries via Polymorph Tuning,2023,OSTI OAI (U.S. Department of Energy Office of Scientific and Technical Information),121,10.1002/adma.202211555,https://www.osti.gov/servlets/purl/2437757
Discovering Cathodic Biocompatibility for Aqueous Zn–MnO2 Battery: An Integrating Biomass Carbon Strategy,2024,Nano-Micro Letters,121,10.1007/s40820-024-01334-3,https://link.springer.com/content/pdf/10.1007/s40820-024-01334-3.pdf
High-efficiently doping nitrogen in kapok fiber-derived hard carbon used as anode materials for boosting rate performance of sodium-ion batteries,2024,Journal of Energy Chemistry,121,10.1016/j.jechem.2024.05.005,
Comprehensive Design of the High-Sulfur-Loading Li–S Battery Based on MXene Nanosheets,2020,Nano-Micro Letters,120,10.1007/s40820-020-00449-7,https://link.springer.com/content/pdf/10.1007/s40820-020-00449-7.pdf
Functionalized Sulfide Solid Electrolyte with Air-Stable and Chemical-Resistant Oxysulfide Nanolayer for All-Solid-State Batteries,2020,ACS Omega,120,10.1021/acsomega.0c03453,https://pubs.acs.org/doi/pdf/10.1021/acsomega.0c03453
Regulating Zn Ion Desolvation and Deposition Chemistry Toward Durable and Fast Rechargeable Zn Metal Batteries,2022,Advanced Science,120,10.1002/advs.202205874,https://onlinelibrary.wiley.com/doi/pdfdirect/10.1002/advs.202205874
A Multifunctional Electrolyte Additive With Solvation Structure Regulation and Electrode/Electrolyte Interface Manipulation Enabling High‐Performance Li‐Ion Bat,2023,Advanced Energy Materials,120,10.1002/aenm.202203449,https://onlinelibrary.wiley.com/doi/pdfdirect/10.1002/aenm.202203449
The Origin of Strain Effects on Sulfur Redox Electrocatalyst for Lithium Sulfur Batteries,2023,Advanced Energy Materials,120,10.1002/aenm.202302586,https://onlinelibrary.wiley.com/doi/pdfdirect/10.1002/aenm.202302586
Rechargeable Aqueous Zinc-Ion Batteries in MgSO4/ZnSO4 Hybrid Electrolytes,2020,Nano-Micro Letters,119,10.1007/s40820-020-0385-7,https://link.springer.com/content/pdf/10.1007/s40820-020-0385-7.pdf
Multifunctional electrolyte additive for improved interfacial stability in Ni-rich layered oxide full-cells,2020,Energy storage materials,119,10.1016/j.ensm.2020.08.026,https://www.sciencedirect.com/science/article/pii/S2405829720303287/pdf
"A Three in One Strategy to Achieve Zirconium Doping, Boron Doping, and Interfacial Coating for Stable LiNi0.8Co0.1Mn0.1O2 Cathode",2020,Advanced Science,119,10.1002/advs.202001809,https://onlinelibrary.wiley.com/doi/pdfdirect/10.1002/advs.202001809
Dual-engineering of ammonium vanadate for enhanced aqueous and quasi-solid-state zinc ion batteries,2022,Energy storage materials,119,10.1016/j.ensm.2022.08.036,
Defect Engineering of Disordered Carbon Anodes with Ultra-High Heteroatom Doping Through a Supermolecule-Mediated Strategy for Potassium-Ion Hybrid Capacitors,2023,Nano-Micro Letters,119,10.1007/s40820-022-01006-0,https://link.springer.com/content/pdf/10.1007/s40820-022-01006-0.pdf
Facile synthesis of sulfur@titanium carbide Mxene as high performance cathode for lithium‐sulfur batteries,2020,Nanophotonics,118,10.1515/nanoph-2019-0568,https://www.degruyter.com/document/doi/10.1515/nanoph-2019-0568/pdf
Synergetic regulation of SEI mechanics and crystallographic orientation for stable lithium metal pouch cells,2024,Nature Communications,118,10.1038/s41467-024-48889-8,
Mullite Mineral‐Derived Robust Solid Electrolyte Enables Polyiodide Shuttle‐Free Zinc‐Iodine Batteries,2024,Advanced Materials,118,10.1002/adma.202408213,https://onlinelibrary.wiley.com/doi/pdfdirect/10.1002/adma.202408213
Controlling Surface Phase Transition and Chemical Reactivity of O3-Layered Metal Oxide Cathodes for High-Performance Na-Ion Batteries,2020,OSTI OAI (U.S. Department of Energy Office of Scientific and Technical Information),117,10.1021/acsenergylett.0c00700,https://www.osti.gov/servlets/purl/1644016
Sandwiched Cathodes Assembled from CoS2‐Modified Carbon Clothes for High‐Performance Lithium‐Sulfur Batteries,2021,Advanced Science,117,10.1002/advs.202101019,https://onlinelibrary.wiley.com/doi/pdfdirect/10.1002/advs.202101019
Topologically protected oxygen redox in a layered manganese oxide cathode for sustainable batteries,2021,HAL (Le Centre pour la Communication Scientifique Directe),117,10.1038/s41893-021-00809-0,https://hal.science/hal-03659118/document
A Silicon Monoxide Lithium-Ion Battery Anode with Ultrahigh Areal Capacity,2022,Nano-Micro Letters,117,10.1007/s40820-022-00790-z,https://link.springer.com/content/pdf/10.1007/s40820-022-00790-z.pdf
Stable Ni-rich layered oxide cathode for sulfide-based all-solid-state lithium battery,2022,eScience,117,10.1016/j.esci.2022.06.001,https://www.sciencedirect.com/science/article/pii/S2667141722000738/pdf
Naked metallic skin for homo-epitaxial deposition in lithium metal batteries,2023,Nature Communications,117,10.1038/s41467-023-36934-x,https://www.nature.com/articles/s41467-023-36934-x.pdf
Weakly Polarized Organic Cation-Modified Hydrated Vanadium Oxides for High-Energy Efficiency Aqueous Zinc-Ion Batteries,2024,Nano-Micro Letters,117,10.1007/s40820-024-01339-y,https://link.springer.com/content/pdf/10.1007/s40820-024-01339-y.pdf
Ultrahigh Plateau‐Capacity Sodium Storage by Plugging Open Pores,2024,Advanced Materials,117,10.1002/adma.202410326,https://onlinelibrary.wiley.com/doi/pdfdirect/10.1002/adma.202410326
Self-Recovery Chemistry and Cobalt-Catalyzed Electrochemical Deposition of Cathode for Boosting Performance of Aqueous Zinc-Ion Batteries,2020,iScience,116,10.1016/j.isci.2020.100943,http://www.cell.com/article/S2589004220301279/pdf
Stabilized Co‐Free Li‐Rich Oxide Cathode Particles with An Artificial Surface Prereconstruction,2020,OSTI OAI (U.S. Department of Energy Office of Scientific and Technical Information),116,10.1002/aenm.202001120,https://www.osti.gov/servlets/purl/1658557
Low‐strain TiP2O7 with three‐dimensional ion channels as long‐life and high‐rate anode material for Mg‐ion batteries,2022,Interdisciplinary materials,116,10.1002/idm2.12004,https://onlinelibrary.wiley.com/doi/pdfdirect/10.1002/idm2.12004
Vanadium‐modified hard carbon spheres with sufficient pseudographitic domains as high‐performance anode for sodium‐ion batteries,2022,Carbon Energy,116,10.1002/cey2.191,https://onlinelibrary.wiley.com/doi/pdfdirect/10.1002/cey2.191
Supramolecular Engineering of Cathode Materials for Aqueous Zinc‐ion Energy Storage Devices: Novel Benzothiadiazole Functionalized Two‐Dimensional Olefin‐Linked,2023,Angewandte Chemie International Edition,116,10.1002/anie.202216136,https://onlinelibrary.wiley.com/doi/pdfdirect/10.1002/anie.202216136
An ultrathin and crack‐free metal‐organic framework film for effective polysulfide inhibition in lithium–sulfur batteries,2024,Interdisciplinary materials,116,10.1002/idm2.12143,https://onlinelibrary.wiley.com/doi/pdfdirect/10.1002/idm2.12143
Bidentate Coordination Structure Facilitates High‐Voltage and High‐Utilization Aqueous Zn−I 2 Batteries,2024,Angewandte Chemie International Edition,116,10.1002/anie.202404784,https://onlinelibrary.wiley.com/doi/pdfdirect/10.1002/anie.202404784
Recycling spent carbon cathode by a roasting method and its application in Li-ion batteries anodes,2020,Journal of Cleaner Production,115,10.1016/j.jclepro.2020.121090,
Recent advances in Ni-rich layered oxide particle materials for lithium-ion batteries,2020,Particuology,115,10.1016/j.partic.2020.09.004,https://www.sciencedirect.com/science/article/pii/S1674200120300912/pdf
Stabilizing Anionic Redox Chemistry in a Mn‐Based Layered Oxide Cathode Constructed by Li‐Deficient Pristine State,2020,OSTI OAI (U.S. Department of Energy Office of Scientific and Technical Information),115,10.1002/adma.202004280,
Graphene collage on Ni-rich layered oxide cathodes for advanced lithium-ion batteries,2021,Nature Communications,115,10.1038/s41467-021-22403-w,https://www.nature.com/articles/s41467-021-22403-w.pdf
Smoothing the Sodium‐Metal Anode with a Self‐Regulating Alloy Interface for High‐Energy and Sustainable Sodium‐Metal Batteries,2021,PolyU Institutional Research Archive (Hong Kong Polytechnic University),115,10.1002/adma.202102802,http://ira.lib.polyu.edu.hk/bitstream/10397/99229/1/Wang_Smoothing_Sodium_Metal.pdf
"Nitrogen, Oxygen‐Codoped Vertical Graphene Arrays Coated 3D Flexible Carbon Nanofibers with High Silicon Content as an Ultrastable Anode for Superior Lithium St",2022,Advanced Science,115,10.1002/advs.202104685,
Engineering Functionalized 2D Metal‐Organic Frameworks Nanosheets with Fast Li+ Conduction for Advanced Solid Li Batteries,2023,OSTI OAI (U.S. Department of Energy Office of Scientific and Technical Information),115,10.1002/adma.202303193,https://www.osti.gov/servlets/purl/2371816
A Nickel‐Decorated Carbon Flower/Sulfur Cathode for Lean‐Electrolyte Lithium–Sulfur Batteries,2021,OSTI OAI (U.S. Department of Energy Office of Scientific and Technical Information),114,10.1002/aenm.202101449,https://www.osti.gov/servlets/purl/1819286
Ionically Conductive Tunnels in h‐WO3 Enable High‐Rate NH4+ Storage,2022,Advanced Science,114,10.1002/advs.202105158,
Boosting Reversibility and Stability of Zn Anodes via Manipulation of Electrolyte Structure and Interface with Addition of Trace Organic Molecules,2022,Advanced Energy Materials,114,10.1002/aenm.202202419,https://onlinelibrary.wiley.com/doi/pdfdirect/10.1002/aenm.202202419
Construction of Ultrathin Layered MXene-TiN Heterostructure Enabling Favorable Catalytic Ability for High-Areal-Capacity Lithium–Sulfur Batteries,2022,Nano-Micro Letters,114,10.1007/s40820-022-00935-0,https://link.springer.com/content/pdf/10.1007/s40820-022-00935-0.pdf
Phase-engineered cathode for super-stable potassium storage,2023,Nature Communications,114,10.1038/s41467-023-36385-4,https://www.nature.com/articles/s41467-023-36385-4.pdf
Stabilized O3‐Type Layered Sodium Oxides with Enhanced Rate Performance and Cycling Stability by Dual‐Site Ti4+/K+ Substitution,2023,Advanced Science,114,10.1002/advs.202304067,https://onlinelibrary.wiley.com/doi/pdfdirect/10.1002/advs.202304067
Entropy Tuning Stabilizing P2‐Type Layered Cathodes for Sodium‐Ion Batteries,2024,Advanced Functional Materials,114,10.1002/adfm.202315437,https://onlinelibrary.wiley.com/doi/pdfdirect/10.1002/adfm.202315437
Co-based and Cu-based MOFs modified separators to strengthen the kinetics of redox reaction and inhibit lithium-dendrite for long-life lithium-sulfur batteries,2020,Figshare,113,10.1016/j.cej.2020.124241,
In-situ pillared MXene as a viable zinc-ion hybrid capacitor,2020,Lancaster EPrints (Lancaster University),113,10.1016/j.electacta.2020.136061,https://eprints.lancs.ac.uk/id/eprint/142700/1/Author_s_Accepted_Copy.pdf
Symmetric Sodium-Ion Battery Based on Dual-Electron Reactions of NASICON-Structured Na 3 MnTi(PO 4 ) 3 Material,2020,ENLIGHTEN (Jurnal Bimbingan dan Konseling Islam),113,10.1021/acsami.0c05784,
Systematic Study of Al Impurity for NCM622 Cathode Materials,2020,OSTI OAI (U.S. Department of Energy Office of Scientific and Technical Information),113,10.1021/acssuschemeng.0c02965,
Supramolecular Self‐Assembled Multi‐Electron‐Acceptor Organic Molecule as High‐Performance Cathode Material for Li‐Ion Batteries,2021,OSTI OAI (U.S. Department of Energy Office of Scientific and Technical Information),113,10.1002/aenm.202100330,
Inorganic-organic competitive coating strategy derived uniform hollow gradient-structured ferroferric oxide-carbon nanospheres for ultra-fast and long-term lith,2021,Nature Communications,113,10.1038/s41467-021-23150-8,https://www.nature.com/articles/s41467-021-23150-8.pdf
"Engineering the Structural Uniformity of Gel Polymer Electrolytes via Pattern‐Guided Alignment for Durable, Safe Solid‐State Lithium Metal Batteries",2023,Advanced Materials,113,10.1002/adma.202303460,https://onlinelibrary.wiley.com/doi/pdfdirect/10.1002/adma.202303460
Enhancing the electrochemical performance of semicoke‐based hard carbon anode through oxidation‐crosslinking strategy for low‐cost sodium‐ion batteries,2024,Carbon Energy,113,10.1002/cey2.584,https://onlinelibrary.wiley.com/doi/pdfdirect/10.1002/cey2.584
Superionic conducting vacancy-rich β-Li3N electrolyte for stable cycling of all-solid-state lithium metal batteries,2024,Nature Nanotechnology,113,10.1038/s41565-024-01813-z,https://www.nature.com/articles/s41565-024-01813-z.pdf
Overcoming the conversion reaction limitation at three-phase interfaces using mixed conductors towards energy-dense solid-state Li–S batteries,2025,OSTI OAI (U.S. Department of Energy Office of Scientific and Technical Information),113,10.1038/s41563-024-02057-x,
"Lithium Iron Aluminum Nickelate, LiNixFeyAlzO2—New Sustainable Cathodes for Next‐Generation Cobalt‐Free Li‐Ion Batteries",2020,OSTI OAI (U.S. Department of Energy Office of Scientific and Technical Information),112,10.1002/adma.202002960,
Dual-Functional Lithiophilic/Sulfiphilic Binary-Metal Selenide Quantum Dots Toward High-Performance Li–S Full Batteries,2023,Nano-Micro Letters,112,10.1007/s40820-023-01037-1,https://link.springer.com/content/pdf/10.1007/s40820-023-01037-1.pdf
Design of multifunctional polymeric binders in silicon anodes for lithium‐ion batteries,2023,Carbon Energy,112,10.1002/cey2.356,https://onlinelibrary.wiley.com/doi/pdfdirect/10.1002/cey2.356
Macroporous Directed and Interconnected Carbon Architectures Endow Amorphous Silicon Nanodots as Low-Strain and Fast-Charging Anode for Lithium-Ion Batteries,2024,Nano-Micro Letters,112,10.1007/s40820-023-01308-x,https://link.springer.com/content/pdf/10.1007/s40820-023-01308-x.pdf
A solid-state lithium-ion battery with micron-sized silicon anode operating free from external pressure,2024,Nature Communications,112,10.1038/s41467-024-46472-9,https://www.nature.com/articles/s41467-024-46472-9.pdf
Nitrogen and Sulfur Vacancies in Carbon Shell to Tune Charge Distribution of Co6Ni3S8 Core and Boost Sodium Storage,2020,"Griffith Research Online (Griffith University, Queensland, Australia)",111,10.1002/aenm.201904147,
Investigation on the Electrochemical Performances of Mn2O3 as a Potential Anode for Na-Ion Batteries,2020,Scientific Reports,111,10.1038/s41598-020-66148-w,https://www.nature.com/articles/s41598-020-66148-w.pdf
Tunable Electrocatalytic Behavior of Sodiated MoS 2 Active Sites toward Efficient Sulfur Redox Reactions in Room‐Temperature Na–S Batteries,2021,Advanced Materials,111,10.1002/adma.202100229,https://onlinelibrary.wiley.com/doi/pdfdirect/10.1002/adma.202100229
Gradient Electrolyte Strategy Achieving Long‐Life Zinc Anodes,2023,Advanced Materials,111,10.1002/adma.202300620,https://onlinelibrary.wiley.com/doi/pdfdirect/10.1002/adma.202300620
Oxygen Defect‐Rich WO 3− x –W 3 N 4 Mott–Schottky Heterojunctions Enabling Bidirectional Catalysis for Sulfur Cathode,2023,Advanced Functional Materials,111,10.1002/adfm.202306578,https://onlinelibrary.wiley.com/doi/pdfdirect/10.1002/adfm.202306578
Durian-Inspired Design of Bismuth–Antimony Alloy Arrays for Robust Sodium Storage,2020,OSTI OAI (U.S. Department of Energy Office of Scientific and Technical Information),110,10.1021/acsnano.0c04366,https://www.osti.gov/servlets/purl/1756843
Beyond the Polysulfide Shuttle and Lithium Dendrite Formation: Addressing the Sluggish Sulfur Redox Kinetics for Practical High‐Energy Li‐S Batteries,2020,OSTI OAI (U.S. Department of Energy Office of Scientific and Technical Information),110,10.1002/anie.202007159,https://www.osti.gov/servlets/purl/1710199
A High-Performance Magnesium Triflate-based Electrolyte for Rechargeable Magnesium Batteries,2020,Cell Reports Physical Science,110,10.1016/j.xcrp.2020.100265,https://www.sciencedirect.com/science/article/pii/S2666386420302873/pdf
Advances and Prospects of High‐Voltage Spinel Cathodes for Lithium‐Based Batteries,2021,OSTI OAI (U.S. Department of Energy Office of Scientific and Technical Information),110,10.1002/smtd.202001196,
Dense‐Stacking Porous Conjugated Polymer as Reactive‐Type Host for High‐Performance Lithium Sulfur Batteries,2021,eScholarship (California Digital Library),110,10.1002/anie.202016240,https://escholarship.org/content/qt3h86f8d8/qt3h86f8d8.pdf
Regulating the redox reversibility of zinc anode toward stable aqueous zinc batteries,2022,King Abdullah University of Science and Technology Repository (King Abdullah University of Science and Technology),110,10.1016/j.nanoen.2022.107331,
Development of high-energy non-aqueous lithium-sulfur batteries via redox-active interlayer strategy,2022,Nature Communications,110,10.1038/s41467-022-31943-8,https://www.nature.com/articles/s41467-022-31943-8.pdf
Super‐Reversible CuF2 Cathodes Enabled by Cu2+‐Coordinated Alginate,2022,Journal of Media Literacy Education,110,10.1002/adma.202205229,
Constructing Efficient Mg(CF3SO3)2 Electrolyte via Tailoring Solvation and Interface Chemistry for High‐Performance Rechargeable Magnesium Batteries,2023,Advanced Energy Materials,110,10.1002/aenm.202301795,https://onlinelibrary.wiley.com/doi/pdfdirect/10.1002/aenm.202301795
Revealing and reconstructing the 3D Li-ion transportation network for superionic poly(ethylene) oxide conductor,2024,Nature Communications,110,10.1038/s41467-024-51191-2,
Understanding fundamental effects of Cu impurity in different forms for recovered LiNi0.6Co0.2Mn0.2O2 cathode materials,2020,OSTI OAI (U.S. Department of Energy Office of Scientific and Technical Information),109,10.1016/j.nanoen.2020.105214,https://www.osti.gov/servlets/purl/1768586
Advanced cathode for dual-ion batteries: Waste-to-wealth reuse of spent graphite from lithium-ion batteries,2021,eScience,109,10.1016/j.esci.2021.11.001,https://www.sciencedirect.com/science/article/pii/S2667141721000227/pdf
Integrating Energy Band Alignment and Oxygen Vacancies Engineering of TiO 2 Anatase/Rutile Homojunction for Kinetics‐Enhanced Li–S Batteries,2023,Advanced Functional Materials,109,10.1002/adfm.202305788,https://onlinelibrary.wiley.com/doi/pdfdirect/10.1002/adfm.202305788
Nonmetallic Se/N Co‐Doped Amorphous Carbon Anode Collaborates to Realize Ultra‐High Capacity and Fast Potassium Storage for Potassium Dual‐Ion Batteries,2024,Advanced Functional Materials,109,10.1002/adfm.202314890,https://onlinelibrary.wiley.com/doi/pdfdirect/10.1002/adfm.202314890
Lignin Derived Ultrathin All‐Solid Polymer Electrolytes with 3D Single‐Ion Nanofiber Ionic Bridge Framework for High Performance Lithium Batteries,2024,Advanced Materials,109,10.1002/adma.202400970,https://onlinelibrary.wiley.com/doi/pdfdirect/10.1002/adma.202400970
High Capacity Adsorption—Dominated Potassium and Sodium Ion Storage in Activated Crumpled Graphene,2020,OSTI OAI (U.S. Department of Energy Office of Scientific and Technical Information),108,10.1002/aenm.201903280,https://www.osti.gov/servlets/purl/1649273
Facile Synthesis of FePS3 Nanosheets@MXene Composite as a High-Performance Anode Material for Sodium Storage,2020,Nano-Micro Letters,108,10.1007/s40820-020-0381-y,https://link.springer.com/content/pdf/10.1007/s40820-020-0381-y.pdf
Metal chloride perovskite thin film based interfacial layer for shielding lithium metal from liquid electrolyte,2020,Nature Communications,108,10.1038/s41467-020-15643-9,https://www.nature.com/articles/s41467-020-15643-9.pdf
Moisture-Driven Degradation Pathways in Prussian White Cathode Material for Sodium-Ion Batteries,2021,ACS Applied Materials & Interfaces,108,10.1021/acsami.0c22032,
Highly N‐doped carbon with low graphitic‐N content as anode material for enhanced initial Coulombic efficiency of lithium‐ion batteries,2022,Carbon Energy,108,10.1002/cey2.257,https://onlinelibrary.wiley.com/doi/pdfdirect/10.1002/cey2.257
Machine learning-guided discovery of ionic polymer electrolytes for lithium metal batteries,2023,Nature Communications,108,10.1038/s41467-023-38493-7,https://www.nature.com/articles/s41467-023-38493-7.pdf
Layered Potassium Titanium Niobate/Reduced Graphene Oxide Nanocomposite as a Potassium-Ion Battery Anode,2023,Nano-Micro Letters,108,10.1007/s40820-023-01222-2,https://link.springer.com/content/pdf/10.1007/s40820-023-01222-2.pdf
Scalable synthesis of nanoporous silicon microparticles for highly cyclable lithium-ion batteries,2020,OSTI OAI (U.S. Department of Energy Office of Scientific and Technical Information),107,10.1007/s12274-020-2770-4,
Excellent Cycling Stability of Sodium Anode Enabled by a Stable Solid Electrolyte Interphase Formed in Ether‐Based Electrolytes,2020,OSTI OAI (U.S. Department of Energy Office of Scientific and Technical Information),107,10.1002/adfm.202001151,
A conductive self healing polymeric binder using hydrogen bonding for Si anodes in lithium ion batteries,2020,Scientific Reports,107,10.1038/s41598-020-71625-3,https://www.nature.com/articles/s41598-020-71625-3.pdf
Artificial SEI for Superhigh‐Performance K‐Graphite Anode,2021,Advanced Science,107,10.1002/advs.202003639,
Multifunctional cation-vacancy-rich ZnCo2O4 polysulfide-blocking layer for ultrahigh-loading Li-S battery,2021,,107,10.1016/j.nanoen.2021.106331,
Porous Microspheres Comprising CoSe2 Nanorods Coated with N-Doped Graphitic C and Polydopamine-Derived C as Anodes for Long-Lived Na-Ion Batteries,2022,Nano-Micro Letters,107,10.1007/s40820-022-00855-z,https://link.springer.com/content/pdf/10.1007/s40820-022-00855-z.pdf
Two Birds One Stone: Graphene Assisted Reaction Kinetics and Ionic Conductivity in Phthalocyanine‐Based Covalent Organic Framework Anodes for Lithium‐ion Batter,2023,Small,107,10.1002/smll.202303353,https://onlinelibrary.wiley.com/doi/pdfdirect/10.1002/smll.202303353
Unveiling the X‐Ray Absorption Chemistry of H3.78V6O13 Cathode for Aqueous Zinc‐Ion Batteries,2023,Advanced Functional Materials,107,10.1002/adfm.202307270,https://onlinelibrary.wiley.com/doi/pdfdirect/10.1002/adfm.202307270
Precisely designing asymmetrical selenium-based dual-atom sites for efficient oxygen reduction,2025,Nature Communications,107,10.1038/s41467-025-55862-6,https://www.nature.com/articles/s41467-025-55862-6.pdf
Electrode Design with Integration of High Tortuosity and Sulfur-Philicity for High-Performance Lithium-Sulfur Battery,2020,Matter,106,10.1016/j.matt.2020.04.011,http://www.cell.com/article/S259023852030182X/pdf
Charging activation and desulfurization of MnS unlock the active sites and electrochemical reactivity for Zn-ion batteries,2020,OSTI OAI (U.S. Department of Energy Office of Scientific and Technical Information),106,10.1016/j.nanoen.2020.104869,
Al and Fe-containing Mn-based layered cathode with controlled vacancies for high-rate sodium ion batteries,2020,OSTI OAI (U.S. Department of Energy Office of Scientific and Technical Information),106,10.1016/j.nanoen.2020.104997,
"A Carbon Foam with Sodiophilic Surface for Highly Reversible, Ultra‐Long Cycle Sodium Metal Anode",2020,Advanced Science,106,10.1002/advs.202003178,https://onlinelibrary.wiley.com/doi/pdfdirect/10.1002/advs.202003178
Amorphous anion-rich titanium polysulfides for aluminum-ion batteries,2021,Science Advances,106,10.1126/sciadv.abg6314,
Natural Stibnite for Lithium-/Sodium-Ion Batteries: Carbon Dots Evoked High Initial Coulombic Efficiency,2022,Nano-Micro Letters,106,10.1007/s40820-022-00873-x,https://link.springer.com/content/pdf/10.1007/s40820-022-00873-x.pdf
A high-capacity Sn metal anode for aqueous acidic batteries,2023,Joule,106,10.1016/j.joule.2023.04.011,http://www.cell.com/article/S2542435123001708/pdf
Lightweight Zn‐Philic 3D‐Cu Scaffold for Customizable Zinc Ion Batteries,2024,Advanced Functional Materials,106,10.1002/adfm.202312664,https://onlinelibrary.wiley.com/doi/pdfdirect/10.1002/adfm.202312664
Quantification of the Li-ion diffusion over an interface coating in all-solid-state batteries via NMR measurements,2021,Nature Communications,105,10.1038/s41467-021-26190-2,https://www.nature.com/articles/s41467-021-26190-2.pdf
Covalent Organic Framework as an Efficient Protection Layer for a Stable Lithium‐Metal Anode,2022,OSTI OAI (U.S. Department of Energy Office of Scientific and Technical Information),105,10.1002/anie.202116586,https://www.osti.gov/servlets/purl/1976277
Replacing “Alkyl” with “Aryl” for inducing accessible channels to closed pores as plateau‐dominated sodium‐ion battery anode,2022,SusMat,105,10.1002/sus2.68,https://onlinelibrary.wiley.com/doi/pdfdirect/10.1002/sus2.68
"N -Heterocycles Extended π-Conjugation Enables Ultrahigh Capacity, Long-Lived, and Fast-Charging Organic Cathodes for Aqueous Zinc Batteries",2022,CCS Chemistry,105,10.31635/ccschem.022.202202276,
Achieving stable all-solid-state lithium-metal batteries by tuning the cathode-electrolyte interface and ionic/electronic transport within the cathode,2023,OSTI OAI (U.S. Department of Energy Office of Scientific and Technical Information),105,10.1016/j.mattod.2023.03.001,https://www.osti.gov/servlets/purl/2419696
An electron-blocking interface for garnet-based quasi-solid-state lithium-metal batteries to improve lifespan,2024,Nature Communications,105,10.1038/s41467-024-49715-x,
Delocalized electronic engineering of TiNb2O7 enables low temperature capability for high-areal-capacity lithium-ion batteries,2024,Nature Communications,105,10.1038/s41467-024-50455-1,https://www.nature.com/articles/s41467-024-50455-1.pdf
High loading CuS-based cathodes for all-solid-state lithium sulfur batteries with enhanced volumetric capacity,2020,Energy storage materials,104,10.1016/j.ensm.2020.01.022,https://www.sciencedirect.com/science/article/pii/S2405829720300295/pdf
Electrode Engineering of Redox-Active Conjugated Microporous Polymers for Ultra-High Areal Capacity Organic Batteries,2020,ACS Energy Letters,104,10.1021/acsenergylett.0c01577,https://pubs.acs.org/doi/pdf/10.1021/acsenergylett.0c01577
Characteristics and electrochemical performances of silicon/carbon nanofiber/graphene composite films as anode materials for binder-free lithium-ion batteries,2021,Scientific Reports,104,10.1038/s41598-020-79205-1,https://www.nature.com/articles/s41598-020-79205-1.pdf
Nickel Niobate Anodes for High Rate Lithium‐Ion Batteries,2021,Advanced Energy Materials,104,10.1002/aenm.202102972,https://onlinelibrary.wiley.com/doi/pdfdirect/10.1002/aenm.202102972
Post-Synthetic and In Situ Vacancy Repairing of Iron Hexacyanoferrate Toward Highly Stable Cathodes for Sodium-Ion Batteries,2021,Nano-Micro Letters,104,10.1007/s40820-021-00742-z,https://link.springer.com/content/pdf/10.1007/s40820-021-00742-z.pdf
Synthesis of new two‐dimensional titanium carbonitride Ti2C0 . 5N0 .5Tx MXene and its performance as an electrode material for sodium‐ion battery,2021,InfoMat,104,10.1002/inf2.12269,
Molecular Engineering Design for High-Performance Aqueous Zinc-Organic Battery,2023,Nano-Micro Letters,104,10.1007/s40820-022-01009-x,https://link.springer.com/content/pdf/10.1007/s40820-022-01009-x.pdf
Low‐Concentration Redox‐Electrolytes for High‐Rate and Long‐Life Zinc Metal Batteries,2023,Small,104,10.1002/smll.202207664,https://onlinelibrary.wiley.com/doi/pdfdirect/10.1002/smll.202207664
Co-activation for enhanced K-ion storage in battery anodes,2023,National Science Review,104,10.1093/nsr/nwad118,https://academic.oup.com/nsr/advance-article-pdf/doi/10.1093/nsr/nwad118/50099030/nwad118.pdf
High Ionic Conductivity Motivated by Multiple Ion‐Transport Channels in 2D MOF‐Based Lithium Solid State Battery,2023,Advanced Functional Materials,104,10.1002/adfm.202306060,https://onlinelibrary.wiley.com/doi/pdfdirect/10.1002/adfm.202306060
Tea‐Derived Sustainable Materials,2024,Advanced Functional Materials,104,10.1002/adfm.202310226,https://onlinelibrary.wiley.com/doi/pdfdirect/10.1002/adfm.202310226
Molecular Engineering to Regulate the Pseudo‐Graphitic Structure of Hard Carbon for Superior Sodium Energy Storage,2024,Small,104,10.1002/smll.202311778,https://onlinelibrary.wiley.com/doi/pdfdirect/10.1002/smll.202311778
Superior Polyaniline Cathode Material with Enhanced Capacity for Ammonium Ion Storage,2020,ACS Applied Energy Materials,103,10.1021/acsaem.0c01791,
High‐Energy and Stable Subfreezing Aqueous Zn–MnO 2 Batteries with Selective and Pseudocapacitive Zn‐Ion Insertion in MnO 2,2022,OSTI OAI (U.S. Department of Energy Office of Scientific and Technical Information),103,10.1002/adma.202201510,https://www.osti.gov/servlets/purl/1910031
Covalent organic framework containing dual redox centers as an efficient anode in Li‐ion batteries,2022,SmartMat,103,10.1002/smm2.1115,
A Polymerized‐Ionic‐Liquid‐Based Polymer Electrolyte with High Oxidative Stability for 4 and 5 V Class Solid‐State Lithium Metal Batteries,2022,Advanced Energy Materials,103,10.1002/aenm.202200412,https://onlinelibrary.wiley.com/doi/pdfdirect/10.1002/aenm.202200412
Electrostatic Shielding Boosts Electrochemical Performance of Alloy‐Type Anode Materials of Sodium‐Ion Batteries,2022,Angewandte Chemie International Edition,103,10.1002/anie.202214258,
Hard carbon anodes derived from phenolic resin/sucrose cross‐linking network for high‐performance sodium‐ion batteries,2022,Battery energy,103,10.1002/bte2.20220054,https://onlinelibrary.wiley.com/doi/pdfdirect/10.1002/bte2.20220054
Weak Solvation Effect Induced Optimal Interfacial Chemistry Enables Highly Durable Zn Anodes for Aqueous Zn‐Ion Batteries,2023,Angewandte Chemie International Edition,103,10.1002/anie.202317302,https://onlinelibrary.wiley.com/doi/pdfdirect/10.1002/anie.202317302
Porous Aromatic Frameworks Enabling Polyiodide Confinement toward High Capacity and Long Lifespan Zinc–Iodine Batteries,2024,Advanced Materials,103,10.1002/adma.202401091,https://onlinelibrary.wiley.com/doi/pdfdirect/10.1002/adma.202401091
Ionic Liquid‐Directed Nanoporous TiNb2O7 Anodes with Superior Performance for Fast‐Rechargeable Lithium‐Ion Batteries,2020,OSTI OAI (U.S. Department of Energy Office of Scientific and Technical Information),102,10.1002/smll.202001884,https://www.osti.gov/servlets/purl/1669739
The Quest for Stable Potassium‐Ion Battery Chemistry,2021,OSTI OAI (U.S. Department of Energy Office of Scientific and Technical Information),102,10.1002/adma.202106876,
Continuous Carbon Channels Enable Full Na‐Ion Accessibility for Superior Room‐Temperature Na–S Batteries,2021,Figshare,102,10.1002/adma.202108363,
Mo‐O‐C Between MoS 2 and Graphene Toward Accelerated Polysulfide Catalytic Conversion for Advanced Lithium‐Sulfur Batteries,2022,Advanced Science,102,10.1002/advs.202201579,
Tailoring Nitrogen Terminals on MXene Enables Fast Charging and Stable Cycling Na-Ion Batteries at Low Temperature,2022,Nano-Micro Letters,102,10.1007/s40820-022-00885-7,https://link.springer.com/content/pdf/10.1007/s40820-022-00885-7.pdf
Multi-Dimensional Composite Frame as Bifunctional Catalytic Medium for Ultra-Fast Charging Lithium–Sulfur Battery,2022,Nano-Micro Letters,102,10.1007/s40820-022-00941-2,https://link.springer.com/content/pdf/10.1007/s40820-022-00941-2.pdf
Ion Selective and Water Resistant Cellulose Nanofiber/MXene Membrane Enabled Cycling Zn Anode at High Currents,2023,Advanced Energy Materials,102,10.1002/aenm.202300283,https://onlinelibrary.wiley.com/doi/pdfdirect/10.1002/aenm.202300283
Rational Electrolyte Design for Interfacial Chemistry Modulation to Enable Long‐Term Cycling Si Anode,2023,Advanced Energy Materials,102,10.1002/aenm.202302068,https://onlinelibrary.wiley.com/doi/pdfdirect/10.1002/aenm.202302068
Tailoring the Electrochemical Responses of MOF‐74 Via Dual‐Defect Engineering for Superior Energy Storage,2024,Advanced Materials,102,10.1002/adma.202402234,https://onlinelibrary.wiley.com/doi/pdfdirect/10.1002/adma.202402234
Layered hydrated vanadium oxide as highly reversible intercalation cathode for aqueous Zn‐ion batteries,2020,Carbon Energy,101,10.1002/cey2.39,https://onlinelibrary.wiley.com/doi/pdfdirect/10.1002/cey2.39
Calcium-tin alloys as anodes for rechargeable non-aqueous calcium-ion batteries at room temperature,2022,Nature Communications,101,10.1038/s41467-022-31261-z,https://www.nature.com/articles/s41467-022-31261-z.pdf
Enabling fast-charging selenium-based aqueous batteries via conversion reaction with copper ions,2022,Nature Communications,100,10.1038/s41467-022-29537-5,https://www.nature.com/articles/s41467-022-29537-5.pdf
Phase-transition tailored nanoporous zinc metal electrodes for rechargeable alkaline zinc-nickel oxide hydroxide and zinc-air batteries,2022,Nature Communications,100,10.1038/s41467-022-30616-w,https://www.nature.com/articles/s41467-022-30616-w.pdf
Aerophilic Triphase Interface Tuned by Carbon Dots Driving Durable and Flexible Rechargeable Zn-Air Batteries,2023,Nano-Micro Letters,100,10.1007/s40820-022-00994-3,https://link.springer.com/content/pdf/10.1007/s40820-022-00994-3.pdf
Intergrating Hollow Multishelled Structure and High Entropy Engineering toward Enhanced Mechano‐Electrochemical Properties in Lithium Battery,2024,Advanced Materials,100,10.1002/adma.202312583,https://onlinelibrary.wiley.com/doi/pdfdirect/10.1002/adma.202312583
Activating and Stabilizing a Reversible four Electron Redox Reaction of I−/I+ for Aqueous Zn‐Iodine Battery,2024,Angewandte Chemie International Edition,100,10.1002/anie.202403187,https://onlinelibrary.wiley.com/doi/pdfdirect/10.1002/anie.202403187
Substitution Index‐Prediction Rules for Low‐Potential Plateau of Hard Carbon Anodes in Sodium‐Ion Batteries,2025,Advanced Materials,100,10.1002/adma.202417886,https://onlinelibrary.wiley.com/doi/pdfdirect/10.1002/adma.202417886
