temperature_K,salt_conc,salt,PC,DEC,EC,EMC,EA,DME,Sulfolane,TFP,DMC,2-MeTHF,conductivity_S_cm
233.75,1.50862069,LiBF4,0.6,0.4,0.0,0.0,0.0,0.0,0.0,0.0,0.0,0.0,0.188235294
323.15,1.265420561,LiPF6,0.0,0.0,0.3,0.7,0.0,0.0,0.0,0.0,0.0,0.0,12.89142857
312.45,2.1265,LiPF6,0.7,0.3,0.0,0.0,0.0,0.0,0.0,0.0,0.0,0.0,4.568
243.65,1.4776,LiPF6,0.3,0.7,0.0,0.0,0.0,0.0,0.0,0.0,0.0,0.0,0.7887
332.15,1.711559831,LiPF6,0.3,0.7,0.0,0.0,0.0,0.0,0.0,0.0,0.0,0.0,9.548996458
313.15,1.0,LiPF6,0.85,0.0,0.15,0.0,0.0,0.0,0.0,0.0,0.0,0.0,8.95
263.3090081,0.6,LiBOB,0.0,0.0,0.0,0.0,0.0,1.0,0.0,0.0,0.0,0.0,9.792445294
292.65,1.51744414,LiBF4,0.4,0.6,0.0,0.0,0.0,0.0,0.0,0.0,0.0,0.0,1.834868679
333.0,2.240215924,LiPF6,0.1,0.0,0.27,0.0,0.0,0.0,0.0,0.0,0.63,0.0,16.04908566
322.35,0.433430464,LiBOB,0.8,0.2,0.0,0.0,0.0,0.0,0.0,0.0,0.0,0.0,6.569536424
293.15,1.505755001,LiBF4,0.5,0.5,0.0,0.0,0.0,0.0,0.0,0.0,0.0,0.0,2.024390244
312.45,0.450414813,LiBOB,0.9,0.1,0.0,0.0,0.0,0.0,0.0,0.0,0.0,0.0,5.281383666
298.15,1.0,LiClO4,0.0,0.0,0.3,0.0,0.0,0.0,0.0,0.0,0.0,0.0,9.555481444
263.15,0.777759793,LiBF4,0.5,0.5,0.0,0.0,0.0,0.0,0.0,0.0,0.0,0.0,1.250782346
322.35,0.119047619,LiBOB,0.5,0.5,0.0,0.0,0.0,0.0,0.0,0.0,0.0,0.0,3.126566416
263.15,0.445829724,LiBF4,0.9,0.1,0.0,0.0,0.0,0.0,0.0,0.0,0.0,0.0,1.505321124
258.15,0.499993892,LiAsF6,0.32,0.0,0.0,0.0,0.0,0.68,0.0,0.0,0.0,0.0,0.712428999
253.35,0.278688525,LiBOB,1.0,0.0,0.0,0.0,0.0,0.0,0.0,0.0,0.0,0.0,0.592505855
292.65,0.404664555,LiBOB,0.8,0.0,0.2,0.0,0.0,0.0,0.0,0.0,0.0,0.0,3.109127555
277.4038553,0.2,LiBOB,0.0,0.0,0.0,0.0,0.0,1.0,0.0,0.0,0.0,0.0,5.016779619
233.75,0.601886792,LiBOB,0.3,0.0,0.0,0.0,0.7,0.0,0.0,0.0,0.0,0.0,2.572102426
333.15,1.611214953,LiPF6,0.0,0.0,0.3,0.7,0.0,0.0,0.0,0.0,0.0,0.0,14.11047619
298.15,1.0,LiClO4,0.0,0.0,0.4,0.0,0.0,0.0,0.0,0.0,0.0,0.0,9.867390051
253.15,1.0,LiAsF6,0.1,0.0,0.0,0.0,0.0,0.0,0.45,0.0,0.0,0.0,0.44
253.35,0.624877627,LiBOB,0.8,0.0,0.2,0.0,0.0,0.0,0.0,0.0,0.0,0.0,0.577022747
302.55,1.9482,LiPF6,0.8,0.2,0.0,0.0,0.0,0.0,0.0,0.0,0.0,0.0,3.536
293.15,0.75,LiAsF6,0.0,0.0,0.0,0.0,0.0,0.0,0.0,0.0,0.0,0.0,0.24
391.1269913,0.5, LiBPFPB,1.0,0.0,0.0,0.0,0.0,0.0,0.0,0.0,0.0,0.0,9.235381592
233.75,0.5023,LiPF6,0.6,0.4,0.0,0.0,0.0,0.0,0.0,0.0,0.0,0.0,0.8392
273.6127436,1.0,LiPF6,0.0,0.0,0.5,0.0,0.0,0.0,0.0,0.0,0.5,0.0,7.091710486
282.85,2.173228346,LiBF4,0.9,0.1,0.0,0.0,0.0,0.0,0.0,0.0,0.0,0.0,0.931506849
312.45,0.281553398,LiBF4,0.3,0.7,0.0,0.0,0.0,0.0,0.0,0.0,0.0,0.0,1.305766043
273.15,1.070956139,LiPF6,0.3,0.0,0.3,0.4,0.0,0.0,0.0,0.0,0.0,0.0,4.375462084
297.0460872,1.0,LiPF6,0.0,0.0,0.5,0.0,0.0,0.0,0.0,0.0,0.5,0.0,11.24188061
233.75,0.108044249,LiBOB,1.0,0.0,0.0,0.0,0.0,0.0,0.0,0.0,0.0,0.0,0.197830523
213.95,0.7501,LiPF6,0.4,0.6,0.0,0.0,0.0,0.0,0.0,0.0,0.0,0.0,0.2144
272.95,0.398095238,LiBOB,0.6,0.0,0.0,0.0,0.4,0.0,0.0,0.0,0.0,0.0,4.181818182
243.65,0.2452,LiPF6,0.4,0.6,0.0,0.0,0.0,0.0,0.0,0.0,0.0,0.0,1.173
333.15,0.397526772,LiPF6,0.21,0.0,0.21,0.28,0.0,0.0,0.0,0.3,0.0,0.0,8.451555329
233.75,0.284,LiPF6,0.8,0.2,0.0,0.0,0.0,0.0,0.0,0.0,0.0,0.0,0.583492958
282.85,0.555555556,LiBF4,0.4,0.0,0.6,0.0,0.0,0.0,0.0,0.0,0.0,0.0,3.570140088
263.15,0.5547,LiPF6,0.5,0.5,0.0,0.0,0.0,0.0,0.0,0.0,0.0,0.0,3.09
432.1645908,2.57, LiBPFPB,1.0,0.0,0.0,0.0,0.0,0.0,0.0,0.0,0.0,0.0,0.630670619
362.9489603,0.5,LiTFSI,0.0,0.0,0.0,0.0,0.0,0.0,0.0,0.0,0.0,0.0,17.27715765
332.15,0.903131913,LiBF4,0.5,0.5,0.0,0.0,0.0,0.0,0.0,0.0,0.0,0.0,4.316655024
248.15,0.339082636,LiAsF6,0.32,0.0,0.0,0.0,0.0,0.68,0.0,0.0,0.0,0.0,0.481011421
322.35,1.038201531,LiPF6,0.5,0.5,0.0,0.0,0.0,0.0,0.0,0.0,0.0,0.0,11.15216837
282.85,2.038793569,LiBF4,0.5,0.5,0.0,0.0,0.0,0.0,0.0,0.0,0.0,0.0,1.257149023
233.75,0.505660377,LiBOB,0.3,0.0,0.0,0.0,0.7,0.0,0.0,0.0,0.0,0.0,2.502021563
253.35,0.442766984,LiBF4,0.9,0.1,0.0,0.0,0.0,0.0,0.0,0.0,0.0,0.0,1.043868333
332.15,0.474682725,LiBF4,0.8,0.2,0.0,0.0,0.0,0.0,0.0,0.0,0.0,0.0,5.909090909
243.65,0.242622951,LiBOB,1.0,0.0,0.0,0.0,0.0,0.0,0.0,0.0,0.0,0.0,0.348946136
233.75,0.1875,LiBOB,0.7,0.3,0.0,0.0,0.0,0.0,0.0,0.0,0.0,0.0,0.372881356
353.15,1.0,LiCF3SO3,0.5,0.0,0.5,0.0,0.0,0.0,0.0,0.0,0.0,0.0,6.43
204.15,1.0464,LiPF6,0.4,0.6,0.0,0.0,0.0,0.0,0.0,0.0,0.0,0.0,0.03249
263.15,0.75,LiN(CF3SO2)2,0.0,0.0,0.0,0.0,0.0,0.0,0.5,0.0,0.0,0.0,0.8
282.85,1.004021779,LiBF4,0.9,0.1,0.0,0.0,0.0,0.0,0.0,0.0,0.0,0.0,2.272924143
282.85,0.678111588,LiBF4,0.7,0.3,0.0,0.0,0.0,0.0,0.0,0.0,0.0,0.0,2.504896331
233.15,0.776470588,LiBF4,0.9,0.1,0.0,0.0,0.0,0.0,0.0,0.0,0.0,0.0,0.289130435
297.7994493,0.6, LiBPFPB,0.0,0.0,0.0,0.0,0.0,1.0,0.0,0.0,0.0,0.0,11.16262812
312.45,0.947987397,LiPF6,0.7,0.3,0.0,0.0,0.0,0.0,0.0,0.0,0.0,0.0,9.843174534
263.15,1.0,LiAsF6,0.175,0.0,0.175,0.0,0.0,0.0,0.0,0.0,0.0,0.35,7.73
282.85,0.885514019,LiBF4,0.85,0.0,0.15,0.0,0.0,0.0,0.0,0.0,0.0,0.0,2.538826638
263.15,0.875536481,LiBF4,0.7,0.3,0.0,0.0,0.0,0.0,0.0,0.0,0.0,0.0,1.334401257
302.55,1.0529,LiPF6,0.8,0.2,0.0,0.0,0.0,0.0,0.0,0.0,0.0,0.0,7.441
322.35,1.0685,LiPF6,0.7,0.3,0.0,0.0,0.0,0.0,0.0,0.0,0.0,0.0,11.23
273.15,1.5,LiPF6,0.0,0.0,0.0,0.0,0.0,0.0,0.0,0.0,1.0,0.0,6.09
243.65,1.224427694,LiBF4,0.6,0.4,0.0,0.0,0.0,0.0,0.0,0.0,0.0,0.0,0.403015075
323.15,1.075845974,LiPF6,0.0,0.0,0.5,0.5,0.0,0.0,0.0,0.0,0.0,0.0,14.40697674
332.15,0.671052632,LiBF4,0.4,0.6,0.0,0.0,0.0,0.0,0.0,0.0,0.0,0.0,3.297083069
322.35,1.49588667,LiBF4,0.8,0.2,0.0,0.0,0.0,0.0,0.0,0.0,0.0,0.0,4.222222222
328.3662046,0.6,LiBOB,0.0,0.0,0.0,0.0,0.0,1.0,0.0,0.0,0.0,0.0,17.21261884
313.15,1.0,LiAsF6,1.0,0.0,0.0,0.0,0.0,0.0,0.0,0.0,0.0,0.0,8.47
322.35,1.7321,LiPF6,0.8,0.2,0.0,0.0,0.0,0.0,0.0,0.0,0.0,0.0,7.729
233.75,0.271691272,LiBF4,0.8,0.2,0.0,0.0,0.0,0.0,0.0,0.0,0.0,0.0,0.409090909
204.15,1.4664,LiPF6,0.7,0.3,0.0,0.0,0.0,0.0,0.0,0.0,0.0,0.0,0.000363
322.35,1.485349519,LiBF4,1.0,0.0,0.0,0.0,0.0,0.0,0.0,0.0,0.0,0.0,4.250034882
302.55,0.078125,LiBOB,0.7,0.3,0.0,0.0,0.0,0.0,0.0,0.0,0.0,0.0,1.762711864
332.15,0.688636364,LiPF6,0.6,0.4,0.0,0.0,0.0,0.0,0.0,0.0,0.0,0.0,12.53728693
243.15,1.0,LiAsF6,0.175,0.0,0.175,0.0,0.0,0.0,0.0,0.0,0.0,0.15,2.03
332.15,0.312236534,LiBF4,0.7,0.3,0.0,0.0,0.0,0.0,0.0,0.0,0.0,0.0,4.8
243.65,0.35,LiBOB,0.6,0.4,0.0,0.0,0.0,0.0,0.0,0.0,0.0,0.0,0.792121212
312.45,0.605938962,LiBOB,0.9,0.0,0.1,0.0,0.0,0.0,0.0,0.0,0.0,0.0,5.113756614
253.35,0.067924528,LiBOB,0.4,0.6,0.0,0.0,0.0,0.0,0.0,0.0,0.0,0.0,0.557566423
263.15,1.0,LiAsF6,0.7,0.0,0.0,0.0,0.0,0.0,0.0,0.0,0.0,0.0,2.1
313.15,1.0,LiAsF6,0.0,0.0,0.0,0.0,0.0,0.25,0.5,0.0,0.0,0.0,8.5
272.95,0.148148148,LiBOB,0.3,0.7,0.0,0.0,0.0,0.0,0.0,0.0,0.0,0.0,1.428571429
298.15,0.837078652,LiClO4,0.0,0.0,0.5,0.0,0.0,0.0,0.0,0.0,0.0,0.0,9.635730858
282.85,0.666042155,LiBF4,0.7,0.3,0.0,0.0,0.0,0.0,0.0,0.0,0.0,0.0,2.471428571
266.9435931,1.0,LiClO4,1.0,0.0,0.0,0.0,0.0,0.0,0.0,0.0,0.0,0.0,1.395814116
282.85,0.425226148,LiBF4,0.8,0.2,0.0,0.0,0.0,0.0,0.0,0.0,0.0,0.0,2.555555556
312.45,2.066043777,LiBF4,0.5,0.5,0.0,0.0,0.0,0.0,0.0,0.0,0.0,0.0,2.465158924
253.35,0.9351,LiPF6,0.6,0.4,0.0,0.0,0.0,0.0,0.0,0.0,0.0,0.0,1.781
303.15,1.5,LiPF6,0.0,0.0,0.3,0.0,0.0,0.0,0.0,0.0,0.5,0.0,16.2962963
233.75,1.069565217,LiBOB,0.6,0.0,0.4,0.0,0.0,0.0,0.0,0.0,0.0,0.0,-0.172510519
293.15,0.5,LiBF4,0.0,0.0,0.0,0.0,0.0,0.0,0.5,0.0,0.0,0.0,4.29
213.15,1.0,LiAsF6,0.0,0.0,0.0,0.0,0.0,0.0,0.0,0.0,0.0,0.7,1.86
253.35,0.3256,LiPF6,0.6,0.4,0.0,0.0,0.0,0.0,0.0,0.0,0.0,0.0,1.857
243.65,1.515105386,LiBF4,0.7,0.3,0.0,0.0,0.0,0.0,0.0,0.0,0.0,0.0,0.3
292.65,1.663494004,LiBF4,0.5,0.5,0.0,0.0,0.0,0.0,0.0,0.0,0.0,0.0,1.913290255
292.65,0.37297729,LiPF6,0.3,0.7,0.0,0.0,0.0,0.0,0.0,0.0,0.0,0.0,4.273282867
233.15,0.358099063,LiPF6,0.5,0.5,0.0,0.0,0.0,0.0,0.0,0.0,0.0,0.0,0.911111111
263.15,2.002,LiPF6,0.0,0.0,0.0,0.95,0.0,0.0,0.0,0.0,0.0,0.0,2.325
238.0565114,0.8,LiBOB,0.0,0.0,0.0,0.0,0.0,1.0,0.0,0.0,0.0,0.0,5.895801261
282.85,1.718400583,LiPF6,0.3,0.7,0.0,0.0,0.0,0.0,0.0,0.0,0.0,0.0,3.392318911
312.45,0.4496,LiPF6,0.8,0.2,0.0,0.0,0.0,0.0,0.0,0.0,0.0,0.0,8.321
263.15,0.304761905,LiBOB,0.5,0.5,0.0,0.0,0.0,0.0,0.0,0.0,0.0,0.0,1.656641604
213.15,1.0,LiAsF6,1.0,0.0,0.0,0.0,0.0,0.0,0.0,0.0,0.0,0.0,0.01
293.15,0.499725952,LiPF6,0.5,0.5,0.0,0.0,0.0,0.0,0.0,0.0,0.0,0.0,5.951219512
292.65,0.18490566,LiBOB,0.4,0.6,0.0,0.0,0.0,0.0,0.0,0.0,0.0,0.0,2.696958028
282.85,0.238334643,LiBOB,0.5,0.0,0.5,0.0,0.0,0.0,0.0,0.0,0.0,0.0,2.026933004
292.65,1.338470128,LiBF4,0.6,0.4,0.0,0.0,0.0,0.0,0.0,0.0,0.0,0.0,2.226018984
283.15,0.49137931,LiPF6,0.0,0.0,0.3,0.7,0.0,0.0,0.0,0.0,0.0,0.0,5.703703704
223.85,0.55,LiPF6,0.3,0.7,0.0,0.0,0.0,0.0,0.0,0.0,0.0,0.0,0.567
322.35,0.24,LiBOB,0.6,0.4,0.0,0.0,0.0,0.0,0.0,0.0,0.0,0.0,5.426666667
292.65,0.107407407,LiBOB,0.3,0.7,0.0,0.0,0.0,0.0,0.0,0.0,0.0,0.0,1.632653061
233.75,0.403599828,LiBOB,0.9,0.1,0.0,0.0,0.0,0.0,0.0,0.0,0.0,0.0,0.122951055
194.15,1.7117,LiPF6,0.5,0.5,0.0,0.0,0.0,0.0,0.0,0.0,0.0,0.0,1.23e-05
243.65,1.048543689,LiBF4,0.3,0.7,0.0,0.0,0.0,0.0,0.0,0.0,0.0,0.0,0.458619465
253.15,0.757366771,LiPF6,0.0,0.0,0.4,0.6,0.0,0.0,0.0,0.0,0.0,0.0,2.807017544
332.15,1.201456311,LiBF4,0.3,0.7,0.0,0.0,0.0,0.0,0.0,0.0,0.0,0.0,2.761129529
302.55,0.349514563,LiBF4,0.3,0.7,0.0,0.0,0.0,0.0,0.0,0.0,0.0,0.0,1.313521193
332.15,0.586792666,LiBF4,0.7,0.0,0.3,0.0,0.0,0.0,0.0,0.0,0.0,0.0,7.536124943
293.15,0.75,LiAsF6,0.0,0.0,0.0,0.0,0.0,0.0,0.5,0.0,0.0,0.0,2.85
233.75,1.093149883,LiBF4,0.7,0.3,0.0,0.0,0.0,0.0,0.0,0.0,0.0,0.0,0.257142857
323.15,0.645366272,LiPF6,0.24,0.0,0.24,0.32,0.0,0.0,0.0,0.2,0.0,0.0,10.4893617
302.55,0.250793651,LiBOB,0.7,0.0,0.3,0.0,0.0,0.0,0.0,0.0,0.0,0.0,3.294217687
292.65,0.801536424,LiBOB,0.8,0.2,0.0,0.0,0.0,0.0,0.0,0.0,0.0,0.0,2.981721854
233.75,1.499286879,LiBF4,0.5,0.5,0.0,0.0,0.0,0.0,0.0,0.0,0.0,0.0,0.252706951
253.15,1.0,LiAsF6,0.5,0.0,0.0,0.0,0.0,0.5,0.0,0.0,0.0,0.0,4.43
322.35,0.638,LiPF6,0.8,0.2,0.0,0.0,0.0,0.0,0.0,0.0,0.0,0.0,10.99605634
282.85,0.103333333,LiBOB,0.6,0.4,0.0,0.0,0.0,0.0,0.0,0.0,0.0,0.0,1.583636364
253.35,0.320454545,LiPF6,0.6,0.4,0.0,0.0,0.0,0.0,0.0,0.0,0.0,0.0,1.88515625
233.75,1.261957908,LiPF6,0.5,0.5,0.0,0.0,0.0,0.0,0.0,0.0,0.0,0.0,0.434183673
243.65,0.116474497,LiBOB,0.7,0.0,0.0,0.0,0.3,0.0,0.0,0.0,0.0,0.0,0.76744186
233.75,0.159375,LiBOB,0.7,0.3,0.0,0.0,0.0,0.0,0.0,0.0,0.0,0.0,0.338983051
293.15,1.976470588,LiBF4,0.9,0.1,0.0,0.0,0.0,0.0,0.0,0.0,0.0,0.0,1.538461538
302.55,0.03597351,LiBOB,0.8,0.2,0.0,0.0,0.0,0.0,0.0,0.0,0.0,0.0,0.941986755
263.15,0.440210504,LiBOB,1.0,0.0,0.0,0.0,0.0,0.0,0.0,0.0,0.0,0.0,1.193427129
213.95,0.8979,LiPF6,0.3,0.7,0.0,0.0,0.0,0.0,0.0,0.0,0.0,0.0,0.2022
293.15,1.0,LiAsF6,0.0,0.0,0.0,0.0,0.0,0.6,0.4,0.0,0.0,0.0,6.82
272.95,0.278688525,LiBOB,1.0,0.0,0.0,0.0,0.0,0.0,0.0,0.0,0.0,0.0,1.413934426
312.45,0.721759456,LiBOB,0.5,0.0,0.0,0.0,0.5,0.0,0.0,0.0,0.0,0.0,11.36464088
293.15,2.0,LiPF6,0.0,0.0,0.3,0.0,0.0,0.0,0.0,0.0,0.5,0.0,12.77777778
302.55,0.187913146,LiBOB,0.8,0.0,0.0,0.0,0.2,0.0,0.0,0.0,0.0,0.0,3.853246337
263.15,0.38125,LiBOB,0.7,0.3,0.0,0.0,0.0,0.0,0.0,0.0,0.0,0.0,1.593220339
332.15,1.118918919,LiBOB,0.4,0.0,0.6,0.0,0.0,0.0,0.0,0.0,0.0,0.0,7.441176471
243.15,1.5,LiAsF6,0.125,0.0,0.125,0.0,0.0,0.0,0.0,0.0,0.0,0.75,2.46
332.15,0.330685275,LiBOB,0.9,0.0,0.1,0.0,0.0,0.0,0.0,0.0,0.0,0.0,6.32627866
332.15,1.0464,LiPF6,0.4,0.6,0.0,0.0,0.0,0.0,0.0,0.0,0.0,0.0,11.85
273.15,1.211010091,LiPF6,0.3,0.0,0.3,0.4,0.0,0.0,0.0,0.0,0.0,0.0,3.92636627
322.35,0.743526786,LiPF6,0.5,0.5,0.0,0.0,0.0,0.0,0.0,0.0,0.0,0.0,11.05994898
263.15,2.04586166,LiBF4,0.5,0.5,0.0,0.0,0.0,0.0,0.0,0.0,0.0,0.0,0.65976044
312.45,0.726175527,LiBF4,1.0,0.0,0.0,0.0,0.0,0.0,0.0,0.0,0.0,0.0,1.305009069
292.65,0.433333333,LiBOB,0.6,0.4,0.0,0.0,0.0,0.0,0.0,0.0,0.0,0.0,4.152727273
273.15,0.080230536,LiBPFPB,1.0,0.0,0.0,0.0,0.0,0.0,0.0,0.0,0.0,0.0,0.45721007
263.15,0.401532941,LiBOB,0.9,0.1,0.0,0.0,0.0,0.0,0.0,0.0,0.0,0.0,1.166728865
333.15,0.444859813,LiPF6,0.0,0.0,0.3,0.7,0.0,0.0,0.0,0.0,0.0,0.0,10.5447619
312.45,0.365982978,LiBF4,1.0,0.0,0.0,0.0,0.0,0.0,0.0,0.0,0.0,0.0,0.988140087
302.55,2.158226968,LiPF6,0.7,0.0,0.3,0.0,0.0,0.0,0.0,0.0,0.0,0.0,2.544012799
292.65,1.219086651,LiBF4,0.7,0.3,0.0,0.0,0.0,0.0,0.0,0.0,0.0,0.0,2.528571429
273.15,1.0,LiAsF6,0.175,0.0,0.175,0.0,0.0,0.0,0.0,0.0,0.0,0.15,5.03
253.35,0.962689879,LiBF4,0.8,0.2,0.0,0.0,0.0,0.0,0.0,0.0,0.0,0.0,0.814814815
333.15,0.75,LiAsF6,0.0,0.0,0.0,0.0,0.0,0.0,0.5,0.0,0.0,0.0,7.66
233.75,2.173228346,LiBF4,0.9,0.1,0.0,0.0,0.0,0.0,0.0,0.0,0.0,0.0,0.082191781
283.15,1.201388889,LiPF6,0.0,0.5,0.5,0.0,0.0,0.0,0.0,0.0,0.0,0.0,4.919091711
322.35,1.368421053,LiBF4,0.4,0.6,0.0,0.0,0.0,0.0,0.0,0.0,0.0,0.0,3.003170577
253.35,1.476,LiPF6,0.8,0.2,0.0,0.0,0.0,0.0,0.0,0.0,0.0,0.0,0.479492958
272.95,0.299212598,LiBF4,0.9,0.1,0.0,0.0,0.0,0.0,0.0,0.0,0.0,0.0,1.890410959
273.0531347,1.0,LiFSI,0.0,0.0,0.3,0.7,0.0,0.0,0.0,0.0,0.0,0.0,5.943977157
282.85,0.485714286,LiBOB,0.5,0.5,0.0,0.0,0.0,0.0,0.0,0.0,0.0,0.0,3.240601504
253.35,0.126777816,LiBOB,0.4,0.0,0.0,0.0,0.6,0.0,0.0,0.0,0.0,0.0,1.736304866
253.35,0.439655172,LiBF4,0.6,0.4,0.0,0.0,0.0,0.0,0.0,0.0,0.0,0.0,1.023529412
204.15,0.9088,LiPF6,0.7,0.3,0.0,0.0,0.0,0.0,0.0,0.0,0.0,0.0,0.01097
243.65,0.4648,LiPF6,0.5,0.5,0.0,0.0,0.0,0.0,0.0,0.0,0.0,0.0,1.486
243.65,0.105660377,LiBOB,0.4,0.6,0.0,0.0,0.0,0.0,0.0,0.0,0.0,0.0,0.549865229
313.4733756,1.2,LiBOB,0.0,0.0,0.0,0.0,0.0,1.0,0.0,0.0,0.0,0.0,19.15629333
292.65,2.159252948,LiPF6,0.7,0.0,0.3,0.0,0.0,0.0,0.0,0.0,0.0,0.0,1.600111293
322.35,1.393700787,LiBF4,0.9,0.1,0.0,0.0,0.0,0.0,0.0,0.0,0.0,0.0,4.479452055
282.85,0.533602996,LiBOB,0.9,0.0,0.1,0.0,0.0,0.0,0.0,0.0,0.0,0.0,2.291887125
253.35,0.633333333,LiBOB,0.5,0.5,0.0,0.0,0.0,0.0,0.0,0.0,0.0,0.0,0.99122807
253.15,1.073713658,LiPF6,0.3,0.0,0.3,0.4,0.0,0.0,0.0,0.0,0.0,0.0,1.866120492
303.3508437,0.4, LiBPFPB,0.0,0.0,0.0,0.0,0.0,1.0,0.0,0.0,0.0,0.0,10.34885641
302.55,1.044047492,LiBOB,0.8,0.0,0.0,0.0,0.2,0.0,0.0,0.0,0.0,0.0,5.860091988
263.15,0.6524,LiPF6,0.9,0.1,0.0,0.0,0.0,0.0,0.0,0.0,0.0,0.0,2.325
253.35,0.398095238,LiBOB,0.6,0.0,0.0,0.0,0.4,0.0,0.0,0.0,0.0,0.0,2.436363636
233.75,0.534419024,LiBF4,0.5,0.5,0.0,0.0,0.0,0.0,0.0,0.0,0.0,0.0,0.4342764
243.65,0.449829751,LiPF6,0.4,0.6,0.0,0.0,0.0,0.0,0.0,0.0,0.0,0.0,1.496062992
233.75,0.425396825,LiBOB,0.7,0.0,0.3,0.0,0.0,0.0,0.0,0.0,0.0,0.0,0.182539683
322.35,1.9367,LiPF6,0.6,0.4,0.0,0.0,0.0,0.0,0.0,0.0,0.0,0.0,7.274
292.65,0.235294118,LiBOB,1.0,0.0,0.0,0.0,0.0,0.0,0.0,0.0,0.0,0.0,2.387096774
301.8074528,0.4,LiBOB,0.0,0.0,0.0,0.0,0.0,1.0,0.0,0.0,0.0,0.0,9.946844172
282.85,0.895942485,LiBF4,0.5,0.5,0.0,0.0,0.0,0.0,0.0,0.0,0.0,0.0,1.99118058
290.9370151,1.0,LiBOB,1.0,0.0,0.0,0.0,0.0,0.0,0.0,0.0,0.0,0.0,2.590200205
233.15,0.770588235,LiBF4,0.7,0.3,0.0,0.0,0.0,0.0,0.0,0.0,0.0,0.0,0.376470588
263.15,1.500571429,LiPF6,0.18,0.0,0.18,0.24,0.0,0.0,0.0,0.4,0.0,0.0,0.550458716
282.85,0.1625,LiBOB,0.7,0.3,0.0,0.0,0.0,0.0,0.0,0.0,0.0,0.0,2.033898305
313.15,1.0,LiAsF6,0.3,0.0,0.7,0.0,0.0,0.0,0.0,0.0,0.0,0.0,10.23
303.15,0.66394052,LiPF6,0.27,0.0,0.27,0.36,0.0,0.0,0.0,0.1,0.0,0.0,8.883753642
243.15,1.0,LiAsF6,0.25,0.0,0.25,0.0,0.0,0.0,0.0,0.0,0.0,0.0,3.19
322.35,0.438095238,LiBOB,0.5,0.5,0.0,0.0,0.0,0.0,0.0,0.0,0.0,0.0,6.779448622
312.45,1.358239152,LiBF4,1.0,0.0,0.0,0.0,0.0,0.0,0.0,0.0,0.0,0.0,0.722757081
298.15,0.943508115,LiPF6,0.0,0.0,0.5,0.0,0.0,0.0,0.0,0.0,0.0,0.0,9.319992266
292.65,0.481902035,LiPF6,1.0,0.0,0.0,0.0,0.0,0.0,0.0,0.0,0.0,0.0,5.216276514
322.35,0.151902143,LiBOB,0.5,0.0,0.5,0.0,0.0,0.0,0.0,0.0,0.0,0.0,3.595107171
293.15,1.505813953,LiBF4,0.7,0.3,0.0,0.0,0.0,0.0,0.0,0.0,0.0,0.0,2.175
312.45,0.263157895,LiBF4,0.4,0.6,0.0,0.0,0.0,0.0,0.0,0.0,0.0,0.0,1.921369689
322.35,0.957246069,LiBOB,0.5,0.0,0.0,0.0,0.5,0.0,0.0,0.0,0.0,0.0,13.39821504
302.55,0.689655172,LiBF4,0.6,0.4,0.0,0.0,0.0,0.0,0.0,0.0,0.0,0.0,3.270588235
253.15,2.0,LiAsF6,0.5,0.0,0.5,0.0,0.0,0.0,0.0,0.0,0.0,0.0,0.07
333.15,1.0,LiAsF6,0.0,0.0,1.0,0.0,0.0,0.0,0.0,0.0,0.0,0.0,15.72
263.15,0.986885246,LiBOB,1.0,0.0,0.0,0.0,0.0,0.0,0.0,0.0,0.0,0.0,0.394613583
292.65,1.4764,LiPF6,0.8,0.2,0.0,0.0,0.0,0.0,0.0,0.0,0.0,0.0,4.117
333.15,1.0,LiAsF6,0.0,0.0,0.0,0.0,0.0,0.25,0.5,0.0,0.0,0.0,10.82
322.35,1.547244094,LiBF4,0.9,0.1,0.0,0.0,0.0,0.0,0.0,0.0,0.0,0.0,4.136986301
288.15,1.595321566,LiAsF6,0.32,0.0,0.0,0.0,0.0,0.68,0.0,0.0,0.0,0.0,1.276809381
323.15,0.711419223,LiBMB,0.0,0.0,0.0,0.0,0.0,0.0,0.0,0.0,0.0,0.0,8.396005111
262.90133,1.0,LiPF6,0.0,0.0,0.5,0.0,0.0,0.0,0.0,0.0,0.5,0.0,5.353386947
312.45,1.4776,LiPF6,0.3,0.7,0.0,0.0,0.0,0.0,0.0,0.0,0.0,0.0,7.659
213.95,0.8843,LiPF6,0.4,0.6,0.0,0.0,0.0,0.0,0.0,0.0,0.0,0.0,0.1699
253.35,0.681102362,LiBF4,0.9,0.1,0.0,0.0,0.0,0.0,0.0,0.0,0.0,0.0,0.97260274
292.65,2.083107956,LiPF6,0.55,0.0,0.45,0.0,0.0,0.0,0.0,0.0,0.0,0.0,1.573529412
263.15,1.0,LiAsF6,0.125,0.0,0.125,0.0,0.0,0.0,0.0,0.0,0.0,0.25,5.71
223.85,1.2271,LiPF6,0.9,0.1,0.0,0.0,0.0,0.0,0.0,0.0,0.0,0.0,0.02733
243.65,1.102861632,LiBOB,0.5,0.0,0.5,0.0,0.0,0.0,0.0,0.0,0.0,0.0,0.145213781
330.9207373,0.6, LiBPFPB,0.0,0.0,0.0,0.0,0.0,1.0,0.0,0.0,0.0,0.0,14.46172996
302.55,0.980314961,LiBF4,0.9,0.1,0.0,0.0,0.0,0.0,0.0,0.0,0.0,0.0,3.643835616
263.15,0.4603,LiPF6,0.9,0.1,0.0,0.0,0.0,0.0,0.0,0.0,0.0,0.0,2.32
233.75,0.3256,LiPF6,0.6,0.4,0.0,0.0,0.0,0.0,0.0,0.0,0.0,0.0,0.7985
233.75,0.088888889,LiBOB,0.3,0.7,0.0,0.0,0.0,0.0,0.0,0.0,0.0,0.0,0.285714286
243.15,0.691248541,LiPF6,0.0,0.0,0.5,0.5,0.0,0.0,0.0,0.0,0.0,0.0,1.848837209
253.35,0.868421053,LiBF4,0.4,0.6,0.0,0.0,0.0,0.0,0.0,0.0,0.0,0.0,0.762206722
243.65,0.45838648,LiPF6,0.5,0.5,0.0,0.0,0.0,0.0,0.0,0.0,0.0,0.0,1.505612245
313.15,1.214420063,LiPF6,0.0,0.0,0.4,0.6,0.0,0.0,0.0,0.0,0.0,0.0,11.8245614
263.15,0.321311475,LiBOB,1.0,0.0,0.0,0.0,0.0,0.0,0.0,0.0,0.0,0.0,0.977751756
297.7667494,0.5,LiCF3SO3,0.0,0.0,0.0,0.0,0.0,0.0,0.0,0.0,0.0,0.0,5.751698324
243.65,0.623529412,LiBOB,1.0,0.0,0.0,0.0,0.0,0.0,0.0,0.0,0.0,0.0,0.225806452
293.15,0.550664402,LiPF6,0.3,0.0,0.3,0.4,0.0,0.0,0.0,0.0,0.0,0.0,7.840943151
333.15,1.5,LiAsF6,0.5,0.0,0.5,0.0,0.0,0.0,0.0,0.0,0.0,0.0,12.2
312.45,0.294117647,LiBOB,1.0,0.0,0.0,0.0,0.0,0.0,0.0,0.0,0.0,0.0,4.096774194
253.35,0.34538743,LiBF4,0.4,0.6,0.0,0.0,0.0,0.0,0.0,0.0,0.0,0.0,0.732751862
263.15,0.493395493,LiBF4,0.8,0.2,0.0,0.0,0.0,0.0,0.0,0.0,0.0,0.0,1.53030303
332.15,0.125714286,LiBOB,0.6,0.0,0.0,0.0,0.4,0.0,0.0,0.0,0.0,0.0,5.018181818
303.15,0.862030558,LiPF6,0.24,0.0,0.24,0.32,0.0,0.0,0.0,0.2,0.0,0.0,7.659574468
322.35,0.641763317,LiPF6,0.3,0.7,0.0,0.0,0.0,0.0,0.0,0.0,0.0,0.0,8.36585874
293.15,1.0,LiCF3SO3,0.0,0.0,0.5,0.0,0.0,0.5,0.0,0.0,0.0,0.0,7.41
282.85,0.357758621,LiBF4,0.6,0.4,0.0,0.0,0.0,0.0,0.0,0.0,0.0,0.0,2.105882353
282.85,0.5661,LiPF6,1.0,0.0,0.0,0.0,0.0,0.0,0.0,0.0,0.0,0.0,4.17
332.15,0.58,LiBOB,0.7,0.3,0.0,0.0,0.0,0.0,0.0,0.0,0.0,0.0,8.379661017
332.15,0.878504673,LiBF4,0.85,0.0,0.15,0.0,0.0,0.0,0.0,0.0,0.0,0.0,6.947497186
298.0,1.0,LiCF3SO3,0.0,0.0,0.0,0.0,0.0,0.0,0.0,0.0,0.0,0.0,1.823529412
253.15,1.0,LiAsF6,0.0,0.0,0.0,0.0,0.0,0.0,0.0,0.0,0.0,0.0,0.72
292.65,0.787369718,LiPF6,1.0,0.0,0.0,0.0,0.0,0.0,0.0,0.0,0.0,0.0,5.46841597
272.95,0.686062462,LiPF6,0.85,0.0,0.15,0.0,0.0,0.0,0.0,0.0,0.0,0.0,3.147286822
246.9227048,1.3,LiBOB,1.0,0.0,0.0,0.0,0.0,0.0,0.0,0.0,0.0,0.0,0.063095734
293.15,1.863661277,LiBF4,0.5,0.5,0.0,0.0,0.0,0.0,0.0,0.0,0.0,0.0,1.731707317
292.65,0.114782609,LiBOB,0.9,0.0,0.0,0.0,0.1,0.0,0.0,0.0,0.0,0.0,1.862190424
292.65,0.193043478,LiBOB,0.9,0.0,0.0,0.0,0.1,0.0,0.0,0.0,0.0,0.0,2.732856357
312.45,0.7987,LiPF6,0.6,0.4,0.0,0.0,0.0,0.0,0.0,0.0,0.0,0.0,9.752
323.6002673,0.6,LiBOB,0.0,0.0,0.0,0.0,0.0,1.0,0.0,0.0,0.0,0.0,16.7985003
233.75,0.439655172,LiBF4,0.6,0.4,0.0,0.0,0.0,0.0,0.0,0.0,0.0,0.0,0.4
332.15,0.1875,LiBOB,0.7,0.3,0.0,0.0,0.0,0.0,0.0,0.0,0.0,0.0,5.220338983
312.45,1.057017544,LiBF4,1.0,0.0,0.0,0.0,0.0,0.0,0.0,0.0,0.0,0.0,4.447831727
303.15,0.829473474,LiPF6,0.3,0.0,0.3,0.4,0.0,0.0,0.0,0.0,0.0,0.0,10.12468778
243.65,0.119047619,LiBOB,0.5,0.5,0.0,0.0,0.0,0.0,0.0,0.0,0.0,0.0,0.494987469
243.65,0.843478261,LiBOB,0.6,0.0,0.4,0.0,0.0,0.0,0.0,0.0,0.0,0.0,-0.007012623
312.7431776,1.0,LiFSI,0.0,0.0,0.3,0.7,0.0,0.0,0.0,0.0,0.0,0.0,12.2868877
322.35,0.351937191,LiBF4,0.8,0.2,0.0,0.0,0.0,0.0,0.0,0.0,0.0,0.0,4.748148148
313.15,1.0,LiAsF6,0.5,0.0,0.5,0.0,0.0,0.0,0.0,0.0,0.0,0.0,9.55
243.65,0.4496,LiPF6,0.8,0.2,0.0,0.0,0.0,0.0,0.0,0.0,0.0,0.0,1.117
282.85,1.187805218,LiBF4,1.0,0.0,0.0,0.0,0.0,0.0,0.0,0.0,0.0,0.0,1.899958141
332.15,1.095081967,LiBOB,1.0,0.0,0.0,0.0,0.0,0.0,0.0,0.0,0.0,0.0,6.518149883
243.65,0.6541,LiPF6,0.5,0.5,0.0,0.0,0.0,0.0,0.0,0.0,0.0,0.0,1.473
292.65,0.655652174,LiBOB,0.9,0.0,0.0,0.0,0.1,0.0,0.0,0.0,0.0,0.0,4.107870116
233.75,0.895383091,LiPF6,0.9,0.1,0.0,0.0,0.0,0.0,0.0,0.0,0.0,0.0,0.359765405
302.55,0.644736842,LiBF4,1.0,0.0,0.0,0.0,0.0,0.0,0.0,0.0,0.0,0.0,4.179361255
333.15,0.909711779,LiPF6,0.285,0.0,0.285,0.38,0.0,0.0,0.0,0.05,0.0,0.0,15.52234754
293.15,1.5,LiPF6,0.0,0.0,0.1,0.9,0.0,0.0,0.0,0.0,0.0,0.0,6.55
302.55,0.3256,LiPF6,0.6,0.4,0.0,0.0,0.0,0.0,0.0,0.0,0.0,0.0,6.0
233.75,1.0609,LiPF6,1.0,0.0,0.0,0.0,0.0,0.0,0.0,0.0,0.0,0.0,0.1281
263.15,0.405040697,LiPF6,0.24,0.0,0.24,0.32,0.0,0.0,0.0,0.2,0.0,0.0,2.574468085
292.65,0.484057971,LiBOB,0.6,0.0,0.4,0.0,0.0,0.0,0.0,0.0,0.0,0.0,3.147732585
322.35,1.057570602,LiBOB,0.4,0.0,0.0,0.0,0.6,0.0,0.0,0.0,0.0,0.0,14.40251786
322.35,0.7671,LiPF6,0.5,0.5,0.0,0.0,0.0,0.0,0.0,0.0,0.0,0.0,10.89
302.55,1.48786103,LiBF4,1.0,0.0,0.0,0.0,0.0,0.0,0.0,0.0,0.0,0.0,2.687456397
292.65,0.558730159,LiBOB,0.7,0.0,0.3,0.0,0.0,0.0,0.0,0.0,0.0,0.0,3.277777778
263.15,1.808732141,LiPF6,0.3,0.0,0.3,0.4,0.0,0.0,0.0,0.0,0.0,0.0,0.999300629
348.15,1.107292105,LiBMB,0.0,0.0,0.0,0.0,0.0,0.0,0.0,0.0,0.0,0.0,13.23529965
282.85,0.598570942,LiBOB,0.4,0.0,0.0,0.0,0.6,0.0,0.0,0.0,0.0,0.0,7.427696495
322.35,0.329458417,LiPF6,0.7,0.3,0.0,0.0,0.0,0.0,0.0,0.0,0.0,0.0,7.736813515
353.15,0.2,LiAsF6,0.0,0.0,0.0,0.0,0.0,0.0,1.0,0.0,0.0,0.0,3.16
253.15,1.0,LiAsF6,0.125,0.0,0.125,0.0,0.0,0.0,0.0,0.0,0.0,0.75,4.67
312.45,0.471675736,LiBF4,1.0,0.0,0.0,0.0,0.0,0.0,0.0,0.0,0.0,0.0,0.312962188
237.5660904,0.4,LiBOB,0.0,0.0,0.0,0.0,0.0,1.0,0.0,0.0,0.0,0.0,4.186812775
313.15,0.5,LiBF4,0.0,0.0,0.0,0.0,0.0,0.0,0.5,0.0,0.0,0.0,3.43
253.35,0.439437225,LiBOB,1.0,0.0,0.0,0.0,0.0,0.0,0.0,0.0,0.0,0.0,0.748791752
273.15,0.883190998,LiPF6,0.27,0.0,0.27,0.36,0.0,0.0,0.0,0.1,0.0,0.0,4.305435547
204.15,0.3704,LiPF6,0.8,0.2,0.0,0.0,0.0,0.0,0.0,0.0,0.0,0.0,0.0331
253.35,0.535801607,LiBF4,0.5,0.5,0.0,0.0,0.0,0.0,0.0,0.0,0.0,0.0,0.958406101
292.65,1.075541901,LiBF4,0.8,0.2,0.0,0.0,0.0,0.0,0.0,0.0,0.0,0.0,2.792592593
312.45,0.41938861,LiBF4,0.6,0.4,0.0,0.0,0.0,0.0,0.0,0.0,0.0,0.0,3.571300949
263.15,0.25751073,LiBF4,0.7,0.3,0.0,0.0,0.0,0.0,0.0,0.0,0.0,0.0,1.316992081
302.55,0.7987,LiPF6,0.6,0.4,0.0,0.0,0.0,0.0,0.0,0.0,0.0,0.0,8.2
293.15,1.0,LiAsF6,0.0,0.0,0.0,0.0,0.0,0.0,0.5,0.0,0.0,0.0,4.76
323.15,0.782483427,LiPF6,0.21,0.0,0.21,0.28,0.0,0.0,0.0,0.3,0.0,0.0,9.434217236
293.15,1.5,LiPF6,0.0,0.0,0.2,0.8,0.0,0.0,0.0,0.0,0.0,0.0,7.54
302.55,0.166666667,LiBOB,0.5,0.5,0.0,0.0,0.0,0.0,0.0,0.0,0.0,0.0,3.00877193
312.45,0.342105263,LiBF4,0.4,0.6,0.0,0.0,0.0,0.0,0.0,0.0,0.0,0.0,2.136334813
263.15,1.0,LiAsF6,0.25,0.0,0.25,0.0,0.0,0.0,0.0,0.0,0.0,0.0,2.01
194.15,1.4766,LiPF6,0.5,0.5,0.0,0.0,0.0,0.0,0.0,0.0,0.0,0.0,0.0001254
272.95,0.430188679,LiBOB,0.4,0.6,0.0,0.0,0.0,0.0,0.0,0.0,0.0,0.0,2.483634963
282.85,0.752972973,LiBOB,0.3,0.0,0.7,0.0,0.0,0.0,0.0,0.0,0.0,0.0,2.205882353
243.65,0.956521739,LiBOB,0.6,0.0,0.4,0.0,0.0,0.0,0.0,0.0,0.0,0.0,-0.025245442
322.35,1.841356216,LiBF4,1.0,0.0,0.0,0.0,0.0,0.0,0.0,0.0,0.0,0.0,3.504534673
194.15,0.4475,LiPF6,0.4,0.6,0.0,0.0,0.0,0.0,0.0,0.0,0.0,0.0,0.03712
332.15,0.24,LiBOB,0.6,0.4,0.0,0.0,0.0,0.0,0.0,0.0,0.0,0.0,6.19030303
263.15,0.441642384,LiBOB,0.8,0.2,0.0,0.0,0.0,0.0,0.0,0.0,0.0,0.0,1.313907285
323.15,1.413084112,LiPF6,0.0,0.0,0.3,0.7,0.0,0.0,0.0,0.0,0.0,0.0,12.73904762
322.35,0.250793651,LiBOB,0.7,0.0,0.3,0.0,0.0,0.0,0.0,0.0,0.0,0.0,4.722789116
282.85,1.445,LiPF6,1.0,0.0,0.0,0.0,0.0,0.0,0.0,0.0,0.0,0.0,2.158
283.15,1.504,LiPF6,0.0,0.0,0.5,0.0,0.0,0.0,0.0,0.0,0.5,0.0,6.378
353.15,1.0,LiN(CF3SO2)2,0.0,0.0,0.5,0.0,0.0,0.0,0.0,0.0,0.0,0.0,19.47
285.6987375,0.5,LiBOB,1.0,0.0,0.0,0.0,0.0,0.0,0.0,0.0,0.0,0.0,2.928644565
308.4832905,0.5,LiBMB,0.0,0.0,0.0,0.0,0.0,0.0,0.0,0.0,0.0,0.0,6.462739737
282.85,0.608529801,LiBOB,0.8,0.2,0.0,0.0,0.0,0.0,0.0,0.0,0.0,0.0,2.505960265
333.15,1.0,LiAsF6,0.0,0.0,0.0,0.0,0.0,0.0,0.5,0.0,0.0,0.0,10.11
253.35,0.37,LiPF6,0.8,0.2,0.0,0.0,0.0,0.0,0.0,0.0,0.0,0.0,1.693746479
233.75,0.633333333,LiBOB,0.5,0.5,0.0,0.0,0.0,0.0,0.0,0.0,0.0,0.0,0.201754386
233.15,0.765283356,LiBF4,0.5,0.5,0.0,0.0,0.0,0.0,0.0,0.0,0.0,0.0,0.392592593
307.6507292,0.6,LiBOB,0.0,0.0,0.0,0.0,0.0,1.0,0.0,0.0,0.0,0.0,15.51850997
243.2650379,0.5,LiCF3SO3,0.0,0.0,0.0,0.0,0.0,1.0,0.0,0.0,0.0,0.0,1.187368807
272.95,0.509837807,LiBOB,0.9,0.1,0.0,0.0,0.0,0.0,0.0,0.0,0.0,0.0,1.672771638
243.65,0.547826087,LiBOB,0.9,0.0,0.0,0.0,0.1,0.0,0.0,0.0,0.0,0.0,0.524600991
272.95,0.688888889,LiBF4,0.8,0.2,0.0,0.0,0.0,0.0,0.0,0.0,0.0,0.0,1.985185185
223.15,1.0,LiAsF6,0.0,0.0,0.0,0.0,0.0,0.0,0.0,0.0,0.0,0.0,5.43
322.35,0.400172761,LiBOB,0.8,0.0,0.2,0.0,0.0,0.0,0.0,0.0,0.0,0.0,5.894039735
293.15,1.719101124,LiPF6,0.3,0.7,0.0,0.0,0.0,0.0,0.0,0.0,0.0,0.0,4.477117018
312.45,1.6929,LiPF6,0.9,0.1,0.0,0.0,0.0,0.0,0.0,0.0,0.0,0.0,5.649
293.15,0.682352941,LiBF4,0.9,0.1,0.0,0.0,0.0,0.0,0.0,0.0,0.0,0.0,3.307692308
213.95,0.6524,LiPF6,0.9,0.1,0.0,0.0,0.0,0.0,0.0,0.0,0.0,0.0,0.04837
282.85,0.573333333,LiBOB,0.6,0.4,0.0,0.0,0.0,0.0,0.0,0.0,0.0,0.0,3.305454545
253.15,4.0,LiAsF6,0.5,0.0,0.0,0.0,0.0,0.5,0.0,0.0,0.0,0.0,0.08
273.15,2.0,LiAsF6,0.0,0.0,0.0,0.0,0.0,0.0,0.5,0.0,0.0,0.0,0.3
374.9116891,1.0,LiClO4,1.0,0.0,0.0,0.0,0.0,0.0,0.0,0.0,0.0,0.0,13.30877035
194.15,1.0532,LiPF6,0.9,0.1,0.0,0.0,0.0,0.0,0.0,0.0,0.0,0.0,5.32e-05
194.15,1.5041,LiPF6,0.6,0.4,0.0,0.0,0.0,0.0,0.0,0.0,0.0,0.0,2.69e-05
302.55,0.794480693,LiBOB,0.8,0.0,0.0,0.0,0.2,0.0,0.0,0.0,0.0,0.0,6.366242379
293.15,1.4,LiBF4,0.9,0.1,0.0,0.0,0.0,0.0,0.0,0.0,0.0,0.0,2.333333333
282.85,1.269258136,LiBF4,0.9,0.1,0.0,0.0,0.0,0.0,0.0,0.0,0.0,0.0,1.901868581
322.35,0.2585,LiPF6,0.3,0.7,0.0,0.0,0.0,0.0,0.0,0.0,0.0,0.0,4.92
243.65,0.077615894,LiBOB,0.8,0.2,0.0,0.0,0.0,0.0,0.0,0.0,0.0,0.0,0.290860927
313.15,0.872,LiPF6,0.18,0.0,0.18,0.24,0.0,0.0,0.0,0.4,0.0,0.0,6.825688073
243.65,1.354368932,LiBF4,0.3,0.7,0.0,0.0,0.0,0.0,0.0,0.0,0.0,0.0,0.417298129
282.85,1.50942623,LiBF4,0.7,0.3,0.0,0.0,0.0,0.0,0.0,0.0,0.0,0.0,1.685714286
302.55,0.278688525,LiBOB,1.0,0.0,0.0,0.0,0.0,0.0,0.0,0.0,0.0,0.0,3.163934426
333.15,1.0,LiAsF6,0.0,0.0,0.25,0.0,0.0,0.0,0.25,0.0,0.0,0.0,10.6
302.55,1.077095067,LiBF4,0.8,0.2,0.0,0.0,0.0,0.0,0.0,0.0,0.0,0.0,3.466666667
263.15,1.0,LiAsF6,0.175,0.0,0.175,0.0,0.0,0.0,0.0,0.0,0.0,0.35,6.48
223.85,1.0529,LiPF6,0.8,0.2,0.0,0.0,0.0,0.0,0.0,0.0,0.0,0.0,0.08791
253.15,1.0,LiAsF6,0.15,0.0,0.15,0.0,0.0,0.0,0.0,0.0,0.0,0.0,3.39
302.3971543,1.0,LiPF6,0.0,0.0,0.5,0.0,0.0,0.0,0.0,0.0,0.5,0.0,12.03448809
263.15,0.414367527,LiPF6,0.27,0.0,0.27,0.36,0.0,0.0,0.0,0.1,0.0,0.0,3.020194916
283.15,2.0,LiPF6,0.0,0.0,0.3,0.0,0.0,0.0,0.0,0.0,0.7,0.0,7.06
332.15,0.662771155,LiBOB,0.7,0.0,0.0,0.0,0.3,0.0,0.0,0.0,0.0,0.0,11.72093023
233.75,1.708497362,LiPF6,0.9,0.1,0.0,0.0,0.0,0.0,0.0,0.0,0.0,0.0,0.23566589
302.55,0.6653,LiPF6,0.7,0.3,0.0,0.0,0.0,0.0,0.0,0.0,0.0,0.0,7.844
253.35,0.10625,LiBOB,0.7,0.3,0.0,0.0,0.0,0.0,0.0,0.0,0.0,0.0,0.644067797
292.65,1.682403433,LiBF4,0.7,0.3,0.0,0.0,0.0,0.0,0.0,0.0,0.0,0.0,2.026143988
333.15,0.937036667,LiPF6,0.3,0.0,0.3,0.4,0.0,0.0,0.0,0.0,0.0,0.0,16.24218204
243.65,0.3992,LiPF6,0.7,0.3,0.0,0.0,0.0,0.0,0.0,0.0,0.0,0.0,1.23
292.65,0.869968706,LiBF4,0.5,0.5,0.0,0.0,0.0,0.0,0.0,0.0,0.0,0.0,2.411567929
263.15,0.2,LiBOB,1.0,0.0,0.0,0.0,0.0,0.0,0.0,0.0,0.0,0.0,0.856557377
292.65,0.158730159,LiBOB,0.7,0.0,0.3,0.0,0.0,0.0,0.0,0.0,0.0,0.0,1.992063492
233.75,0.6385,LiPF6,0.8,0.2,0.0,0.0,0.0,0.0,0.0,0.0,0.0,0.0,0.5531
312.45,0.982758621,LiBF4,0.6,0.4,0.0,0.0,0.0,0.0,0.0,0.0,0.0,0.0,3.729411765
303.15,1.0,LiPF6,0.0,0.0,0.2,0.0,0.0,0.0,0.0,0.0,0.8,0.0,12.09
313.15,0.9,LiAsF6,0.0,0.0,0.0,0.0,0.0,0.0,0.0,0.0,0.0,0.0,3.09
333.15,1.197881906,LiPF6,0.3,0.0,0.3,0.4,0.0,0.0,0.0,0.0,0.0,0.0,15.87301429
322.35,0.3992,LiPF6,0.7,0.3,0.0,0.0,0.0,0.0,0.0,0.0,0.0,0.0,9.086
282.85,1.203883495,LiBF4,0.3,0.7,0.0,0.0,0.0,0.0,0.0,0.0,0.0,0.0,1.322164338
332.15,0.8979,LiPF6,0.3,0.7,0.0,0.0,0.0,0.0,0.0,0.0,0.0,0.0,10.32
241.4678399,0.5,LiTFSI,0.0,0.0,0.0,0.0,0.0,1.0,0.0,0.0,0.0,0.0,4.904646766
233.75,0.893781888,LiPF6,0.5,0.5,0.0,0.0,0.0,0.0,0.0,0.0,0.0,0.0,0.740561224
302.55,1.297727273,LiPF6,0.6,0.4,0.0,0.0,0.0,0.0,0.0,0.0,0.0,0.0,7.134446023
263.15,0.477714286,LiPF6,0.18,0.0,0.18,0.24,0.0,0.0,0.0,0.4,0.0,0.0,1.779816514
233.15,0.28517845,LiPF6,0.3,0.7,0.0,0.0,0.0,0.0,0.0,0.0,0.0,0.0,0.260377358
332.15,0.773171518,LiBOB,1.0,0.0,0.0,0.0,0.0,0.0,0.0,0.0,0.0,0.0,7.646010096
282.85,0.456815962,LiBF4,1.0,0.0,0.0,0.0,0.0,0.0,0.0,0.0,0.0,0.0,2.641551556
263.15,2.1375,LiPF6,0.6,0.4,0.0,0.0,0.0,0.0,0.0,0.0,0.0,0.0,0.4825
312.45,0.95180067,LiBF4,0.6,0.4,0.0,0.0,0.0,0.0,0.0,0.0,0.0,0.0,3.699944165
312.45,0.129589404,LiBOB,0.8,0.2,0.0,0.0,0.0,0.0,0.0,0.0,0.0,0.0,3.02781457
253.35,1.260008691,LiPF6,0.7,0.3,0.0,0.0,0.0,0.0,0.0,0.0,0.0,0.0,1.096583193
282.85,0.651027021,LiPF6,0.9,0.1,0.0,0.0,0.0,0.0,0.0,0.0,0.0,0.0,4.625532257
243.65,0.512628104,LiBOB,0.9,0.1,0.0,0.0,0.0,0.0,0.0,0.0,0.0,0.0,0.263671595
332.15,0.805825243,LiBF4,0.3,0.7,0.0,0.0,0.0,0.0,0.0,0.0,0.0,0.0,2.531967795
282.85,1.271579119,LiPF6,0.7,0.3,0.0,0.0,0.0,0.0,0.0,0.0,0.0,0.0,4.03547178
233.75,0.4802,LiPF6,0.7,0.3,0.0,0.0,0.0,0.0,0.0,0.0,0.0,0.0,0.7291
253.35,0.298596026,LiBOB,0.8,0.2,0.0,0.0,0.0,0.0,0.0,0.0,0.0,0.0,0.863576159
217.9183273,0.4, LiBPFPB,0.0,0.0,0.0,0.0,0.0,1.0,0.0,0.0,0.0,0.0,0.647962078
298.15,1.0,LiPF6,0.0,0.5,0.5,0.0,0.0,0.0,0.0,0.0,0.0,0.0,7.88106261
312.45,0.187292759,LiBOB,0.8,0.0,0.0,0.0,0.2,0.0,0.0,0.0,0.0,0.0,4.560487753
288.0038012,1.2,LiPF6,0.0,0.0,0.25,0.05,0.0,0.0,0.0,0.0,0.7,0.0,9.826273
253.35,0.5023,LiPF6,0.6,0.4,0.0,0.0,0.0,0.0,0.0,0.0,0.0,0.0,2.106
312.45,1.710049309,LiPF6,0.3,0.7,0.0,0.0,0.0,0.0,0.0,0.0,0.0,0.0,6.908465866
312.45,0.502460502,LiBF4,0.8,0.2,0.0,0.0,0.0,0.0,0.0,0.0,0.0,0.0,0.409090909
251.7423488,0.2,LiBOB,0.0,0.0,0.0,0.0,0.0,1.0,0.0,0.0,0.0,0.0,3.686799917
386.3179074,0.5,LiTFSI,0.0,0.0,0.0,0.0,0.0,0.0,0.0,0.0,0.0,0.0,21.26769988
282.85,0.442915722,LiBF4,0.5,0.5,0.0,0.0,0.0,0.0,0.0,0.0,0.0,0.0,1.925542247
313.15,1.0,LiAsF6,0.0,0.0,0.0,0.0,0.0,0.15,0.5,0.0,0.0,0.0,6.25
272.95,1.081957484,LiBF4,0.5,0.5,0.0,0.0,0.0,0.0,0.0,0.0,0.0,0.0,1.502104241
233.75,0.128984275,LiBOB,0.5,0.0,0.0,0.0,0.5,0.0,0.0,0.0,0.0,0.0,0.832554186
243.65,0.571153846,LiPF6,0.4,0.0,0.6,0.0,0.0,0.0,0.0,0.0,0.0,0.0,0.908467072
333.15,1.0,LiBF4,0.125,0.0,0.125,0.0,0.0,0.0,0.0,0.0,0.0,0.75,3.43
233.75,0.299212598,LiBF4,0.9,0.1,0.0,0.0,0.0,0.0,0.0,0.0,0.0,0.0,0.410958904
322.35,1.054,LiPF6,0.8,0.2,0.0,0.0,0.0,0.0,0.0,0.0,0.0,0.0,11.09701408
233.15,1.0,LiAsF6,0.075,0.0,0.075,0.0,0.0,0.0,0.0,0.0,0.0,0.0,4.64
253.35,0.437007874,LiBF4,0.9,0.1,0.0,0.0,0.0,0.0,0.0,0.0,0.0,0.0,1.068493151
253.15,1.0,LiAsF6,0.0,0.0,0.0,0.0,0.0,0.0,0.25,0.0,0.0,0.0,4.41
233.75,0.262893352,LiBOB,1.0,0.0,0.0,0.0,0.0,0.0,0.0,0.0,0.0,0.0,0.23606487
282.85,2.282692308,LiPF6,0.4,0.0,0.6,0.0,0.0,0.0,0.0,0.0,0.0,0.0,0.598007748
333.15,0.91588785,LiPF6,0.0,0.0,0.3,0.7,0.0,0.0,0.0,0.0,0.0,0.0,14.20190476
272.95,1.203883495,LiBF4,0.3,0.7,0.0,0.0,0.0,0.0,0.0,0.0,0.0,0.0,1.059969216
282.85,0.839791761,LiBF4,0.7,0.0,0.3,0.0,0.0,0.0,0.0,0.0,0.0,0.0,2.867722952
263.15,1.0,LiAsF6,0.25,0.0,0.25,0.0,0.0,0.25,0.0,0.0,0.0,0.25,6.73
312.45,0.696896284,LiBF4,0.55,0.0,0.45,0.0,0.0,0.0,0.0,0.0,0.0,0.0,6.078392833
332.15,0.296550708,LiPF6,0.9,0.1,0.0,0.0,0.0,0.0,0.0,0.0,0.0,0.0,8.773466163
219.0420561,0.5,LiBOB,1.0,0.0,0.0,0.0,0.0,0.0,0.0,0.0,0.0,0.0,0.041051907
292.65,0.467664991,LiBOB,0.8,0.0,0.0,0.0,0.2,0.0,0.0,0.0,0.0,0.0,4.936142903
272.95,0.280172414,LiBF4,0.6,0.4,0.0,0.0,0.0,0.0,0.0,0.0,0.0,0.0,1.588235294
263.15,1.233905579,LiBF4,0.7,0.3,0.0,0.0,0.0,0.0,0.0,0.0,0.0,0.0,1.083932781
263.15,0.311111111,LiBOB,0.7,0.0,0.3,0.0,0.0,0.0,0.0,0.0,0.0,0.0,1.090702948
333.15,1.0,LiAsF6,0.0,0.0,0.0,0.0,0.0,0.6,0.4,0.0,0.0,0.0,13.02
272.95,0.071428571,LiBOB,0.5,0.5,0.0,0.0,0.0,0.0,0.0,0.0,0.0,0.0,0.87593985
233.75,0.686538462,LiPF6,0.4,0.0,0.6,0.0,0.0,0.0,0.0,0.0,0.0,0.0,0.393801882
233.75,0.652384693,LiBOB,0.5,0.0,0.5,0.0,0.0,0.0,0.0,0.0,0.0,0.0,0.11738301
303.6261321,0.08, LiBPFPB,1.0,0.0,0.0,0.0,0.0,0.0,0.0,0.0,0.0,0.0,0.836604413
263.15,0.304347826,LiBOB,0.6,0.0,0.4,0.0,0.0,0.0,0.0,0.0,0.0,0.0,0.983169705
332.15,0.558730159,LiBOB,0.7,0.0,0.3,0.0,0.0,0.0,0.0,0.0,0.0,0.0,7.777777778
233.75,0.13,LiBOB,0.6,0.4,0.0,0.0,0.0,0.0,0.0,0.0,0.0,0.0,0.315757576
273.15,1.0,LiPF6,0.125,0.0,0.125,0.0,0.0,0.0,0.0,0.0,0.0,0.75,6.75
253.35,0.434579439,LiBF4,0.85,0.0,0.15,0.0,0.0,0.0,0.0,0.0,0.0,0.0,1.091745364
263.15,0.75,LiAsF6,0.0,0.0,0.0,0.0,0.0,0.0,0.5,0.0,0.0,0.0,1.24
332.15,0.702007486,LiBOB,0.4,0.0,0.0,0.0,0.6,0.0,0.0,0.0,0.0,0.0,7.731881592
323.15,0.509838349,LiBMB,0.0,0.0,0.0,0.0,0.0,0.0,0.0,0.0,0.0,0.0,8.488447644
293.15,1.0,LiAsF6,0.0,0.0,0.0,0.0,0.0,0.0,0.5,0.0,0.0,0.0,2.47
233.75,0.222850581,LiBOB,0.9,0.1,0.0,0.0,0.0,0.0,0.0,0.0,0.0,0.0,0.201320511
272.95,0.701886792,LiBOB,0.3,0.0,0.0,0.0,0.7,0.0,0.0,0.0,0.0,0.0,7.214959569
253.35,0.885982552,LiBF4,0.9,0.1,0.0,0.0,0.0,0.0,0.0,0.0,0.0,0.0,0.821680485
292.65,1.877985948,LiBF4,0.7,0.3,0.0,0.0,0.0,0.0,0.0,0.0,0.0,0.0,1.757142857
263.15,0.546086957,LiBOB,0.9,0.0,0.0,0.0,0.1,0.0,0.0,0.0,0.0,0.0,1.51172262
313.15,1.500571429,LiPF6,0.18,0.0,0.18,0.24,0.0,0.0,0.0,0.4,0.0,0.0,4.752293578
333.3333333,0.5,LiBOB,0.0,0.0,0.0,0.0,0.0,0.0,0.0,0.0,0.0,0.0,10.07375744
303.15,0.996,LiPF6,0.0,0.0,0.3,0.7,0.0,0.0,0.0,0.0,0.0,0.0,9.764
272.95,0.833333333,LiBF4,1.0,0.0,0.0,0.0,0.0,0.0,0.0,0.0,0.0,0.0,1.861656783
233.75,0.884285132,LiBF4,0.5,0.5,0.0,0.0,0.0,0.0,0.0,0.0,0.0,0.0,0.382465945
292.65,0.483018868,LiBOB,0.4,0.6,0.0,0.0,0.0,0.0,0.0,0.0,0.0,0.0,4.064690027
332.15,1.720472441,LiBF4,0.9,0.1,0.0,0.0,0.0,0.0,0.0,0.0,0.0,0.0,4.602739726
204.15,1.2514,LiPF6,0.7,0.3,0.0,0.0,0.0,0.0,0.0,0.0,0.0,0.0,0.001654
263.15,0.75,LiAsF6,0.0,0.0,0.0,0.0,0.0,0.0,0.5,0.0,0.0,0.0,0.68
292.65,0.818657034,LiBOB,0.5,0.0,0.0,0.0,0.5,0.0,0.0,0.0,0.0,0.0,1.875478113
312.45,0.405092593,LiBF4,0.4,0.0,0.6,0.0,0.0,0.0,0.0,0.0,0.0,0.0,6.034350413
272.95,1.853944103,LiBF4,0.5,0.5,0.0,0.0,0.0,0.0,0.0,0.0,0.0,0.0,1.033128305
213.95,0.2705,LiPF6,0.5,0.5,0.0,0.0,0.0,0.0,0.0,0.0,0.0,0.0,0.2439
243.65,1.7321,LiPF6,0.8,0.2,0.0,0.0,0.0,0.0,0.0,0.0,0.0,0.0,0.09744
273.15,1.5,LiPF6,0.0,0.0,0.3,0.0,0.0,0.0,0.0,0.0,0.5,0.0,8.888888889
194.15,1.2604,LiPF6,0.5,0.5,0.0,0.0,0.0,0.0,0.0,0.0,0.0,0.0,0.0006774
322.35,2.3386,LiPF6,0.4,0.6,0.0,0.0,0.0,0.0,0.0,0.0,0.0,0.0,5.919
263.15,0.45638842,LiPF6,0.9,0.1,0.0,0.0,0.0,0.0,0.0,0.0,0.0,0.0,2.378350874
253.15,0.394225146,LiPF6,0.285,0.0,0.285,0.38,0.0,0.0,0.0,0.05,0.0,0.0,2.243421053
243.65,0.495454545,LiPF6,0.6,0.4,0.0,0.0,0.0,0.0,0.0,0.0,0.0,0.0,1.453125
253.35,0.735981308,LiBF4,0.85,0.0,0.15,0.0,0.0,0.0,0.0,0.0,0.0,0.0,0.932524343
263.15,0.821051456,LiPF6,0.85,0.0,0.15,0.0,0.0,0.0,0.0,0.0,0.0,0.0,1.937984496
253.35,0.535087531,LiBOB,1.0,0.0,0.0,0.0,0.0,0.0,0.0,0.0,0.0,0.0,0.747717753
282.85,0.359231682,LiBF4,0.5,0.5,0.0,0.0,0.0,0.0,0.0,0.0,0.0,0.0,1.838135319
243.65,0.342105263,LiBF4,0.4,0.6,0.0,0.0,0.0,0.0,0.0,0.0,0.0,0.0,0.521876982
332.15,0.617482908,LiBF4,1.0,0.0,0.0,0.0,0.0,0.0,0.0,0.0,0.0,0.0,6.652155714
263.15,0.028571429,LiBOB,0.5,0.5,0.0,0.0,0.0,0.0,0.0,0.0,0.0,0.0,0.360902256
323.15,0.393778684,LiPF6,0.21,0.0,0.21,0.28,0.0,0.0,0.0,0.3,0.0,0.0,7.452320245
332.15,0.331326081,LiBF4,0.8,0.2,0.0,0.0,0.0,0.0,0.0,0.0,0.0,0.0,2.454545455
318.15,1.0,LiClO4,0.0,0.0,0.6,0.0,0.0,0.0,0.0,0.0,0.0,0.0,13.92200236
322.35,1.338243229,LiBF4,0.5,0.5,0.0,0.0,0.0,0.0,0.0,0.0,0.0,0.0,3.581525844
233.75,0.266666667,LiBOB,0.5,0.5,0.0,0.0,0.0,0.0,0.0,0.0,0.0,0.0,0.403508772
194.15,0.3773,LiPF6,0.3,0.7,0.0,0.0,0.0,0.0,0.0,0.0,0.0,0.0,0.04995
273.15,0.689381564,LiPF6,0.0,0.0,0.5,0.5,0.0,0.0,0.0,0.0,0.0,0.0,5.406976744
282.85,0.80402045,LiPF6,0.7,0.0,0.3,0.0,0.0,0.0,0.0,0.0,0.0,0.0,4.414008973
303.15,2.0,LiPF6,0.0,0.0,0.3,0.0,0.0,0.0,0.0,0.0,0.5,0.0,15.37037037
272.95,0.345752951,LiBOB,0.8,0.0,0.2,0.0,0.0,0.0,0.0,0.0,0.0,0.0,1.634321912
312.45,0.57400686,LiPF6,1.0,0.0,0.0,0.0,0.0,0.0,0.0,0.0,0.0,0.0,8.321134827
278.15,1.033408661,LiAsF6,0.32,0.0,0.0,0.0,0.0,0.68,0.0,0.0,0.0,0.0,1.230696879
263.15,0.75,LiAsF6,0.0,0.0,0.0,0.0,0.0,0.0,0.5,0.0,0.0,0.0,1.14
253.35,0.644736842,LiBF4,1.0,0.0,0.0,0.0,0.0,0.0,0.0,0.0,0.0,0.0,0.975135903
312.45,0.502272727,LiPF6,0.6,0.4,0.0,0.0,0.0,0.0,0.0,0.0,0.0,0.0,8.656463068
323.15,0.678225395,LiPF6,0.21,0.0,0.21,0.28,0.0,0.0,0.0,0.3,0.0,0.0,9.231004589
243.15,0.540023337,LiPF6,0.0,0.0,0.5,0.5,0.0,0.0,0.0,0.0,0.0,0.0,1.88372093
243.65,1.509090909,LiPF6,0.6,0.4,0.0,0.0,0.0,0.0,0.0,0.0,0.0,0.0,0.453551136
302.55,0.603538619,LiBOB,0.4,0.0,0.0,0.0,0.6,0.0,0.0,0.0,0.0,0.0,10.03572644
194.15,1.2541,LiPF6,0.3,0.7,0.0,0.0,0.0,0.0,0.0,0.0,0.0,0.0,0.003804
292.65,0.424253286,LiBF4,0.8,0.2,0.0,0.0,0.0,0.0,0.0,0.0,0.0,0.0,3.133333333
282.85,0.150724638,LiBOB,0.6,0.0,0.4,0.0,0.0,0.0,0.0,0.0,0.0,0.0,1.459560542
243.65,0.987655706,LiBOB,0.5,0.0,0.5,0.0,0.0,0.0,0.0,0.0,0.0,0.0,0.199079789
272.95,0.393333333,LiBOB,0.6,0.4,0.0,0.0,0.0,0.0,0.0,0.0,0.0,0.0,2.472727273
233.75,0.376767569,LiBOB,0.8,0.0,0.0,0.0,0.2,0.0,0.0,0.0,0.0,0.0,0.559204193
348.15,0.98865495,LiBPFPB,1.0,0.0,0.0,0.0,0.0,0.0,0.0,0.0,0.0,0.0,6.63044406
332.15,0.138504037,LiBOB,0.5,0.0,0.0,0.0,0.5,0.0,0.0,0.0,0.0,0.0,5.402039949
302.55,1.106299213,LiBF4,0.9,0.1,0.0,0.0,0.0,0.0,0.0,0.0,0.0,0.0,3.465753425
312.45,0.113582177,LiBOB,0.7,0.0,0.0,0.0,0.3,0.0,0.0,0.0,0.0,0.0,3.488372093
233.75,1.357011876,LiBF4,0.5,0.5,0.0,0.0,0.0,0.0,0.0,0.0,0.0,0.0,0.285423216
382.4701195,0.5,LiClO4,0.0,0.0,0.0,0.0,0.0,0.0,0.0,0.0,0.0,0.0,19.41870666
282.85,0.598712446,LiBF4,0.7,0.3,0.0,0.0,0.0,0.0,0.0,0.0,0.0,0.0,2.530828749
272.95,0.273333333,LiBOB,0.6,0.4,0.0,0.0,0.0,0.0,0.0,0.0,0.0,0.0,2.232727273
282.85,0.128301887,LiBOB,0.4,0.6,0.0,0.0,0.0,0.0,0.0,0.0,0.0,0.0,1.769734309
243.65,1.86447782,LiBF4,0.5,0.5,0.0,0.0,0.0,0.0,0.0,0.0,0.0,0.0,0.3157236
272.95,0.55,LiPF6,0.3,0.7,0.0,0.0,0.0,0.0,0.0,0.0,0.0,0.0,3.541
293.15,1.26728972,LiPF6,0.0,0.0,0.3,0.7,0.0,0.0,0.0,0.0,0.0,0.0,7.832380952
322.35,0.55,LiPF6,0.3,0.7,0.0,0.0,0.0,0.0,0.0,0.0,0.0,0.0,7.734
243.65,0.368253968,LiBOB,0.7,0.0,0.3,0.0,0.0,0.0,0.0,0.0,0.0,0.0,0.386621315
282.85,0.587024087,LiBF4,0.8,0.2,0.0,0.0,0.0,0.0,0.0,0.0,0.0,0.0,2.621212121
303.15,1.501,LiPF6,0.0,0.0,0.3,0.7,0.0,0.0,0.0,0.0,0.0,0.0,8.688
292.65,0.267826087,LiBOB,0.9,0.0,0.0,0.0,0.1,0.0,0.0,0.0,0.0,0.0,3.273968079
322.35,0.592380952,LiBOB,0.6,0.0,0.0,0.0,0.4,0.0,0.0,0.0,0.0,0.0,11.23636364
322.35,0.725198828,LiBF4,1.0,0.0,0.0,0.0,0.0,0.0,0.0,0.0,0.0,0.0,2.523789591
272.95,0.762517452,LiBOB,1.0,0.0,0.0,0.0,0.0,0.0,0.0,0.0,0.0,0.0,1.519922672
282.85,0.154716981,LiBOB,0.4,0.6,0.0,0.0,0.0,0.0,0.0,0.0,0.0,0.0,2.009241432
322.35,0.13125,LiBOB,0.7,0.3,0.0,0.0,0.0,0.0,0.0,0.0,0.0,0.0,3.593220339
318.1567598,2.15, LiBPFPB,1.0,0.0,0.0,0.0,0.0,0.0,0.0,0.0,0.0,0.0,0.011177977
293.15,1.0,LiAsF6,0.0,0.0,0.0,0.0,0.0,0.0,0.0,0.0,0.0,0.0,12.87
292.65,0.438095238,LiBOB,0.5,0.5,0.0,0.0,0.0,0.0,0.0,0.0,0.0,0.0,4.042606516
282.85,0.21875,LiBOB,0.7,0.3,0.0,0.0,0.0,0.0,0.0,0.0,0.0,0.0,2.406779661
263.15,0.267547268,LiBF4,0.8,0.2,0.0,0.0,0.0,0.0,0.0,0.0,0.0,0.0,1.378787879
353.15,0.9,LiAsF6,0.0,0.0,0.0,0.0,0.0,0.0,0.0,0.0,0.0,0.0,9.68
272.95,0.6,LiBOB,0.3,0.0,0.0,0.0,0.7,0.0,0.0,0.0,0.0,0.0,6.928571429
251.7054327,1.3,LiBOB,1.0,0.0,0.0,0.0,0.0,0.0,0.0,0.0,0.0,0.0,0.10964782
233.75,0.733333333,LiBOB,0.7,0.0,0.3,0.0,0.0,0.0,0.0,0.0,0.0,0.0,0.166099773
243.65,1.106818182,LiPF6,0.6,0.4,0.0,0.0,0.0,0.0,0.0,0.0,0.0,0.0,0.894105114
303.15,0.910798122,LiPF6,0.0,0.0,0.2,0.8,0.0,0.0,0.0,0.0,0.0,0.0,8.441904762
332.15,0.078125,LiBOB,0.7,0.3,0.0,0.0,0.0,0.0,0.0,0.0,0.0,0.0,2.711864407
243.65,0.699029126,LiBF4,0.3,0.7,0.0,0.0,0.0,0.0,0.0,0.0,0.0,0.0,0.486680085
293.15,2.0,LiAsF6,0.125,0.0,0.125,0.0,0.0,0.0,0.0,0.0,0.0,0.75,5.95
273.15,1.004,LiPF6,0.0,0.0,0.5,0.0,0.0,0.0,0.0,0.0,0.5,0.0,6.813
333.15,1.0,LiAsF6,0.0,0.0,0.0,0.0,0.0,0.25,0.5,0.0,0.0,0.0,12.02
293.15,1.0,LiAsF6,0.3,0.0,0.0,0.0,0.0,0.0,0.0,0.0,0.0,0.0,6.94
312.45,1.480639731,LiBF4,0.8,0.2,0.0,0.0,0.0,0.0,0.0,0.0,0.0,0.0,3.515151515
243.65,0.171698113,LiBOB,0.3,0.0,0.0,0.0,0.7,0.0,0.0,0.0,0.0,0.0,1.811320755
273.15,0.404483793,LiPF6,0.24,0.0,0.24,0.32,0.0,0.0,0.0,0.2,0.0,0.0,3.404255319
263.15,0.57223369,LiPF6,0.7,0.3,0.0,0.0,0.0,0.0,0.0,0.0,0.0,0.0,2.901732848
409.9491975,2.15, LiBPFPB,1.0,0.0,0.0,0.0,0.0,0.0,0.0,0.0,0.0,0.0,1.51975408
243.65,0.725309531,LiBOB,0.8,0.0,0.2,0.0,0.0,0.0,0.0,0.0,0.0,0.0,0.30924273
253.35,1.4664,LiPF6,0.7,0.3,0.0,0.0,0.0,0.0,0.0,0.0,0.0,0.0,0.6679
292.65,0.997297297,LiBOB,0.4,0.0,0.6,0.0,0.0,0.0,0.0,0.0,0.0,0.0,2.558823529
298.0,1.0,LiTFSI,0.0,0.0,0.7,0.0,0.0,0.0,0.0,0.0,0.3,0.0,8.886666667
322.35,1.095081967,LiBOB,1.0,0.0,0.0,0.0,0.0,0.0,0.0,0.0,0.0,0.0,5.196721311
277.7451284,1.0,LiTFSI,0.0,0.0,0.5,0.0,0.0,0.0,0.0,0.0,0.5,0.0,5.276059388
293.15,1.202247191,LiPF6,0.3,0.7,0.0,0.0,0.0,0.0,0.0,0.0,0.0,0.0,1.502329405
312.45,2.050819672,LiBF4,0.7,0.3,0.0,0.0,0.0,0.0,0.0,0.0,0.0,0.0,2.585714286
317.4603175,0.5,LiCF3SO3,0.0,0.0,0.0,0.0,0.0,0.0,0.0,0.0,0.0,0.0,8.006771724
233.75,0.348513662,LiBOB,0.9,0.0,0.1,0.0,0.0,0.0,0.0,0.0,0.0,0.0,0.175485009
272.95,0.875675676,LiBOB,0.4,0.0,0.6,0.0,0.0,0.0,0.0,0.0,0.0,0.0,1.205882353
323.15,1.175898079,LiPF6,0.285,0.0,0.285,0.38,0.0,0.0,0.0,0.05,0.0,0.0,13.04887218
253.35,0.13125,LiBOB,0.7,0.3,0.0,0.0,0.0,0.0,0.0,0.0,0.0,0.0,0.745762712
292.65,0.75625,LiBOB,0.7,0.3,0.0,0.0,0.0,0.0,0.0,0.0,0.0,0.0,3.538983051
253.35,1.9264,LiPF6,0.3,0.7,0.0,0.0,0.0,0.0,0.0,0.0,0.0,0.0,0.7547
332.15,0.253061224,LiPF6,0.5,0.5,0.0,0.0,0.0,0.0,0.0,0.0,0.0,0.0,7.597831633
292.65,0.395238095,LiBOB,0.5,0.5,0.0,0.0,0.0,0.0,0.0,0.0,0.0,0.0,3.895989975
323.15,0.509555138,LiPF6,0.285,0.0,0.285,0.38,0.0,0.0,0.0,0.05,0.0,0.0,11.80273601
282.85,0.931107067,LiPF6,0.7,0.3,0.0,0.0,0.0,0.0,0.0,0.0,0.0,0.0,5.055570645
243.65,0.947368421,LiBF4,1.0,0.0,0.0,0.0,0.0,0.0,0.0,0.0,0.0,0.0,0.482363479
253.35,0.37354465,LiBF4,0.5,0.5,0.0,0.0,0.0,0.0,0.0,0.0,0.0,0.0,0.900279427
263.15,1.0,LiAsF6,0.25,0.0,0.25,0.0,0.0,0.0,0.0,0.0,0.0,0.0,3.39
292.65,0.242622951,LiBOB,1.0,0.0,0.0,0.0,0.0,0.0,0.0,0.0,0.0,0.0,2.348946136
312.45,0.664011914,LiBF4,0.8,0.2,0.0,0.0,0.0,0.0,0.0,0.0,0.0,0.0,4.606060606
313.15,0.61682243,LiPF6,0.0,0.0,0.3,0.7,0.0,0.0,0.0,0.0,0.0,0.0,9.813333333
322.35,0.847985514,LiBF4,0.7,0.0,0.3,0.0,0.0,0.0,0.0,0.0,0.0,0.0,6.505749208
293.15,0.5,LiAsF6,0.0,0.0,0.0,0.0,0.0,0.0,1.0,0.0,0.0,0.0,1.9
263.15,1.85523902,LiBF4,0.5,0.5,0.0,0.0,0.0,0.0,0.0,0.0,0.0,0.0,0.740476961
223.15,1.0,LiAsF6,0.0,0.0,0.0,0.0,0.0,0.0,0.35,0.0,0.0,0.0,0.08
332.15,2.149,LiPF6,0.4,0.6,0.0,0.0,0.0,0.0,0.0,0.0,0.0,0.0,8.203
292.65,2.3162,LiPF6,0.3,0.7,0.0,0.0,0.0,0.0,0.0,0.0,0.0,0.0,2.831
253.35,0.991786289,LiBF4,0.9,0.1,0.0,0.0,0.0,0.0,0.0,0.0,0.0,0.0,0.762776884
243.65,0.226415094,LiBOB,0.3,0.0,0.0,0.0,0.7,0.0,0.0,0.0,0.0,0.0,2.259433962
322.35,0.33987309,LiBF4,0.8,0.2,0.0,0.0,0.0,0.0,0.0,0.0,0.0,0.0,1.454545455
282.85,0.9089,LiPF6,1.0,0.0,0.0,0.0,0.0,0.0,0.0,0.0,0.0,0.0,3.85
332.15,0.367213115,LiBOB,1.0,0.0,0.0,0.0,0.0,0.0,0.0,0.0,0.0,0.0,6.219555035
263.15,0.300170126,LiBOB,0.4,0.0,0.0,0.0,0.6,0.0,0.0,0.0,0.0,0.0,3.767267778
293.15,0.47985705,LiPF6,0.0,0.0,0.3,0.0,0.0,0.0,0.0,0.0,0.4,0.0,11.48148148
303.15,0.102,LiPF6,0.0,0.0,0.3,0.7,0.0,0.0,0.0,0.0,0.0,0.0,2.739
332.15,1.460618622,LiPF6,0.5,0.5,0.0,0.0,0.0,0.0,0.0,0.0,0.0,0.0,11.46096939
292.65,0.134509112,LiBOB,0.9,0.0,0.1,0.0,0.0,0.0,0.0,0.0,0.0,0.0,1.784832451
292.65,0.21875,LiBOB,0.7,0.3,0.0,0.0,0.0,0.0,0.0,0.0,0.0,0.0,3.016949153
288.9390659,1.0,LiPF6,0.0,0.0,0.5,0.0,0.0,0.0,0.0,0.0,0.5,0.0,9.976028457
298.0,1.0,LiTFSI,0.0,0.0,0.25,0.0,0.0,0.0,0.0,0.0,0.75,0.0,9.3
263.15,1.911203624,LiPF6,0.85,0.0,0.15,0.0,0.0,0.0,0.0,0.0,0.0,0.0,0.310077519
302.55,0.651351351,LiBOB,0.4,0.0,0.6,0.0,0.0,0.0,0.0,0.0,0.0,0.0,4.323529412
322.35,0.035390728,LiBOB,0.8,0.2,0.0,0.0,0.0,0.0,0.0,0.0,0.0,0.0,1.314966887
332.15,0.688461538,LiPF6,0.4,0.0,0.6,0.0,0.0,0.0,0.0,0.0,0.0,0.0,13.47299391
243.65,1.850544389,LiBF4,0.6,0.4,0.0,0.0,0.0,0.0,0.0,0.0,0.0,0.0,0.166275824
272.95,0.777391304,LiBOB,0.9,0.0,0.0,0.0,0.1,0.0,0.0,0.0,0.0,0.0,2.047330765
282.85,0.541176471,LiBOB,1.0,0.0,0.0,0.0,0.0,0.0,0.0,0.0,0.0,0.0,2.225806452
312.45,0.7652,LiPF6,0.9,0.1,0.0,0.0,0.0,0.0,0.0,0.0,0.0,0.0,9.157
298.15,1.1,LiClO4,0.0,0.0,0.5,0.0,0.0,0.0,0.0,0.0,0.0,0.0,9.994664849
322.35,1.445,LiPF6,1.0,0.0,0.0,0.0,0.0,0.0,0.0,0.0,0.0,0.0,8.127
232.7500452,1.0,LiCF3SO3,1.0,0.0,0.0,0.0,0.0,0.0,0.0,0.0,0.0,0.0,0.059212554
293.15,1.0,LiAsF6,0.0,0.0,0.0,0.0,0.0,0.0,0.0,0.0,0.0,0.0,15.06
263.15,0.124590164,LiBOB,1.0,0.0,0.0,0.0,0.0,0.0,0.0,0.0,0.0,0.0,0.655737705
332.15,0.429906542,LiBF4,0.85,0.0,0.15,0.0,0.0,0.0,0.0,0.0,0.0,0.0,6.714977736
322.35,0.3704,LiPF6,0.8,0.2,0.0,0.0,0.0,0.0,0.0,0.0,0.0,0.0,8.773
302.55,0.588571429,LiBOB,0.6,0.0,0.0,0.0,0.4,0.0,0.0,0.0,0.0,0.0,8.436363636
273.15,0.5,LiPF6,0.0,0.0,0.1,0.9,0.0,0.0,0.0,0.0,0.0,0.0,2.55
292.65,0.692307692,LiPF6,0.4,0.0,0.6,0.0,0.0,0.0,0.0,0.0,0.0,0.0,6.293248478
263.15,1.216628898,LiBF4,0.5,0.5,0.0,0.0,0.0,0.0,0.0,0.0,0.0,0.0,1.066364519
332.15,0.491820212,LiBF4,0.6,0.4,0.0,0.0,0.0,0.0,0.0,0.0,0.0,0.0,4.715801228
353.3308796,0.5,LiBPFPB,0.0,0.0,0.0,0.0,0.0,0.0,0.0,0.0,0.0,0.0,7.805352279
293.15,0.417389087,LiPF6,0.21,0.0,0.21,0.28,0.0,0.0,0.0,0.3,0.0,0.0,0.896481387
322.35,0.449412174,LiPF6,0.9,0.1,0.0,0.0,0.0,0.0,0.0,0.0,0.0,0.0,9.466216759
213.15,1.0,LiAsF6,0.175,0.0,0.175,0.0,0.0,0.0,0.0,0.0,0.0,0.35,1.27
293.15,0.360416964,LiPF6,0.24,0.0,0.24,0.32,0.0,0.0,0.0,0.2,0.0,0.0,5.063829787
332.15,0.350336469,LiBF4,0.4,0.6,0.0,0.0,0.0,0.0,0.0,0.0,0.0,0.0,2.662877303
272.95,1.229887065,LiBF4,0.5,0.5,0.0,0.0,0.0,0.0,0.0,0.0,0.0,0.0,1.408865991
282.85,0.605086192,LiBF4,0.8,0.2,0.0,0.0,0.0,0.0,0.0,0.0,0.0,0.0,2.614814815
263.15,1.059210526,LiBF4,1.0,0.0,0.0,0.0,0.0,0.0,0.0,0.0,0.0,0.0,1.117000247
223.15,1.0,LiAsF6,0.35,0.0,0.35,0.0,0.0,0.0,0.0,0.0,0.0,0.0,0.53
213.95,0.2801,LiPF6,1.0,0.0,0.0,0.0,0.0,0.0,0.0,0.0,0.0,0.0,0.05974
293.15,1.5,LiPF6,0.0,0.0,0.3,0.7,0.0,0.0,0.0,0.0,0.0,0.0,7.1
292.65,0.313333333,LiBOB,0.6,0.4,0.0,0.0,0.0,0.0,0.0,0.0,0.0,0.0,3.730909091
322.35,0.70375,LiBOB,0.7,0.3,0.0,0.0,0.0,0.0,0.0,0.0,0.0,0.0,7.118644068
282.2910457,0.5,LiTFSI,0.0,0.0,0.0,0.0,0.0,1.0,0.0,0.0,0.0,0.0,8.749615134
253.35,1.683313817,LiBF4,0.7,0.3,0.0,0.0,0.0,0.0,0.0,0.0,0.0,0.0,0.257142857
302.8760274,1.0,LiPDI,0.0,0.0,0.5,0.0,0.0,0.0,0.0,0.0,0.5,0.0,7.863851661
312.45,0.321311475,LiBOB,1.0,0.0,0.0,0.0,0.0,0.0,0.0,0.0,0.0,0.0,4.156323185
263.15,0.151351351,LiBOB,0.4,0.0,0.6,0.0,0.0,0.0,0.0,0.0,0.0,0.0,0.823529412
302.55,1.91891798,LiPF6,0.3,0.7,0.0,0.0,0.0,0.0,0.0,0.0,0.0,0.0,4.926661574
292.65,0.759459459,LiBOB,0.4,0.0,0.6,0.0,0.0,0.0,0.0,0.0,0.0,0.0,3.088235294
304.8932251,1.3,LiBOB,1.0,0.0,0.0,0.0,0.0,0.0,0.0,0.0,0.0,0.0,2.973947745
312.45,0.638,LiPF6,0.8,0.2,0.0,0.0,0.0,0.0,0.0,0.0,0.0,0.0,9.348169014
243.65,1.2271,LiPF6,0.9,0.1,0.0,0.0,0.0,0.0,0.0,0.0,0.0,0.0,0.3078
302.55,1.368421053,LiBF4,0.4,0.6,0.0,0.0,0.0,0.0,0.0,0.0,0.0,0.0,2.195941661
312.45,0.675438596,LiBF4,0.4,0.6,0.0,0.0,0.0,0.0,0.0,0.0,0.0,0.0,2.622278588
273.15,0.105,LiPF6,0.0,0.0,0.0,0.95,0.0,0.0,0.0,0.0,0.0,0.0,0.058
292.65,0.508389168,LiBF4,0.6,0.4,0.0,0.0,0.0,0.0,0.0,0.0,0.0,0.0,2.70318258
332.15,0.368253968,LiBOB,0.7,0.0,0.3,0.0,0.0,0.0,0.0,0.0,0.0,0.0,6.779478458
298.0,1.0,LiTFSI,0.0,0.0,0.1,0.0,0.0,0.0,0.0,0.0,0.9,0.0,8.373333333
194.15,0.6385,LiPF6,0.8,0.2,0.0,0.0,0.0,0.0,0.0,0.0,0.0,0.0,0.002067
273.15,1.997,LiPF6,0.0,0.0,0.0,0.95,0.0,0.0,0.0,0.0,0.0,0.0,3.13
253.35,1.868116195,LiBF4,0.5,0.5,0.0,0.0,0.0,0.0,0.0,0.0,0.0,0.0,0.48448597
263.15,0.584016393,LiBF4,0.7,0.3,0.0,0.0,0.0,0.0,0.0,0.0,0.0,0.0,1.485714286
292.65,0.401061901,LiBF4,0.8,0.2,0.0,0.0,0.0,0.0,0.0,0.0,0.0,0.0,3.136363636
263.15,1.0,LiAsF6,0.0,0.0,0.0,0.0,0.0,0.0,0.0,0.0,0.0,0.7,13.71
302.55,0.25751073,LiBF4,0.7,0.3,0.0,0.0,0.0,0.0,0.0,0.0,0.0,0.0,3.01417518
248.15,0.102717889,LiAsF6,0.32,0.0,0.0,0.0,0.0,0.68,0.0,0.0,0.0,0.0,0.208489587
253.35,1.7328,LiPF6,0.6,0.4,0.0,0.0,0.0,0.0,0.0,0.0,0.0,0.0,0.5115
312.45,0.516545799,LiBF4,0.4,0.6,0.0,0.0,0.0,0.0,0.0,0.0,0.0,0.0,2.484515876
263.15,1.345257365,LiBF4,0.5,0.5,0.0,0.0,0.0,0.0,0.0,0.0,0.0,0.0,0.996331067
263.15,1.0,LiAsF6,0.0,0.0,0.0,0.0,0.0,0.0,0.25,0.0,0.0,0.0,0.79
213.95,0.5547,LiPF6,0.5,0.5,0.0,0.0,0.0,0.0,0.0,0.0,0.0,0.0,0.2268
280.4135437,1.0,LiPF6,0.0,0.0,0.5,0.0,0.0,0.0,0.0,0.0,0.0,0.0,6.434248785
233.15,0.455103433,LiPF6,0.3,0.7,0.0,0.0,0.0,0.0,0.0,0.0,0.0,0.0,0.301886792
333.0552761,0.5,LiClO4,0.0,0.0,0.0,0.0,0.0,1.0,0.0,0.0,0.0,0.0,2.680259201
302.55,2.12166876,LiBF4,1.0,0.0,0.0,0.0,0.0,0.0,0.0,0.0,0.0,0.0,1.714524906
238.2375286,0.6,LiBOB,0.0,0.0,0.0,0.0,0.0,1.0,0.0,0.0,0.0,0.0,5.931449005
253.15,1.0,LiAsF6,0.125,0.0,0.125,0.0,0.0,0.0,0.0,0.0,0.0,0.25,4.38
233.75,0.067924528,LiBOB,0.4,0.6,0.0,0.0,0.0,0.0,0.0,0.0,0.0,0.0,0.271852137
293.15,1.5,LiAsF6,0.0,0.0,0.0,0.0,0.0,0.0,1.0,0.0,0.0,0.0,1.62
332.15,0.13125,LiBOB,0.7,0.3,0.0,0.0,0.0,0.0,0.0,0.0,0.0,0.0,4.101694915
332.15,0.515549458,LiBF4,0.4,0.6,0.0,0.0,0.0,0.0,0.0,0.0,0.0,0.0,3.095942768
323.15,0.873142857,LiPF6,0.18,0.0,0.18,0.24,0.0,0.0,0.0,0.4,0.0,0.0,8.201834862
302.55,0.541176471,LiBOB,1.0,0.0,0.0,0.0,0.0,0.0,0.0,0.0,0.0,0.0,4.0
312.45,1.5041,LiPF6,0.6,0.4,0.0,0.0,0.0,0.0,0.0,0.0,0.0,0.0,7.826
253.35,2.173228346,LiBF4,0.9,0.1,0.0,0.0,0.0,0.0,0.0,0.0,0.0,0.0,0.205479452
291.0134807,1.0, LiBPFPB,1.0,0.0,0.0,0.0,0.0,0.0,0.0,0.0,0.0,0.0,1.258019719
273.15,1.496,LiPF6,0.0,0.0,0.3,0.7,0.0,0.0,0.0,0.0,0.0,0.0,4.276
272.95,1.656733231,LiBF4,0.8,0.2,0.0,0.0,0.0,0.0,0.0,0.0,0.0,0.0,1.02962963
273.15,1.727097358,LiPF6,0.27,0.0,0.27,0.36,0.0,0.0,0.0,0.1,0.0,0.0,2.040691249
273.15,1.0,LiAsF6,0.7,0.0,0.0,0.0,0.0,0.0,0.0,0.0,0.0,0.0,5.5
292.65,1.662280702,LiBF4,0.4,0.6,0.0,0.0,0.0,0.0,0.0,0.0,0.0,0.0,1.670788417
243.65,0.4612,LiPF6,0.3,0.7,0.0,0.0,0.0,0.0,0.0,0.0,0.0,0.0,1.415
333.15,1.0,LiAsF6,0.0,0.0,0.0,0.0,0.0,0.0,0.5,0.0,0.0,0.0,10.66
322.35,0.270669101,LiBOB,1.0,0.0,0.0,0.0,0.0,0.0,0.0,0.0,0.0,0.0,4.70712061
298.15,1.302944702,LiBMB,0.0,0.0,0.0,0.0,0.0,0.0,0.0,0.0,0.0,0.0,4.313319446
282.85,0.296,LiBOB,0.8,0.2,0.0,0.0,0.0,0.0,0.0,0.0,0.0,0.0,2.525033113
272.95,0.531147541,LiBOB,1.0,0.0,0.0,0.0,0.0,0.0,0.0,0.0,0.0,0.0,1.475995316
332.15,0.642,LiPF6,0.8,0.2,0.0,0.0,0.0,0.0,0.0,0.0,0.0,0.0,12.64383099
272.95,0.074074074,LiBOB,0.3,0.7,0.0,0.0,0.0,0.0,0.0,0.0,0.0,0.0,0.857142857
253.15,0.5,LiAsF6,0.125,0.0,0.125,0.0,0.0,0.0,0.0,0.0,0.0,0.75,4.69
263.15,1.263551402,LiPF6,0.0,0.0,0.3,0.7,0.0,0.0,0.0,0.0,0.0,0.0,3.413333333
253.15,2.0,LiAsF6,0.85,0.0,0.15,0.0,0.0,0.0,0.0,0.0,0.0,0.0,0.06
237.2261933,1.0,LiBOB,1.0,0.0,0.0,0.0,0.0,0.0,0.0,0.0,0.0,0.0,0.035622479
293.15,0.974333983,LiPF6,0.0,0.0,0.3,0.0,0.0,0.0,0.0,0.0,0.4,0.0,14.62962963
233.75,0.651945153,LiPF6,0.5,0.5,0.0,0.0,0.0,0.0,0.0,0.0,0.0,0.0,0.920153061
223.15,1.0,LiN(CF3SO2)2,0.0,0.0,0.0,0.0,0.0,0.0,0.5,0.0,0.0,0.0,0.22
233.15,1.26728972,LiPF6,0.0,0.0,0.3,0.7,0.0,0.0,0.0,0.0,0.0,0.0,0.67047619
281.251435,1.0,LiBOB,1.0,0.0,0.0,0.0,0.0,0.0,0.0,0.0,0.0,0.0,1.764682857
263.15,0.478522194,LiPF6,1.0,0.0,0.0,0.0,0.0,0.0,0.0,0.0,0.0,0.0,2.093303586
303.15,1.006590978,LiPF6,0.27,0.0,0.27,0.36,0.0,0.0,0.0,0.1,0.0,0.0,8.982417362
272.95,0.925874425,LiBOB,0.8,0.0,0.0,0.0,0.2,0.0,0.0,0.0,0.0,0.0,2.577387956
283.15,1.0,LiPF6,0.0,0.0,0.1,0.0,0.0,0.0,0.0,0.0,0.9,0.0,7.8
322.35,1.461862245,LiPF6,0.5,0.5,0.0,0.0,0.0,0.0,0.0,0.0,0.0,0.0,9.878954082
283.15,1.468810916,LiPF6,0.0,0.0,0.3,0.0,0.0,0.0,0.0,0.0,0.4,0.0,12.77777778
243.65,0.592274678,LiBF4,0.7,0.3,0.0,0.0,0.0,0.0,0.0,0.0,0.0,0.0,0.706703742
322.35,0.339475957,LiBOB,0.8,0.0,0.2,0.0,0.0,0.0,0.0,0.0,0.0,0.0,5.526058163
313.15,1.959705788,LiPF6,0.0,0.0,0.3,0.4,0.0,0.0,0.0,0.0,0.0,0.0,15.01886792
292.65,0.967974239,LiBF4,0.7,0.3,0.0,0.0,0.0,0.0,0.0,0.0,0.0,0.0,2.8
253.35,0.289622826,LiBOB,0.7,0.0,0.0,0.0,0.3,0.0,0.0,0.0,0.0,0.0,1.744186047
292.65,0.465770171,LiBF4,0.5,0.5,0.0,0.0,0.0,0.0,0.0,0.0,0.0,0.0,2.294067994
263.15,1.082007259,LiBF4,0.6,0.4,0.0,0.0,0.0,0.0,0.0,0.0,0.0,0.0,1.096147404
333.15,1.0,LiAsF6,0.0,0.0,0.0,0.0,0.0,0.0,0.35,0.0,0.0,0.0,8.6
253.15,0.763649151,LiPF6,0.27,0.0,0.27,0.36,0.0,0.0,0.0,0.1,0.0,0.0,2.120064302
272.95,0.210411705,LiBOB,0.4,0.0,0.0,0.0,0.6,0.0,0.0,0.0,0.0,0.0,3.644096632
243.65,1.227467811,LiBF4,0.7,0.3,0.0,0.0,0.0,0.0,0.0,0.0,0.0,0.0,0.442906365
332.15,0.362318841,LiBOB,0.6,0.0,0.4,0.0,0.0,0.0,0.0,0.0,0.0,0.0,6.715755026
332.15,0.430726732,LiBOB,0.5,0.0,0.0,0.0,0.5,0.0,0.0,0.0,0.0,0.0,11.66893328
292.65,1.036190476,LiBOB,0.6,0.0,0.0,0.0,0.4,0.0,0.0,0.0,0.0,0.0,6.872727273
322.35,0.843478261,LiBOB,0.6,0.0,0.4,0.0,0.0,0.0,0.0,0.0,0.0,0.0,6.315568022
293.15,1.0,LiAsF6,0.125,0.0,0.125,0.0,0.0,0.25,0.0,0.0,0.0,0.5,13.87
272.95,1.4605,LiPF6,0.4,0.6,0.0,0.0,0.0,0.0,0.0,0.0,0.0,0.0,2.906
293.15,0.61971831,LiPF6,0.0,0.0,0.2,0.8,0.0,0.0,0.0,0.0,0.0,0.0,6.217142857
302.55,0.67,LiBOB,0.6,0.4,0.0,0.0,0.0,0.0,0.0,0.0,0.0,0.0,5.213939394
233.15,2.3,LiPF6,0.7,0.3,0.0,0.0,0.0,0.0,0.0,0.0,0.0,0.0,0.0
322.35,1.371961976,LiBF4,0.4,0.6,0.0,0.0,0.0,0.0,0.0,0.0,0.0,0.0,3.096824775
243.15,1.0,LiAsF6,0.0,0.0,0.0,0.0,0.0,0.0,0.0,0.0,0.0,0.5,6.72
243.15,1.0,LiAsF6,0.0,0.0,0.0,0.0,0.0,0.15,0.5,0.0,0.0,0.0,0.3
263.15,1.234916044,LiPF6,0.9,0.1,0.0,0.0,0.0,0.0,0.0,0.0,0.0,0.0,1.394285102
233.75,0.263157895,LiBF4,0.4,0.6,0.0,0.0,0.0,0.0,0.0,0.0,0.0,0.0,0.343056436
302.55,0.507043212,LiBOB,0.4,0.0,0.0,0.0,0.6,0.0,0.0,0.0,0.0,0.0,9.375637972
312.45,0.541176471,LiBOB,1.0,0.0,0.0,0.0,0.0,0.0,0.0,0.0,0.0,0.0,5.0
323.2714695,0.5,LiPF6,0.0,0.0,0.0,0.0,0.0,0.0,0.0,0.0,0.0,0.0,2.1496568
243.65,1.242,LiPF6,0.8,0.2,0.0,0.0,0.0,0.0,0.0,0.0,0.0,0.0,0.415661972
332.15,0.52375,LiBOB,0.7,0.3,0.0,0.0,0.0,0.0,0.0,0.0,0.0,0.0,8.298305085
358.2089552,0.5,LiCF3SO3,0.0,0.0,0.0,0.0,0.0,0.0,0.0,0.0,0.0,0.0,13.58385539
272.3111761,1.0,LiPF6,0.0,0.0,0.5,0.0,0.0,0.0,0.0,0.0,0.0,0.0,5.323535131
302.55,1.237068966,LiBF4,0.6,0.4,0.0,0.0,0.0,0.0,0.0,0.0,0.0,0.0,2.929411765
272.95,0.333398083,LiBF4,0.8,0.2,0.0,0.0,0.0,0.0,0.0,0.0,0.0,0.0,1.96969697
263.15,0.598047201,LiPF6,0.285,0.0,0.285,0.38,0.0,0.0,0.0,0.05,0.0,0.0,3.401942356
282.85,0.416925667,LiBF4,0.8,0.2,0.0,0.0,0.0,0.0,0.0,0.0,0.0,0.0,0.424242424
322.35,0.149062724,LiBOB,0.9,0.1,0.0,0.0,0.0,0.0,0.0,0.0,0.0,0.0,3.864188316
282.85,0.542834954,LiPF6,0.9,0.1,0.0,0.0,0.0,0.0,0.0,0.0,0.0,0.0,4.54867304
322.35,0.39150854,LiBOB,0.9,0.1,0.0,0.0,0.0,0.0,0.0,0.0,0.0,0.0,6.229051242
312.45,0.947163947,LiBF4,0.8,0.2,0.0,0.0,0.0,0.0,0.0,0.0,0.0,0.0,4.348484848
312.45,0.226415094,LiBOB,0.3,0.0,0.0,0.0,0.7,0.0,0.0,0.0,0.0,0.0,6.580862534
282.85,1.038996243,LiBOB,0.9,0.0,0.1,0.0,0.0,0.0,0.0,0.0,0.0,0.0,1.542328042
332.15,0.195238095,LiBOB,0.5,0.5,0.0,0.0,0.0,0.0,0.0,0.0,0.0,0.0,5.053884712
272.95,1.230122386,LiPF6,0.9,0.1,0.0,0.0,0.0,0.0,0.0,0.0,0.0,0.0,2.264642082
332.15,0.242622951,LiBOB,1.0,0.0,0.0,0.0,0.0,0.0,0.0,0.0,0.0,0.0,4.991803279
283.15,3.0,LiPF6,0.0,0.0,0.3,0.7,0.0,0.0,0.0,0.0,0.0,0.0,1.399
312.45,0.892020191,LiBOB,1.0,0.0,0.0,0.0,0.0,0.0,0.0,0.0,0.0,0.0,4.983997422
332.15,0.233333333,LiBOB,0.5,0.5,0.0,0.0,0.0,0.0,0.0,0.0,0.0,0.0,5.570175439
263.15,1.0,LiAsF6,0.0,0.0,0.0,0.0,0.0,0.0,0.5,0.0,0.0,0.0,0.8
292.65,0.564864865,LiBOB,0.4,0.0,0.6,0.0,0.0,0.0,0.0,0.0,0.0,0.0,3.294117647
243.65,0.352380952,LiBOB,0.5,0.5,0.0,0.0,0.0,0.0,0.0,0.0,0.0,0.0,0.749373434
302.55,0.986885246,LiBOB,1.0,0.0,0.0,0.0,0.0,0.0,0.0,0.0,0.0,0.0,3.216042155
283.15,0.596564327,LiPF6,0.285,0.0,0.285,0.38,0.0,0.0,0.0,0.05,0.0,0.0,6.05628655
322.35,2.060344828,LiBF4,0.6,0.4,0.0,0.0,0.0,0.0,0.0,0.0,0.0,0.0,3.058823529
292.65,0.567504546,LiBOB,0.8,0.0,0.0,0.0,0.2,0.0,0.0,0.0,0.0,0.0,5.119050166
263.1400409,0.5,LiClO4,0.0,0.0,0.0,0.0,0.0,1.0,0.0,0.0,0.0,0.0,2.714573827
243.65,0.8954,LiPF6,0.9,0.1,0.0,0.0,0.0,0.0,0.0,0.0,0.0,0.0,0.6278
233.75,0.226415094,LiBOB,0.3,0.0,0.0,0.0,0.7,0.0,0.0,0.0,0.0,0.0,1.723719677
273.15,0.981806368,LiPF6,0.0,0.0,0.3,0.0,0.0,0.0,0.0,0.0,0.4,0.0,10.37037037
272.95,0.688461538,LiPF6,0.4,0.0,0.6,0.0,0.0,0.0,0.0,0.0,0.0,0.0,3.458605423
312.45,1.878914891,LiBF4,0.5,0.5,0.0,0.0,0.0,0.0,0.0,0.0,0.0,0.0,2.641372686
243.65,0.734649123,LiBF4,1.0,0.0,0.0,0.0,0.0,0.0,0.0,0.0,0.0,0.0,0.57301705
332.15,0.524271845,LiBF4,0.3,0.7,0.0,0.0,0.0,0.0,0.0,0.0,0.0,0.0,2.171442103
253.15,0.878468803,LiPF6,0.27,0.0,0.27,0.36,0.0,0.0,0.0,0.1,0.0,0.0,2.031849694
233.75,2.1166,LiPF6,0.5,0.5,0.0,0.0,0.0,0.0,0.0,0.0,0.0,0.0,0.03149
243.65,1.857073487,LiBF4,0.5,0.5,0.0,0.0,0.0,0.0,0.0,0.0,0.0,0.0,0.325887558
233.15,2.044957608,LiBF4,0.5,0.5,0.0,0.0,0.0,0.0,0.0,0.0,0.0,0.0,0.107407407
303.15,1.399061033,LiPF6,0.0,0.0,0.2,0.8,0.0,0.0,0.0,0.0,0.0,0.0,8.746666667
292.65,0.67,LiBOB,0.6,0.4,0.0,0.0,0.0,0.0,0.0,0.0,0.0,0.0,4.123030303
282.85,2.1265,LiPF6,0.7,0.3,0.0,0.0,0.0,0.0,0.0,0.0,0.0,0.0,1.38
253.35,0.64,LiBOB,0.7,0.3,0.0,0.0,0.0,0.0,0.0,0.0,0.0,0.0,0.854237288
322.35,0.15618543,LiBOB,0.8,0.2,0.0,0.0,0.0,0.0,0.0,0.0,0.0,0.0,4.006357616
263.15,0.242622951,LiBOB,1.0,0.0,0.0,0.0,0.0,0.0,0.0,0.0,0.0,0.0,0.920374707
272.95,0.763023451,LiBF4,0.6,0.4,0.0,0.0,0.0,0.0,0.0,0.0,0.0,0.0,1.720714685
243.65,0.915136618,LiPF6,0.7,0.3,0.0,0.0,0.0,0.0,0.0,0.0,0.0,0.0,0.999076539
298.0,1.0,LiTFSI,0.0,0.0,0.0,0.0,0.0,0.0,0.0,0.0,0.0,0.0,8.483870968
272.95,0.203883495,LiBF4,0.3,0.7,0.0,0.0,0.0,0.0,0.0,0.0,0.0,0.0,0.639237509
253.15,1.313565615,LiPF6,0.24,0.0,0.24,0.32,0.0,0.0,0.0,0.2,0.0,0.0,0.872340426
333.15,1.0,LiAsF6,0.5,0.0,0.5,0.0,0.0,0.0,0.0,0.0,0.0,0.0,13.86
302.55,0.887032702,LiPF6,0.4,0.6,0.0,0.0,0.0,0.0,0.0,0.0,0.0,0.0,7.732283465
273.2108317,1.0,LiBF4,0.0,0.33,0.33,0.0,0.0,0.0,0.0,0.0,0.33,0.0,0.065126186
322.35,0.088888889,LiBOB,0.3,0.7,0.0,0.0,0.0,0.0,0.0,0.0,0.0,0.0,2.081632653
302.55,1.6929,LiPF6,0.9,0.1,0.0,0.0,0.0,0.0,0.0,0.0,0.0,0.0,4.123
253.35,1.368421053,LiBF4,0.4,0.6,0.0,0.0,0.0,0.0,0.0,0.0,0.0,0.0,0.593532023
332.15,1.637982388,LiBF4,0.8,0.2,0.0,0.0,0.0,0.0,0.0,0.0,0.0,0.0,4.696969697
223.85,0.4612,LiPF6,0.3,0.7,0.0,0.0,0.0,0.0,0.0,0.0,0.0,0.0,0.5685
332.15,0.280794702,LiBOB,0.8,0.0,0.2,0.0,0.0,0.0,0.0,0.0,0.0,0.0,5.90843651
283.15,2.0,LiPF6,0.0,0.0,0.1,0.9,0.0,0.0,0.0,0.0,0.0,0.0,4.73
313.15,2.0,LiAsF6,0.125,0.0,0.125,0.0,0.0,0.0,0.0,0.0,0.0,0.75,8.88
313.15,1.0,LiClO4,0.0,0.0,0.5,0.0,0.0,0.0,0.0,0.0,0.0,0.0,12.93450037
302.55,0.835588828,LiBOB,0.8,0.0,0.2,0.0,0.0,0.0,0.0,0.0,0.0,0.0,3.936078318
253.15,1.138752135,LiPF6,0.27,0.0,0.27,0.36,0.0,0.0,0.0,0.1,0.0,0.0,1.588264845
373.3921278,0.08,LiBOB,1.0,0.0,0.0,0.0,0.0,0.0,0.0,0.0,0.0,0.0,2.712272579
322.35,0.844444444,LiBOB,0.7,0.0,0.3,0.0,0.0,0.0,0.0,0.0,0.0,0.0,6.471655329
322.35,0.549786109,LiPF6,0.7,0.0,0.3,0.0,0.0,0.0,0.0,0.0,0.0,0.0,10.30960248
213.15,1.0,LiAsF6,0.075,0.0,0.075,0.0,0.0,0.0,0.0,0.0,0.0,0.15,2.84
302.55,1.054256715,LiPF6,0.9,0.1,0.0,0.0,0.0,0.0,0.0,0.0,0.0,0.0,6.944163252
283.15,1.0,LiPF6,0.0,0.0,0.2,0.8,0.0,0.0,0.0,0.0,0.0,0.0,5.98
303.15,1.5,LiPF6,0.0,0.0,0.0,0.0,0.0,0.0,0.0,0.0,1.0,0.0,10.15
252.0023107,1.0,LiBOB,1.0,0.0,0.0,0.0,0.0,0.0,0.0,0.0,0.0,0.0,0.197948276
322.35,1.05302079,LiBF4,1.0,0.0,0.0,0.0,0.0,0.0,0.0,0.0,0.0,0.0,2.091670155
302.55,0.862529274,LiBF4,0.7,0.3,0.0,0.0,0.0,0.0,0.0,0.0,0.0,0.0,3.528571429
322.35,1.2541,LiPF6,0.3,0.7,0.0,0.0,0.0,0.0,0.0,0.0,0.0,0.0,9.35
272.95,2.060085837,LiBF4,0.7,0.3,0.0,0.0,0.0,0.0,0.0,0.0,0.0,0.0,0.81847307
302.55,0.318559719,LiBF4,0.7,0.3,0.0,0.0,0.0,0.0,0.0,0.0,0.0,0.0,3.257142857
303.15,0.476335146,LiPF6,0.0,0.0,0.3,0.4,0.0,0.0,0.0,0.0,0.0,0.0,11.16981132
322.35,0.849762702,LiBF4,0.6,0.4,0.0,0.0,0.0,0.0,0.0,0.0,0.0,0.0,4.3319933
282.85,0.222222222,LiBOB,0.3,0.7,0.0,0.0,0.0,0.0,0.0,0.0,0.0,0.0,2.285714286
332.15,0.553623188,LiBOB,0.6,0.0,0.4,0.0,0.0,0.0,0.0,0.0,0.0,0.0,7.71715755
313.3159269,0.5,LiBOB,0.0,0.0,0.0,0.0,0.0,0.0,0.0,0.0,0.0,0.0,7.255755239
292.9069031,1.0,LiFSI,0.0,0.0,0.3,0.7,0.0,0.0,0.0,0.0,0.0,0.0,6.964404506
292.65,0.314100978,LiBF4,0.9,0.1,0.0,0.0,0.0,0.0,0.0,0.0,0.0,0.0,2.991523326
313.15,1.611214953,LiPF6,0.0,0.0,0.3,0.7,0.0,0.0,0.0,0.0,0.0,0.0,10.45333333
293.15,1.0,LiAsF6,0.125,0.0,0.125,0.0,0.0,0.0,0.0,0.0,0.0,0.25,14.4
263.15,0.486325731,LiPF6,0.27,0.0,0.27,0.36,0.0,0.0,0.0,0.1,0.0,0.0,3.142369135
353.15,1.0,LiAsF6,0.0,0.0,0.2,0.0,0.0,0.0,0.4,0.0,0.0,0.0,13.04
312.45,2.13,LiPF6,0.3,0.7,0.0,0.0,0.0,0.0,0.0,0.0,0.0,0.0,5.556
263.3547441,0.5, LiBPFPB,1.0,0.0,0.0,0.0,0.0,0.0,0.0,0.0,0.0,0.0,0.679016368
292.65,0.7501,LiPF6,0.4,0.6,0.0,0.0,0.0,0.0,0.0,0.0,0.0,0.0,6.394
312.45,0.623529412,LiBOB,1.0,0.0,0.0,0.0,0.0,0.0,0.0,0.0,0.0,0.0,5.064516129
323.15,1.508239326,LiPF6,0.24,0.0,0.24,0.32,0.0,0.0,0.0,0.2,0.0,0.0,8.808510638
322.35,0.370614035,LiBF4,1.0,0.0,0.0,0.0,0.0,0.0,0.0,0.0,0.0,0.0,5.413577959
253.35,1.206487956,LiBF4,0.8,0.2,0.0,0.0,0.0,0.0,0.0,0.0,0.0,0.0,0.666666667
322.35,0.420289855,LiBOB,0.6,0.0,0.4,0.0,0.0,0.0,0.0,0.0,0.0,0.0,6.028985507
272.95,1.666846335,LiBF4,0.4,0.6,0.0,0.0,0.0,0.0,0.0,0.0,0.0,0.0,1.101724814
263.15,2.995,LiPF6,0.0,0.0,0.0,0.95,0.0,0.0,0.0,0.0,0.0,0.0,0.668
253.35,2.13,LiPF6,0.3,0.7,0.0,0.0,0.0,0.0,0.0,0.0,0.0,0.0,0.558
332.15,0.485714286,LiBOB,0.5,0.5,0.0,0.0,0.0,0.0,0.0,0.0,0.0,0.0,7.977443609
312.45,1.050547655,LiPF6,0.9,0.1,0.0,0.0,0.0,0.0,0.0,0.0,0.0,0.0,8.712567955
332.15,0.088888889,LiBOB,0.3,0.7,0.0,0.0,0.0,0.0,0.0,0.0,0.0,0.0,2.326530612
353.15,1.0,LiAsF6,0.0,0.0,0.0,0.0,0.0,0.0,0.0,0.0,0.0,0.0,23.54
253.35,1.879310345,LiBF4,0.6,0.4,0.0,0.0,0.0,0.0,0.0,0.0,0.0,0.0,0.423529412
303.670623,1.6, LiBPFPB,1.0,0.0,0.0,0.0,0.0,0.0,0.0,0.0,0.0,0.0,0.116756429
243.65,0.987346863,LiBF4,0.9,0.1,0.0,0.0,0.0,0.0,0.0,0.0,0.0,0.0,0.427236728
292.65,0.213333333,LiBOB,0.6,0.0,0.0,0.0,0.4,0.0,0.0,0.0,0.0,0.0,4.436363636
313.15,1.0,LiN(CF3SO2)2,0.0,0.0,0.0,0.0,0.0,0.0,0.0,0.0,0.0,0.0,12.47
322.35,0.271428571,LiBOB,0.5,0.5,0.0,0.0,0.0,0.0,0.0,0.0,0.0,0.0,5.402255639
263.15,0.39,LiBOB,0.6,0.4,0.0,0.0,0.0,0.0,0.0,0.0,0.0,0.0,1.817575758
243.65,0.3773,LiPF6,0.3,0.7,0.0,0.0,0.0,0.0,0.0,0.0,0.0,0.0,1.32
263.15,1.0,LiAsF6,0.375,0.0,0.375,0.0,0.0,0.0,0.0,0.0,0.0,0.25,3.34
272.95,0.895652174,LiBOB,0.9,0.0,0.0,0.0,0.1,0.0,0.0,0.0,0.0,0.0,1.834452394
292.65,0.3958,LiPF6,1.0,0.0,0.0,0.0,0.0,0.0,0.0,0.0,0.0,0.0,4.855
322.35,0.805825243,LiBF4,0.3,0.7,0.0,0.0,0.0,0.0,0.0,0.0,0.0,0.0,2.275870234
302.55,0.997297297,LiBOB,0.4,0.0,0.6,0.0,0.0,0.0,0.0,0.0,0.0,0.0,3.647058824
286.4614909,1.0,LiTFSI,0.0,0.0,0.5,0.0,0.0,0.0,0.0,0.0,0.5,0.0,6.596040829
312.45,1.211930364,LiBF4,0.8,0.2,0.0,0.0,0.0,0.0,0.0,0.0,0.0,0.0,3.985185185
303.030303,0.5,LiCF3SO3,0.0,0.0,0.0,0.0,0.0,0.0,0.0,0.0,0.0,0.0,6.332799594
233.15,1.0,LiN(CF3SO2)2,0.0,0.0,0.0,0.0,0.0,0.0,0.5,0.0,0.0,0.0,0.39
298.15,1.582803292,LiBPFPB,1.0,0.0,0.0,0.0,0.0,0.0,0.0,0.0,0.0,0.0,0.068414206
308.1151457,0.2, LiBPFPB,0.0,0.0,0.0,0.0,0.0,1.0,0.0,0.0,0.0,0.0,6.545758033
194.15,0.4496,LiPF6,0.8,0.2,0.0,0.0,0.0,0.0,0.0,0.0,0.0,0.0,0.004347
243.65,0.55787037,LiBF4,0.4,0.0,0.6,0.0,0.0,0.0,0.0,0.0,0.0,0.0,0.855306083
223.85,0.7501,LiPF6,0.4,0.6,0.0,0.0,0.0,0.0,0.0,0.0,0.0,0.0,0.4797
253.35,0.55,LiPF6,0.3,0.7,0.0,0.0,0.0,0.0,0.0,0.0,0.0,0.0,2.078
233.75,0.872696982,LiBF4,0.4,0.6,0.0,0.0,0.0,0.0,0.0,0.0,0.0,0.0,0.383477068
253.35,1.9321,LiPF6,0.4,0.6,0.0,0.0,0.0,0.0,0.0,0.0,0.0,0.0,0.5906
312.45,0.819884296,LiPF6,0.7,0.3,0.0,0.0,0.0,0.0,0.0,0.0,0.0,0.0,9.804986691
233.15,0.388235294,LiPF6,0.9,0.1,0.0,0.0,0.0,0.0,0.0,0.0,0.0,0.0,0.506521739
263.15,0.375130217,LiPF6,0.3,0.7,0.0,0.0,0.0,0.0,0.0,0.0,0.0,0.0,2.335648309
293.15,1.2,LiPF6,0.0,0.0,0.25,0.05,0.0,0.0,0.0,0.0,0.7,0.0,10.92359625
312.45,1.884120172,LiBF4,0.7,0.3,0.0,0.0,0.0,0.0,0.0,0.0,0.0,0.0,2.898023333
263.15,1.0,LiAsF6,0.15,0.0,0.15,0.0,0.0,0.35,0.0,0.0,0.0,0.35,8.24
253.35,0.108139908,LiBOB,0.8,0.0,0.0,0.0,0.2,0.0,0.0,0.0,0.0,0.0,0.794737405
371.4447432,1.3,LiBOB,1.0,0.0,0.0,0.0,0.0,0.0,0.0,0.0,0.0,0.0,14.23420884
272.95,1.6929,LiPF6,0.9,0.1,0.0,0.0,0.0,0.0,0.0,0.0,0.0,0.0,1.045
243.15,1.0,LiN(CF3SO2)2,0.0,0.0,0.0,0.0,0.0,0.5,0.0,0.0,0.0,0.0,4.3
292.65,1.865449628,LiPF6,0.55,0.0,0.45,0.0,0.0,0.0,0.0,0.0,0.0,0.0,2.191176471
292.65,0.701212721,LiBF4,0.9,0.1,0.0,0.0,0.0,0.0,0.0,0.0,0.0,0.0,3.316359361
303.0091549,1.0,LiBF4,0.0,0.0,0.3,0.7,0.0,0.0,0.0,0.0,0.0,0.0,3.084415584
253.15,0.883547258,LiPF6,0.0,0.0,0.5,0.5,0.0,0.0,0.0,0.0,0.0,0.0,2.546511628
263.15,0.763386346,LiPF6,0.3,0.7,0.0,0.0,0.0,0.0,0.0,0.0,0.0,0.0,2.905132301
332.15,1.302272727,LiPF6,0.6,0.4,0.0,0.0,0.0,0.0,0.0,0.0,0.0,0.0,12.30646307
243.65,0.688461538,LiPF6,0.4,0.0,0.6,0.0,0.0,0.0,0.0,0.0,0.0,0.0,0.811123409
332.15,0.5547,LiPF6,0.5,0.5,0.0,0.0,0.0,0.0,0.0,0.0,0.0,0.0,11.12
312.45,1.935185185,LiBF4,0.4,0.0,0.6,0.0,0.0,0.0,0.0,0.0,0.0,0.0,4.088658607
253.35,2.06223176,LiBF4,0.7,0.3,0.0,0.0,0.0,0.0,0.0,0.0,0.0,0.0,0.304449012
312.45,0.419672131,LiBOB,1.0,0.0,0.0,0.0,0.0,0.0,0.0,0.0,0.0,0.0,4.603044496
243.65,1.924091951,LiPF6,0.3,0.7,0.0,0.0,0.0,0.0,0.0,0.0,0.0,0.0,0.270088201
233.15,1.223529412,LiBF4,0.7,0.3,0.0,0.0,0.0,0.0,0.0,0.0,0.0,0.0,0.223529412
293.15,0.460674157,LiPF6,0.3,0.7,0.0,0.0,0.0,0.0,0.0,0.0,0.0,0.0,4.806796383
278.3167803,0.6,LiBOB,0.0,0.0,0.0,0.0,0.0,1.0,0.0,0.0,0.0,0.0,11.95661388
263.15,0.605104133,LiBF4,0.5,0.5,0.0,0.0,0.0,0.0,0.0,0.0,0.0,0.0,1.270961476
292.65,1.676229508,LiBF4,0.7,0.3,0.0,0.0,0.0,0.0,0.0,0.0,0.0,0.0,1.985714286
313.15,1.0,LiAsF6,0.0,0.0,0.0,0.0,0.0,0.0,0.5,0.0,0.0,0.0,8.17
282.85,0.7537,LiPF6,0.8,0.2,0.0,0.0,0.0,0.0,0.0,0.0,0.0,0.0,4.944
247.6843498,1.0,LiBOB,0.0,0.0,0.0,0.0,0.0,1.0,0.0,0.0,0.0,0.0,5.469291042
222.657102,1.3,LiBOB,1.0,0.0,0.0,0.0,0.0,0.0,0.0,0.0,0.0,0.0,0.000735642
302.55,0.718529537,LiBOB,0.5,0.0,0.0,0.0,0.5,0.0,0.0,0.0,0.0,0.0,9.814279643
292.65,0.25625,LiBOB,0.7,0.3,0.0,0.0,0.0,0.0,0.0,0.0,0.0,0.0,3.254237288
233.75,0.785408662,LiBF4,0.5,0.5,0.0,0.0,0.0,0.0,0.0,0.0,0.0,0.0,0.404179765
272.95,0.826461581,LiBF4,0.55,0.0,0.45,0.0,0.0,0.0,0.0,0.0,0.0,0.0,2.346254057
263.15,0.755485893,LiPF6,0.0,0.0,0.4,0.6,0.0,0.0,0.0,0.0,0.0,0.0,4.035087719
302.55,0.2585,LiPF6,0.3,0.7,0.0,0.0,0.0,0.0,0.0,0.0,0.0,0.0,3.908
292.65,1.021067031,LiBOB,0.7,0.0,0.0,0.0,0.3,0.0,0.0,0.0,0.0,0.0,5.534883721
279.9103,1.0,LiPF6,0.0,0.0,0.5,0.0,0.0,0.0,0.0,0.0,0.5,0.0,8.501391896
282.85,0.241334895,LiBF4,0.7,0.3,0.0,0.0,0.0,0.0,0.0,0.0,0.0,0.0,2.1
322.35,0.370685949,LiBOB,0.7,0.0,0.0,0.0,0.3,0.0,0.0,0.0,0.0,0.0,8.511627907
263.15,1.257940051,LiPF6,0.5,0.5,0.0,0.0,0.0,0.0,0.0,0.0,0.0,0.0,2.314540816
293.15,0.921348315,LiPF6,0.3,0.7,0.0,0.0,0.0,0.0,0.0,0.0,0.0,0.0,1.51603179
313.15,0.889903111,LiPF6,0.21,0.0,0.21,0.28,0.0,0.0,0.0,0.3,0.0,0.0,7.90209077
292.65,0.476666667,LiBOB,0.6,0.4,0.0,0.0,0.0,0.0,0.0,0.0,0.0,0.0,4.233333333
283.6042324,0.5, LiBPFPB,1.0,0.0,0.0,0.0,0.0,0.0,0.0,0.0,0.0,0.0,1.471046003
273.15,0.686706349,LiPF6,0.285,0.0,0.285,0.38,0.0,0.0,0.0,0.05,0.0,0.0,4.702067669
233.75,0.380516582,LiPF6,0.5,0.5,0.0,0.0,0.0,0.0,0.0,0.0,0.0,0.0,0.94872449
303.15,1.576196033,LiPF6,0.0,0.0,0.5,0.5,0.0,0.0,0.0,0.0,0.0,0.0,8.581395349
263.2106403,1.0,LiPF6,0.0,0.0,0.5,0.0,0.0,0.0,0.0,0.0,0.5,0.0,5.457005877
322.35,0.256603774,LiBOB,0.4,0.6,0.0,0.0,0.0,0.0,0.0,0.0,0.0,0.0,5.049672699
263.15,0.727868852,LiBOB,1.0,0.0,0.0,0.0,0.0,0.0,0.0,0.0,0.0,0.0,0.726580796
322.35,1.207025761,LiBF4,0.7,0.3,0.0,0.0,0.0,0.0,0.0,0.0,0.0,0.0,4.471428571
293.15,0.255813953,LiBF4,0.7,0.3,0.0,0.0,0.0,0.0,0.0,0.0,0.0,0.0,2.525
302.55,1.96728972,LiBF4,0.85,0.0,0.15,0.0,0.0,0.0,0.0,0.0,0.0,0.0,2.106082106
243.65,0.93835212,LiBOB,0.9,0.0,0.1,0.0,0.0,0.0,0.0,0.0,0.0,0.0,0.153439153
323.15,1.993,LiPF6,0.0,0.0,0.3,0.7,0.0,0.0,0.0,0.0,0.0,0.0,9.44
243.65,0.935294118,LiBOB,1.0,0.0,0.0,0.0,0.0,0.0,0.0,0.0,0.0,0.0,0.096774194
302.55,0.306566859,LiBOB,0.4,0.0,0.0,0.0,0.6,0.0,0.0,0.0,0.0,0.0,7.125552909
194.15,1.1019,LiPF6,0.6,0.4,0.0,0.0,0.0,0.0,0.0,0.0,0.0,0.0,0.0008224
292.65,0.619158879,LiBF4,0.85,0.0,0.15,0.0,0.0,0.0,0.0,0.0,0.0,0.0,3.586632089
243.15,1.0,LiAsF6,0.15,0.0,0.15,0.0,0.0,0.0,0.0,0.0,0.0,0.0,2.6
273.15,0.663972463,LiPF6,0.21,0.0,0.21,0.28,0.0,0.0,0.0,0.3,0.0,0.0,3.029831719
282.85,0.078125,LiBOB,0.7,0.3,0.0,0.0,0.0,0.0,0.0,0.0,0.0,0.0,1.220338983
312.9074316,0.5,LiBMB,0.0,0.0,0.0,0.0,0.0,0.0,0.0,0.0,0.0,0.0,7.097182825
345.5390842,1.0, LiBPFPB,1.0,0.0,0.0,0.0,0.0,0.0,0.0,0.0,0.0,0.0,5.904450286
322.35,0.153333333,LiBOB,0.6,0.4,0.0,0.0,0.0,0.0,0.0,0.0,0.0,0.0,4.138181818
273.15,0.5,LiAsF6,0.125,0.0,0.125,0.0,0.0,0.0,0.0,0.0,0.0,0.75,6.6
273.323601,1.0,LiPF6,0.0,0.0,0.5,0.0,0.0,0.0,0.0,0.0,0.0,0.0,5.429349189
332.15,1.0609,LiPF6,1.0,0.0,0.0,0.0,0.0,0.0,0.0,0.0,0.0,0.0,11.95
333.15,1.5,LiAsF6,0.0,0.0,0.0,0.0,0.0,0.0,0.5,0.0,0.0,0.0,6.55
243.15,0.621596244,LiPF6,0.0,0.0,0.2,0.8,0.0,0.0,0.0,0.0,0.0,0.0,1.798095238
332.15,0.073333333,LiBOB,0.6,0.4,0.0,0.0,0.0,0.0,0.0,0.0,0.0,0.0,2.741818182
292.65,0.441351031,LiBF4,0.5,0.5,0.0,0.0,0.0,0.0,0.0,0.0,0.0,0.0,2.27916262
332.15,1.9117,LiPF6,0.9,0.1,0.0,0.0,0.0,0.0,0.0,0.0,0.0,0.0,7.858
302.55,0.879310345,LiBF4,0.6,0.4,0.0,0.0,0.0,0.0,0.0,0.0,0.0,0.0,3.211764706
332.15,1.49518627,LiBF4,1.0,0.0,0.0,0.0,0.0,0.0,0.0,0.0,0.0,0.0,2.046602484
263.15,0.457366071,LiPF6,0.5,0.5,0.0,0.0,0.0,0.0,0.0,0.0,0.0,0.0,2.983163265
253.35,0.485714286,LiBOB,0.5,0.5,0.0,0.0,0.0,0.0,0.0,0.0,0.0,0.0,1.187969925
233.75,0.877952756,LiBF4,0.9,0.1,0.0,0.0,0.0,0.0,0.0,0.0,0.0,0.0,0.273972603
322.35,0.571351351,LiBOB,0.3,0.0,0.7,0.0,0.0,0.0,0.0,0.0,0.0,0.0,6.864705882
323.15,1.110280374,LiPF6,0.0,0.0,0.3,0.7,0.0,0.0,0.0,0.0,0.0,0.0,12.89142857
322.35,2.149,LiPF6,0.4,0.6,0.0,0.0,0.0,0.0,0.0,0.0,0.0,0.0,6.762
258.4924658,1.0,LiPDI,0.0,0.0,0.5,0.0,0.0,0.0,0.0,0.0,0.5,0.0,2.307946131
332.15,0.6659,LiPF6,1.0,0.0,0.0,0.0,0.0,0.0,0.0,0.0,0.0,0.0,11.96
302.55,0.343556768,LiBOB,0.9,0.1,0.0,0.0,0.0,0.0,0.0,0.0,0.0,0.0,4.044696426
286.3782509,0.6, LiBPFPB,0.0,0.0,0.0,0.0,0.0,1.0,0.0,0.0,0.0,0.0,9.613186427
263.15,0.368271254,LiBF4,0.9,0.1,0.0,0.0,0.0,0.0,0.0,0.0,0.0,0.0,1.48651157
298.0,1.0,LiTFSI,0.0,0.0,0.0,0.0,0.0,0.66,0.0,0.0,0.0,0.0,9.741935484
302.55,1.106818182,LiPF6,0.6,0.4,0.0,0.0,0.0,0.0,0.0,0.0,0.0,0.0,7.847230114
243.65,1.974299065,LiBF4,0.85,0.0,0.15,0.0,0.0,0.0,0.0,0.0,0.0,0.0,-0.009394725
332.15,1.933567426,LiPF6,0.4,0.6,0.0,0.0,0.0,0.0,0.0,0.0,0.0,0.0,9.05511811
233.75,0.395099593,LiBF4,0.7,0.0,0.3,0.0,0.0,0.0,0.0,0.0,0.0,0.0,0.424400181
312.45,0.136379091,LiBOB,0.5,0.0,0.0,0.0,0.5,0.0,0.0,0.0,0.0,0.0,4.382065448
332.15,0.329281768,LiBOB,0.5,0.0,0.0,0.0,0.5,0.0,0.0,0.0,0.0,0.0,9.975350616
292.65,0.935294118,LiBOB,1.0,0.0,0.0,0.0,0.0,0.0,0.0,0.0,0.0,0.0,2.580645161
273.15,0.488,LiPF6,0.0,0.0,0.3,0.7,0.0,0.0,0.0,0.0,0.0,0.0,4.697
293.15,1.0,LiAsF6,0.35,0.0,0.35,0.0,0.0,0.0,0.0,0.0,0.0,0.0,9.32
325.474706,1.3,LiBOB,1.0,0.0,0.0,0.0,0.0,0.0,0.0,0.0,0.0,0.0,5.411695265
272.8335832,0.4, LiBPFPB,0.0,0.0,0.0,0.0,0.0,1.0,0.0,0.0,0.0,0.0,7.308625499
312.45,0.371449406,LiPF6,0.3,0.7,0.0,0.0,0.0,0.0,0.0,0.0,0.0,0.0,5.64837836
233.15,1.399061033,LiPF6,0.0,0.0,0.2,0.8,0.0,0.0,0.0,0.0,0.0,0.0,0.700952381
322.35,0.815384615,LiPF6,0.4,0.0,0.6,0.0,0.0,0.0,0.0,0.0,0.0,0.0,11.79319314
253.35,0.470588235,LiBOB,1.0,0.0,0.0,0.0,0.0,0.0,0.0,0.0,0.0,0.0,0.580645161
243.65,0.557872222,LiPF6,0.7,0.0,0.3,0.0,0.0,0.0,0.0,0.0,0.0,0.0,0.870378743
282.85,0.52375,LiBOB,0.7,0.3,0.0,0.0,0.0,0.0,0.0,0.0,0.0,0.0,3.010169492
333.1928691,1.2,LiBOB,0.0,0.0,0.0,0.0,0.0,1.0,0.0,0.0,0.0,0.0,22.96961508
233.75,1.866504854,LiBF4,0.3,0.7,0.0,0.0,0.0,0.0,0.0,0.0,0.0,0.0,0.204179493
253.35,0.5658,LiPF6,0.7,0.3,0.0,0.0,0.0,0.0,0.0,0.0,0.0,0.0,1.94
333.15,3.0,LiAsF6,0.125,0.0,0.125,0.0,0.0,0.0,0.0,0.0,0.0,0.75,6.46
273.15,1.0,LiAsF6,0.0,0.0,0.0,0.0,0.0,0.0,0.0,0.0,0.0,0.0,11.0
282.85,0.21,LiBOB,0.6,0.4,0.0,0.0,0.0,0.0,0.0,0.0,0.0,0.0,2.475757576
272.95,0.361518069,LiBF4,1.0,0.0,0.0,0.0,0.0,0.0,0.0,0.0,0.0,0.0,1.988279615
293.15,3.0,LiAsF6,0.125,0.0,0.125,0.0,0.0,0.0,0.0,0.0,0.0,0.75,1.97
353.15,1.0,LiAsF6,0.0,0.0,0.0,0.0,0.0,0.15,0.5,0.0,0.0,0.0,12.34
282.85,0.7671,LiPF6,0.5,0.5,0.0,0.0,0.0,0.0,0.0,0.0,0.0,0.0,5.398
233.75,0.10625,LiBOB,0.7,0.3,0.0,0.0,0.0,0.0,0.0,0.0,0.0,0.0,0.271186441
272.95,0.796455939,LiPF6,0.55,0.0,0.45,0.0,0.0,0.0,0.0,0.0,0.0,0.0,3.205882353
243.15,1.0,LiAsF6,0.0,0.0,0.2,0.0,0.0,0.0,0.4,0.0,0.0,0.0,0.32
333.15,1.493097559,LiPF6,0.27,0.0,0.27,0.36,0.0,0.0,0.0,0.1,0.0,0.0,13.2708731
233.75,0.304347826,LiBOB,0.6,0.0,0.4,0.0,0.0,0.0,0.0,0.0,0.0,0.0,0.079943899
237.9380002,1.0,LiBOB,1.0,0.0,0.0,0.0,0.0,0.0,0.0,0.0,0.0,0.0,0.073564225
243.65,0.470788283,LiBOB,0.9,0.0,0.1,0.0,0.0,0.0,0.0,0.0,0.0,0.0,0.351851852
272.95,0.280701754,LiBF4,1.0,0.0,0.0,0.0,0.0,0.0,0.0,0.0,0.0,0.0,1.893161601
263.15,0.362173354,LiPF6,0.24,0.0,0.24,0.32,0.0,0.0,0.0,0.2,0.0,0.0,2.446808511
272.95,0.6653,LiPF6,0.7,0.3,0.0,0.0,0.0,0.0,0.0,0.0,0.0,0.0,3.936
233.75,0.6524,LiPF6,0.9,0.1,0.0,0.0,0.0,0.0,0.0,0.0,0.0,0.0,0.4233
263.15,0.572981197,LiBOB,0.9,0.1,0.0,0.0,0.0,0.0,0.0,0.0,0.0,0.0,0.985359552
318.6548596,1.0, LiBPFPB,1.0,0.0,0.0,0.0,0.0,0.0,0.0,0.0,0.0,0.0,3.32881646
292.65,0.841602535,LiBF4,0.7,0.0,0.3,0.0,0.0,0.0,0.0,0.0,0.0,0.0,3.671706655
332.15,1.667581341,LiBF4,0.4,0.6,0.0,0.0,0.0,0.0,0.0,0.0,0.0,0.0,3.388377107
263.15,1.561873531,LiBF4,0.9,0.1,0.0,0.0,0.0,0.0,0.0,0.0,0.0,0.0,0.655921297
303.15,0.632031172,LiPF6,0.3,0.0,0.3,0.4,0.0,0.0,0.0,0.0,0.0,0.0,9.797182536
263.15,0.503,LiPF6,0.0,0.0,0.5,0.0,0.0,0.0,0.0,0.0,0.5,0.0,4.959
233.75,0.675438596,LiBF4,0.4,0.6,0.0,0.0,0.0,0.0,0.0,0.0,0.0,0.0,0.357218347
213.95,2.1166,LiPF6,0.5,0.5,0.0,0.0,0.0,0.0,0.0,0.0,0.0,0.0,0.0003807
292.65,0.64254386,LiBF4,1.0,0.0,0.0,0.0,0.0,0.0,0.0,0.0,0.0,0.0,3.390474426
272.95,1.044117647,LiBOB,1.0,0.0,0.0,0.0,0.0,0.0,0.0,0.0,0.0,0.0,0.903225806
263.15,1.0,LiAsF6,0.0,0.0,0.0,0.0,0.0,0.15,0.5,0.0,0.0,0.0,1.17
332.15,0.764486889,LiBF4,0.5,0.5,0.0,0.0,0.0,0.0,0.0,0.0,0.0,0.0,4.250458617
213.95,0.6385,LiPF6,0.8,0.2,0.0,0.0,0.0,0.0,0.0,0.0,0.0,0.0,0.07876
253.35,0.681756002,LiBF4,0.6,0.4,0.0,0.0,0.0,0.0,0.0,0.0,0.0,0.0,0.949413735
272.95,0.580083112,LiPF6,0.7,0.3,0.0,0.0,0.0,0.0,0.0,0.0,0.0,0.0,3.895485904
223.85,0.6385,LiPF6,0.8,0.2,0.0,0.0,0.0,0.0,0.0,0.0,0.0,0.0,0.2392
313.15,1.0,LiClO4,0.0,0.0,0.2,0.0,0.0,0.0,0.0,0.0,0.0,0.0,10.62692301
293.15,1.102904905,LiBF4,0.5,0.5,0.0,0.0,0.0,0.0,0.0,0.0,0.0,0.0,2.317073171
253.35,1.6827,LiPF6,1.0,0.0,0.0,0.0,0.0,0.0,0.0,0.0,0.0,0.0,0.157
272.95,0.392329844,LiBF4,0.55,0.0,0.45,0.0,0.0,0.0,0.0,0.0,0.0,0.0,2.460026512
302.55,0.866486486,LiBOB,0.3,0.0,0.7,0.0,0.0,0.0,0.0,0.0,0.0,0.0,4.041176471
263.172549,0.1,LiPF6,0.0,0.0,0.0,0.0,0.0,0.0,0.0,0.0,0.0,0.0,0.042418173
273.15,1.0,LiAsF6,0.0,0.0,0.0,0.0,0.0,0.0,0.0,0.0,0.0,0.0,13.63
263.15,0.6659,LiPF6,1.0,0.0,0.0,0.0,0.0,0.0,0.0,0.0,0.0,0.0,2.039
292.65,0.5389,LiPF6,0.4,0.6,0.0,0.0,0.0,0.0,0.0,0.0,0.0,0.0,5.86
233.75,1.354368932,LiBF4,0.3,0.7,0.0,0.0,0.0,0.0,0.0,0.0,0.0,0.0,0.277054227
282.85,0.515639609,LiBOB,0.5,0.0,0.0,0.0,0.5,0.0,0.0,0.0,0.0,0.0,6.427114322
333.15,1.574329055,LiPF6,0.0,0.0,0.5,0.5,0.0,0.0,0.0,0.0,0.0,0.0,15.10465116
292.65,0.599813799,LiBF4,0.4,0.6,0.0,0.0,0.0,0.0,0.0,0.0,0.0,0.0,1.959035672
292.65,1.2734346,LiBF4,0.9,0.1,0.0,0.0,0.0,0.0,0.0,0.0,0.0,0.0,2.531122386
313.15,1.042763158,LiPF6,0.285,0.0,0.285,0.38,0.0,0.0,0.0,0.05,0.0,0.0,11.36038012
282.85,0.036397351,LiBOB,0.8,0.2,0.0,0.0,0.0,0.0,0.0,0.0,0.0,0.0,0.670728477
292.65,1.229667122,LiPF6,0.9,0.1,0.0,0.0,0.0,0.0,0.0,0.0,0.0,0.0,4.727189952
212.2342837,0.5,LiClO4,0.0,0.0,0.0,0.0,0.0,1.0,0.0,0.0,0.0,0.0,0.220060166
313.15,0.5,LiAsF6,0.0,0.0,0.0,0.0,0.0,0.0,0.5,0.0,0.0,0.0,2.99
282.85,0.701886792,LiBOB,0.3,0.0,0.0,0.0,0.7,0.0,0.0,0.0,0.0,0.0,8.572102426
322.35,0.470588235,LiBOB,1.0,0.0,0.0,0.0,0.0,0.0,0.0,0.0,0.0,0.0,5.935483871
332.15,0.120643031,LiBOB,0.9,0.1,0.0,0.0,0.0,0.0,0.0,0.0,0.0,0.0,3.816133199
322.35,0.514765451,LiBF4,0.4,0.6,0.0,0.0,0.0,0.0,0.0,0.0,0.0,0.0,2.790180321
353.3308796,0.5,LiBOB,0.0,0.0,0.0,0.0,0.0,0.0,0.0,0.0,0.0,0.0,13.08761751
332.15,0.557631425,LiBOB,0.7,0.0,0.0,0.0,0.3,0.0,0.0,0.0,0.0,0.0,11.27906977
332.15,0.681102362,LiBF4,0.9,0.1,0.0,0.0,0.0,0.0,0.0,0.0,0.0,0.0,6.369863014
262.5014503,0.5,LiTFSI,0.0,0.0,0.0,0.0,0.0,1.0,0.0,0.0,0.0,0.0,7.13824024
322.35,0.321742359,LiBF4,0.9,0.1,0.0,0.0,0.0,0.0,0.0,0.0,0.0,0.0,4.8094914
243.15,1.0,LiAsF6,0.25,0.0,0.25,0.0,0.0,0.5,0.0,0.0,0.0,0.0,3.35
303.15,3.001,LiPF6,0.0,0.0,0.0,0.95,0.0,0.0,0.0,0.0,0.0,0.0,3.242
292.65,0.421121972,LiBOB,0.5,0.0,0.0,0.0,0.5,0.0,0.0,0.0,0.0,0.0,7.058648534
302.55,1.57316545,LiBF4,0.9,0.1,0.0,0.0,0.0,0.0,0.0,0.0,0.0,0.0,2.690570474
273.15,1.0,LiAsF6,0.075,0.0,0.075,0.0,0.0,0.0,0.0,0.0,0.0,0.0,8.68
322.35,1.050668166,LiPF6,0.9,0.1,0.0,0.0,0.0,0.0,0.0,0.0,0.0,0.0,10.59012881
317.9860881,0.5,LiBMB,0.0,0.0,0.0,0.0,0.0,0.0,0.0,0.0,0.0,0.0,7.680686594
292.65,0.49047619,LiBOB,0.5,0.5,0.0,0.0,0.0,0.0,0.0,0.0,0.0,0.0,4.081453634
302.55,0.762295082,LiBF4,0.7,0.3,0.0,0.0,0.0,0.0,0.0,0.0,0.0,0.0,0.985714286
312.45,2.048627299,LiBF4,0.8,0.2,0.0,0.0,0.0,0.0,0.0,0.0,0.0,0.0,2.606060606
313.15,0.57654258,LiPF6,0.21,0.0,0.21,0.28,0.0,0.0,0.0,0.3,0.0,0.0,7.557878633
302.55,0.6385,LiPF6,0.8,0.2,0.0,0.0,0.0,0.0,0.0,0.0,0.0,0.0,7.8
312.45,0.646822019,LiPF6,0.4,0.6,0.0,0.0,0.0,0.0,0.0,0.0,0.0,0.0,8.42519685
332.15,0.318894069,LiBF4,0.8,0.2,0.0,0.0,0.0,0.0,0.0,0.0,0.0,0.0,5.363636364
253.35,0.876372011,LiBF4,0.4,0.6,0.0,0.0,0.0,0.0,0.0,0.0,0.0,0.0,0.816738534
333.15,0.790277778,LiPF6,0.285,0.0,0.285,0.38,0.0,0.0,0.0,0.05,0.0,0.0,15.30921053
302.55,0.036107363,LiBOB,0.9,0.1,0.0,0.0,0.0,0.0,0.0,0.0,0.0,0.0,0.906645615
253.35,0.617897893,LiBF4,0.5,0.5,0.0,0.0,0.0,0.0,0.0,0.0,0.0,0.0,0.954360228
282.85,0.573857014,LiPF6,1.0,0.0,0.0,0.0,0.0,0.0,0.0,0.0,0.0,0.0,4.1826779
272.95,0.38125,LiBOB,0.7,0.3,0.0,0.0,0.0,0.0,0.0,0.0,0.0,0.0,2.203389831
233.75,0.77830714,LiBF4,0.9,0.1,0.0,0.0,0.0,0.0,0.0,0.0,0.0,0.0,0.265251825
312.45,1.968503937,LiBF4,0.9,0.1,0.0,0.0,0.0,0.0,0.0,0.0,0.0,0.0,2.684931507
323.15,0.772993067,LiPF6,0.27,0.0,0.27,0.36,0.0,0.0,0.0,0.1,0.0,0.0,12.57630865
282.85,1.461676243,LiPF6,0.4,0.6,0.0,0.0,0.0,0.0,0.0,0.0,0.0,0.0,4.015748031
353.15,0.75,LiAsF6,0.0,0.0,0.0,0.0,0.0,0.0,0.5,0.0,0.0,0.0,9.23
313.15,0.497,LiPF6,0.0,0.0,0.3,0.7,0.0,0.0,0.0,0.0,0.0,0.0,9.07
282.85,0.895652174,LiBOB,0.9,0.0,0.0,0.0,0.1,0.0,0.0,0.0,0.0,0.0,2.720528343
302.55,0.118782833,LiBOB,0.9,0.1,0.0,0.0,0.0,0.0,0.0,0.0,0.0,0.0,2.355533228
292.65,1.078288551,LiBF4,0.5,0.5,0.0,0.0,0.0,0.0,0.0,0.0,0.0,0.0,2.331283047
302.55,0.4496,LiPF6,0.8,0.2,0.0,0.0,0.0,0.0,0.0,0.0,0.0,0.0,7.009
263.15,0.251851852,LiBOB,0.3,0.7,0.0,0.0,0.0,0.0,0.0,0.0,0.0,0.0,1.551020408
302.55,1.417831951,LiBF4,0.9,0.1,0.0,0.0,0.0,0.0,0.0,0.0,0.0,0.0,2.953656726
272.95,0.6385,LiPF6,0.8,0.2,0.0,0.0,0.0,0.0,0.0,0.0,0.0,0.0,3.726
233.75,1.056425027,LiPF6,1.0,0.0,0.0,0.0,0.0,0.0,0.0,0.0,0.0,0.0,0.075521961
253.15,1.0,LiAsF6,0.0,0.0,0.0,0.0,0.0,0.0,0.0,0.0,0.0,0.7,11.83
253.35,0.575,LiPF6,0.4,0.0,0.6,0.0,0.0,0.0,0.0,0.0,0.0,0.0,1.570448257
332.15,0.43185059,LiPF6,0.7,0.0,0.3,0.0,0.0,0.0,0.0,0.0,0.0,0.0,10.81028067
332.15,0.358715498,LiBOB,1.0,0.0,0.0,0.0,0.0,0.0,0.0,0.0,0.0,0.0,6.333798733
194.15,1.7176,LiPF6,0.4,0.6,0.0,0.0,0.0,0.0,0.0,0.0,0.0,0.0,5.16e-05
243.15,1.56996703,LiPF6,0.3,0.0,0.3,0.4,0.0,0.0,0.0,0.0,0.0,0.0,0.275552003
302.55,0.605509934,LiBOB,0.8,0.2,0.0,0.0,0.0,0.0,0.0,0.0,0.0,0.0,4.438675497
253.15,0.601253918,LiPF6,0.0,0.0,0.4,0.6,0.0,0.0,0.0,0.0,0.0,0.0,2.877192982
322.35,0.278508772,LiBF4,1.0,0.0,0.0,0.0,0.0,0.0,0.0,0.0,0.0,0.0,4.94230294
292.65,1.509090909,LiPF6,0.6,0.4,0.0,0.0,0.0,0.0,0.0,0.0,0.0,0.0,4.750426136
263.15,0.584090909,LiPF6,0.6,0.4,0.0,0.0,0.0,0.0,0.0,0.0,0.0,0.0,3.065269886
313.15,1.0,LiClO4,0.0,0.0,0.4,0.0,0.0,0.0,0.0,0.0,0.0,0.0,12.85351648
302.55,0.486622517,LiBOB,0.8,0.2,0.0,0.0,0.0,0.0,0.0,0.0,0.0,0.0,4.526622517
243.65,1.708417022,LiPF6,0.9,0.1,0.0,0.0,0.0,0.0,0.0,0.0,0.0,0.0,0.317291985
212.4844588,0.2,LiBOB,0.0,0.0,0.0,0.0,0.0,1.0,0.0,0.0,0.0,0.0,1.383626306
243.65,0.196296296,LiBOB,0.3,0.7,0.0,0.0,0.0,0.0,0.0,0.0,0.0,0.0,0.734693878
243.65,0.536078123,LiBF4,0.5,0.5,0.0,0.0,0.0,0.0,0.0,0.0,0.0,0.0,0.663232041
332.15,0.38125,LiBOB,0.7,0.3,0.0,0.0,0.0,0.0,0.0,0.0,0.0,0.0,7.559322034
303.15,1.0,LiPF6,0.0,0.0,0.3,0.5,0.0,0.0,0.0,0.0,0.0,0.0,12.2962963
283.3683678,1.2,LiBOB,0.0,0.0,0.0,0.0,0.0,1.0,0.0,0.0,0.0,0.0,12.4758434
298.15,0.693258427,LiClO4,0.0,0.0,0.5,0.0,0.0,0.0,0.0,0.0,0.0,0.0,9.078886311
322.35,1.197906198,LiBF4,0.6,0.4,0.0,0.0,0.0,0.0,0.0,0.0,0.0,0.0,4.025572306
278.15,0.09987174,LiAsF6,0.32,0.0,0.0,0.0,0.0,0.68,0.0,0.0,0.0,0.0,0.335027179
283.15,1.005023611,LiPF6,0.27,0.0,0.27,0.36,0.0,0.0,0.0,0.1,0.0,0.0,5.563950568
278.15,1.592438771,LiAsF6,0.32,0.0,0.0,0.0,0.0,0.68,0.0,0.0,0.0,0.0,1.010126428
332.15,0.6653,LiPF6,0.7,0.3,0.0,0.0,0.0,0.0,0.0,0.0,0.0,0.0,12.71
293.15,0.391844194,LiPF6,0.285,0.0,0.285,0.38,0.0,0.0,0.0,0.05,0.0,0.0,6.505325815
302.55,1.095730433,LiBF4,0.4,0.6,0.0,0.0,0.0,0.0,0.0,0.0,0.0,0.0,2.366522932
312.45,0.66765683,LiBOB,0.7,0.0,0.0,0.0,0.3,0.0,0.0,0.0,0.0,0.0,8.813953488
233.75,0.6372,LiPF6,0.4,0.6,0.0,0.0,0.0,0.0,0.0,0.0,0.0,0.0,0.9614
332.15,0.508943506,LiBF4,0.8,0.2,0.0,0.0,0.0,0.0,0.0,0.0,0.0,0.0,5.888888889
312.45,0.4017852,LiBOB,0.8,0.0,0.2,0.0,0.0,0.0,0.0,0.0,0.0,0.0,4.894327671
292.65,0.805825243,LiBF4,0.3,0.7,0.0,0.0,0.0,0.0,0.0,0.0,0.0,0.0,1.531967795
291.9425524,0.2,LiBOB,0.0,0.0,0.0,0.0,0.0,1.0,0.0,0.0,0.0,0.0,5.565412471
292.65,0.702294943,LiBOB,0.5,0.0,0.0,0.0,0.5,0.0,0.0,0.0,0.0,0.0,2.021674458
243.65,0.190608621,LiBOB,0.8,0.0,0.0,0.0,0.2,0.0,0.0,0.0,0.0,0.0,0.780404321
213.15,1.0,LiPF6,0.125,0.0,0.125,0.0,0.0,0.0,0.0,0.0,0.0,0.75,0.95
282.85,1.076446493,LiBF4,0.8,0.2,0.0,0.0,0.0,0.0,0.0,0.0,0.0,0.0,2.185185185
213.95,1.9123,LiPF6,1.0,0.0,0.0,0.0,0.0,0.0,0.0,0.0,0.0,0.0,5.73e-05
382.7168208,0.5,LiBOB,1.0,0.0,0.0,0.0,0.0,0.0,0.0,0.0,0.0,0.0,12.78399719
333.15,2.0,LiAsF6,0.125,0.0,0.125,0.0,0.0,0.0,0.0,0.0,0.0,0.75,2.06
322.35,1.13963309,LiBF4,0.9,0.1,0.0,0.0,0.0,0.0,0.0,0.0,0.0,0.0,5.038361589
323.566979,0.8,LiBOB,0.0,0.0,0.0,0.0,0.0,1.0,0.0,0.0,0.0,0.0,18.82838854
353.15,2.0,LiAsF6,0.85,0.0,0.15,0.0,0.0,0.0,0.0,0.0,0.0,0.0,12.23
332.15,0.278678913,LiBOB,0.7,0.0,0.0,0.0,0.3,0.0,0.0,0.0,0.0,0.0,8.255813953
354.5405767,0.5, LiBPFPB,1.0,0.0,0.0,0.0,0.0,0.0,0.0,0.0,0.0,0.0,6.520466444
263.15,1.36637931,LiBF4,0.6,0.4,0.0,0.0,0.0,0.0,0.0,0.0,0.0,0.0,0.976470588
313.15,0.5,LiAsF6,0.0,0.0,0.0,0.0,0.0,0.0,0.5,0.0,0.0,0.0,3.7
322.35,0.786379928,LiBF4,0.8,0.2,0.0,0.0,0.0,0.0,0.0,0.0,0.0,0.0,5.296296296
241.9620194,1.0,LiBOB,1.0,0.0,0.0,0.0,0.0,0.0,0.0,0.0,0.0,0.0,0.06940317
316.9162971,0.2, LiBPFPB,0.0,0.0,0.0,0.0,0.0,1.0,0.0,0.0,0.0,0.0,6.790977955
282.85,0.125714286,LiBOB,0.6,0.0,0.0,0.0,0.4,0.0,0.0,0.0,0.0,0.0,2.581818182
272.95,0.129165563,LiBOB,0.8,0.2,0.0,0.0,0.0,0.0,0.0,0.0,0.0,0.0,1.299072848
282.85,0.756756757,LiBOB,0.4,0.0,0.6,0.0,0.0,0.0,0.0,0.0,0.0,0.0,2.147058824
293.15,2.0,LiPF6,0.0,0.0,0.3,0.0,0.0,0.0,0.0,0.0,0.7,0.0,9.38
233.75,0.3622,LiPF6,0.4,0.6,0.0,0.0,0.0,0.0,0.0,0.0,0.0,0.0,0.9304
243.65,0.125925926,LiBOB,0.3,0.7,0.0,0.0,0.0,0.0,0.0,0.0,0.0,0.0,0.571428571
233.75,0.45017067,LiPF6,0.85,0.0,0.15,0.0,0.0,0.0,0.0,0.0,0.0,0.0,0.434108527
271.2697639,0.5,LiBOB,1.0,0.0,0.0,0.0,0.0,0.0,0.0,0.0,0.0,0.0,1.876434172
292.65,1.004052716,LiBF4,0.9,0.1,0.0,0.0,0.0,0.0,0.0,0.0,0.0,0.0,2.944251949
272.95,0.434579439,LiBF4,0.85,0.0,0.15,0.0,0.0,0.0,0.0,0.0,0.0,0.0,2.170279395
312.45,0.067924528,LiBOB,0.4,0.6,0.0,0.0,0.0,0.0,0.0,0.0,0.0,0.0,1.782056219
292.65,0.428125,LiBOB,0.7,0.3,0.0,0.0,0.0,0.0,0.0,0.0,0.0,0.0,3.86440678
263.15,0.428149092,LiBF4,0.4,0.6,0.0,0.0,0.0,0.0,0.0,0.0,0.0,0.0,1.009800078
332.15,0.217829194,LiBOB,0.4,0.0,0.0,0.0,0.6,0.0,0.0,0.0,0.0,0.0,7.538278326
292.65,0.692553824,LiBF4,0.55,0.0,0.45,0.0,0.0,0.0,0.0,0.0,0.0,0.0,4.159025461
333.15,0.75,LiAsF6,0.0,0.0,0.0,0.0,0.0,0.0,0.5,0.0,0.0,0.0,6.9
332.6403326,0.5,LiCF3SO3,0.0,0.0,0.0,0.0,0.0,0.0,0.0,0.0,0.0,0.0,10.04834216
322.35,0.692752637,LiBOB,0.4,0.0,0.0,0.0,0.6,0.0,0.0,0.0,0.0,0.0,2.873086084
289.8700897,1.0,LiPF6,0.0,0.0,0.5,0.0,0.0,0.0,0.0,0.0,0.5,0.0,10.33792144
293.15,0.767326434,LiPF6,0.27,0.0,0.27,0.36,0.0,0.0,0.0,0.1,0.0,0.0,7.448005626
302.55,1.062218445,LiBOB,0.5,0.0,0.0,0.0,0.5,0.0,0.0,0.0,0.0,0.0,9.784955376
312.45,2.043859649,LiBF4,0.4,0.6,0.0,0.0,0.0,0.0,0.0,0.0,0.0,0.0,2.155569647
283.15,0.614953271,LiPF6,0.0,0.0,0.3,0.7,0.0,0.0,0.0,0.0,0.0,0.0,6.156190476
332.15,0.372972973,LiBOB,0.3,0.0,0.7,0.0,0.0,0.0,0.0,0.0,0.0,0.0,7.147058824
213.95,0.5658,LiPF6,0.7,0.3,0.0,0.0,0.0,0.0,0.0,0.0,0.0,0.0,0.1279
233.75,1.102272727,LiPF6,0.6,0.4,0.0,0.0,0.0,0.0,0.0,0.0,0.0,0.0,0.487713068
298.0,1.0,LiTFSI,0.0,0.0,0.6,0.0,0.0,0.0,0.0,0.0,0.4,0.0,9.093333333
233.75,0.107407407,LiBOB,0.3,0.7,0.0,0.0,0.0,0.0,0.0,0.0,0.0,0.0,0.367346939
332.15,1.880079707,LiBF4,0.4,0.6,0.0,0.0,0.0,0.0,0.0,0.0,0.0,0.0,3.262740102
312.45,1.087719298,LiBF4,0.4,0.6,0.0,0.0,0.0,0.0,0.0,0.0,0.0,0.0,2.68463327
292.65,0.255507392,LiBOB,0.9,0.1,0.0,0.0,0.0,0.0,0.0,0.0,0.0,0.0,2.909631118
282.85,0.301449275,LiBOB,0.6,0.0,0.4,0.0,0.0,0.0,0.0,0.0,0.0,0.0,2.144927536
292.65,0.679561886,LiBF4,0.5,0.5,0.0,0.0,0.0,0.0,0.0,0.0,0.0,0.0,2.443509226
333.0,3.330634278,LiPF6,0.1,0.0,0.27,0.0,0.0,0.0,0.0,0.0,0.63,0.0,7.675649663
263.15,0.5,LiBF4,0.0,0.0,0.0,0.0,0.0,0.0,0.5,0.0,0.0,0.0,0.62
253.35,0.448,LiPF6,0.8,0.2,0.0,0.0,0.0,0.0,0.0,0.0,0.0,0.0,1.747887324
312.45,0.428998432,LiBF4,0.4,0.6,0.0,0.0,0.0,0.0,0.0,0.0,0.0,0.0,2.341042728
313.15,0.955548449,LiPF6,0.0,0.0,0.3,0.4,0.0,0.0,0.0,0.0,0.0,0.0,16.98113208
302.55,0.138095238,LiBOB,0.5,0.5,0.0,0.0,0.0,0.0,0.0,0.0,0.0,0.0,2.647869674
322.35,0.541176471,LiBOB,1.0,0.0,0.0,0.0,0.0,0.0,0.0,0.0,0.0,0.0,6.129032258
283.576009,1.0, LiBPFPB,1.0,0.0,0.0,0.0,0.0,0.0,0.0,0.0,0.0,0.0,1.15437199
272.95,1.246,LiPF6,0.8,0.2,0.0,0.0,0.0,0.0,0.0,0.0,0.0,0.0,2.471887324
332.15,0.17037037,LiBOB,0.3,0.7,0.0,0.0,0.0,0.0,0.0,0.0,0.0,0.0,3.836734694
233.15,1.388235294,LiBF4,0.9,0.1,0.0,0.0,0.0,0.0,0.0,0.0,0.0,0.0,0.113043478
302.55,0.723803544,LiBF4,1.0,0.0,0.0,0.0,0.0,0.0,0.0,0.0,0.0,0.0,0.836333194
273.15,1.0,LiCF3SO3,0.125,0.0,0.125,0.0,0.0,0.0,0.0,0.0,0.0,0.75,1.34
258.777249,1.2,LiBOB,0.0,0.0,0.0,0.0,0.0,1.0,0.0,0.0,0.0,0.0,7.162772432
253.15,1.0,LiAsF6,0.0,0.0,0.0,0.0,0.0,0.0,0.0,0.0,0.0,0.3,2.12
382.2084552,2.57, LiBPFPB,1.0,0.0,0.0,0.0,0.0,0.0,0.0,0.0,0.0,0.0,0.001168892
374.962991,0.5, LiBPFPB,1.0,0.0,0.0,0.0,0.0,0.0,0.0,0.0,0.0,0.0,7.958038825
293.15,1.0,LiAsF6,0.125,0.0,0.125,0.0,0.0,0.0,0.0,0.0,0.0,0.0,14.79
292.65,0.304865601,LiBOB,0.4,0.0,0.0,0.0,0.6,0.0,0.0,0.0,0.0,0.0,6.23239197
293.4655666,1.2,LiBOB,0.0,0.0,0.0,0.0,0.0,1.0,0.0,0.0,0.0,0.0,14.95176757
273.15,1.503,LiPF6,0.0,0.0,0.5,0.0,0.0,0.0,0.0,0.0,0.5,0.0,4.488
293.15,1.558823529,LiBF4,0.9,0.1,0.0,0.0,0.0,0.0,0.0,0.0,0.0,0.0,2.102564103
263.15,0.409722222,LiBF4,0.4,0.0,0.6,0.0,0.0,0.0,0.0,0.0,0.0,0.0,1.993283439
313.15,1.0,LiAsF6,0.0,0.0,0.0,0.0,0.0,0.0,0.5,0.0,0.0,0.0,5.85
333.15,0.61971831,LiPF6,0.0,0.0,0.2,0.8,0.0,0.0,0.0,0.0,0.0,0.0,9.813333333
292.65,0.547602649,LiBOB,0.8,0.2,0.0,0.0,0.0,0.0,0.0,0.0,0.0,0.0,3.499337748
253.35,0.281481481,LiBOB,0.3,0.7,0.0,0.0,0.0,0.0,0.0,0.0,0.0,0.0,1.224489796
333.15,0.75,LiN(CF3SO2)2,0.0,0.0,0.0,0.0,0.0,0.0,0.5,0.0,0.0,0.0,6.3
313.15,0.691248541,LiPF6,0.0,0.0,0.5,0.5,0.0,0.0,0.0,0.0,0.0,0.0,11.96511628
292.65,1.927573243,LiPF6,0.4,0.6,0.0,0.0,0.0,0.0,0.0,0.0,0.0,0.0,3.732283465
332.15,1.4766,LiPF6,0.5,0.5,0.0,0.0,0.0,0.0,0.0,0.0,0.0,0.0,11.34
248.3378581,1.0,LiBOB,0.0,0.0,0.0,0.0,0.0,1.0,0.0,0.0,0.0,0.0,4.671052784
313.15,1.499,LiPF6,0.0,0.0,0.0,0.95,0.0,0.0,0.0,0.0,0.0,0.0,8.34
282.85,1.651214405,LiBF4,0.6,0.4,0.0,0.0,0.0,0.0,0.0,0.0,0.0,0.0,1.424232272
302.55,0.487697488,LiBF4,0.8,0.2,0.0,0.0,0.0,0.0,0.0,0.0,0.0,0.0,3.863636364
263.15,1.356796117,LiBF4,0.3,0.7,0.0,0.0,0.0,0.0,0.0,0.0,0.0,0.0,0.813698792
253.35,0.802508971,LiBOB,0.9,0.1,0.0,0.0,0.0,0.0,0.0,0.0,0.0,0.0,0.273833788
353.15,0.75,LiAsF6,0.0,0.0,0.0,0.0,0.0,0.0,0.5,0.0,0.0,0.0,9.01
292.65,0.647733055,LiPF6,0.9,0.1,0.0,0.0,0.0,0.0,0.0,0.0,0.0,0.0,5.972202137
322.35,1.347306792,LiBF4,0.7,0.3,0.0,0.0,0.0,0.0,0.0,0.0,0.0,0.0,4.242857143
312.45,0.638377665,LiPF6,0.3,0.7,0.0,0.0,0.0,0.0,0.0,0.0,0.0,0.0,7.412945343
333.3333333,1.0,LiBOB,0.0,0.0,0.0,0.0,0.0,1.0,0.0,0.0,0.0,0.0,15.23402752
283.15,2.997,LiPF6,0.0,0.0,0.0,0.95,0.0,0.0,0.0,0.0,0.0,0.0,1.749
322.35,0.7652,LiPF6,0.9,0.1,0.0,0.0,0.0,0.0,0.0,0.0,0.0,0.0,10.93
263.15,0.288626548,LiBOB,0.8,0.0,0.2,0.0,0.0,0.0,0.0,0.0,0.0,0.0,1.052692197
312.45,0.273333333,LiBOB,0.6,0.4,0.0,0.0,0.0,0.0,0.0,0.0,0.0,0.0,5.069090909
283.15,1.491525424,LiPF6,0.0,0.0,0.3,0.5,0.0,0.0,0.0,0.0,0.0,0.0,8.444444444
324.2914122,1.0,LiBOB,1.0,0.0,0.0,0.0,0.0,0.0,0.0,0.0,0.0,0.0,5.933805863
292.65,0.368913074,LiBF4,1.0,0.0,0.0,0.0,0.0,0.0,0.0,0.0,0.0,0.0,0.331798521
253.15,0.485300914,LiPF6,0.27,0.0,0.27,0.36,0.0,0.0,0.0,0.1,0.0,0.0,2.214910077
332.15,0.528301887,LiBOB,0.4,0.6,0.0,0.0,0.0,0.0,0.0,0.0,0.0,0.0,7.810550635
233.75,1.9375,LiBF4,0.4,0.0,0.6,0.0,0.0,0.0,0.0,0.0,0.0,0.0,0.192477452
322.35,1.645493395,LiBF4,0.8,0.2,0.0,0.0,0.0,0.0,0.0,0.0,0.0,0.0,3.939393939
233.15,1.495112526,LiPF6,0.3,0.7,0.0,0.0,0.0,0.0,0.0,0.0,0.0,0.0,0.230188679
333.15,0.858746252,LiPF6,0.24,0.0,0.24,0.32,0.0,0.0,0.0,0.2,0.0,0.0,12.55319149
293.0497925,1.0,LiBF4,0.0,0.33,0.33,0.0,0.0,0.0,0.0,0.0,0.33,0.0,0.077747746
293.15,1.04494382,LiPF6,0.3,0.7,0.0,0.0,0.0,0.0,0.0,0.0,0.0,0.0,1.534392984
282.85,0.489754098,LiBF4,0.7,0.3,0.0,0.0,0.0,0.0,0.0,0.0,0.0,0.0,2.485714286
273.15,1.0,LiAsF6,0.25,0.0,0.25,0.0,0.0,0.0,0.0,0.0,0.0,0.0,3.08
332.15,1.7117,LiPF6,0.5,0.5,0.0,0.0,0.0,0.0,0.0,0.0,0.0,0.0,10.33
302.55,1.080716521,LiBF4,0.5,0.5,0.0,0.0,0.0,0.0,0.0,0.0,0.0,0.0,2.782561778
233.75,0.536,LiPF6,0.8,0.2,0.0,0.0,0.0,0.0,0.0,0.0,0.0,0.0,0.60456338
323.15,1.008,LiPF6,0.0,0.0,0.5,0.0,0.0,0.0,0.0,0.0,0.5,0.0,17.36
223.85,1.4535,LiPF6,0.9,0.1,0.0,0.0,0.0,0.0,0.0,0.0,0.0,0.0,0.009424
233.75,0.691023064,LiPF6,0.85,0.0,0.15,0.0,0.0,0.0,0.0,0.0,0.0,0.0,0.325581395
283.15,1.0,LiPF6,0.0,0.0,0.2,0.0,0.0,0.0,0.0,0.0,0.8,0.0,9.02
322.35,0.984251969,LiBF4,0.9,0.1,0.0,0.0,0.0,0.0,0.0,0.0,0.0,0.0,5.232876712
263.15,0.987229267,LiBOB,0.5,0.0,0.5,0.0,0.0,0.0,0.0,0.0,0.0,0.0,0.621254629
292.65,0.556898411,LiPF6,0.7,0.0,0.3,0.0,0.0,0.0,0.0,0.0,0.0,0.0,5.766285257
233.75,0.390044339,LiBF4,0.55,0.0,0.45,0.0,0.0,0.0,0.0,0.0,0.0,0.0,0.449833158
292.65,0.124590164,LiBOB,1.0,0.0,0.0,0.0,0.0,0.0,0.0,0.0,0.0,0.0,1.548594848
282.85,0.028571429,LiBOB,0.5,0.5,0.0,0.0,0.0,0.0,0.0,0.0,0.0,0.0,0.571428571
263.15,2.13,LiPF6,0.3,0.7,0.0,0.0,0.0,0.0,0.0,0.0,0.0,0.0,1.02
282.85,0.829411765,LiBOB,1.0,0.0,0.0,0.0,0.0,0.0,0.0,0.0,0.0,0.0,1.903225806
303.4340479,1.2,LiBOB,0.0,0.0,0.0,0.0,0.0,1.0,0.0,0.0,0.0,0.0,16.97525158
332.15,2.3728,LiPF6,0.8,0.2,0.0,0.0,0.0,0.0,0.0,0.0,0.0,0.0,6.0
302.55,0.434579439,LiBF4,0.85,0.0,0.15,0.0,0.0,0.0,0.0,0.0,0.0,0.0,4.274991437
263.15,0.638557849,LiPF6,0.4,0.6,0.0,0.0,0.0,0.0,0.0,0.0,0.0,0.0,3.086614173
362.0618313,0.5,LiBOB,1.0,0.0,0.0,0.0,0.0,0.0,0.0,0.0,0.0,0.0,10.79775162
291.0510633,1.0,LiBOB,0.0,0.0,0.0,0.0,0.0,0.0,0.0,0.0,0.0,0.0,19.79482762
283.15,1.001142857,LiPF6,0.18,0.0,0.18,0.24,0.0,0.0,0.0,0.4,0.0,0.0,2.95412844
253.35,0.284,LiPF6,0.8,0.2,0.0,0.0,0.0,0.0,0.0,0.0,0.0,0.0,1.513070423
263.15,0.677184726,LiBOB,0.8,0.0,0.0,0.0,0.2,0.0,0.0,0.0,0.0,0.0,2.08364531
209.1189338,0.6,LiBOB,0.0,0.0,0.0,0.0,0.0,1.0,0.0,0.0,0.0,0.0,2.259674161
332.15,0.885059318,LiPF6,0.9,0.1,0.0,0.0,0.0,0.0,0.0,0.0,0.0,0.0,12.84871857
322.35,0.709434764,LiBOB,0.5,0.0,0.0,0.0,0.5,0.0,0.0,0.0,0.0,0.0,5.44878878
322.35,0.623529412,LiBOB,1.0,0.0,0.0,0.0,0.0,0.0,0.0,0.0,0.0,0.0,6.225806452
263.15,1.074039939,LiBF4,0.8,0.2,0.0,0.0,0.0,0.0,0.0,0.0,0.0,0.0,1.140740741
293.15,0.906976744,LiPF6,0.7,0.3,0.0,0.0,0.0,0.0,0.0,0.0,0.0,0.0,6.4
399.6047119,2.57, LiBPFPB,1.0,0.0,0.0,0.0,0.0,0.0,0.0,0.0,0.0,0.0,0.01729291
332.15,0.64,LiBOB,0.7,0.3,0.0,0.0,0.0,0.0,0.0,0.0,0.0,0.0,8.461016949
298.15,0.735434873,LiPF6,0.0,0.0,0.5,0.0,0.0,0.0,0.0,0.0,0.0,0.0,8.41769786
243.15,0.759074682,LiPF6,0.24,0.0,0.24,0.32,0.0,0.0,0.0,0.2,0.0,0.0,1.063829787
302.55,0.622286208,LiBOB,0.8,0.0,0.2,0.0,0.0,0.0,0.0,0.0,0.0,0.0,4.183702851
263.15,0.888,LiPF6,0.8,0.2,0.0,0.0,0.0,0.0,0.0,0.0,0.0,0.0,2.270704225
253.35,0.283964606,LiBF4,0.5,0.5,0.0,0.0,0.0,0.0,0.0,0.0,0.0,0.0,0.848494658
282.85,0.622055859,LiBOB,0.8,0.0,0.2,0.0,0.0,0.0,0.0,0.0,0.0,0.0,2.32651886
253.35,2.3225,LiPF6,0.9,0.1,0.0,0.0,0.0,0.0,0.0,0.0,0.0,0.0,0.02636
302.55,0.375962478,LiBOB,0.7,0.0,0.0,0.0,0.3,0.0,0.0,0.0,0.0,0.0,6.372093023
233.75,0.123123296,LiBOB,0.9,0.1,0.0,0.0,0.0,0.0,0.0,0.0,0.0,0.0,0.163599828
293.15,1.0,LiAsF6,0.25,0.0,0.25,0.0,0.0,0.25,0.0,0.0,0.0,0.25,13.49
213.95,1.7117,LiPF6,0.5,0.5,0.0,0.0,0.0,0.0,0.0,0.0,0.0,0.0,0.005139
283.15,0.912676056,LiPF6,0.0,0.0,0.2,0.8,0.0,0.0,0.0,0.0,0.0,0.0,5.973333333
322.35,0.280203244,LiBOB,0.7,0.0,0.0,0.0,0.3,0.0,0.0,0.0,0.0,0.0,7.348837209
332.15,0.6859,LiPF6,0.6,0.4,0.0,0.0,0.0,0.0,0.0,0.0,0.0,0.0,12.56
263.15,0.494834437,LiBOB,0.8,0.2,0.0,0.0,0.0,0.0,0.0,0.0,0.0,0.0,1.270993377
332.15,0.492063492,LiBOB,0.7,0.0,0.3,0.0,0.0,0.0,0.0,0.0,0.0,0.0,7.551587302
312.45,0.689655172,LiBF4,0.6,0.4,0.0,0.0,0.0,0.0,0.0,0.0,0.0,0.0,3.811764706
208.3333333,1.0,LiBOB,0.0,0.0,0.0,0.0,0.0,1.0,0.0,0.0,0.0,0.0,0.776395057
282.85,0.777391304,LiBOB,0.9,0.0,0.0,0.0,0.1,0.0,0.0,0.0,0.0,0.0,2.933406714
330.9884966,1.0,LiCF3SO3,1.0,0.0,0.0,0.0,0.0,0.0,0.0,0.0,0.0,0.0,2.944187858
273.0630387,0.6, LiBPFPB,0.0,0.0,0.0,0.0,0.0,1.0,0.0,0.0,0.0,0.0,6.064006722
263.15,1.0,LiN(CF3SO2)2,0.0,0.0,0.0,0.0,0.0,0.0,0.0,0.0,0.0,0.0,4.81
312.45,0.753044496,LiBF4,0.7,0.3,0.0,0.0,0.0,0.0,0.0,0.0,0.0,0.0,4.242857143
272.95,0.880841121,LiBF4,0.85,0.0,0.15,0.0,0.0,0.0,0.0,0.0,0.0,0.0,1.868865293
282.85,0.570177839,LiBOB,0.7,0.0,0.0,0.0,0.3,0.0,0.0,0.0,0.0,0.0,4.813953488
273.15,1.0,LiAsF6,0.0,0.0,0.0,0.0,0.0,0.0,0.5,0.0,0.0,0.0,1.39
282.85,0.111545484,LiBOB,1.0,0.0,0.0,0.0,0.0,0.0,0.0,0.0,0.0,0.0,1.211040705
312.45,0.829411765,LiBOB,1.0,0.0,0.0,0.0,0.0,0.0,0.0,0.0,0.0,0.0,4.903225806
231.2829745,0.5,LiClO4,0.0,0.0,0.0,0.0,0.0,1.0,0.0,0.0,0.0,0.0,0.454421178
233.75,0.608863763,LiBF4,0.6,0.4,0.0,0.0,0.0,0.0,0.0,0.0,0.0,0.0,0.402568398
322.35,0.8937,LiPF6,0.5,0.5,0.0,0.0,0.0,0.0,0.0,0.0,0.0,0.0,11.1
253.35,0.877952756,LiBF4,0.9,0.1,0.0,0.0,0.0,0.0,0.0,0.0,0.0,0.0,0.849315068
322.35,0.235294118,LiBOB,1.0,0.0,0.0,0.0,0.0,0.0,0.0,0.0,0.0,0.0,4.35483871
322.35,0.163934426,LiBOB,1.0,0.0,0.0,0.0,0.0,0.0,0.0,0.0,0.0,0.0,3.327283372
263.15,0.591750842,LiBF4,0.8,0.2,0.0,0.0,0.0,0.0,0.0,0.0,0.0,0.0,1.515151515
263.15,1.478066914,LiPF6,0.27,0.0,0.27,0.36,0.0,0.0,0.0,0.1,0.0,0.0,1.668140259
302.55,0.655675676,LiBOB,0.3,0.0,0.7,0.0,0.0,0.0,0.0,0.0,0.0,0.0,4.394117647
272.95,1.372304978,LiBF4,0.4,0.6,0.0,0.0,0.0,0.0,0.0,0.0,0.0,0.0,1.230595845
243.65,0.569451278,LiBOB,0.8,0.0,0.0,0.0,0.2,0.0,0.0,0.0,0.0,0.0,0.899775377
282.85,0.470588235,LiBOB,1.0,0.0,0.0,0.0,0.0,0.0,0.0,0.0,0.0,0.0,2.258064516
333.15,1.5,LiAsF6,0.0,0.0,0.0,0.0,0.0,0.0,1.0,0.0,0.0,0.0,5.05
263.15,1.848590173,LiBF4,0.6,0.4,0.0,0.0,0.0,0.0,0.0,0.0,0.0,0.0,0.580569514
313.15,1.308188486,LiPF6,0.27,0.0,0.27,0.36,0.0,0.0,0.0,0.1,0.0,0.0,9.928162363
318.5919335,1.2,LiBOB,0.0,0.0,0.0,0.0,0.0,1.0,0.0,0.0,0.0,0.0,19.74769187
283.15,0.456338028,LiPF6,0.0,0.0,0.2,0.8,0.0,0.0,0.0,0.0,0.0,0.0,5.211428571
272.95,0.680944103,LiPF6,0.7,0.3,0.0,0.0,0.0,0.0,0.0,0.0,0.0,0.0,4.014177848
233.75,0.35,LiBOB,1.0,0.0,0.0,0.0,0.0,0.0,0.0,0.0,0.0,0.0,0.129032258
282.85,0.817307692,LiPF6,0.4,0.0,0.6,0.0,0.0,0.0,0.0,0.0,0.0,0.0,4.642169341
282.85,0.672623673,LiBF4,0.8,0.2,0.0,0.0,0.0,0.0,0.0,0.0,0.0,0.0,2.590909091
313.15,1.0,LiAsF6,0.125,0.0,0.125,0.0,0.0,0.0,0.0,0.0,0.0,0.25,12.84
243.15,1.0,LiAsF6,0.0,0.0,0.0,0.0,0.0,0.0,0.0,0.0,0.0,0.0,0.42
313.15,0.5,LiPF6,0.0,0.5,0.5,0.0,0.0,0.0,0.0,0.0,0.0,0.0,8.738205467
302.55,0.551038153,LiPF6,0.7,0.0,0.3,0.0,0.0,0.0,0.0,0.0,0.0,0.0,7.157722672
302.55,0.542887417,LiBOB,0.8,0.2,0.0,0.0,0.0,0.0,0.0,0.0,0.0,0.0,4.517086093
253.35,0.8125,LiBF4,0.4,0.0,0.6,0.0,0.0,0.0,0.0,0.0,0.0,0.0,1.218384187
243.65,0.299047619,LiBOB,0.6,0.0,0.0,0.0,0.4,0.0,0.0,0.0,0.0,0.0,1.6
272.95,0.598245786,LiBF4,0.4,0.6,0.0,0.0,0.0,0.0,0.0,0.0,0.0,0.0,1.34751078
302.55,0.74971301,LiPF6,0.5,0.5,0.0,0.0,0.0,0.0,0.0,0.0,0.0,0.0,8.164795918
292.65,2.3386,LiPF6,0.4,0.6,0.0,0.0,0.0,0.0,0.0,0.0,0.0,0.0,2.546
284.5066502,1.0,LiPF6,0.0,0.0,0.5,0.0,0.0,0.0,0.0,0.0,0.5,0.0,9.341169193
322.35,0.978070175,LiBF4,0.4,0.6,0.0,0.0,0.0,0.0,0.0,0.0,0.0,0.0,3.096913972
272.95,0.978540773,LiBF4,0.7,0.3,0.0,0.0,0.0,0.0,0.0,0.0,0.0,0.0,1.72462673
282.85,0.6859,LiPF6,0.6,0.4,0.0,0.0,0.0,0.0,0.0,0.0,0.0,0.0,5.35
272.95,1.936197962,LiPF6,0.7,0.0,0.3,0.0,0.0,0.0,0.0,0.0,0.0,0.0,0.810698014
332.15,1.0593,LiPF6,0.5,0.5,0.0,0.0,0.0,0.0,0.0,0.0,0.0,0.0,12.64
243.15,1.0,LiAsF6,0.0,0.0,0.0,0.0,0.0,0.0,0.0,0.0,0.0,0.7,2.99
283.15,1.265420561,LiPF6,0.0,0.0,0.3,0.7,0.0,0.0,0.0,0.0,0.0,0.0,6.217142857
272.95,0.052830189,LiBOB,0.4,0.6,0.0,0.0,0.0,0.0,0.0,0.0,0.0,0.0,0.764728533
312.45,0.892973682,LiPF6,0.4,0.6,0.0,0.0,0.0,0.0,0.0,0.0,0.0,0.0,9.007874016
322.35,1.174340728,LiBF4,1.0,0.0,0.0,0.0,0.0,0.0,0.0,0.0,0.0,0.0,4.916003907
293.15,0.912676056,LiPF6,0.0,0.0,0.2,0.8,0.0,0.0,0.0,0.0,0.0,0.0,7.161904762
353.15,1.0,LiAsF6,0.0,0.0,0.5,0.0,0.0,0.5,0.0,0.0,0.0,0.0,32.57
323.15,1.592488263,LiPF6,0.0,0.0,0.2,0.8,0.0,0.0,0.0,0.0,0.0,0.0,11.58095238
302.55,0.764,LiPF6,0.3,0.7,0.0,0.0,0.0,0.0,0.0,0.0,0.0,0.0,6.805
263.15,1.0,LiAsF6,0.0,0.0,0.25,0.0,0.0,0.0,0.25,0.0,0.0,0.0,1.33
292.65,1.4605,LiPF6,0.4,0.6,0.0,0.0,0.0,0.0,0.0,0.0,0.0,0.0,5.267
312.45,1.467442602,LiPF6,0.5,0.5,0.0,0.0,0.0,0.0,0.0,0.0,0.0,0.0,8.267346939
243.65,1.118918919,LiBOB,0.4,0.0,0.6,0.0,0.0,0.0,0.0,0.0,0.0,0.0,0.0
272.95,0.646016464,LiBF4,1.0,0.0,0.0,0.0,0.0,0.0,0.0,0.0,0.0,0.0,0.26063904
272.95,1.0635,LiPF6,0.3,0.7,0.0,0.0,0.0,0.0,0.0,0.0,0.0,0.0,3.75
282.85,0.727868852,LiBOB,1.0,0.0,0.0,0.0,0.0,0.0,0.0,0.0,0.0,0.0,1.940866511
332.15,0.727868852,LiBOB,1.0,0.0,0.0,0.0,0.0,0.0,0.0,0.0,0.0,0.0,7.262295082
332.15,0.420454545,LiPF6,0.6,0.4,0.0,0.0,0.0,0.0,0.0,0.0,0.0,0.0,10.35703125
333.15,1.0,LiAsF6,0.125,0.0,0.125,0.0,0.0,0.25,0.0,0.0,0.0,0.5,23.13
322.35,0.419430486,LiBF4,0.6,0.4,0.0,0.0,0.0,0.0,0.0,0.0,0.0,0.0,4.062423227
233.75,0.4612,LiPF6,0.3,0.7,0.0,0.0,0.0,0.0,0.0,0.0,0.0,0.0,0.9428
233.15,1.037483266,LiPF6,0.5,0.5,0.0,0.0,0.0,0.0,0.0,0.0,0.0,0.0,0.555555556
282.85,1.102272727,LiPF6,0.6,0.4,0.0,0.0,0.0,0.0,0.0,0.0,0.0,0.0,4.800213068
332.15,0.935294118,LiBOB,1.0,0.0,0.0,0.0,0.0,0.0,0.0,0.0,0.0,0.0,7.35483871
333.15,1.0,LiPF6,0.5,0.0,0.5,0.0,0.0,0.0,0.0,0.0,0.0,0.0,14.63
322.35,2.050970874,LiBF4,0.3,0.7,0.0,0.0,0.0,0.0,0.0,0.0,0.0,0.0,2.269654274
263.15,0.914018692,LiPF6,0.0,0.0,0.3,0.7,0.0,0.0,0.0,0.0,0.0,0.0,3.961904762
303.15,1.077712952,LiPF6,0.0,0.0,0.5,0.5,0.0,0.0,0.0,0.0,0.0,0.0,10.25581395
302.55,0.402037121,LiBF4,0.7,0.0,0.3,0.0,0.0,0.0,0.0,0.0,0.0,0.0,4.504662743
345.6484223,1.0,LiClO4,1.0,0.0,0.0,0.0,0.0,0.0,0.0,0.0,0.0,0.0,9.091189065
283.15,1.805834306,LiPF6,0.0,0.0,0.5,0.5,0.0,0.0,0.0,0.0,0.0,0.0,3.976744186
293.15,0.570175439,LiPF6,0.0,0.0,0.3,0.6,0.0,0.0,0.0,0.0,0.0,0.0,8.222222222
312.45,0.980314961,LiBF4,0.9,0.1,0.0,0.0,0.0,0.0,0.0,0.0,0.0,0.0,4.438356164
227.7886688,1.0,LiCF3SO3,1.0,0.0,0.0,0.0,0.0,0.0,0.0,0.0,0.0,0.0,0.035622479
233.75,0.438095238,LiBOB,0.5,0.5,0.0,0.0,0.0,0.0,0.0,0.0,0.0,0.0,0.35839599
272.95,0.843478261,LiBOB,0.6,0.0,0.4,0.0,0.0,0.0,0.0,0.0,0.0,0.0,1.089761571
312.45,0.206666667,LiBOB,0.6,0.4,0.0,0.0,0.0,0.0,0.0,0.0,0.0,0.0,4.32969697
322.35,0.965684688,LiBF4,0.5,0.5,0.0,0.0,0.0,0.0,0.0,0.0,0.0,0.0,3.779756124
292.65,1.870080917,LiBF4,0.5,0.5,0.0,0.0,0.0,0.0,0.0,0.0,0.0,0.0,1.75561765
243.15,1.0,LiAsF6,0.25,0.0,0.25,0.0,0.0,0.0,0.0,0.0,0.0,0.5,2.39
233.75,2.050970874,LiBF4,0.3,0.7,0.0,0.0,0.0,0.0,0.0,0.0,0.0,0.0,0.184288421
268.15,0.496988945,LiAsF6,0.32,0.0,0.0,0.0,0.0,0.68,0.0,0.0,0.0,0.0,0.868344225
273.15,1.0,LiN(CF3SO2)2,0.0,0.0,0.0,0.0,0.0,0.0,0.0,0.0,0.0,0.0,6.18
322.35,0.710807428,LiBF4,0.5,0.5,0.0,0.0,0.0,0.0,0.0,0.0,0.0,0.0,3.775876121
312.45,0.3992,LiPF6,0.7,0.3,0.0,0.0,0.0,0.0,0.0,0.0,0.0,0.0,7.884
332.15,0.3256,LiPF6,0.6,0.4,0.0,0.0,0.0,0.0,0.0,0.0,0.0,0.0,8.95
272.95,0.869613583,LiBF4,0.7,0.3,0.0,0.0,0.0,0.0,0.0,0.0,0.0,0.0,1.8
313.15,0.493258314,LiPF6,0.27,0.0,0.27,0.36,0.0,0.0,0.0,0.1,0.0,0.0,9.416356877
273.15,0.649892903,LiPF6,0.24,0.0,0.24,0.32,0.0,0.0,0.0,0.2,0.0,0.0,3.744680851
263.15,0.4233,LiPF6,0.6,0.4,0.0,0.0,0.0,0.0,0.0,0.0,0.0,0.0,2.834
272.95,1.206127325,LiBF4,0.8,0.2,0.0,0.0,0.0,0.0,0.0,0.0,0.0,0.0,1.466666667
273.15,2.0,LiPF6,0.0,0.0,0.2,0.8,0.0,0.0,0.0,0.0,0.0,0.0,3.21
302.55,0.128301887,LiBOB,0.4,0.6,0.0,0.0,0.0,0.0,0.0,0.0,0.0,0.0,2.504428186
265.784335,0.08,LiBOB,1.0,0.0,0.0,0.0,0.0,0.0,0.0,0.0,0.0,0.0,0.392042666
248.15,0.498625786,LiAsF6,0.32,0.0,0.0,0.0,0.0,0.68,0.0,0.0,0.0,0.0,0.565528614
292.65,0.647170014,LiBOB,1.0,0.0,0.0,0.0,0.0,0.0,0.0,0.0,0.0,0.0,3.195145527
293.15,1.464662616,LiPF6,0.0,0.0,0.3,0.4,0.0,0.0,0.0,0.0,0.0,0.0,12.67924528
332.15,1.732,LiPF6,0.8,0.2,0.0,0.0,0.0,0.0,0.0,0.0,0.0,0.0,9.542704225
272.95,0.419672131,LiBOB,1.0,0.0,0.0,0.0,0.0,0.0,0.0,0.0,0.0,0.0,1.531615925
233.15,0.5,LiAsF6,0.85,0.0,0.15,0.0,0.0,0.0,0.0,0.0,0.0,0.0,0.39
272.95,0.314814815,LiBOB,0.3,0.7,0.0,0.0,0.0,0.0,0.0,0.0,0.0,0.0,2.204081633
253.15,1.214826656,LiPF6,0.3,0.0,0.3,0.4,0.0,0.0,0.0,0.0,0.0,0.0,1.453292037
253.35,0.279126214,LiBF4,0.3,0.7,0.0,0.0,0.0,0.0,0.0,0.0,0.0,0.0,0.488633673
333.15,1.809568261,LiPF6,0.0,0.0,0.5,0.5,0.0,0.0,0.0,0.0,0.0,0.0,13.84883721
233.15,2.306782686,LiPF6,0.5,0.5,0.0,0.0,0.0,0.0,0.0,0.0,0.0,0.0,0.014814815
272.95,0.350042669,LiBF4,0.8,0.2,0.0,0.0,0.0,0.0,0.0,0.0,0.0,0.0,1.925925926
243.65,0.701886792,LiBOB,0.3,0.0,0.0,0.0,0.7,0.0,0.0,0.0,0.0,0.0,3.500673854
322.35,0.775652174,LiBOB,0.9,0.0,0.0,0.0,0.1,0.0,0.0,0.0,0.0,0.0,7.895211888
272.95,1.051690051,LiPF6,0.5,0.5,0.0,0.0,0.0,0.0,0.0,0.0,0.0,0.0,3.839540816
253.35,0.098734032,LiBOB,0.9,0.1,0.0,0.0,0.0,0.0,0.0,0.0,0.0,0.0,0.480177982
302.55,0.194782609,LiBOB,0.9,0.0,0.0,0.0,0.1,0.0,0.0,0.0,0.0,0.0,3.315354981
282.85,0.877952756,LiBF4,0.9,0.1,0.0,0.0,0.0,0.0,0.0,0.0,0.0,0.0,2.424657534
313.15,0.883547258,LiPF6,0.0,0.0,0.5,0.5,0.0,0.0,0.0,0.0,0.0,0.0,12.38372093
282.85,1.052936795,LiPF6,0.4,0.6,0.0,0.0,0.0,0.0,0.0,0.0,0.0,0.0,5.05511811
322.35,0.254662005,LiBF4,0.8,0.2,0.0,0.0,0.0,0.0,0.0,0.0,0.0,0.0,4.393939394
353.15,0.9,LiAsF6,0.0,0.0,0.0,0.0,0.0,0.0,0.0,0.0,0.0,0.0,5.55
292.65,0.86571653,LiBOB,0.5,0.0,0.5,0.0,0.0,0.0,0.0,0.0,0.0,0.0,2.918864325
302.55,0.609223301,LiBF4,0.3,0.7,0.0,0.0,0.0,0.0,0.0,0.0,0.0,0.0,1.643026285
272.95,1.2541,LiPF6,0.3,0.7,0.0,0.0,0.0,0.0,0.0,0.0,0.0,0.0,3.463
213.95,1.9198,LiPF6,0.5,0.5,0.0,0.0,0.0,0.0,0.0,0.0,0.0,0.0,0.001279
243.15,1.0,LiAsF6,0.7,0.0,0.0,0.0,0.0,0.0,0.0,0.0,0.0,0.0,1.95
312.45,0.824561404,LiBF4,1.0,0.0,0.0,0.0,0.0,0.0,0.0,0.0,0.0,0.0,4.81878552
333.15,1.140571429,LiPF6,0.18,0.0,0.18,0.24,0.0,0.0,0.0,0.4,0.0,0.0,9.027522936
442.7788946,2.15, LiBPFPB,1.0,0.0,0.0,0.0,0.0,0.0,0.0,0.0,0.0,0.0,2.758655588
312.45,0.655652174,LiBOB,0.9,0.0,0.0,0.0,0.1,0.0,0.0,0.0,0.0,0.0,6.512933407
302.55,1.494560995,LiBF4,0.8,0.2,0.0,0.0,0.0,0.0,0.0,0.0,0.0,0.0,0.257575758
272.95,0.363909774,LiBOB,0.5,0.0,0.5,0.0,0.0,0.0,0.0,0.0,0.0,0.0,1.707552463
253.35,0.052830189,LiBOB,0.4,0.6,0.0,0.0,0.0,0.0,0.0,0.0,0.0,0.0,0.438197921
292.65,2.060344828,LiBF4,0.6,0.4,0.0,0.0,0.0,0.0,0.0,0.0,0.0,0.0,1.576470588
253.35,0.524271845,LiBF4,0.3,0.7,0.0,0.0,0.0,0.0,0.0,0.0,0.0,0.0,0.616564054
332.15,2.101923077,LiPF6,0.4,0.0,0.6,0.0,0.0,0.0,0.0,0.0,0.0,0.0,7.930935252
282.85,0.473684211,LiBF4,1.0,0.0,0.0,0.0,0.0,0.0,0.0,0.0,0.0,0.0,2.709568816
303.15,1.5,LiPF6,0.0,0.0,0.3,0.0,0.0,0.0,0.0,0.0,0.7,0.0,12.9
322.35,0.553240741,LiBF4,0.4,0.0,0.6,0.0,0.0,0.0,0.0,0.0,0.0,0.0,7.455958549
355.3578086,1.0,LiClO4,1.0,0.0,0.0,0.0,0.0,0.0,0.0,0.0,0.0,0.0,10.48792698
253.35,1.36637931,LiBF4,0.6,0.4,0.0,0.0,0.0,0.0,0.0,0.0,0.0,0.0,0.647058824
302.55,0.810683906,LiBOB,0.4,0.0,0.0,0.0,0.6,0.0,0.0,0.0,0.0,0.0,2.787002382
292.65,0.164864865,LiBOB,0.3,0.0,0.7,0.0,0.0,0.0,0.0,0.0,0.0,0.0,2.176470588
243.65,2.1166,LiPF6,0.5,0.5,0.0,0.0,0.0,0.0,0.0,0.0,0.0,0.0,0.1175
283.15,0.660544559,LiPF6,0.27,0.0,0.27,0.36,0.0,0.0,0.0,0.1,0.0,0.0,5.810408922
223.85,1.4664,LiPF6,0.7,0.3,0.0,0.0,0.0,0.0,0.0,0.0,0.0,0.0,0.02842
324.8302927,0.5,LiBOB,1.0,0.0,0.0,0.0,0.0,0.0,0.0,0.0,0.0,0.0,6.506288749
233.75,1.36637931,LiBF4,0.6,0.4,0.0,0.0,0.0,0.0,0.0,0.0,0.0,0.0,0.211764706
302.55,0.154716981,LiBOB,0.4,0.6,0.0,0.0,0.0,0.0,0.0,0.0,0.0,0.0,2.825567963
332.15,0.311262334,LiBOB,0.4,0.0,0.0,0.0,0.6,0.0,0.0,0.0,0.0,0.0,9.590677101
313.15,0.5,LiAsF6,0.125,0.0,0.125,0.0,0.0,0.0,0.0,0.0,0.0,0.75,11.83
272.95,2.02701005,LiBF4,0.6,0.4,0.0,0.0,0.0,0.0,0.0,0.0,0.0,0.0,0.755555556
322.35,0.299212598,LiBF4,0.9,0.1,0.0,0.0,0.0,0.0,0.0,0.0,0.0,0.0,4.767123288
233.15,1.0,LiAsF6,0.125,0.0,0.125,0.0,0.0,0.0,0.0,0.0,0.0,0.25,4.38
272.95,1.255771684,LiPF6,0.5,0.5,0.0,0.0,0.0,0.0,0.0,0.0,0.0,0.0,3.329336735
282.85,0.386384106,LiBOB,0.8,0.2,0.0,0.0,0.0,0.0,0.0,0.0,0.0,0.0,2.679205298
263.15,2.055269321,LiBF4,0.7,0.3,0.0,0.0,0.0,0.0,0.0,0.0,0.0,0.0,0.5
293.15,1.043849206,LiPF6,0.285,0.0,0.285,0.38,0.0,0.0,0.0,0.05,0.0,0.0,7.416353383
272.95,0.24,LiBOB,0.6,0.4,0.0,0.0,0.0,0.0,0.0,0.0,0.0,0.0,2.081212121
194.15,1.2341,LiPF6,1.0,0.0,0.0,0.0,0.0,0.0,0.0,0.0,0.0,0.0,2.41e-05
292.65,0.544439793,LiBF4,1.0,0.0,0.0,0.0,0.0,0.0,0.0,0.0,0.0,0.0,2.013813311
263.15,1.0,LiN(CF3SO2)2,0.0,0.0,0.0,0.0,0.0,0.0,0.5,0.0,0.0,0.0,1.92
293.15,1.0,LiAsF6,0.0,0.0,0.0,0.0,0.0,0.0,0.0,0.0,0.0,0.0,10.62
333.15,1.552462783,LiPF6,0.3,0.0,0.3,0.4,0.0,0.0,0.0,0.0,0.0,0.0,14.20441603
233.75,1.369920293,LiBF4,0.4,0.6,0.0,0.0,0.0,0.0,0.0,0.0,0.0,0.0,0.300568405
282.85,1.971962617,LiBF4,0.85,0.0,0.15,0.0,0.0,0.0,0.0,0.0,0.0,0.0,1.058765964
253.35,0.245960187,LiBF4,0.7,0.3,0.0,0.0,0.0,0.0,0.0,0.0,0.0,0.0,0.971428571
282.85,0.5857,LiPF6,0.6,0.4,0.0,0.0,0.0,0.0,0.0,0.0,0.0,0.0,5.236
312.45,0.257057757,LiBF4,0.8,0.2,0.0,0.0,0.0,0.0,0.0,0.0,0.0,0.0,3.833333333
332.15,0.648580122,LiPF6,0.55,0.0,0.45,0.0,0.0,0.0,0.0,0.0,0.0,0.0,13.39705882
293.15,0.297889833,LiBF4,0.5,0.5,0.0,0.0,0.0,0.0,0.0,0.0,0.0,0.0,2.024390244
282.85,0.4496,LiPF6,0.8,0.2,0.0,0.0,0.0,0.0,0.0,0.0,0.0,0.0,4.609
263.15,0.377192982,LiBF4,1.0,0.0,0.0,0.0,0.0,0.0,0.0,0.0,0.0,0.0,1.4844638
302.55,0.235294118,LiBOB,1.0,0.0,0.0,0.0,0.0,0.0,0.0,0.0,0.0,0.0,3.0
263.15,0.698877169,LiBOB,0.4,0.0,0.0,0.0,0.6,0.0,0.0,0.0,0.0,0.0,5.088465464
273.15,1.139977896,LiPF6,0.27,0.0,0.27,0.36,0.0,0.0,0.0,0.1,0.0,0.0,3.69757862
313.15,1.5,LiAsF6,0.5,0.0,0.5,0.0,0.0,0.0,0.0,0.0,0.0,0.0,7.64
213.15,1.0,LiAsF6,0.0,0.0,0.0,0.0,0.0,0.0,0.0,0.0,0.0,1.0,0.97
282.85,0.310810811,LiBOB,0.3,0.0,0.7,0.0,0.0,0.0,0.0,0.0,0.0,0.0,2.294117647
332.15,0.616469911,LiBOB,0.8,0.0,0.2,0.0,0.0,0.0,0.0,0.0,0.0,0.0,7.789807083
273.15,3.0,LiAsF6,0.125,0.0,0.125,0.0,0.0,0.0,0.0,0.0,0.0,0.75,0.73
263.15,1.0,LiAsF6,0.0,0.0,0.0,0.0,0.0,0.0,0.25,0.0,0.0,0.0,2.11
253.35,1.106818182,LiPF6,0.6,0.4,0.0,0.0,0.0,0.0,0.0,0.0,0.0,0.0,1.581605114
233.15,1.0,LiPF6,0.85,0.0,0.15,0.0,0.0,0.0,0.0,0.0,0.0,0.0,0.21
243.65,0.5023,LiPF6,0.6,0.4,0.0,0.0,0.0,0.0,0.0,0.0,0.0,0.0,1.397
243.65,0.4475,LiPF6,0.4,0.6,0.0,0.0,0.0,0.0,0.0,0.0,0.0,0.0,1.499
298.8217715,0.6,LiBOB,0.0,0.0,0.0,0.0,0.0,1.0,0.0,0.0,0.0,0.0,14.34295665
333.15,1.056868818,LiPF6,0.3,0.0,0.3,0.4,0.0,0.0,0.0,0.0,0.0,0.0,16.19492457
312.45,0.372807018,LiBF4,1.0,0.0,0.0,0.0,0.0,0.0,0.0,0.0,0.0,0.0,4.653169014
253.35,1.628640777,LiBF4,0.3,0.7,0.0,0.0,0.0,0.0,0.0,0.0,0.0,0.0,0.539841345
263.15,0.599623116,LiBF4,0.6,0.4,0.0,0.0,0.0,0.0,0.0,0.0,0.0,0.0,1.361585706
302.55,0.150724638,LiBOB,0.6,0.0,0.4,0.0,0.0,0.0,0.0,0.0,0.0,0.0,2.395044413
253.35,0.778665301,LiBF4,0.8,0.2,0.0,0.0,0.0,0.0,0.0,0.0,0.0,0.0,0.948148148
282.85,0.675616457,LiPF6,0.7,0.0,0.3,0.0,0.0,0.0,0.0,0.0,0.0,0.0,4.54568219
363.1207636,0.08,LiBOB,1.0,0.0,0.0,0.0,0.0,0.0,0.0,0.0,0.0,0.0,2.398832919
263.15,0.777391304,LiBOB,0.9,0.0,0.0,0.0,0.1,0.0,0.0,0.0,0.0,0.0,1.31315355
272.95,0.18,LiBOB,0.6,0.4,0.0,0.0,0.0,0.0,0.0,0.0,0.0,0.0,1.815757576
273.15,1.300813825,LiPF6,0.27,0.0,0.27,0.36,0.0,0.0,0.0,0.1,0.0,0.0,3.254094243
293.15,0.702247191,LiPF6,0.3,0.7,0.0,0.0,0.0,0.0,0.0,0.0,0.0,0.0,1.453548918
273.15,1.0,LiAsF6,0.0,0.0,0.0,0.0,0.0,0.0,0.0,0.0,0.0,0.0,6.72
272.95,0.488888889,LiBOB,0.7,0.0,0.3,0.0,0.0,0.0,0.0,0.0,0.0,0.0,1.693877551
312.45,1.364806867,LiBF4,0.7,0.3,0.0,0.0,0.0,0.0,0.0,0.0,0.0,0.0,3.651000423
292.65,0.256603774,LiBOB,0.4,0.6,0.0,0.0,0.0,0.0,0.0,0.0,0.0,0.0,3.212938005
263.15,1.0,LiAsF6,0.25,0.0,0.25,0.0,0.0,0.5,0.0,0.0,0.0,0.0,7.02
263.15,1.927359694,LiPF6,0.5,0.5,0.0,0.0,0.0,0.0,0.0,0.0,0.0,0.0,1.026147959
353.15,1.0,LiAsF6,0.0,0.0,0.0,0.0,0.0,0.0,0.0,0.0,0.0,0.0,6.91
243.65,0.689655172,LiBF4,0.6,0.4,0.0,0.0,0.0,0.0,0.0,0.0,0.0,0.0,0.670588235
243.65,0.3086,LiPF6,0.9,0.1,0.0,0.0,0.0,0.0,0.0,0.0,0.0,0.0,0.8847
322.35,0.273269868,LiBOB,0.8,0.0,0.0,0.0,0.2,0.0,0.0,0.0,0.0,0.0,6.546582522
353.15,1.0,LiAsF6,0.375,0.0,0.375,0.0,0.0,0.0,0.0,0.0,0.0,0.0,17.74
312.45,0.435135135,LiBOB,0.3,0.0,0.7,0.0,0.0,0.0,0.0,0.0,0.0,0.0,5.294117647
332.15,0.78002736,LiBOB,0.7,0.0,0.0,0.0,0.3,0.0,0.0,0.0,0.0,0.0,11.95348837
292.65,0.418454936,LiBF4,0.7,0.3,0.0,0.0,0.0,0.0,0.0,0.0,0.0,0.0,2.962370791
312.45,0.3704,LiPF6,0.8,0.2,0.0,0.0,0.0,0.0,0.0,0.0,0.0,0.0,7.569
332.15,0.276699029,LiBF4,0.3,0.7,0.0,0.0,0.0,0.0,0.0,0.0,0.0,0.0,1.586135449
312.45,0.55,LiPF6,0.3,0.7,0.0,0.0,0.0,0.0,0.0,0.0,0.0,0.0,6.89
233.75,0.558730159,LiBOB,0.7,0.0,0.3,0.0,0.0,0.0,0.0,0.0,0.0,0.0,0.170634921
282.85,0.374029308,LiBOB,0.8,0.0,0.0,0.0,0.2,0.0,0.0,0.0,0.0,0.0,3.680821478
293.15,1.0,LiAsF6,0.0,0.0,0.0,0.0,0.0,0.25,0.5,0.0,0.0,0.0,5.43
332.15,0.370529607,LiBOB,0.7,0.0,0.0,0.0,0.3,0.0,0.0,0.0,0.0,0.0,9.604651163
194.15,0.2705,LiPF6,0.5,0.5,0.0,0.0,0.0,0.0,0.0,0.0,0.0,0.0,0.03099
292.65,1.878462694,LiBF4,0.4,0.6,0.0,0.0,0.0,0.0,0.0,0.0,0.0,0.0,1.632105057
333.0855962,1.3,LiBOB,1.0,0.0,0.0,0.0,0.0,0.0,0.0,0.0,0.0,0.0,6.309573445
282.85,0.688348494,LiBF4,0.55,0.0,0.45,0.0,0.0,0.0,0.0,0.0,0.0,0.0,3.30026969
233.75,0.158730159,LiBOB,0.7,0.0,0.3,0.0,0.0,0.0,0.0,0.0,0.0,0.0,0.134920635
253.35,0.694987775,LiBF4,0.5,0.5,0.0,0.0,0.0,0.0,0.0,0.0,0.0,0.0,0.926097334
194.15,1.9264,LiPF6,0.3,0.7,0.0,0.0,0.0,0.0,0.0,0.0,0.0,0.0,2.18e-05
322.35,1.4664,LiPF6,0.7,0.3,0.0,0.0,0.0,0.0,0.0,0.0,0.0,0.0,9.532
313.15,0.494263131,LiPF6,0.21,0.0,0.21,0.28,0.0,0.0,0.0,0.3,0.0,0.0,7.146098929
233.15,0.75,LiAsF6,0.0,0.0,0.0,0.0,0.0,0.0,0.5,0.0,0.0,0.0,0.05
322.35,1.2604,LiPF6,0.5,0.5,0.0,0.0,0.0,0.0,0.0,0.0,0.0,0.0,10.53
253.35,0.528301887,LiBOB,0.4,0.6,0.0,0.0,0.0,0.0,0.0,0.0,0.0,0.0,1.239122064
342.8920507,1.0,LiPF6,0.0,0.0,0.5,0.0,0.0,0.0,0.0,0.0,0.5,0.0,20.20027838
313.15,1.062763513,LiPF6,0.3,0.0,0.3,0.4,0.0,0.0,0.0,0.0,0.0,0.0,11.83075232
263.15,1.0,LiAsF6,0.5,0.0,0.0,0.0,0.0,0.5,0.0,0.0,0.0,0.0,6.24
303.15,1.498285714,LiPF6,0.18,0.0,0.18,0.24,0.0,0.0,0.0,0.4,0.0,0.0,3.52293578
313.15,0.889028213,LiPF6,0.0,0.0,0.4,0.6,0.0,0.0,0.0,0.0,0.0,0.0,11.89473684
243.65,1.880269321,LiBF4,0.7,0.3,0.0,0.0,0.0,0.0,0.0,0.0,0.0,0.0,0.2
263.15,0.196296296,LiBOB,0.3,0.7,0.0,0.0,0.0,0.0,0.0,0.0,0.0,0.0,1.346938776
330.6391959,0.5, LiBPFPB,1.0,0.0,0.0,0.0,0.0,0.0,0.0,0.0,0.0,0.0,4.429180798
332.15,0.5857,LiPF6,0.6,0.4,0.0,0.0,0.0,0.0,0.0,0.0,0.0,0.0,11.95
292.65,2.173228346,LiBF4,0.9,0.1,0.0,0.0,0.0,0.0,0.0,0.0,0.0,0.0,1.328767123
312.45,0.452173913,LiBOB,0.9,0.0,0.0,0.0,0.1,0.0,0.0,0.0,0.0,0.0,6.107429829
322.35,0.276894098,LiBF4,1.0,0.0,0.0,0.0,0.0,0.0,0.0,0.0,0.0,0.0,0.944049114
292.65,0.523333333,LiBOB,0.6,0.4,0.0,0.0,0.0,0.0,0.0,0.0,0.0,0.0,4.241818182
253.35,2.1648,LiPF6,0.8,0.2,0.0,0.0,0.0,0.0,0.0,0.0,0.0,0.0,0.08189
312.45,1.681034483,LiBF4,0.6,0.4,0.0,0.0,0.0,0.0,0.0,0.0,0.0,0.0,2.964705882
358.8727003,0.08,LiBOB,1.0,0.0,0.0,0.0,0.0,0.0,0.0,0.0,0.0,0.0,2.362290663
273.15,0.885414236,LiPF6,0.0,0.0,0.5,0.5,0.0,0.0,0.0,0.0,0.0,0.0,5.23255814
283.15,0.56,LiPF6,0.18,0.0,0.18,0.24,0.0,0.0,0.0,0.4,0.0,0.0,3.449541284
332.15,0.114724519,LiBOB,1.0,0.0,0.0,0.0,0.0,0.0,0.0,0.0,0.0,0.0,3.038986145
312.45,1.9123,LiPF6,1.0,0.0,0.0,0.0,0.0,0.0,0.0,0.0,0.0,0.0,4.136
282.85,1.061288978,LiPF6,0.3,0.7,0.0,0.0,0.0,0.0,0.0,0.0,0.0,0.0,4.792763386
263.15,0.748556291,LiBOB,0.8,0.2,0.0,0.0,0.0,0.0,0.0,0.0,0.0,0.0,0.889006623
333.15,1.0,LiAsF6,0.0,0.0,0.0,0.0,0.0,0.5,0.0,0.0,0.0,0.0,26.84
333.15,0.885414236,LiPF6,0.0,0.0,0.5,0.5,0.0,0.0,0.0,0.0,0.0,0.0,16.22093023
292.65,0.81509434,LiBOB,0.3,0.0,0.0,0.0,0.7,0.0,0.0,0.0,0.0,0.0,10.32681941
292.65,0.6859,LiPF6,0.6,0.4,0.0,0.0,0.0,0.0,0.0,0.0,0.0,0.0,6.679
313.15,1.5,LiAsF6,0.85,0.0,0.15,0.0,0.0,0.0,0.0,0.0,0.0,0.0,6.95
293.15,0.57172361,LiPF6,0.21,0.0,0.21,0.28,0.0,0.0,0.0,0.3,0.0,0.0,5.130290668
332.15,0.523333333,LiBOB,0.6,0.4,0.0,0.0,0.0,0.0,0.0,0.0,0.0,0.0,8.569090909
322.35,1.7176,LiPF6,0.4,0.6,0.0,0.0,0.0,0.0,0.0,0.0,0.0,0.0,8.619
272.95,1.484980458,LiBF4,0.6,0.4,0.0,0.0,0.0,0.0,0.0,0.0,0.0,0.0,1.165829146
293.15,1.575548589,LiPF6,0.0,0.0,0.4,0.6,0.0,0.0,0.0,0.0,0.0,0.0,6.842105263
302.55,0.829217246,LiBF4,1.0,0.0,0.0,0.0,0.0,0.0,0.0,0.0,0.0,0.0,1.223664016
282.85,0.685670053,LiPF6,0.7,0.3,0.0,0.0,0.0,0.0,0.0,0.0,0.0,0.0,5.214568961
263.15,1.088054387,LiBF4,0.5,0.5,0.0,0.0,0.0,0.0,0.0,0.0,0.0,0.0,1.124204165
233.75,0.321311475,LiBOB,1.0,0.0,0.0,0.0,0.0,0.0,0.0,0.0,0.0,0.0,0.156323185
319.8043754,1.0,LiBOB,1.0,0.0,0.0,0.0,0.0,0.0,0.0,0.0,0.0,0.0,5.495408739
292.65,0.958730159,LiBOB,0.7,0.0,0.3,0.0,0.0,0.0,0.0,0.0,0.0,0.0,2.706349206
273.9990951,1.0,LiPF6,0.0,0.0,0.5,0.0,0.0,0.0,0.0,0.0,0.0,0.0,5.548328779
332.15,0.861713607,LiBF4,0.5,0.5,0.0,0.0,0.0,0.0,0.0,0.0,0.0,0.0,4.277220244
243.65,0.777779628,LiPF6,1.0,0.0,0.0,0.0,0.0,0.0,0.0,0.0,0.0,0.0,0.607172588
312.45,0.5658,LiPF6,0.7,0.3,0.0,0.0,0.0,0.0,0.0,0.0,0.0,0.0,9.048
312.45,0.280511492,LiBF4,0.5,0.5,0.0,0.0,0.0,0.0,0.0,0.0,0.0,0.0,2.628898241
293.15,1.0,LiAsF6,1.0,0.0,0.0,0.0,0.0,0.0,0.0,0.0,0.0,0.0,5.28
243.65,1.659412869,LiBF4,0.8,0.2,0.0,0.0,0.0,0.0,0.0,0.0,0.0,0.0,0.192592593
332.15,1.117796018,LiBF4,0.5,0.5,0.0,0.0,0.0,0.0,0.0,0.0,0.0,0.0,4.273634882
273.15,1.0,LiAsF6,0.15,0.0,0.15,0.0,0.0,0.0,0.0,0.0,0.0,0.0,5.15
273.15,1.507,LiPF6,0.0,0.0,0.0,0.95,0.0,0.0,0.0,0.0,0.0,0.0,4.312
323.15,1.05926666,LiPF6,0.3,0.0,0.3,0.4,0.0,0.0,0.0,0.0,0.0,0.0,14.0128884
282.85,0.033333333,LiBOB,0.6,0.4,0.0,0.0,0.0,0.0,0.0,0.0,0.0,0.0,0.661818182
332.15,0.756756757,LiBOB,0.4,0.0,0.6,0.0,0.0,0.0,0.0,0.0,0.0,0.0,8.235294118
333.15,1.0,LiAsF6,0.075,0.0,0.075,0.0,0.0,0.0,0.0,0.0,0.0,0.15,21.38
302.55,0.366709184,LiPF6,0.5,0.5,0.0,0.0,0.0,0.0,0.0,0.0,0.0,0.0,6.410586735
253.35,2.1166,LiPF6,0.5,0.5,0.0,0.0,0.0,0.0,0.0,0.0,0.0,0.0,0.315
223.15,1.0,LiAsF6,0.3,0.0,0.0,0.0,0.0,0.0,0.0,0.0,0.0,0.0,1.43
332.15,0.469743276,LiBF4,0.5,0.5,0.0,0.0,0.0,0.0,0.0,0.0,0.0,0.0,3.842356503
243.65,1.092154567,LiBF4,0.7,0.3,0.0,0.0,0.0,0.0,0.0,0.0,0.0,0.0,0.5
273.15,0.598464912,LiPF6,0.285,0.0,0.285,0.38,0.0,0.0,0.0,0.05,0.0,0.0,4.654239766
293.15,2.188235294,LiBF4,0.9,0.1,0.0,0.0,0.0,0.0,0.0,0.0,0.0,0.0,1.307692308
233.75,1.509090909,LiPF6,0.6,0.4,0.0,0.0,0.0,0.0,0.0,0.0,0.0,0.0,0.234801136
283.15,0.424375319,LiPF6,0.21,0.0,0.21,0.28,0.0,0.0,0.0,0.3,0.0,0.0,3.690973993
293.15,0.401162791,LiPF6,0.7,0.3,0.0,0.0,0.0,0.0,0.0,0.0,0.0,0.0,5.55
377.9853126,0.08,LiBOB,1.0,0.0,0.0,0.0,0.0,0.0,0.0,0.0,0.0,0.0,2.796833846
263.15,0.896746302,LiPF6,0.3,0.7,0.0,0.0,0.0,0.0,0.0,0.0,0.0,0.0,2.881172304
243.65,1.367780609,LiBF4,0.4,0.6,0.0,0.0,0.0,0.0,0.0,0.0,0.0,0.0,0.466091729
263.15,0.484057971,LiBOB,0.6,0.0,0.4,0.0,0.0,0.0,0.0,0.0,0.0,0.0,0.954184198
312.45,0.283501296,LiBOB,0.8,0.0,0.2,0.0,0.0,0.0,0.0,0.0,0.0,0.0,4.230348402
333.15,1.0,LiN(CF3SO2)2,0.0,0.0,0.5,0.0,0.0,0.0,0.0,0.0,0.0,0.0,15.74
253.35,2.3162,LiPF6,0.3,0.7,0.0,0.0,0.0,0.0,0.0,0.0,0.0,0.0,0.3973
272.95,0.265084309,LiBOB,1.0,0.0,0.0,0.0,0.0,0.0,0.0,0.0,0.0,0.0,1.495865106
263.15,0.783490393,LiPF6,1.0,0.0,0.0,0.0,0.0,0.0,0.0,0.0,0.0,0.0,1.883919949
253.35,0.088888889,LiBOB,0.3,0.7,0.0,0.0,0.0,0.0,0.0,0.0,0.0,0.0,0.612244898
233.75,0.476666667,LiBOB,0.6,0.4,0.0,0.0,0.0,0.0,0.0,0.0,0.0,0.0,0.451515152
243.65,0.290482705,LiBOB,0.7,0.0,0.0,0.0,0.3,0.0,0.0,0.0,0.0,0.0,1.23255814
263.15,0.998980112,LiPF6,0.21,0.0,0.21,0.28,0.0,0.0,0.0,0.3,0.0,0.0,1.532891382
322.35,0.429700771,LiBF4,0.4,0.6,0.0,0.0,0.0,0.0,0.0,0.0,0.0,0.0,2.61495492
282.85,1.105338223,LiBF4,0.5,0.5,0.0,0.0,0.0,0.0,0.0,0.0,0.0,0.0,1.887792525
263.15,0.8937,LiPF6,0.5,0.5,0.0,0.0,0.0,0.0,0.0,0.0,0.0,0.0,2.964
292.65,0.112061003,LiBOB,1.0,0.0,0.0,0.0,0.0,0.0,0.0,0.0,0.0,0.0,1.50746429
263.15,0.103333333,LiBOB,0.6,0.4,0.0,0.0,0.0,0.0,0.0,0.0,0.0,0.0,0.965454545
233.75,0.701456311,LiBF4,0.3,0.7,0.0,0.0,0.0,0.0,0.0,0.0,0.0,0.0,0.3282027
233.15,1.0,LiAsF6,0.25,0.0,0.25,0.0,0.0,0.25,0.0,0.0,0.0,0.25,1.82
333.15,0.50017848,LiPF6,0.21,0.0,0.21,0.28,0.0,0.0,0.0,0.3,0.0,0.0,9.512238654
312.45,0.376636941,LiPF6,0.9,0.1,0.0,0.0,0.0,0.0,0.0,0.0,0.0,0.0,7.405854155
253.35,0.789076144,LiBF4,0.5,0.5,0.0,0.0,0.0,0.0,0.0,0.0,0.0,0.0,0.910292234
332.15,0.946536337,LiBOB,0.5,0.0,0.0,0.0,0.5,0.0,0.0,0.0,0.0,0.0,8.257543561
253.35,0.21875,LiBOB,0.7,0.3,0.0,0.0,0.0,0.0,0.0,0.0,0.0,0.0,0.983050847
253.2231362,1.0,LiFSI,0.0,0.0,0.3,0.7,0.0,0.0,0.0,0.0,0.0,0.0,3.346973534
302.55,0.940728139,LiBOB,0.4,0.0,0.0,0.0,0.6,0.0,0.0,0.0,0.0,0.0,11.06022457
312.45,0.308063967,LiBOB,0.4,0.0,0.0,0.0,0.6,0.0,0.0,0.0,0.0,0.0,7.911534536
261.6938331,0.4, LiBPFPB,0.0,0.0,0.0,0.0,0.0,1.0,0.0,0.0,0.0,0.0,6.009576201
322.35,0.291019868,LiBOB,0.8,0.2,0.0,0.0,0.0,0.0,0.0,0.0,0.0,0.0,5.712317881
273.15,1.0,LiAsF6,0.0,0.0,0.0,0.0,0.0,0.0,0.0,0.0,0.0,0.0,12.48
348.2045702,0.5,LiBOB,0.0,0.0,0.0,0.0,0.0,0.0,0.0,0.0,0.0,0.0,12.30391205
322.35,0.255364807,LiBF4,0.7,0.3,0.0,0.0,0.0,0.0,0.0,0.0,0.0,0.0,3.95073445
302.55,0.775187775,LiBF4,0.8,0.2,0.0,0.0,0.0,0.0,0.0,0.0,0.0,0.0,0.590909091
282.85,2.13,LiPF6,0.3,0.7,0.0,0.0,0.0,0.0,0.0,0.0,0.0,0.0,2.431
213.15,1.0,LiAsF6,0.25,0.0,0.25,0.0,0.0,0.0,0.0,0.0,0.0,0.0,0.7
219.7802198,1.0,LiBOB,0.0,0.0,0.0,0.0,0.0,1.0,0.0,0.0,0.0,0.0,1.545190324
282.85,0.433333333,LiBOB,0.6,0.4,0.0,0.0,0.0,0.0,0.0,0.0,0.0,0.0,3.28
266.0983909,1.0, LiBPFPB,1.0,0.0,0.0,0.0,0.0,0.0,0.0,0.0,0.0,0.0,0.377774898
307.6333091,0.8,LiBOB,0.0,0.0,0.0,0.0,0.0,1.0,0.0,0.0,0.0,0.0,16.57801777
243.0091549,1.0,LiBF4,0.0,0.0,0.3,0.7,0.0,0.0,0.0,0.0,0.0,0.0,0.714285714
233.15,0.876470588,LiBF4,0.9,0.1,0.0,0.0,0.0,0.0,0.0,0.0,0.0,0.0,0.256521739
233.75,0.593442623,LiBOB,1.0,0.0,0.0,0.0,0.0,0.0,0.0,0.0,0.0,0.0,0.00058548
282.85,1.370573631,LiBF4,0.4,0.6,0.0,0.0,0.0,0.0,0.0,0.0,0.0,0.0,1.555370443
253.35,1.923692618,LiPF6,0.3,0.7,0.0,0.0,0.0,0.0,0.0,0.0,0.0,0.0,0.629488159
263.15,0.687115194,LiPF6,0.85,0.0,0.15,0.0,0.0,0.0,0.0,0.0,0.0,0.0,2.124031008
350.3961819,1.0, LiBPFPB,1.0,0.0,0.0,0.0,0.0,0.0,0.0,0.0,0.0,0.0,6.398138356
313.3666112,1.0,LiBF4,0.0,0.33,0.33,0.0,0.0,0.0,0.0,0.0,0.33,0.0,0.085191199
243.65,0.455478685,LiBOB,0.9,0.1,0.0,0.0,0.0,0.0,0.0,0.0,0.0,0.0,0.324128032
233.15,1.611214953,LiPF6,0.0,0.0,0.3,0.7,0.0,0.0,0.0,0.0,0.0,0.0,0.365714286
302.55,1.2444,LiPF6,0.8,0.2,0.0,0.0,0.0,0.0,0.0,0.0,0.0,0.0,6.692
282.85,0.457688034,LiPF6,0.3,0.7,0.0,0.0,0.0,0.0,0.0,0.0,0.0,0.0,4.033613445
322.35,0.6859,LiPF6,0.6,0.4,0.0,0.0,0.0,0.0,0.0,0.0,0.0,0.0,11.04
233.15,1.0,LiAsF6,0.125,0.0,0.125,0.0,0.0,0.0,0.0,0.0,0.0,0.25,1.95
322.35,2.044203747,LiBF4,0.7,0.3,0.0,0.0,0.0,0.0,0.0,0.0,0.0,0.0,3.2
233.75,0.734649123,LiBF4,1.0,0.0,0.0,0.0,0.0,0.0,0.0,0.0,0.0,0.0,0.312453669
303.15,0.387480877,LiPF6,0.21,0.0,0.21,0.28,0.0,0.0,0.0,0.3,0.0,0.0,5.433197348
263.15,0.067924528,LiBOB,0.4,0.6,0.0,0.0,0.0,0.0,0.0,0.0,0.0,0.0,0.761648055
253.35,1.875604338,LiBF4,0.4,0.6,0.0,0.0,0.0,0.0,0.0,0.0,0.0,0.0,0.517346139
292.65,0.151475704,LiBOB,0.5,0.0,0.5,0.0,0.0,0.0,0.0,0.0,0.0,0.0,2.017282011
233.75,0.531553398,LiBF4,0.3,0.7,0.0,0.0,0.0,0.0,0.0,0.0,0.0,0.0,0.317961165
273.15,1.5,LiPF6,0.0,0.0,0.2,0.0,0.0,0.0,0.0,0.0,0.8,0.0,6.45
332.15,0.2452,LiPF6,0.4,0.6,0.0,0.0,0.0,0.0,0.0,0.0,0.0,0.0,6.34
312.45,0.571351351,LiBOB,0.3,0.0,0.7,0.0,0.0,0.0,0.0,0.0,0.0,0.0,5.594117647
233.15,1.907853637,LiPF6,0.5,0.5,0.0,0.0,0.0,0.0,0.0,0.0,0.0,0.0,0.059259259
233.75,0.752,LiPF6,0.8,0.2,0.0,0.0,0.0,0.0,0.0,0.0,0.0,0.0,0.457633803
322.35,0.405882353,LiBOB,1.0,0.0,0.0,0.0,0.0,0.0,0.0,0.0,0.0,0.0,5.677419355
263.15,0.073333333,LiBOB,0.6,0.4,0.0,0.0,0.0,0.0,0.0,0.0,0.0,0.0,0.741818182
243.65,0.609223301,LiBF4,0.3,0.7,0.0,0.0,0.0,0.0,0.0,0.0,0.0,0.0,0.472294577
233.75,0.44939031,LiBF4,0.5,0.5,0.0,0.0,0.0,0.0,0.0,0.0,0.0,0.0,0.462285529
293.15,1.0,LiBF4,0.5,0.0,0.5,0.0,0.0,0.0,0.0,0.0,0.0,0.0,4.25
312.45,0.409433962,LiBOB,0.3,0.0,0.0,0.0,0.7,0.0,0.0,0.0,0.0,0.0,9.824797844
253.35,0.154976995,LiBOB,0.5,0.0,0.5,0.0,0.0,0.0,0.0,0.0,0.0,0.0,0.551004377
233.75,1.513442441,LiBF4,0.4,0.6,0.0,0.0,0.0,0.0,0.0,0.0,0.0,0.0,0.274206194
243.15,0.485562142,LiPF6,0.27,0.0,0.27,0.36,0.0,0.0,0.0,0.1,0.0,0.0,1.45132121
272.95,0.4233,LiPF6,0.6,0.4,0.0,0.0,0.0,0.0,0.0,0.0,0.0,0.0,3.735
302.55,2.3728,LiPF6,0.8,0.2,0.0,0.0,0.0,0.0,0.0,0.0,0.0,0.0,2.166
332.15,0.553240741,LiBF4,0.4,0.0,0.6,0.0,0.0,0.0,0.0,0.0,0.0,0.0,8.512953368
282.85,0.273333333,LiBOB,0.6,0.4,0.0,0.0,0.0,0.0,0.0,0.0,0.0,0.0,2.850909091
253.15,1.0,LiAsF6,0.0,0.0,0.5,0.0,0.0,0.0,0.0,0.0,0.0,0.0,1.3
332.15,1.041176471,LiBOB,1.0,0.0,0.0,0.0,0.0,0.0,0.0,0.0,0.0,0.0,7.096774194
233.75,0.0375,LiBOB,0.7,0.3,0.0,0.0,0.0,0.0,0.0,0.0,0.0,0.0,0.13559322
302.55,0.301449275,LiBOB,0.6,0.0,0.4,0.0,0.0,0.0,0.0,0.0,0.0,0.0,3.564282375
332.15,0.529154271,LiBOB,0.5,0.0,0.0,0.0,0.5,0.0,0.0,0.0,0.0,0.0,12.91415215
333.15,1.5,LiAsF6,0.85,0.0,0.15,0.0,0.0,0.0,0.0,0.0,0.0,0.0,11.05
263.15,0.697351743,LiBF4,0.7,0.0,0.3,0.0,0.0,0.0,0.0,0.0,0.0,0.0,1.624354912
233.75,0.184819865,LiBOB,0.9,0.1,0.0,0.0,0.0,0.0,0.0,0.0,0.0,0.0,0.206832209
332.15,0.717647059,LiBOB,1.0,0.0,0.0,0.0,0.0,0.0,0.0,0.0,0.0,0.0,7.548387097
313.15,1.0,LiAsF6,0.175,0.0,0.175,0.0,0.0,0.0,0.0,0.0,0.0,0.35,17.05
303.15,1.007,LiPF6,0.0,0.0,0.5,0.0,0.0,0.0,0.0,0.0,0.5,0.0,12.942
392.4775143,0.5,LiBOB,0.0,0.0,0.0,0.0,0.0,0.0,0.0,0.0,0.0,0.0,20.11261445
253.35,0.4475,LiPF6,0.4,0.6,0.0,0.0,0.0,0.0,0.0,0.0,0.0,0.0,2.128
282.85,0.935294118,LiBOB,1.0,0.0,0.0,0.0,0.0,0.0,0.0,0.0,0.0,0.0,1.741935484
263.15,0.875256286,LiBF4,0.5,0.5,0.0,0.0,0.0,0.0,0.0,0.0,0.0,0.0,1.216574943
333.15,1.0,LiAsF6,0.0,0.0,0.0,0.0,0.0,0.0,0.25,0.0,0.0,0.0,7.66
233.75,0.437007874,LiBF4,0.9,0.1,0.0,0.0,0.0,0.0,0.0,0.0,0.0,0.0,0.410958904
302.55,1.478,LiPF6,0.8,0.2,0.0,0.0,0.0,0.0,0.0,0.0,0.0,0.0,5.592112676
272.95,0.222222222,LiBOB,0.3,0.7,0.0,0.0,0.0,0.0,0.0,0.0,0.0,0.0,1.87755102
282.85,0.419672131,LiBOB,1.0,0.0,0.0,0.0,0.0,0.0,0.0,0.0,0.0,0.0,2.174473068
293.15,0.478893508,LiPF6,0.0,0.0,0.3,0.4,0.0,0.0,0.0,0.0,0.0,0.0,9.962264151
312.45,1.055741593,LiBF4,1.0,0.0,0.0,0.0,0.0,0.0,0.0,0.0,0.0,0.0,1.48221013
213.95,0.4233,LiPF6,0.6,0.4,0.0,0.0,0.0,0.0,0.0,0.0,0.0,0.0,0.2019
298.15,0.94,LiClO4,0.0,0.0,0.5,0.0,0.0,0.0,0.0,0.0,0.0,0.0,9.880019602
312.45,0.8937,LiPF6,0.5,0.5,0.0,0.0,0.0,0.0,0.0,0.0,0.0,0.0,9.58
243.65,0.35,LiBOB,1.0,0.0,0.0,0.0,0.0,0.0,0.0,0.0,0.0,0.0,0.322580645
263.15,0.232432432,LiBOB,0.4,0.0,0.6,0.0,0.0,0.0,0.0,0.0,0.0,0.0,1.029411765
272.1306681,0.08, LiBPFPB,1.0,0.0,0.0,0.0,0.0,0.0,0.0,0.0,0.0,0.0,0.369986226
272.95,1.974299065,LiBF4,0.85,0.0,0.15,0.0,0.0,0.0,0.0,0.0,0.0,0.0,0.660762343
322.35,1.215941287,LiBF4,0.8,0.2,0.0,0.0,0.0,0.0,0.0,0.0,0.0,0.0,4.725925926
312.45,0.956521739,LiBOB,0.6,0.0,0.4,0.0,0.0,0.0,0.0,0.0,0.0,0.0,4.716690042
282.85,0.773471188,LiBF4,0.4,0.6,0.0,0.0,0.0,0.0,0.0,0.0,0.0,0.0,1.685417483
233.75,0.725539879,LiBOB,0.8,0.0,0.2,0.0,0.0,0.0,0.0,0.0,0.0,0.0,0.16642672
322.35,0.195238095,LiBOB,0.5,0.5,0.0,0.0,0.0,0.0,0.0,0.0,0.0,0.0,4.474937343
313.15,1.0,LiAsF6,0.0,0.0,0.25,0.0,0.0,0.0,0.5,0.0,0.0,0.0,6.2
233.75,1.929209184,LiPF6,0.5,0.5,0.0,0.0,0.0,0.0,0.0,0.0,0.0,0.0,0.160586735
263.15,0.257324503,LiBOB,0.8,0.2,0.0,0.0,0.0,0.0,0.0,0.0,0.0,0.0,1.277350993
332.15,0.2585,LiPF6,0.3,0.7,0.0,0.0,0.0,0.0,0.0,0.0,0.0,0.0,5.407
253.35,0.159375,LiBOB,0.7,0.3,0.0,0.0,0.0,0.0,0.0,0.0,0.0,0.0,0.847457627
223.85,0.5661,LiPF6,1.0,0.0,0.0,0.0,0.0,0.0,0.0,0.0,0.0,0.0,0.139
342.1636336,0.5,LiClO4,0.0,0.0,0.0,0.0,0.0,1.0,0.0,0.0,0.0,0.0,2.579896064
283.15,0.481771666,LiPF6,0.0,0.0,0.3,0.4,0.0,0.0,0.0,0.0,0.0,0.0,8.603773585
332.15,1.377488648,LiBF4,0.5,0.5,0.0,0.0,0.0,0.0,0.0,0.0,0.0,0.0,4.111217837
323.15,0.763428571,LiPF6,0.18,0.0,0.18,0.24,0.0,0.0,0.0,0.4,0.0,0.0,8.201834862
253.15,1.0,LiAsF6,0.0,0.0,0.0,0.0,0.0,0.0,0.25,0.0,0.0,0.0,1.43
272.95,0.784589258,LiPF6,1.0,0.0,0.0,0.0,0.0,0.0,0.0,0.0,0.0,0.0,2.899270754
213.95,1.0685,LiPF6,0.7,0.3,0.0,0.0,0.0,0.0,0.0,0.0,0.0,0.0,0.03154
322.35,0.232432432,LiBOB,0.4,0.0,0.6,0.0,0.0,0.0,0.0,0.0,0.0,0.0,4.705882353
260.2705094,1.0,LiBOB,0.0,0.0,0.0,0.0,0.0,0.0,0.0,0.0,0.0,0.0,11.175729
302.55,0.6859,LiPF6,0.6,0.4,0.0,0.0,0.0,0.0,0.0,0.0,0.0,0.0,8.07
323.15,0.751192346,LiPF6,0.24,0.0,0.24,0.32,0.0,0.0,0.0,0.2,0.0,0.0,10.80851064
282.85,0.348548297,LiBF4,0.6,0.4,0.0,0.0,0.0,0.0,0.0,0.0,0.0,0.0,2.089447236
322.35,0.542463576,LiBOB,0.8,0.2,0.0,0.0,0.0,0.0,0.0,0.0,0.0,0.0,6.788344371
263.15,1.876176009,LiBF4,0.4,0.6,0.0,0.0,0.0,0.0,0.0,0.0,0.0,0.0,0.740297922
253.35,1.36002445,LiBF4,0.5,0.5,0.0,0.0,0.0,0.0,0.0,0.0,0.0,0.0,0.701158458
298.0,1.0,LiClO4,0.0,0.0,0.0,0.0,0.0,0.67,0.0,0.0,0.0,0.0,5.852941176
243.15,1.0,LiN(CF3SO2)2,0.5,0.0,0.5,0.0,0.0,0.0,0.0,0.0,0.0,0.0,0.67
332.15,0.052380952,LiBOB,0.5,0.5,0.0,0.0,0.0,0.0,0.0,0.0,0.0,0.0,1.880952381
284.6365605,1.0,LiTFSI,0.0,0.0,0.5,0.0,0.0,0.0,0.0,0.0,0.5,0.0,6.484689143
282.85,0.571351351,LiBOB,0.3,0.0,0.7,0.0,0.0,0.0,0.0,0.0,0.0,0.0,2.452941176
243.15,4.0,LiAsF6,0.25,0.0,0.25,0.0,0.0,0.5,0.0,0.0,0.0,0.0,0.01
263.15,0.7501,LiPF6,0.4,0.6,0.0,0.0,0.0,0.0,0.0,0.0,0.0,0.0,3.12
322.35,0.279108665,LiBF4,0.5,0.5,0.0,0.0,0.0,0.0,0.0,0.0,0.0,0.0,2.945937197
243.65,0.13,LiBOB,0.6,0.4,0.0,0.0,0.0,0.0,0.0,0.0,0.0,0.0,0.533939394
312.45,1.0685,LiPF6,0.7,0.3,0.0,0.0,0.0,0.0,0.0,0.0,0.0,0.0,9.406
253.35,0.75625,LiBOB,0.7,0.3,0.0,0.0,0.0,0.0,0.0,0.0,0.0,0.0,0.691525424
264.169502,1.0,LiTFSI,0.0,0.0,0.5,0.0,0.0,0.0,0.0,0.0,0.5,0.0,3.778224559
282.85,0.46306322,LiBF4,0.5,0.5,0.0,0.0,0.0,0.0,0.0,0.0,0.0,0.0,1.92050879
243.65,0.470588235,LiBOB,1.0,0.0,0.0,0.0,0.0,0.0,0.0,0.0,0.0,0.0,0.258064516
263.15,2.0,LiAsF6,0.5,0.0,0.5,0.0,0.0,0.0,0.0,0.0,0.0,0.0,0.23
282.85,0.37,LiPF6,0.8,0.2,0.0,0.0,0.0,0.0,0.0,0.0,0.0,0.0,4.257126761
272.95,0.836510222,LiBOB,0.8,0.0,0.2,0.0,0.0,0.0,0.0,0.0,0.0,0.0,1.364814282
272.95,0.375,LiBF4,1.0,0.0,0.0,0.0,0.0,0.0,0.0,0.0,0.0,0.0,2.019520633
332.15,0.547826087,LiBOB,0.9,0.0,0.0,0.0,0.1,0.0,0.0,0.0,0.0,0.0,8.954980737
302.55,1.058911604,LiBOB,0.8,0.0,0.2,0.0,0.0,0.0,0.0,0.0,0.0,0.0,3.475957386
233.15,1.5,LiAsF6,0.85,0.0,0.15,0.0,0.0,0.0,0.0,0.0,0.0,0.0,0.03
332.15,0.430188679,LiBOB,0.4,0.6,0.0,0.0,0.0,0.0,0.0,0.0,0.0,0.0,7.299961494
263.15,0.75,LiAsF6,0.0,0.0,0.0,0.0,0.0,0.0,0.5,0.0,0.0,0.0,0.91
302.55,2.3162,LiPF6,0.3,0.7,0.0,0.0,0.0,0.0,0.0,0.0,0.0,0.0,3.789
322.35,1.246492347,LiPF6,0.5,0.5,0.0,0.0,0.0,0.0,0.0,0.0,0.0,0.0,10.67206633
348.4194247,1.0,LiPF6,0.0,0.0,0.5,0.0,0.0,0.0,0.0,0.0,0.5,0.0,21.40194865
253.35,0.829411765,LiBOB,1.0,0.0,0.0,0.0,0.0,0.0,0.0,0.0,0.0,0.0,0.322580645
272.95,1.445,LiPF6,1.0,0.0,0.0,0.0,0.0,0.0,0.0,0.0,0.0,0.0,1.288
273.15,0.9,LiAsF6,0.0,0.0,0.0,0.0,0.0,0.0,0.0,0.0,0.0,0.0,1.17
273.15,2.00862069,LiPF6,0.0,0.0,0.3,0.7,0.0,0.0,0.0,0.0,0.0,0.0,3.259259259
282.85,0.391712758,LiBF4,0.55,0.0,0.45,0.0,0.0,0.0,0.0,0.0,0.0,0.0,3.187274306
263.15,1.3,LiPF6,0.6,0.4,0.0,0.0,0.0,0.0,0.0,0.0,0.0,0.0,1.978267045
253.35,0.8979,LiPF6,0.3,0.7,0.0,0.0,0.0,0.0,0.0,0.0,0.0,0.0,2.098
282.85,0.766899767,LiBF4,0.8,0.2,0.0,0.0,0.0,0.0,0.0,0.0,0.0,0.0,2.53030303
312.45,0.371483581,LiBOB,0.8,0.0,0.0,0.0,0.2,0.0,0.0,0.0,0.0,0.0,6.582950048
322.35,0.608506295,LiBOB,0.4,0.0,0.0,0.0,0.6,0.0,0.0,0.0,0.0,0.0,12.64375638
263.15,0.259021099,LiBOB,0.9,0.1,0.0,0.0,0.0,0.0,0.0,0.0,0.0,0.0,1.135208842
312.45,0.87622501,LiBF4,0.4,0.6,0.0,0.0,0.0,0.0,0.0,0.0,0.0,0.0,2.759408075
233.75,0.50877193,LiBF4,0.4,0.6,0.0,0.0,0.0,0.0,0.0,0.0,0.0,0.0,0.373282604
263.15,1.4764,LiPF6,0.8,0.2,0.0,0.0,0.0,0.0,0.0,0.0,0.0,0.0,1.03
312.8052904,1.0,LiFSI,0.0,0.0,0.3,0.7,0.0,0.0,0.0,0.0,0.0,0.0,9.624200289
332.15,2.13,LiPF6,0.3,0.7,0.0,0.0,0.0,0.0,0.0,0.0,0.0,0.0,8.139
292.65,1.495143745,LiBF4,0.8,0.2,0.0,0.0,0.0,0.0,0.0,0.0,0.0,0.0,0.121212121
306.7277597,0.2,LiBOB,0.0,0.0,0.0,0.0,0.0,1.0,0.0,0.0,0.0,0.0,5.975594214
292.65,0.67602649,LiBOB,0.8,0.2,0.0,0.0,0.0,0.0,0.0,0.0,0.0,0.0,3.30807947
267.3436967,0.5,LiTFSI,0.0,0.0,0.0,0.0,0.0,1.0,0.0,0.0,0.0,0.0,7.558803207
263.15,0.437007874,LiBF4,0.9,0.1,0.0,0.0,0.0,0.0,0.0,0.0,0.0,0.0,1.520547945
253.35,1.50877193,LiBF4,0.4,0.6,0.0,0.0,0.0,0.0,0.0,0.0,0.0,0.0,0.554005496
293.15,1.231707317,LiBF4,0.5,0.5,0.0,0.0,0.0,0.0,0.0,0.0,0.0,0.0,2.243902439
292.65,0.226415094,LiBOB,0.3,0.0,0.0,0.0,0.7,0.0,0.0,0.0,0.0,0.0,5.330862534
332.15,0.344444444,LiBOB,0.3,0.7,0.0,0.0,0.0,0.0,0.0,0.0,0.0,0.0,6.081632653
273.15,1.180022974,LiPF6,0.285,0.0,0.285,0.38,0.0,0.0,0.0,0.05,0.0,0.0,3.665309106
332.15,1.248,LiPF6,0.8,0.2,0.0,0.0,0.0,0.0,0.0,0.0,0.0,0.0,12.33098592
302.55,0.81509434,LiBOB,0.3,0.0,0.0,0.0,0.7,0.0,0.0,0.0,0.0,0.0,11.82681941
282.85,0.763303072,LiPF6,0.9,0.1,0.0,0.0,0.0,0.0,0.0,0.0,0.0,0.0,4.553064996
315.1170478,1.0,LiBOB,0.0,0.0,0.0,0.0,0.0,0.0,0.0,0.0,0.0,0.0,28.07216204
243.15,3.0,LiAsF6,0.125,0.0,0.125,0.0,0.0,0.0,0.0,0.0,0.0,0.75,0.06
233.15,2.117647059,LiPF6,0.7,0.3,0.0,0.0,0.0,0.0,0.0,0.0,0.0,0.0,0.002941176
293.15,1.0,LiPF6,0.0,0.0,0.0,1.0,0.0,0.0,0.0,0.0,0.0,0.0,4.0
303.15,0.418714941,LiPF6,0.21,0.0,0.21,0.28,0.0,0.0,0.0,0.3,0.0,0.0,1.426823049
353.15,1.0,LiAsF6,0.075,0.0,0.075,0.0,0.0,0.0,0.0,0.0,0.0,0.15,23.8
312.45,0.4475,LiPF6,0.4,0.6,0.0,0.0,0.0,0.0,0.0,0.0,0.0,0.0,7.28
263.15,0.404267311,LiBOB,0.9,0.0,0.1,0.0,0.0,0.0,0.0,0.0,0.0,0.0,1.079365079
322.35,0.570199063,LiBF4,0.7,0.3,0.0,0.0,0.0,0.0,0.0,0.0,0.0,0.0,4.857142857
283.15,0.570175439,LiPF6,0.0,0.0,0.3,0.6,0.0,0.0,0.0,0.0,0.0,0.0,7.037037037
332.15,0.938596491,LiBF4,1.0,0.0,0.0,0.0,0.0,0.0,0.0,0.0,0.0,0.0,6.453576723
213.15,1.0,LiAsF6,0.0,0.0,0.0,0.0,0.0,0.0,0.0,0.0,0.0,0.3,1.08
273.15,1.0,LiAsF6,0.5,0.0,0.0,0.0,0.0,0.0,0.0,0.0,0.0,0.0,6.99
293.15,0.770588235,LiPF6,0.9,0.1,0.0,0.0,0.0,0.0,0.0,0.0,0.0,0.0,6.0
312.45,0.028571429,LiBOB,0.5,0.5,0.0,0.0,0.0,0.0,0.0,0.0,0.0,0.0,0.887218045
263.15,0.952402837,LiPF6,0.3,0.0,0.3,0.4,0.0,0.0,0.0,0.0,0.0,0.0,3.25896693
322.35,1.243367383,LiPF6,0.4,0.6,0.0,0.0,0.0,0.0,0.0,0.0,0.0,0.0,10.15748031
293.15,0.982352941,LiBF4,0.9,0.1,0.0,0.0,0.0,0.0,0.0,0.0,0.0,0.0,2.974358974
293.15,1.504,LiPF6,0.0,0.0,0.5,0.0,0.0,0.0,0.0,0.0,0.5,0.0,8.507
313.15,1.0,LiClO4,0.0,0.0,0.8,0.0,0.0,0.0,0.0,0.0,0.0,0.0,11.45421929
372.2373013,0.5,LiTFSI,0.0,0.0,0.0,0.0,0.0,0.0,0.0,0.0,0.0,0.0,18.93213923
253.15,1.0,LiAsF6,0.5,0.0,0.5,0.0,0.0,0.0,0.0,0.0,0.0,0.0,1.15
283.15,0.975535657,LiPF6,0.0,0.0,0.3,0.4,0.0,0.0,0.0,0.0,0.0,0.0,11.54716981
253.15,1.0,LiAsF6,0.0,0.0,0.0,0.0,0.0,0.0,0.35,0.0,0.0,0.0,0.83
312.45,0.561170128,LiPF6,0.85,0.0,0.15,0.0,0.0,0.0,0.0,0.0,0.0,0.0,8.542635659
243.65,0.18,LiBOB,0.6,0.4,0.0,0.0,0.0,0.0,0.0,0.0,0.0,0.0,0.652121212
312.45,0.446740415,LiBOB,1.0,0.0,0.0,0.0,0.0,0.0,0.0,0.0,0.0,0.0,4.948125873
272.95,0.675549669,LiBOB,0.8,0.2,0.0,0.0,0.0,0.0,0.0,0.0,0.0,0.0,1.613245033
293.15,1.5,LiPF6,0.0,0.0,0.3,0.0,0.0,0.0,0.0,0.0,0.7,0.0,10.6
253.35,0.611496689,LiBOB,0.8,0.2,0.0,0.0,0.0,0.0,0.0,0.0,0.0,0.0,0.607152318
292.65,0.372981441,LiPF6,0.9,0.1,0.0,0.0,0.0,0.0,0.0,0.0,0.0,0.0,5.119841461
233.75,0.688464444,LiBF4,0.5,0.5,0.0,0.0,0.0,0.0,0.0,0.0,0.0,0.0,0.43153124
282.85,0.230871866,LiBOB,0.9,0.0,0.1,0.0,0.0,0.0,0.0,0.0,0.0,0.0,1.873015873
272.95,0.59047619,LiBOB,0.5,0.5,0.0,0.0,0.0,0.0,0.0,0.0,0.0,0.0,2.423558897
273.15,0.638345489,LiPF6,0.3,0.0,0.3,0.4,0.0,0.0,0.0,0.0,0.0,0.0,5.051153961
304.3829261,1.0,LiTFSI,0.0,0.0,0.5,0.0,0.0,0.0,0.0,0.0,0.5,0.0,9.799721621
263.15,1.9482,LiPF6,0.8,0.2,0.0,0.0,0.0,0.0,0.0,0.0,0.0,0.0,0.3851
263.0628597,1.0,LiFSI,0.0,0.0,0.3,0.7,0.0,0.0,0.0,0.0,0.0,0.0,3.391455968
322.35,0.41012691,LiBF4,0.8,0.2,0.0,0.0,0.0,0.0,0.0,0.0,0.0,0.0,2.015151515
312.45,0.748019302,LiBOB,0.5,0.0,0.5,0.0,0.0,0.0,0.0,0.0,0.0,0.0,5.439120189
302.55,0.50467059,LiBOB,0.9,0.1,0.0,0.0,0.0,0.0,0.0,0.0,0.0,0.0,4.282216162
223.85,0.9088,LiPF6,0.7,0.3,0.0,0.0,0.0,0.0,0.0,0.0,0.0,0.0,0.1852
253.35,1.2325,LiPF6,0.4,0.6,0.0,0.0,0.0,0.0,0.0,0.0,0.0,0.0,1.61
293.15,1.0,LiAsF6,0.0,0.0,0.25,0.0,0.0,0.0,0.25,0.0,0.0,0.0,4.46
312.5,1.0,LiBOB,0.0,0.0,0.0,0.0,0.0,1.0,0.0,0.0,0.0,0.0,13.53909022
332.15,2.013637633,LiBF4,0.6,0.4,0.0,0.0,0.0,0.0,0.0,0.0,0.0,0.0,3.590508096
253.35,1.968503937,LiBF4,0.9,0.1,0.0,0.0,0.0,0.0,0.0,0.0,0.0,0.0,0.260273973
332.15,0.696601942,LiBF4,0.3,0.7,0.0,0.0,0.0,0.0,0.0,0.0,0.0,0.0,2.425645276
253.15,1.0,LiAsF6,0.0,0.0,0.0,0.0,0.0,0.0,0.0,0.0,0.0,0.0,11.38
313.15,2.002,LiPF6,0.0,0.0,0.5,0.0,0.0,0.0,0.0,0.0,0.5,0.0,10.76
292.65,2.3118,LiPF6,0.7,0.3,0.0,0.0,0.0,0.0,0.0,0.0,0.0,0.0,1.74
302.55,1.671153846,LiPF6,0.4,0.0,0.6,0.0,0.0,0.0,0.0,0.0,0.0,0.0,4.522855562
322.35,0.731308411,LiBF4,0.85,0.0,0.15,0.0,0.0,0.0,0.0,0.0,0.0,0.0,6.147379752
243.15,1.0,LiAsF6,0.0,0.0,0.0,0.0,0.0,0.0,0.25,0.0,0.0,0.0,3.38
272.95,0.441747573,LiBF4,0.3,0.7,0.0,0.0,0.0,0.0,0.0,0.0,0.0,0.0,0.919429316
333.15,0.2,LiAsF6,1.0,0.0,0.0,0.0,0.0,0.0,0.0,0.0,0.0,0.0,5.69
227.7871039,1.0, LiBPFPB,1.0,0.0,0.0,0.0,0.0,0.0,0.0,0.0,0.0,0.0,0.009131031
263.15,0.874655788,LiPF6,0.21,0.0,0.21,0.28,0.0,0.0,0.0,0.3,0.0,0.0,1.803161652
332.15,1.093390192,LiBOB,0.5,0.0,0.5,0.0,0.0,0.0,0.0,0.0,0.0,0.0,7.521939176
272.95,0.84039158,LiBF4,0.7,0.0,0.3,0.0,0.0,0.0,0.0,0.0,0.0,0.0,2.134042553
312.45,1.099137931,LiBF4,0.6,0.4,0.0,0.0,0.0,0.0,0.0,0.0,0.0,0.0,3.623529412
243.15,1.302857143,LiPF6,0.18,0.0,0.18,0.24,0.0,0.0,0.0,0.4,0.0,0.0,0.201834862
273.15,1.0,LiAsF6,0.125,0.0,0.125,0.0,0.0,0.0,0.0,0.0,0.0,0.25,8.82
302.55,0.135359116,LiBOB,0.5,0.0,0.0,0.0,0.5,0.0,0.0,0.0,0.0,0.0,3.892477688
322.35,1.106818182,LiPF6,0.6,0.4,0.0,0.0,0.0,0.0,0.0,0.0,0.0,0.0,11.17535511
243.15,0.872,LiPF6,0.18,0.0,0.18,0.24,0.0,0.0,0.0,0.4,0.0,0.0,0.495412844
233.75,0.517850514,LiBF4,0.9,0.1,0.0,0.0,0.0,0.0,0.0,0.0,0.0,0.0,0.356453409
253.35,0.446601942,LiBF4,0.3,0.7,0.0,0.0,0.0,0.0,0.0,0.0,0.0,0.0,0.584181861
263.15,1.2604,LiPF6,0.5,0.5,0.0,0.0,0.0,0.0,0.0,0.0,0.0,0.0,2.234
232.6126035,1.0,LiBOB,1.0,0.0,0.0,0.0,0.0,0.0,0.0,0.0,0.0,0.0,0.045012521
272.95,0.88574804,LiBOB,1.0,0.0,0.0,0.0,0.0,0.0,0.0,0.0,0.0,0.0,1.377510471
292.65,0.875,LiBF4,0.6,0.4,0.0,0.0,0.0,0.0,0.0,0.0,0.0,0.0,2.682352941
303.15,0.4,LiPF6,0.18,0.0,0.18,0.24,0.0,0.0,0.0,0.4,0.0,0.0,4.825688073
243.65,1.7328,LiPF6,0.6,0.4,0.0,0.0,0.0,0.0,0.0,0.0,0.0,0.0,0.2145
263.15,1.7204,LiPF6,0.3,0.7,0.0,0.0,0.0,0.0,0.0,0.0,0.0,0.0,1.682
233.75,0.6859,LiPF6,0.6,0.4,0.0,0.0,0.0,0.0,0.0,0.0,0.0,0.0,0.7549
243.65,1.7204,LiPF6,0.3,0.7,0.0,0.0,0.0,0.0,0.0,0.0,0.0,0.0,0.5547
322.35,0.783919315,LiPF6,0.55,0.0,0.45,0.0,0.0,0.0,0.0,0.0,0.0,0.0,11.75
272.95,2.1375,LiPF6,0.6,0.4,0.0,0.0,0.0,0.0,0.0,0.0,0.0,0.0,0.9517
293.15,1.0,LiPF6,0.0,0.0,0.3,0.0,0.0,0.0,0.0,0.0,0.7,0.0,11.14
292.65,0.59047619,LiBOB,0.5,0.5,0.0,0.0,0.0,0.0,0.0,0.0,0.0,0.0,4.160401003
313.15,1.0,LiAsF6,0.0,0.0,0.0,0.0,0.0,0.0,0.0,0.0,0.0,0.0,2.56
233.75,0.681102362,LiBF4,0.9,0.1,0.0,0.0,0.0,0.0,0.0,0.0,0.0,0.0,0.342465753
293.5032413,0.08, LiBPFPB,1.0,0.0,0.0,0.0,0.0,0.0,0.0,0.0,0.0,0.0,0.69911207
233.75,1.7204,LiPF6,0.3,0.7,0.0,0.0,0.0,0.0,0.0,0.0,0.0,0.0,0.2516
302.55,0.639126276,LiPF6,0.5,0.5,0.0,0.0,0.0,0.0,0.0,0.0,0.0,0.0,7.919387755
323.15,1.524300334,LiPF6,0.285,0.0,0.285,0.38,0.0,0.0,0.0,0.05,0.0,0.0,11.40883459
253.35,2.031714126,LiBF4,0.6,0.4,0.0,0.0,0.0,0.0,0.0,0.0,0.0,0.0,0.258291457
332.15,0.685344828,LiBF4,0.6,0.4,0.0,0.0,0.0,0.0,0.0,0.0,0.0,0.0,4.917647059
282.85,0.125190182,LiBOB,0.9,0.1,0.0,0.0,0.0,0.0,0.0,0.0,0.0,0.0,1.519822018
292.65,0.6483,LiPF6,0.3,0.7,0.0,0.0,0.0,0.0,0.0,0.0,0.0,0.0,5.534
282.85,0.655675676,LiBOB,0.3,0.0,0.7,0.0,0.0,0.0,0.0,0.0,0.0,0.0,2.347058824
322.35,0.8979,LiPF6,0.3,0.7,0.0,0.0,0.0,0.0,0.0,0.0,0.0,0.0,9.24
322.35,0.7987,LiPF6,0.6,0.4,0.0,0.0,0.0,0.0,0.0,0.0,0.0,0.0,11.35
302.55,2.326139881,LiPF6,0.7,0.0,0.3,0.0,0.0,0.0,0.0,0.0,0.0,0.0,2.064132438
253.35,0.424133811,LiBF4,0.8,0.2,0.0,0.0,0.0,0.0,0.0,0.0,0.0,0.0,1.081481481
332.15,0.7024557,LiBF4,1.0,0.0,0.0,0.0,0.0,0.0,0.0,0.0,0.0,0.0,6.618250314
278.15,0.341562328,LiAsF6,0.32,0.0,0.0,0.0,0.0,0.68,0.0,0.0,0.0,0.0,0.822268369
243.65,0.6653,LiPF6,0.7,0.3,0.0,0.0,0.0,0.0,0.0,0.0,0.0,0.0,1.181
313.15,1.0,LiAsF6,0.0,0.0,0.0,0.0,0.0,0.0,0.0,0.0,0.0,0.0,25.29
313.15,0.917757009,LiPF6,0.0,0.0,0.3,0.7,0.0,0.0,0.0,0.0,0.0,0.0,11.24571429
273.15,2.0,LiPF6,0.0,0.0,0.1,0.0,0.0,0.0,0.0,0.0,0.9,0.0,5.5
223.15,1.0,LiAsF6,0.0,0.0,0.0,0.0,0.0,0.0,0.0,0.0,0.0,1.0,1.27
283.15,0.491071429,LiPF6,0.0,0.0,0.3,0.0,0.0,0.0,0.0,0.0,0.7,0.0,7.685185185
237.94302,0.5, LiBPFPB,1.0,0.0,0.0,0.0,0.0,0.0,0.0,0.0,0.0,0.0,0.149180748
322.35,1.668966119,LiBF4,0.5,0.5,0.0,0.0,0.0,0.0,0.0,0.0,0.0,0.0,3.33510886
253.35,1.2514,LiPF6,0.7,0.3,0.0,0.0,0.0,0.0,0.0,0.0,0.0,0.0,0.9986
233.15,1.0,LiCF3SO3,0.5,0.0,0.5,0.0,0.0,0.0,0.0,0.0,0.0,0.0,0.02
332.15,0.193043478,LiBOB,0.9,0.0,0.0,0.0,0.1,0.0,0.0,0.0,0.0,0.0,5.289818382
303.15,1.385764294,LiPF6,0.0,0.0,0.5,0.5,0.0,0.0,0.0,0.0,0.0,0.0,9.279069767
312.45,0.341556592,LiBF4,0.8,0.2,0.0,0.0,0.0,0.0,0.0,0.0,0.0,0.0,1.060606061
332.15,0.834977884,LiBOB,0.4,0.0,0.0,0.0,0.6,0.0,0.0,0.0,0.0,0.0,15.54134059
292.65,0.717524766,LiBF4,1.0,0.0,0.0,0.0,0.0,0.0,0.0,0.0,0.0,0.0,3.242779406
312.45,1.338163037,LiBF4,0.6,0.4,0.0,0.0,0.0,0.0,0.0,0.0,0.0,0.0,3.291122278
322.35,0.206666667,LiBOB,0.6,0.4,0.0,0.0,0.0,0.0,0.0,0.0,0.0,0.0,4.984242424
243.65,0.61202649,LiBOB,0.8,0.2,0.0,0.0,0.0,0.0,0.0,0.0,0.0,0.0,0.26807947
233.75,1.237068966,LiBF4,0.6,0.4,0.0,0.0,0.0,0.0,0.0,0.0,0.0,0.0,0.258823529
312.45,0.733333333,LiBOB,0.6,0.0,0.4,0.0,0.0,0.0,0.0,0.0,0.0,0.0,5.204301075
348.15,0.077084036,LiBPFPB,1.0,0.0,0.0,0.0,0.0,0.0,0.0,0.0,0.0,0.0,1.907931767
293.15,1.0,LiAsF6,0.0,0.0,0.0,0.0,0.0,0.0,0.25,0.0,0.0,0.0,4.85
213.95,0.55,LiPF6,0.3,0.7,0.0,0.0,0.0,0.0,0.0,0.0,0.0,0.0,0.2927
332.15,0.644259903,LiBOB,0.5,0.0,0.5,0.0,0.0,0.0,0.0,0.0,0.0,0.0,8.1609247
332.15,2.1265,LiPF6,0.7,0.3,0.0,0.0,0.0,0.0,0.0,0.0,0.0,0.0,7.685
293.15,1.220930233,LiBF4,0.7,0.3,0.0,0.0,0.0,0.0,0.0,0.0,0.0,0.0,2.525
262.4253201,0.6, LiBPFPB,0.0,0.0,0.0,0.0,0.0,1.0,0.0,0.0,0.0,0.0,4.526985225
282.85,0.764,LiPF6,0.3,0.7,0.0,0.0,0.0,0.0,0.0,0.0,0.0,0.0,4.798
253.35,0.242622951,LiBOB,1.0,0.0,0.0,0.0,0.0,0.0,0.0,0.0,0.0,0.0,0.598946136
322.35,0.486486486,LiBOB,0.4,0.0,0.6,0.0,0.0,0.0,0.0,0.0,0.0,0.0,6.529411765
292.65,0.659016393,LiBOB,1.0,0.0,0.0,0.0,0.0,0.0,0.0,0.0,0.0,0.0,2.881733021
332.15,0.438095238,LiBOB,0.5,0.5,0.0,0.0,0.0,0.0,0.0,0.0,0.0,0.0,7.726817043
347.7370492,0.08, LiBPFPB,1.0,0.0,0.0,0.0,0.0,0.0,0.0,0.0,0.0,0.0,1.815198672
283.15,1.5,LiPF6,0.0,0.0,0.3,0.0,0.0,0.0,0.0,0.0,0.7,0.0,8.43
332.15,0.58173221,LiPF6,1.0,0.0,0.0,0.0,0.0,0.0,0.0,0.0,0.0,0.0,11.45935866
272.95,0.57033418,LiBOB,0.7,0.0,0.0,0.0,0.3,0.0,0.0,0.0,0.0,0.0,3.720930233
313.15,1.0,LiPF6,0.0,0.0,0.1,0.9,0.0,0.0,0.0,0.0,0.0,0.0,7.59
282.85,0.698268447,LiBF4,0.7,0.0,0.3,0.0,0.0,0.0,0.0,0.0,0.0,0.0,3.031371661
292.65,0.453322086,LiPF6,0.9,0.1,0.0,0.0,0.0,0.0,0.0,0.0,0.0,0.0,5.49374682
292.65,0.344276094,LiBF4,0.8,0.2,0.0,0.0,0.0,0.0,0.0,0.0,0.0,0.0,0.424242424
233.15,1.0,LiAsF6,0.7,0.0,0.0,0.0,0.0,0.0,0.0,0.0,0.0,0.0,0.44
312.45,0.302,LiPF6,0.7,0.3,0.0,0.0,0.0,0.0,0.0,0.0,0.0,0.0,6.761
375.565294,1.97, LiBPFPB,1.0,0.0,0.0,0.0,0.0,0.0,0.0,0.0,0.0,0.0,1.527255956
312.45,0.750865438,LiBF4,0.6,0.4,0.0,0.0,0.0,0.0,0.0,0.0,0.0,0.0,3.798213289
243.65,1.886266094,LiBF4,0.7,0.3,0.0,0.0,0.0,0.0,0.0,0.0,0.0,0.0,0.21498519
243.65,1.095601933,LiBF4,0.5,0.5,0.0,0.0,0.0,0.0,0.0,0.0,0.0,0.0,0.544184422
253.35,1.0,LiBOB,0.4,0.0,0.6,0.0,0.0,0.0,0.0,0.0,0.0,0.0,0.235294118
322.35,0.500226783,LiBOB,0.9,0.1,0.0,0.0,0.0,0.0,0.0,0.0,0.0,0.0,6.526338453
233.75,1.0532,LiPF6,0.9,0.1,0.0,0.0,0.0,0.0,0.0,0.0,0.0,0.0,0.1865
252.0158823,1.0,LiCF3SO3,1.0,0.0,0.0,0.0,0.0,0.0,0.0,0.0,0.0,0.0,0.235729423
353.15,0.5,LiBF4,0.0,0.0,0.0,0.0,0.0,0.0,0.5,0.0,0.0,0.0,1.64
293.15,0.5,LiAsF6,0.85,0.0,0.15,0.0,0.0,0.0,0.0,0.0,0.0,0.0,5.0
256.9651406,1.0,LiBOB,1.0,0.0,0.0,0.0,0.0,0.0,0.0,0.0,0.0,0.0,0.318748593
272.95,0.258091,LiBOB,0.9,0.1,0.0,0.0,0.0,0.0,0.0,0.0,0.0,0.0,1.604908856
233.15,1.0,LiAsF6,0.125,0.0,0.125,0.0,0.0,0.0,0.0,0.0,0.0,0.75,2.54
253.35,2.3304,LiPF6,0.6,0.4,0.0,0.0,0.0,0.0,0.0,0.0,0.0,0.0,0.1213
282.85,1.492217102,LiBF4,0.8,0.2,0.0,0.0,0.0,0.0,0.0,0.0,0.0,0.0,1.62962963
282.85,0.718179991,LiBOB,0.9,0.1,0.0,0.0,0.0,0.0,0.0,0.0,0.0,0.0,2.059968423
302.55,0.581818182,LiPF6,0.6,0.4,0.0,0.0,0.0,0.0,0.0,0.0,0.0,0.0,7.799573864
322.35,1.7117,LiPF6,0.5,0.5,0.0,0.0,0.0,0.0,0.0,0.0,0.0,0.0,8.681
243.65,0.770661832,LiBF4,0.4,0.6,0.0,0.0,0.0,0.0,0.0,0.0,0.0,0.0,0.589768718
313.15,0.757366771,LiPF6,0.0,0.0,0.4,0.6,0.0,0.0,0.0,0.0,0.0,0.0,11.61403509
243.15,0.997809706,LiPF6,0.27,0.0,0.27,0.36,0.0,0.0,0.0,0.1,0.0,0.0,1.035366221
273.0841012,1.0,LiPF6,0.0,0.0,0.0,0.0,0.0,0.0,0.0,0.0,0.0,0.0,1.498979881
332.15,0.997297297,LiBOB,0.4,0.0,0.6,0.0,0.0,0.0,0.0,0.0,0.0,0.0,7.823529412
302.55,0.848121322,LiBF4,0.7,0.0,0.3,0.0,0.0,0.0,0.0,0.0,0.0,0.0,4.566047986
332.15,1.69952599,LiPF6,0.9,0.1,0.0,0.0,0.0,0.0,0.0,0.0,0.0,0.0,9.350579792
256.9498825,0.08,LiBOB,1.0,0.0,0.0,0.0,0.0,0.0,0.0,0.0,0.0,0.0,0.27542287
302.55,1.069565217,LiBOB,0.6,0.0,0.4,0.0,0.0,0.0,0.0,0.0,0.0,0.0,3.150070126
353.15,1.5,LiAsF6,0.0,0.0,0.0,0.0,0.0,0.0,1.0,0.0,0.0,0.0,7.56
233.15,1.590610329,LiPF6,0.0,0.0,0.2,0.8,0.0,0.0,0.0,0.0,0.0,0.0,0.579047619
322.35,0.186715157,LiBOB,0.8,0.0,0.0,0.0,0.2,0.0,0.0,0.0,0.0,0.0,5.218953899
322.35,1.699418869,LiPF6,0.9,0.1,0.0,0.0,0.0,0.0,0.0,0.0,0.0,0.0,7.459414585
243.65,0.64,LiBOB,0.7,0.3,0.0,0.0,0.0,0.0,0.0,0.0,0.0,0.0,0.447457627
298.15,0.502314815,LiPF6,0.0,0.5,0.5,0.0,0.0,0.0,0.0,0.0,0.0,0.0,6.80952381
253.35,0.869086651,LiBF4,0.7,0.3,0.0,0.0,0.0,0.0,0.0,0.0,0.0,0.0,0.928571429
322.35,0.467021408,LiBF4,0.9,0.1,0.0,0.0,0.0,0.0,0.0,0.0,0.0,0.0,5.364868209
233.75,0.813461538,LiPF6,0.4,0.0,0.6,0.0,0.0,0.0,0.0,0.0,0.0,0.0,0.311123409
253.15,0.761932687,LiPF6,0.21,0.0,0.21,0.28,0.0,0.0,0.0,0.3,0.0,0.0,1.213921469
243.65,0.321311475,LiBOB,1.0,0.0,0.0,0.0,0.0,0.0,0.0,0.0,0.0,0.0,0.334894614
293.15,1.0,LiAsF6,0.25,0.0,0.25,0.0,0.0,0.0,0.0,0.0,0.0,0.0,6.01
223.15,1.0,LiAsF6,0.0,0.0,0.0,0.0,0.0,0.0,0.0,0.0,0.0,0.0,6.64
243.65,0.523333333,LiBOB,0.6,0.4,0.0,0.0,0.0,0.0,0.0,0.0,0.0,0.0,0.714545455
302.55,0.119047619,LiBOB,0.5,0.5,0.0,0.0,0.0,0.0,0.0,0.0,0.0,0.0,2.389724311
322.35,0.686538462,LiPF6,0.4,0.0,0.6,0.0,0.0,0.0,0.0,0.0,0.0,0.0,11.63121195
253.35,0.833333333,LiBF4,1.0,0.0,0.0,0.0,0.0,0.0,0.0,0.0,0.0,0.0,0.882783543
322.35,1.299024933,LiPF6,0.7,0.3,0.0,0.0,0.0,0.0,0.0,0.0,0.0,0.0,10.50670868
333.15,1.0,LiAsF6,0.0,0.0,0.25,0.0,0.0,0.0,0.5,0.0,0.0,0.0,9.37
292.65,2.1375,LiPF6,0.6,0.4,0.0,0.0,0.0,0.0,0.0,0.0,0.0,0.0,2.524
313.15,1.559576381,LiPF6,0.3,0.0,0.3,0.4,0.0,0.0,0.0,0.0,0.0,0.0,9.731042062
390.8794788,0.5,LiTFSI,0.0,0.0,0.0,0.0,0.0,0.0,0.0,0.0,0.0,0.0,21.74982033
204.15,0.7799,LiPF6,1.0,0.0,0.0,0.0,0.0,0.0,0.0,0.0,0.0,0.0,0.002466
272.95,0.348148148,LiBOB,0.3,0.7,0.0,0.0,0.0,0.0,0.0,0.0,0.0,0.0,2.285714286
263.15,0.344688742,LiBOB,0.8,0.2,0.0,0.0,0.0,0.0,0.0,0.0,0.0,0.0,1.364238411
322.35,0.400462963,LiBF4,0.4,0.0,0.6,0.0,0.0,0.0,0.0,0.0,0.0,0.0,6.956246402
243.65,2.3304,LiPF6,0.6,0.4,0.0,0.0,0.0,0.0,0.0,0.0,0.0,0.0,0.0335
292.65,0.283317147,LiBF4,0.5,0.5,0.0,0.0,0.0,0.0,0.0,0.0,0.0,0.0,1.99482033
322.35,0.349699464,LiBF4,0.4,0.6,0.0,0.0,0.0,0.0,0.0,0.0,0.0,0.0,2.414445316
243.65,0.311111111,LiBOB,0.7,0.0,0.3,0.0,0.0,0.0,0.0,0.0,0.0,0.0,0.376417234
312.45,0.368845663,LiPF6,0.5,0.5,0.0,0.0,0.0,0.0,0.0,0.0,0.0,0.0,7.410714286
293.4503466,1.6, LiBPFPB,1.0,0.0,0.0,0.0,0.0,0.0,0.0,0.0,0.0,0.0,0.045741033
282.85,0.286,LiPF6,0.8,0.2,0.0,0.0,0.0,0.0,0.0,0.0,0.0,0.0,3.766535211
253.35,1.2541,LiPF6,0.3,0.7,0.0,0.0,0.0,0.0,0.0,0.0,0.0,0.0,1.692
283.15,0.91728279,LiPF6,0.285,0.0,0.285,0.38,0.0,0.0,0.0,0.05,0.0,0.0,5.970238095
243.15,1.0,LiAsF6,0.175,0.0,0.175,0.0,0.0,0.0,0.0,0.0,0.0,0.35,3.82
272.95,0.667843229,LiPF6,1.0,0.0,0.0,0.0,0.0,0.0,0.0,0.0,0.0,0.0,3.025939862
253.35,0.536,LiPF6,0.8,0.2,0.0,0.0,0.0,0.0,0.0,0.0,0.0,0.0,1.773577465
283.15,1.596491228,LiPF6,0.0,0.0,0.3,0.6,0.0,0.0,0.0,0.0,0.0,0.0,7.037037037
233.75,0.878925219,LiBF4,0.5,0.5,0.0,0.0,0.0,0.0,0.0,0.0,0.0,0.0,0.387396137
303.15,1.505,LiPF6,0.0,0.0,0.5,0.0,0.0,0.0,0.0,0.0,0.5,0.0,10.896
282.85,0.810185185,LiBF4,0.4,0.0,0.6,0.0,0.0,0.0,0.0,0.0,0.0,0.0,3.435808866
302.55,0.438095238,LiBOB,0.5,0.5,0.0,0.0,0.0,0.0,0.0,0.0,0.0,0.0,4.884711779
322.35,1.119099354,LiPF6,0.7,0.3,0.0,0.0,0.0,0.0,0.0,0.0,0.0,0.0,11.30561139
233.75,0.481141294,LiBOB,0.7,0.0,0.0,0.0,0.3,0.0,0.0,0.0,0.0,0.0,0.790697674
303.1627109,0.5,LiPF6,0.0,0.0,0.0,0.0,0.0,0.0,0.0,0.0,0.0,0.0,1.672563183
298.0,1.0,LiTFSI,0.0,0.0,0.5,0.0,0.0,0.0,0.0,0.0,0.5,0.0,9.313333333
322.35,0.760973193,LiPF6,0.9,0.1,0.0,0.0,0.0,0.0,0.0,0.0,0.0,0.0,10.92022174
233.75,0.963696877,LiBF4,0.8,0.2,0.0,0.0,0.0,0.0,0.0,0.0,0.0,0.0,0.251851852
298.15,0.829067832,LiPF6,0.0,0.0,0.5,0.0,0.0,0.0,0.0,0.0,0.0,0.0,8.901069863
263.15,1.9198,LiPF6,0.5,0.5,0.0,0.0,0.0,0.0,0.0,0.0,0.0,0.0,0.9128
312.45,0.648950735,LiBOB,0.5,0.0,0.5,0.0,0.0,0.0,0.0,0.0,0.0,0.0,5.517001459
233.75,0.3704,LiPF6,0.8,0.2,0.0,0.0,0.0,0.0,0.0,0.0,0.0,0.0,0.6248
243.65,0.074074074,LiBOB,0.3,0.7,0.0,0.0,0.0,0.0,0.0,0.0,0.0,0.0,0.408163265
253.35,0.987521041,LiBOB,0.5,0.0,0.5,0.0,0.0,0.0,0.0,0.0,0.0,0.0,0.33239816
282.85,0.980686695,LiBF4,0.7,0.3,0.0,0.0,0.0,0.0,0.0,0.0,0.0,0.0,2.2669407
253.35,0.290747131,LiBOB,0.9,0.0,0.1,0.0,0.0,0.0,0.0,0.0,0.0,0.0,0.660493827
267.70855,1.0,LiBOB,0.0,0.0,0.0,0.0,0.0,1.0,0.0,0.0,0.0,0.0,8.806991683
292.65,0.078125,LiBOB,0.7,0.3,0.0,0.0,0.0,0.0,0.0,0.0,0.0,0.0,1.491525424
282.85,0.0375,LiBOB,0.7,0.3,0.0,0.0,0.0,0.0,0.0,0.0,0.0,0.0,0.711864407
263.15,0.506437768,LiBF4,0.7,0.3,0.0,0.0,0.0,0.0,0.0,0.0,0.0,0.0,1.493018195
313.15,0.503,LiPF6,0.0,0.0,0.0,0.95,0.0,0.0,0.0,0.0,0.0,0.0,3.003
282.85,0.831140351,LiBF4,1.0,0.0,0.0,0.0,0.0,0.0,0.0,0.0,0.0,0.0,2.509389671
293.15,1.109859155,LiPF6,0.0,0.0,0.2,0.8,0.0,0.0,0.0,0.0,0.0,0.0,7.466666667
333.15,0.4,LiPF6,0.18,0.0,0.18,0.24,0.0,0.0,0.0,0.4,0.0,0.0,7.688073394
223.15,1.0,LiAsF6,0.125,0.0,0.125,0.0,0.0,0.0,0.0,0.0,0.0,0.25,2.95
292.65,2.32481828,LiPF6,0.7,0.0,0.3,0.0,0.0,0.0,0.0,0.0,0.0,0.0,1.280005565
302.55,0.237055325,LiBOB,0.5,0.0,0.5,0.0,0.0,0.0,0.0,0.0,0.0,0.0,3.293457524
302.55,0.648295439,LiPF6,0.9,0.1,0.0,0.0,0.0,0.0,0.0,0.0,0.0,0.0,7.400819475
303.15,1.0,LiClO4,0.0,0.0,0.5,0.0,0.0,0.0,0.0,0.0,0.0,0.0,10.88538024
282.85,0.696601942,LiBF4,0.3,0.7,0.0,0.0,0.0,0.0,0.0,0.0,0.0,0.0,1.267108691
243.65,0.418689196,LiBF4,0.8,0.2,0.0,0.0,0.0,0.0,0.0,0.0,0.0,0.0,0.718518519
292.65,0.25614626,LiPF6,0.3,0.7,0.0,0.0,0.0,0.0,0.0,0.0,0.0,0.0,3.421209806
273.15,0.992503213,LiPF6,0.24,0.0,0.24,0.32,0.0,0.0,0.0,0.2,0.0,0.0,3.255319149
332.15,1.32553043,LiBF4,0.6,0.4,0.0,0.0,0.0,0.0,0.0,0.0,0.0,0.0,4.469235064
322.35,2.3128,LiPF6,0.5,0.5,0.0,0.0,0.0,0.0,0.0,0.0,0.0,0.0,5.825
288.1278587,0.5,LiCF3SO3,0.0,0.0,0.0,0.0,0.0,1.0,0.0,0.0,0.0,0.0,1.225738395
233.75,0.477109128,LiBOB,0.8,0.0,0.2,0.0,0.0,0.0,0.0,0.0,0.0,0.0,0.193492658
302.55,0.400519463,LiPF6,1.0,0.0,0.0,0.0,0.0,0.0,0.0,0.0,0.0,0.0,6.018780593
273.15,1.0,LiN(CF3SO2)2,0.5,0.0,0.0,0.0,0.0,0.5,0.0,0.0,0.0,0.0,7.19
263.15,0.13,LiBOB,0.6,0.4,0.0,0.0,0.0,0.0,0.0,0.0,0.0,0.0,1.115757576
332.15,0.7671,LiPF6,0.5,0.5,0.0,0.0,0.0,0.0,0.0,0.0,0.0,0.0,12.32
223.1688019,1.0,LiBOB,0.0,0.0,0.0,0.0,0.0,1.0,0.0,0.0,0.0,0.0,1.948297048
253.15,0.404198201,LiPF6,0.24,0.0,0.24,0.32,0.0,0.0,0.0,0.2,0.0,0.0,1.829787234
282.85,0.342105263,LiBF4,0.4,0.6,0.0,0.0,0.0,0.0,0.0,0.0,0.0,0.0,1.413443247
243.65,0.347938553,LiBOB,0.9,0.0,0.1,0.0,0.0,0.0,0.0,0.0,0.0,0.0,0.373897707
233.15,0.3,LiBF4,0.9,0.1,0.0,0.0,0.0,0.0,0.0,0.0,0.0,0.0,0.389130435
313.15,0.621596244,LiPF6,0.0,0.0,0.2,0.8,0.0,0.0,0.0,0.0,0.0,0.0,8.106666667
286.6490324,1.0,LiTFSI,1.0,0.0,0.0,0.0,0.0,0.0,0.0,0.0,0.0,0.0,3.677199915
243.15,0.755485893,LiPF6,0.0,0.0,0.4,0.6,0.0,0.0,0.0,0.0,0.0,0.0,1.859649123
322.35,0.921482248,LiBOB,0.9,0.0,0.1,0.0,0.0,0.0,0.0,0.0,0.0,0.0,5.973544974
253.35,0.3704,LiPF6,0.8,0.2,0.0,0.0,0.0,0.0,0.0,0.0,0.0,0.0,1.687
332.15,0.671296296,LiBF4,0.4,0.0,0.6,0.0,0.0,0.0,0.0,0.0,0.0,0.0,8.678180771
332.15,0.280901178,LiBF4,0.8,0.2,0.0,0.0,0.0,0.0,0.0,0.0,0.0,0.0,4.918518519
253.15,1.0,LiAsF6,0.0,0.0,0.1,0.0,0.0,0.0,0.45,0.0,0.0,0.0,0.44
272.95,0.1875,LiBOB,0.7,0.3,0.0,0.0,0.0,0.0,0.0,0.0,0.0,0.0,1.728813559
282.85,0.888681989,LiPF6,0.4,0.6,0.0,0.0,0.0,0.0,0.0,0.0,0.0,0.0,5.196850394
310.3780278,0.08,LiBOB,1.0,0.0,0.0,0.0,0.0,0.0,0.0,0.0,0.0,0.0,1.096478196
263.15,1.21927694,LiBF4,0.6,0.4,0.0,0.0,0.0,0.0,0.0,0.0,0.0,0.0,0.994974874
233.75,1.6827,LiPF6,1.0,0.0,0.0,0.0,0.0,0.0,0.0,0.0,0.0,0.0,0.009964
332.15,0.455691367,LiPF6,0.3,0.7,0.0,0.0,0.0,0.0,0.0,0.0,0.0,0.0,7.830613237
211.9881342,1.0, LiBPFPB,1.0,0.0,0.0,0.0,0.0,0.0,0.0,0.0,0.0,0.0,0.000640056
302.55,0.982758621,LiBF4,0.6,0.4,0.0,0.0,0.0,0.0,0.0,0.0,0.0,0.0,3.152941176
302.55,0.636528534,LiBF4,1.0,0.0,0.0,0.0,0.0,0.0,0.0,0.0,0.0,0.0,1.385935538
312.45,0.730263158,LiBF4,1.0,0.0,0.0,0.0,0.0,0.0,0.0,0.0,0.0,0.0,4.924820855
322.35,0.560879811,LiBOB,0.5,0.0,0.5,0.0,0.0,0.0,0.0,0.0,0.0,0.0,6.707215801
322.35,0.508584785,LiBOB,0.5,0.0,0.0,0.0,0.5,0.0,0.0,0.0,0.0,0.0,3.04079898
253.15,0.476571429,LiPF6,0.18,0.0,0.18,0.24,0.0,0.0,0.0,0.4,0.0,0.0,1.19266055
223.15,1.0,LiAsF6,0.25,0.0,0.25,0.0,0.0,0.5,0.0,0.0,0.0,0.0,0.57
253.35,0.105660377,LiBOB,0.4,0.6,0.0,0.0,0.0,0.0,0.0,0.0,0.0,0.0,0.753946862
322.35,0.5857,LiPF6,0.6,0.4,0.0,0.0,0.0,0.0,0.0,0.0,0.0,0.0,10.54
332.15,0.917957304,LiBF4,1.0,0.0,0.0,0.0,0.0,0.0,0.0,0.0,0.0,0.0,6.345890889
313.3206016,1.0,LiBOB,1.0,0.0,0.0,0.0,0.0,0.0,0.0,0.0,0.0,0.0,4.641588834
233.75,0.779544471,LiPF6,1.0,0.0,0.0,0.0,0.0,0.0,0.0,0.0,0.0,0.0,0.237887516
393.6420782,1.0,LiClO4,1.0,0.0,0.0,0.0,0.0,0.0,0.0,0.0,0.0,0.0,15.11159636
243.65,0.727868852,LiBOB,1.0,0.0,0.0,0.0,0.0,0.0,0.0,0.0,0.0,0.0,0.119437939
322.35,0.221510365,LiBOB,0.9,0.0,0.1,0.0,0.0,0.0,0.0,0.0,0.0,0.0,4.408289242
263.15,0.9088,LiPF6,0.7,0.3,0.0,0.0,0.0,0.0,0.0,0.0,0.0,0.0,2.528
332.15,1.242372272,LiBF4,0.4,0.6,0.0,0.0,0.0,0.0,0.0,0.0,0.0,0.0,3.556840455
243.65,0.265320789,LiBF4,0.4,0.6,0.0,0.0,0.0,0.0,0.0,0.0,0.0,0.0,0.506762054
253.35,0.0375,LiBOB,0.7,0.3,0.0,0.0,0.0,0.0,0.0,0.0,0.0,0.0,0.372881356
253.35,0.568959247,LiBOB,0.8,0.0,0.0,0.0,0.2,0.0,0.0,0.0,0.0,0.0,1.460690983
235.0499553,1.0,LiBOB,0.0,0.0,0.0,0.0,0.0,0.0,0.0,0.0,0.0,0.0,4.972235891
312.45,0.425881853,LiBOB,0.5,0.0,0.0,0.0,0.5,0.0,0.0,0.0,0.0,0.0,9.343391415
302.55,0.38125,LiBOB,0.7,0.3,0.0,0.0,0.0,0.0,0.0,0.0,0.0,0.0,4.644067797
253.15,1.0,LiCF3SO3,0.125,0.0,0.125,0.0,0.0,0.0,0.0,0.0,0.0,0.75,0.93
243.65,0.420289855,LiBOB,0.6,0.0,0.4,0.0,0.0,0.0,0.0,0.0,0.0,0.0,0.254791959
322.35,0.193043478,LiBOB,0.9,0.0,0.0,0.0,0.1,0.0,0.0,0.0,0.0,0.0,4.631590534
272.95,0.321311475,LiBOB,1.0,0.0,0.0,0.0,0.0,0.0,0.0,0.0,0.0,0.0,1.477751756
233.15,0.520526551,LiPF6,0.5,0.5,0.0,0.0,0.0,0.0,0.0,0.0,0.0,0.0,0.918518519
243.15,1.0,LiAsF6,0.0,0.0,0.0,0.0,0.0,0.25,0.5,0.0,0.0,0.0,0.56
303.15,1.49122807,LiPF6,0.0,0.0,0.3,0.0,0.0,0.0,0.0,0.0,0.6,0.0,14.25925926
263.15,1.0,LiAsF6,0.125,0.0,0.125,0.0,0.0,0.0,0.0,0.0,0.0,0.0,9.84
283.15,0.755162073,LiPF6,0.24,0.0,0.24,0.32,0.0,0.0,0.0,0.2,0.0,0.0,4.893617021
243.65,0.65466913,LiPF6,0.9,0.1,0.0,0.0,0.0,0.0,0.0,0.0,0.0,0.0,0.9251493
292.65,0.550438596,LiBF4,1.0,0.0,0.0,0.0,0.0,0.0,0.0,0.0,0.0,0.0,3.398072646
263.15,0.557017544,LiBF4,1.0,0.0,0.0,0.0,0.0,0.0,0.0,0.0,0.0,0.0,1.476000741
292.65,0.681954789,LiBF4,0.4,0.6,0.0,0.0,0.0,0.0,0.0,0.0,0.0,0.0,1.994021952
303.15,1.459705788,LiPF6,0.0,0.0,0.3,0.4,0.0,0.0,0.0,0.0,0.0,0.0,15.01886792
253.35,1.6929,LiPF6,0.9,0.1,0.0,0.0,0.0,0.0,0.0,0.0,0.0,0.0,0.2167
243.65,1.2341,LiPF6,1.0,0.0,0.0,0.0,0.0,0.0,0.0,0.0,0.0,0.0,0.2213
322.35,2.058114465,LiBF4,0.4,0.6,0.0,0.0,0.0,0.0,0.0,0.0,0.0,0.0,2.69629557
273.15,1.0,LiAsF6,0.3,0.0,0.0,0.0,0.0,0.0,0.0,0.0,0.0,0.0,5.03
322.35,1.003390965,LiBF4,0.5,0.5,0.0,0.0,0.0,0.0,0.0,0.0,0.0,0.0,3.819070905
302.55,0.36063451,LiBF4,0.5,0.5,0.0,0.0,0.0,0.0,0.0,0.0,0.0,0.0,2.521096363
272.95,0.426506565,LiBOB,0.5,0.0,0.5,0.0,0.0,0.0,0.0,0.0,0.0,0.0,1.736729884
243.65,1.063492063,LiBOB,0.7,0.0,0.3,0.0,0.0,0.0,0.0,0.0,0.0,0.0,0.225056689
282.85,0.483018868,LiBOB,0.4,0.6,0.0,0.0,0.0,0.0,0.0,0.0,0.0,0.0,3.248363496
233.75,2.1375,LiPF6,0.6,0.4,0.0,0.0,0.0,0.0,0.0,0.0,0.0,0.0,0.01409
292.65,0.381132075,LiBOB,0.4,0.6,0.0,0.0,0.0,0.0,0.0,0.0,0.0,0.0,3.799768964
332.15,0.219401631,LiBOB,0.9,0.0,0.1,0.0,0.0,0.0,0.0,0.0,0.0,0.0,5.135802469
272.95,0.877952756,LiBF4,0.9,0.1,0.0,0.0,0.0,0.0,0.0,0.0,0.0,0.0,1.808219178
293.15,1.0,LiN(CF3SO2)2,0.0,0.0,0.0,0.0,0.0,0.0,0.5,0.0,0.0,0.0,4.58
302.55,0.638095238,LiBOB,0.7,0.0,0.3,0.0,0.0,0.0,0.0,0.0,0.0,0.0,4.256235828
263.15,0.129695364,LiBOB,0.8,0.2,0.0,0.0,0.0,0.0,0.0,0.0,0.0,0.0,0.96
292.65,0.750353496,LiBOB,0.5,0.0,0.5,0.0,0.0,0.0,0.0,0.0,0.0,0.0,3.128268432
303.0130137,1.0,LiTDI,0.0,0.0,0.5,0.0,0.0,0.0,0.0,0.0,0.5,0.0,8.338558189
293.15,1.127902328,LiPF6,0.24,0.0,0.24,0.32,0.0,0.0,0.0,0.2,0.0,0.0,5.510638298
333.15,2.0,LiAsF6,0.0,0.0,0.0,0.0,0.0,0.0,0.5,0.0,0.0,0.0,4.86
302.55,0.598425197,LiBF4,0.9,0.1,0.0,0.0,0.0,0.0,0.0,0.0,0.0,0.0,4.02739726
332.15,0.200859199,LiBOB,1.0,0.0,0.0,0.0,0.0,0.0,0.0,0.0,0.0,0.0,4.566426807
312.45,0.409307267,LiBOB,0.5,0.0,0.0,0.0,0.5,0.0,0.0,0.0,0.0,0.0,1.38759031
263.15,1.0,LiAsF6,0.0,0.0,0.0,0.0,0.0,0.0,0.25,0.0,0.0,0.0,0.42
320.5010826,1.0,LiTFSI,0.0,0.0,0.5,0.0,0.0,0.0,0.0,0.0,0.5,0.0,13.24930405
253.35,0.573911296,LiBOB,0.9,0.1,0.0,0.0,0.0,0.0,0.0,0.0,0.0,0.0,0.515659538
253.35,0.937904813,LiBOB,0.9,0.0,0.1,0.0,0.0,0.0,0.0,0.0,0.0,0.0,0.307760141
272.95,0.609223301,LiBF4,0.3,0.7,0.0,0.0,0.0,0.0,0.0,0.0,0.0,0.0,1.008879943
282.85,0.45,LiPF6,0.4,0.0,0.6,0.0,0.0,0.0,0.0,0.0,0.0,0.0,4.444548976
302.55,0.728070175,LiBF4,1.0,0.0,0.0,0.0,0.0,0.0,0.0,0.0,0.0,0.0,4.100722758
312.45,0.773633774,LiBF4,0.8,0.2,0.0,0.0,0.0,0.0,0.0,0.0,0.0,0.0,0.954545455
322.35,0.27828643,LiBOB,0.9,0.0,0.1,0.0,0.0,0.0,0.0,0.0,0.0,0.0,4.959435626
293.15,1.674418605,LiBF4,0.7,0.3,0.0,0.0,0.0,0.0,0.0,0.0,0.0,0.0,1.975
292.65,0.8911,LiPF6,0.8,0.2,0.0,0.0,0.0,0.0,0.0,0.0,0.0,0.0,6.232
204.15,1.9264,LiPF6,0.3,0.7,0.0,0.0,0.0,0.0,0.0,0.0,0.0,0.0,0.0007348
292.65,0.17037037,LiBOB,0.3,0.7,0.0,0.0,0.0,0.0,0.0,0.0,0.0,0.0,2.285714286
253.35,0.724964008,LiBOB,0.8,0.0,0.2,0.0,0.0,0.0,0.0,0.0,0.0,0.0,0.523466743
302.55,0.232432432,LiBOB,0.4,0.0,0.6,0.0,0.0,0.0,0.0,0.0,0.0,0.0,3.264705882
263.15,1.214420063,LiPF6,0.0,0.0,0.4,0.6,0.0,0.0,0.0,0.0,0.0,0.0,3.333333333
263.15,0.3992,LiPF6,0.7,0.3,0.0,0.0,0.0,0.0,0.0,0.0,0.0,0.0,2.645
332.15,0.138095238,LiBOB,0.5,0.5,0.0,0.0,0.0,0.0,0.0,0.0,0.0,0.0,4.016290727
263.15,0.800003478,LiPF6,0.7,0.0,0.3,0.0,0.0,0.0,0.0,0.0,0.0,0.0,2.109623344
313.15,1.0,LiAsF6,0.0,0.0,0.0,0.0,0.0,0.0,0.5,0.0,0.0,0.0,4.73
253.35,0.634,LiPF6,0.8,0.2,0.0,0.0,0.0,0.0,0.0,0.0,0.0,0.0,1.742647887
293.15,1.0,LiAsF6,0.0,0.0,0.25,0.0,0.0,0.0,0.5,0.0,0.0,0.0,3.61
272.95,1.9367,LiPF6,0.6,0.4,0.0,0.0,0.0,0.0,0.0,0.0,0.0,0.0,1.281
272.95,1.9321,LiPF6,0.4,0.6,0.0,0.0,0.0,0.0,0.0,0.0,0.0,0.0,1.804
253.35,0.420289855,LiBOB,0.6,0.0,0.4,0.0,0.0,0.0,0.0,0.0,0.0,0.0,0.577372604
233.75,0.294117647,LiBOB,1.0,0.0,0.0,0.0,0.0,0.0,0.0,0.0,0.0,0.0,0.129032258
253.35,0.301813021,LiPF6,0.9,0.1,0.0,0.0,0.0,0.0,0.0,0.0,0.0,0.0,1.426956964
263.15,0.626666667,LiBOB,0.6,0.4,0.0,0.0,0.0,0.0,0.0,0.0,0.0,0.0,1.678787879
293.15,1.499428571,LiPF6,0.18,0.0,0.18,0.24,0.0,0.0,0.0,0.4,0.0,0.0,2.513761468
332.15,1.837798242,LiBF4,1.0,0.0,0.0,0.0,0.0,0.0,0.0,0.0,0.0,0.0,4.301520859
273.15,1.212135356,LiPF6,0.0,0.0,0.5,0.5,0.0,0.0,0.0,0.0,0.0,0.0,4.430232558
243.15,1.0,LiAsF6,0.3,0.0,0.0,0.0,0.0,0.0,0.0,0.0,0.0,0.0,2.63
243.65,0.980314961,LiBF4,0.9,0.1,0.0,0.0,0.0,0.0,0.0,0.0,0.0,0.0,0.452054795
204.15,0.8979,LiPF6,0.3,0.7,0.0,0.0,0.0,0.0,0.0,0.0,0.0,0.0,0.07102
323.15,0.762616822,LiPF6,0.0,0.0,0.3,0.7,0.0,0.0,0.0,0.0,0.0,0.0,11.67238095
243.65,0.75,LiPF6,0.8,0.2,0.0,0.0,0.0,0.0,0.0,0.0,0.0,0.0,0.922478873
273.1518713,1.0,LiPF6,0.0,0.0,0.5,0.0,0.0,0.0,0.0,0.0,0.5,0.0,6.98731828
302.55,0.508935847,LiPF6,0.7,0.3,0.0,0.0,0.0,0.0,0.0,0.0,0.0,0.0,7.324080613
332.15,1.876923077,LiPF6,0.4,0.0,0.6,0.0,0.0,0.0,0.0,0.0,0.0,0.0,9.40647482
303.1259867,0.5,LiBOB,0.0,0.0,0.0,0.0,0.0,0.0,0.0,0.0,0.0,0.0,5.784150484
332.15,0.655675676,LiBOB,0.3,0.0,0.7,0.0,0.0,0.0,0.0,0.0,0.0,0.0,8.347058824
204.15,0.2705,LiPF6,0.5,0.5,0.0,0.0,0.0,0.0,0.0,0.0,0.0,0.0,0.1011
312.45,1.9198,LiPF6,0.5,0.5,0.0,0.0,0.0,0.0,0.0,0.0,0.0,0.0,6.115
372.3816912,0.5,LiClO4,0.0,0.0,0.0,0.0,0.0,0.0,0.0,0.0,0.0,0.0,17.72073888
243.15,1.0,LiCF3SO3,0.5,0.0,0.5,0.0,0.0,0.0,0.0,0.0,0.0,0.0,0.31
293.15,1.0,LiAsF6,0.0,0.0,0.0,0.0,0.0,0.0,0.35,0.0,0.0,0.0,3.84
273.4267471,0.5,LiCF3SO3,0.0,0.0,0.0,0.0,0.0,1.0,0.0,0.0,0.0,0.0,1.265347889
282.85,0.523333333,LiBOB,0.6,0.4,0.0,0.0,0.0,0.0,0.0,0.0,0.0,0.0,3.332727273
302.55,0.2848,LiPF6,0.8,0.2,0.0,0.0,0.0,0.0,0.0,0.0,0.0,0.0,5.531
273.15,1.0,LiPF6,0.0,0.0,0.3,0.0,0.0,0.0,0.0,0.0,0.7,0.0,7.222222222
302.55,0.130860837,LiBOB,0.4,0.0,0.0,0.0,0.6,0.0,0.0,0.0,0.0,0.0,3.879891119
243.65,0.6,LiBOB,0.3,0.0,0.0,0.0,0.7,0.0,0.0,0.0,0.0,0.0,3.464285714
233.75,0.34988723,LiBOB,1.0,0.0,0.0,0.0,0.0,0.0,0.0,0.0,0.0,0.0,0.257544839
253.5479593,0.5,LiCF3SO3,0.0,0.0,0.0,0.0,0.0,1.0,0.0,0.0,0.0,0.0,1.217966544
292.65,1.247048406,LiPF6,0.3,0.7,0.0,0.0,0.0,0.0,0.0,0.0,0.0,0.0,5.609278422
194.15,0.538,LiPF6,0.8,0.2,0.0,0.0,0.0,0.0,0.0,0.0,0.0,0.0,0.003132
322.797579,0.5,LiClO4,0.0,0.0,0.0,0.0,0.0,0.0,0.0,0.0,0.0,0.0,9.842290696
273.15,1.0,LiAsF6,0.075,0.0,0.075,0.0,0.0,0.0,0.0,0.0,0.0,0.15,12.17
312.45,1.660644911,LiBF4,0.8,0.2,0.0,0.0,0.0,0.0,0.0,0.0,0.0,0.0,0.393939394
380.200472,0.5, LiBPFPB,1.0,0.0,0.0,0.0,0.0,0.0,0.0,0.0,0.0,0.0,8.36287587
312.45,0.6372,LiPF6,0.4,0.6,0.0,0.0,0.0,0.0,0.0,0.0,0.0,0.0,8.434
253.35,0.677245033,LiBOB,0.8,0.2,0.0,0.0,0.0,0.0,0.0,0.0,0.0,0.0,0.528211921
272.95,1.7059,LiPF6,0.7,0.3,0.0,0.0,0.0,0.0,0.0,0.0,0.0,0.0,1.522
332.15,1.428628883,LiBF4,0.9,0.1,0.0,0.0,0.0,0.0,0.0,0.0,0.0,0.0,5.247061007
233.15,1.0,LiAsF6,0.15,0.0,0.15,0.0,0.0,0.0,0.0,0.0,0.0,0.0,1.67
243.15,1.298020697,LiPF6,0.27,0.0,0.27,0.36,0.0,0.0,0.0,0.1,0.0,0.0,0.726313674
332.15,0.3375,LiBOB,0.7,0.3,0.0,0.0,0.0,0.0,0.0,0.0,0.0,0.0,7.186440678
272.95,0.261629426,LiBF4,0.4,0.6,0.0,0.0,0.0,0.0,0.0,0.0,0.0,0.0,1.067130537
302.55,0.705880173,LiBOB,0.9,0.0,0.1,0.0,0.0,0.0,0.0,0.0,0.0,0.0,3.967372134
263.15,0.6,LiBOB,0.3,0.0,0.0,0.0,0.7,0.0,0.0,0.0,0.0,0.0,5.714285714
282.85,0.692575525,LiBF4,0.8,0.2,0.0,0.0,0.0,0.0,0.0,0.0,0.0,0.0,2.585185185
332.15,0.252571469,LiPF6,0.4,0.6,0.0,0.0,0.0,0.0,0.0,0.0,0.0,0.0,6.330708661
332.15,0.4802,LiPF6,0.7,0.3,0.0,0.0,0.0,0.0,0.0,0.0,0.0,0.0,11.28
332.15,1.213283695,LiBF4,0.5,0.5,0.0,0.0,0.0,0.0,0.0,0.0,0.0,0.0,1.82238049
263.15,0.401142857,LiPF6,0.18,0.0,0.18,0.24,0.0,0.0,0.0,0.4,0.0,0.0,1.724770642
298.0,1.0,LiClO4,0.0,0.0,0.0,0.0,0.0,0.0,0.0,0.0,0.0,0.0,4.970588235
302.55,0.52375,LiBOB,0.7,0.3,0.0,0.0,0.0,0.0,0.0,0.0,0.0,0.0,4.881355932
332.15,1.466386555,LiPF6,0.3,0.7,0.0,0.0,0.0,0.0,0.0,0.0,0.0,0.0,10.20494479
253.35,0.4233,LiPF6,0.6,0.4,0.0,0.0,0.0,0.0,0.0,0.0,0.0,0.0,2.036
322.35,0.1875,LiBOB,0.7,0.3,0.0,0.0,0.0,0.0,0.0,0.0,0.0,0.0,4.542372881
282.85,0.733333333,LiBOB,0.7,0.0,0.3,0.0,0.0,0.0,0.0,0.0,0.0,0.0,2.237528345
312.45,1.106818182,LiPF6,0.6,0.4,0.0,0.0,0.0,0.0,0.0,0.0,0.0,0.0,9.472230114
263.15,0.21875,LiBOB,0.7,0.3,0.0,0.0,0.0,0.0,0.0,0.0,0.0,0.0,1.389830508
253.35,1.339355089,LiBF4,0.8,0.2,0.0,0.0,0.0,0.0,0.0,0.0,0.0,0.0,0.575757576
253.35,0.348148148,LiBOB,0.3,0.7,0.0,0.0,0.0,0.0,0.0,0.0,0.0,0.0,1.306122449
302.55,1.7321,LiPF6,0.8,0.2,0.0,0.0,0.0,0.0,0.0,0.0,0.0,0.0,4.463
332.15,0.29375,LiBOB,0.7,0.3,0.0,0.0,0.0,0.0,0.0,0.0,0.0,0.0,6.745762712
243.65,0.037139073,LiBOB,0.8,0.2,0.0,0.0,0.0,0.0,0.0,0.0,0.0,0.0,0.19602649
243.65,0.733333333,LiBOB,0.7,0.0,0.3,0.0,0.0,0.0,0.0,0.0,0.0,0.0,0.308956916
243.15,0.411494022,LiPF6,0.27,0.0,0.27,0.36,0.0,0.0,0.0,0.1,0.0,0.0,1.419672461
272.95,0.078125,LiBOB,0.7,0.3,0.0,0.0,0.0,0.0,0.0,0.0,0.0,0.0,0.949152542
328.1448896,0.4,LiBOB,0.0,0.0,0.0,0.0,0.0,1.0,0.0,0.0,0.0,0.0,11.37413776
302.55,0.24,LiBOB,0.6,0.4,0.0,0.0,0.0,0.0,0.0,0.0,0.0,0.0,4.008484848
243.65,0.59047619,LiBOB,0.5,0.5,0.0,0.0,0.0,0.0,0.0,0.0,0.0,0.0,0.581453634
277.1313776,0.2, LiBPFPB,0.0,0.0,0.0,0.0,0.0,1.0,0.0,0.0,0.0,0.0,4.751202688
312.45,0.562204417,LiBOB,0.7,0.0,0.0,0.0,0.3,0.0,0.0,0.0,0.0,0.0,8.558139535
322.35,1.753034466,LiPF6,0.7,0.0,0.3,0.0,0.0,0.0,0.0,0.0,0.0,0.0,7.321114319
283.15,0.5,LiPF6,0.0,0.0,0.3,0.0,0.0,0.0,0.0,0.0,0.6,0.0,8.333333333
322.35,0.779527559,LiBF4,0.9,0.1,0.0,0.0,0.0,0.0,0.0,0.0,0.0,0.0,5.506849315
273.15,1.0,LiAsF6,0.375,0.0,0.375,0.0,0.0,0.0,0.0,0.0,0.0,0.25,4.62
253.35,0.599470796,LiBF4,0.4,0.6,0.0,0.0,0.0,0.0,0.0,0.0,0.0,0.0,0.825264602
263.15,0.761615294,LiBOB,1.0,0.0,0.0,0.0,0.0,0.0,0.0,0.0,0.0,0.0,1.001181398
332.15,0.573333333,LiBOB,0.6,0.4,0.0,0.0,0.0,0.0,0.0,0.0,0.0,0.0,8.723636364
312.45,0.430428051,LiPF6,0.7,0.3,0.0,0.0,0.0,0.0,0.0,0.0,0.0,0.0,7.883100657
233.75,0.248185012,LiBF4,0.7,0.3,0.0,0.0,0.0,0.0,0.0,0.0,0.0,0.0,0.428571429
302.55,1.195350945,LiBF4,0.8,0.2,0.0,0.0,0.0,0.0,0.0,0.0,0.0,0.0,3.272727273
292.65,1.876923077,LiPF6,0.4,0.0,0.6,0.0,0.0,0.0,0.0,0.0,0.0,0.0,2.327338129
253.35,1.925995338,LiBF4,0.55,0.0,0.45,0.0,0.0,0.0,0.0,0.0,0.0,0.0,0.340174613
272.95,1.509090909,LiPF6,0.6,0.4,0.0,0.0,0.0,0.0,0.0,0.0,0.0,0.0,2.359801136
253.35,0.986741763,LiBF4,0.5,0.5,0.0,0.0,0.0,0.0,0.0,0.0,0.0,0.0,0.854814297
243.65,0.7501,LiPF6,0.4,0.6,0.0,0.0,0.0,0.0,0.0,0.0,0.0,0.0,1.487
347.761081,1.3,LiBOB,1.0,0.0,0.0,0.0,0.0,0.0,0.0,0.0,0.0,0.0,8.844365191
288.15,0.497453124,LiAsF6,0.32,0.0,0.0,0.0,0.0,0.68,0.0,0.0,0.0,0.0,1.182471142
313.15,1.491525424,LiPF6,0.0,0.0,0.3,0.5,0.0,0.0,0.0,0.0,0.0,0.0,14.51851852
334.9025673,1.0,LiTFSI,0.0,0.0,0.5,0.0,0.0,0.0,0.0,0.0,0.5,0.0,15.87380142
233.15,1.0,LiAsF6,0.075,0.0,0.075,0.0,0.0,0.0,0.0,0.0,0.0,0.15,5.27
253.15,1.0,LiAsF6,0.125,0.0,0.125,0.0,0.0,0.0,0.0,0.0,0.0,0.25,7.58
253.35,0.771249837,LiBF4,0.4,0.6,0.0,0.0,0.0,0.0,0.0,0.0,0.0,0.0,0.819090553
385.28005,1.97, LiBPFPB,1.0,0.0,0.0,0.0,0.0,0.0,0.0,0.0,0.0,0.0,2.115351117
194.15,1.2325,LiPF6,0.4,0.6,0.0,0.0,0.0,0.0,0.0,0.0,0.0,0.0,0.001977
312.45,0.184635762,LiBOB,0.8,0.2,0.0,0.0,0.0,0.0,0.0,0.0,0.0,0.0,3.798145695
273.15,0.75,LiAsF6,0.0,0.0,0.0,0.0,0.0,0.0,0.5,0.0,0.0,0.0,1.96
223.85,2.1256,LiPF6,1.0,0.0,0.0,0.0,0.0,0.0,0.0,0.0,0.0,0.0,2.98e-05
302.55,0.562749226,LiPF6,0.85,0.0,0.15,0.0,0.0,0.0,0.0,0.0,0.0,0.0,7.007751938
313.15,0.5,LiPF6,0.0,0.0,0.0,0.0,0.0,0.0,0.0,0.0,1.0,0.0,2.85
316.2171358,1.0,LiPF6,0.0,0.0,0.5,0.0,0.0,0.0,0.0,0.0,0.5,0.0,15.06418187
243.65,0.30952381,LiBOB,0.5,0.5,0.0,0.0,0.0,0.0,0.0,0.0,0.0,0.0,0.760651629
265.2089197,1.3,LiBOB,1.0,0.0,0.0,0.0,0.0,0.0,0.0,0.0,0.0,0.0,0.392042666
273.15,0.5,LiPF6,0.0,0.0,0.3,0.7,0.0,0.0,0.0,0.0,0.0,0.0,4.75
292.65,0.673297041,LiBF4,0.6,0.4,0.0,0.0,0.0,0.0,0.0,0.0,0.0,0.0,2.742713568
273.15,1.0,LiAsF6,0.0,0.0,0.0,0.0,0.0,0.0,0.0,0.0,0.0,0.3,2.6
213.95,0.538,LiPF6,0.8,0.2,0.0,0.0,0.0,0.0,0.0,0.0,0.0,0.0,0.09636
243.65,0.746596026,LiBOB,0.8,0.2,0.0,0.0,0.0,0.0,0.0,0.0,0.0,0.0,0.143576159
233.15,1.0,LiBF4,0.5,0.0,0.5,0.0,0.0,0.0,0.0,0.0,0.0,0.0,0.19
302.55,0.446023543,LiPF6,0.85,0.0,0.15,0.0,0.0,0.0,0.0,0.0,0.0,0.0,6.465116279
332.15,0.250793651,LiBOB,0.7,0.0,0.3,0.0,0.0,0.0,0.0,0.0,0.0,0.0,5.508503401
370.4298018,1.97, LiBPFPB,1.0,0.0,0.0,0.0,0.0,0.0,0.0,0.0,0.0,0.0,1.287425164
332.15,0.409433962,LiBOB,0.3,0.0,0.0,0.0,0.7,0.0,0.0,0.0,0.0,0.0,11.6819407
302.55,1.658243182,LiPF6,0.55,0.0,0.45,0.0,0.0,0.0,0.0,0.0,0.0,0.0,4.352941176
292.65,0.940909091,LiPF6,0.6,0.4,0.0,0.0,0.0,0.0,0.0,0.0,0.0,0.0,6.623295455
293.15,1.0,LiAsF6,0.15,0.0,0.15,0.0,0.0,0.35,0.0,0.0,0.0,0.35,15.23
282.85,0.071428571,LiBOB,0.5,0.5,0.0,0.0,0.0,0.0,0.0,0.0,0.0,0.0,1.139097744
312.45,0.81509434,LiBOB,0.3,0.0,0.0,0.0,0.7,0.0,0.0,0.0,0.0,0.0,13.32681941
282.85,1.356796117,LiBF4,0.3,0.7,0.0,0.0,0.0,0.0,0.0,0.0,0.0,0.0,1.283210987
293.15,1.348314607,LiPF6,0.3,0.7,0.0,0.0,0.0,0.0,0.0,0.0,0.0,0.0,1.495204166
282.85,1.192982456,LiBF4,1.0,0.0,0.0,0.0,0.0,0.0,0.0,0.0,0.0,0.0,2.013744749
233.75,0.318181818,LiPF6,0.6,0.4,0.0,0.0,0.0,0.0,0.0,0.0,0.0,0.0,0.853835227
233.15,1.0,LiAsF6,0.0,0.0,0.0,0.0,0.0,0.0,0.0,0.0,0.0,0.5,8.53
273.15,2.998,LiPF6,0.0,0.0,0.3,0.7,0.0,0.0,0.0,0.0,0.0,0.0,0.855
233.75,0.594488189,LiBF4,0.9,0.1,0.0,0.0,0.0,0.0,0.0,0.0,0.0,0.0,0.383561644
242.502332,1.0,LiCF3SO3,1.0,0.0,0.0,0.0,0.0,0.0,0.0,0.0,0.0,0.0,0.128927282
272.95,0.978070175,LiBF4,0.4,0.6,0.0,0.0,0.0,0.0,0.0,0.0,0.0,0.0,1.313781442
312.45,0.362318841,LiBOB,0.6,0.0,0.4,0.0,0.0,0.0,0.0,0.0,0.0,0.0,4.715755026
323.15,2.005,LiPF6,0.0,0.0,0.5,0.0,0.0,0.0,0.0,0.0,0.5,0.0,13.108
323.15,1.0,LiClO4,0.0,0.0,0.3,0.0,0.0,0.0,0.0,0.0,0.0,0.0,14.68514167
233.75,0.573076923,LiPF6,0.4,0.0,0.6,0.0,0.0,0.0,0.0,0.0,0.0,0.0,0.476867737
332.15,0.23476602,LiBOB,0.5,0.0,0.5,0.0,0.0,0.0,0.0,0.0,0.0,0.0,5.559869824
302.55,0.998733846,LiBF4,0.5,0.5,0.0,0.0,0.0,0.0,0.0,0.0,0.0,0.0,2.84305507
313.15,1.742951128,LiPF6,0.285,0.0,0.285,0.38,0.0,0.0,0.0,0.05,0.0,0.0,8.023913952
313.15,1.141714286,LiPF6,0.18,0.0,0.18,0.24,0.0,0.0,0.0,0.4,0.0,0.0,6.165137615
253.35,0.492223095,LiBOB,0.5,0.0,0.5,0.0,0.0,0.0,0.0,0.0,0.0,0.0,0.677365054
243.65,0.511711094,LiBF4,0.4,0.6,0.0,0.0,0.0,0.0,0.0,0.0,0.0,0.0,0.598980792
333.15,1.522233554,LiPF6,0.21,0.0,0.21,0.28,0.0,0.0,0.0,0.3,0.0,0.0,8.83426823
263.15,0.592380952,LiBOB,0.6,0.0,0.0,0.0,0.4,0.0,0.0,0.0,0.0,0.0,3.563636364
292.65,0.396695039,LiBOB,0.9,0.0,0.1,0.0,0.0,0.0,0.0,0.0,0.0,0.0,2.997354497
233.75,0.24,LiBOB,0.6,0.4,0.0,0.0,0.0,0.0,0.0,0.0,0.0,0.0,0.444848485
312.45,0.64,LiBOB,0.7,0.3,0.0,0.0,0.0,0.0,0.0,0.0,0.0,0.0,5.979661017
332.15,0.872807018,LiBF4,0.4,0.6,0.0,0.0,0.0,0.0,0.0,0.0,0.0,0.0,3.460896216
312.45,1.13867405,LiBF4,0.9,0.1,0.0,0.0,0.0,0.0,0.0,0.0,0.0,0.0,4.227199604
332.15,0.151351351,LiBOB,0.4,0.0,0.6,0.0,0.0,0.0,0.0,0.0,0.0,0.0,4.117647059
243.65,0.24057971,LiBOB,0.6,0.0,0.4,0.0,0.0,0.0,0.0,0.0,0.0,0.0,0.316035531
298.15,0.432235998,LiAsF6,0.32,0.0,0.0,0.0,0.0,0.68,0.0,0.0,0.0,0.0,1.247639406
243.65,0.272710776,LiBF4,0.6,0.4,0.0,0.0,0.0,0.0,0.0,0.0,0.0,0.0,0.667001675
258.3125115,0.8,LiBOB,0.0,0.0,0.0,0.0,0.0,1.0,0.0,0.0,0.0,0.0,8.679615248
292.65,0.986885246,LiBOB,1.0,0.0,0.0,0.0,0.0,0.0,0.0,0.0,0.0,0.0,2.25175644
263.15,0.987124464,LiBF4,0.7,0.3,0.0,0.0,0.0,0.0,0.0,0.0,0.0,0.0,1.260079792
292.65,1.703824215,LiPF6,0.9,0.1,0.0,0.0,0.0,0.0,0.0,0.0,0.0,0.0,2.983583728
282.85,0.286898935,LiBOB,0.8,0.0,0.2,0.0,0.0,0.0,0.0,0.0,0.0,0.0,2.123812266
322.35,0.128794702,LiBOB,0.8,0.2,0.0,0.0,0.0,0.0,0.0,0.0,0.0,0.0,3.536423841
333.15,0.766197183,LiPF6,0.0,0.0,0.2,0.8,0.0,0.0,0.0,0.0,0.0,0.0,11.06285714
332.15,0.486486486,LiBOB,0.4,0.0,0.6,0.0,0.0,0.0,0.0,0.0,0.0,0.0,7.735294118
233.75,1.096566524,LiBF4,0.7,0.3,0.0,0.0,0.0,0.0,0.0,0.0,0.0,0.0,0.270204921
266.8813123,1.0,LiBOB,1.0,0.0,0.0,0.0,0.0,0.0,0.0,0.0,0.0,0.0,0.683097599
312.45,0.35,LiBOB,1.0,0.0,0.0,0.0,0.0,0.0,0.0,0.0,0.0,0.0,4.419354839
233.75,1.252743246,LiPF6,0.3,0.7,0.0,0.0,0.0,0.0,0.0,0.0,0.0,0.0,0.483922495
312.45,0.32571025,LiPF6,0.7,0.3,0.0,0.0,0.0,0.0,0.0,0.0,0.0,0.0,6.784779184
282.85,0.199029126,LiBF4,0.3,0.7,0.0,0.0,0.0,0.0,0.0,0.0,0.0,0.0,0.742777646
263.15,0.083018868,LiBOB,0.4,0.6,0.0,0.0,0.0,0.0,0.0,0.0,0.0,0.0,0.840200231
223.85,1.0532,LiPF6,0.9,0.1,0.0,0.0,0.0,0.0,0.0,0.0,0.0,0.0,0.05555
263.15,0.4818205,LiPF6,0.21,0.0,0.21,0.28,0.0,0.0,0.0,0.3,0.0,0.0,2.169046405
334.2610784,1.0,LiBOB,1.0,0.0,0.0,0.0,0.0,0.0,0.0,0.0,0.0,0.0,6.918309709
322.5244073,1.0,LiFSI,0.0,0.0,0.3,0.7,0.0,0.0,0.0,0.0,0.0,0.0,13.92880901
243.15,0.799258563,LiPF6,0.285,0.0,0.285,0.38,0.0,0.0,0.0,0.05,0.0,0.0,1.233604845
263.15,1.5,LiBF4,0.3,0.7,0.0,0.0,0.0,0.0,0.0,0.0,0.0,0.0,0.774508643
292.65,0.3577749,LiBF4,0.5,0.5,0.0,0.0,0.0,0.0,0.0,0.0,0.0,0.0,2.16736808
233.75,0.154716981,LiBOB,0.4,0.6,0.0,0.0,0.0,0.0,0.0,0.0,0.0,0.0,0.417404698
243.65,0.873186985,LiBF4,0.4,0.6,0.0,0.0,0.0,0.0,0.0,0.0,0.0,0.0,0.574578597
263.15,0.25625,LiBOB,0.7,0.3,0.0,0.0,0.0,0.0,0.0,0.0,0.0,0.0,1.491525424
233.15,1.0,LiAsF6,0.175,0.0,0.175,0.0,0.0,0.0,0.0,0.0,0.0,0.35,2.12
263.15,0.456338028,LiPF6,0.0,0.0,0.2,0.8,0.0,0.0,0.0,0.0,0.0,0.0,2.956190476
302.55,0.760711499,LiPF6,0.4,0.6,0.0,0.0,0.0,0.0,0.0,0.0,0.0,0.0,7.559055118
233.75,0.938636364,LiPF6,0.6,0.4,0.0,0.0,0.0,0.0,0.0,0.0,0.0,0.0,0.607599432
273.15,2.0,LiPF6,0.0,0.0,0.2,0.0,0.0,0.0,0.0,0.0,0.8,0.0,5.19
253.35,0.4802,LiPF6,0.7,0.3,0.0,0.0,0.0,0.0,0.0,0.0,0.0,0.0,1.929
312.45,2.1648,LiPF6,0.8,0.2,0.0,0.0,0.0,0.0,0.0,0.0,0.0,0.0,4.106
332.15,0.671792382,LiBF4,0.5,0.5,0.0,0.0,0.0,0.0,0.0,0.0,0.0,0.0,4.199417287
263.15,0.5,LiAsF6,0.125,0.0,0.125,0.0,0.0,0.0,0.0,0.0,0.0,0.75,5.67
253.35,0.546086957,LiBOB,0.9,0.0,0.0,0.0,0.1,0.0,0.0,0.0,0.0,0.0,0.954760594
332.15,0.5661,LiPF6,1.0,0.0,0.0,0.0,0.0,0.0,0.0,0.0,0.0,0.0,11.41
339.8923702,1.0,LiBOB,0.0,0.0,0.0,0.0,0.0,0.0,0.0,0.0,0.0,0.0,36.77199915
272.95,0.3704,LiPF6,0.8,0.2,0.0,0.0,0.0,0.0,0.0,0.0,0.0,0.0,3.292
253.35,0.256603774,LiBOB,0.4,0.6,0.0,0.0,0.0,0.0,0.0,0.0,0.0,0.0,1.172121679
322.35,0.095238095,LiBOB,0.5,0.5,0.0,0.0,0.0,0.0,0.0,0.0,0.0,0.0,2.65914787
282.85,0.398095238,LiBOB,0.6,0.0,0.0,0.0,0.4,0.0,0.0,0.0,0.0,0.0,5.2
253.35,1.653757713,LiBF4,0.5,0.5,0.0,0.0,0.0,0.0,0.0,0.0,0.0,0.0,0.569682152
310.3742654,1.0,LiTFSI,0.0,0.0,0.5,0.0,0.0,0.0,0.0,0.0,0.5,0.0,11.15682029
332.5401445,1.0,LiPF6,0.0,0.0,0.3,0.7,0.0,0.0,0.0,0.0,0.0,0.0,15.68624976
263.15,0.980314961,LiBF4,0.9,0.1,0.0,0.0,0.0,0.0,0.0,0.0,0.0,0.0,1.205479452
243.15,1.0,LiAsF6,0.075,0.0,0.075,0.0,0.0,0.0,0.0,0.0,0.0,0.15,3.66
292.65,0.538,LiPF6,0.8,0.2,0.0,0.0,0.0,0.0,0.0,0.0,0.0,0.0,6.111549296
296.736777,1.0,LiTFSI,0.0,0.0,0.5,0.0,0.0,0.0,0.0,0.0,0.5,0.0,8.638261676
323.0091549,1.0,LiPF6,0.0,0.0,0.3,0.7,0.0,0.0,0.0,0.0,0.0,0.0,12.5974026
302.55,0.701522089,LiBF4,0.9,0.1,0.0,0.0,0.0,0.0,0.0,0.0,0.0,0.0,4.029637421
282.85,0.269123395,LiBF4,0.6,0.4,0.0,0.0,0.0,0.0,0.0,0.0,0.0,0.0,1.927526521
263.15,1.6929,LiPF6,0.9,0.1,0.0,0.0,0.0,0.0,0.0,0.0,0.0,0.0,0.5217
292.65,0.263157895,LiBF4,0.4,0.6,0.0,0.0,0.0,0.0,0.0,0.0,0.0,0.0,1.475586557
282.85,0.18490566,LiBOB,0.4,0.6,0.0,0.0,0.0,0.0,0.0,0.0,0.0,0.0,2.20716211
253.35,0.370491803,LiBOB,1.0,0.0,0.0,0.0,0.0,0.0,0.0,0.0,0.0,0.0,0.611826698
312.45,0.381132075,LiBOB,0.4,0.6,0.0,0.0,0.0,0.0,0.0,0.0,0.0,0.0,5.350789372
332.15,0.761266511,LiBF4,0.8,0.2,0.0,0.0,0.0,0.0,0.0,0.0,0.0,0.0,3.848484848
332.15,1.872807018,LiBF4,0.4,0.6,0.0,0.0,0.0,0.0,0.0,0.0,0.0,0.0,3.147643204
312.45,0.704634103,LiBOB,0.9,0.0,0.1,0.0,0.0,0.0,0.0,0.0,0.0,0.0,5.091710758
204.15,1.7117,LiPF6,0.5,0.5,0.0,0.0,0.0,0.0,0.0,0.0,0.0,0.0,0.0004233
302.55,0.468477122,LiBF4,0.5,0.5,0.0,0.0,0.0,0.0,0.0,0.0,0.0,0.0,2.667627198
283.15,0.5,LiPF6,0.0,0.0,0.3,0.0,0.0,0.0,0.0,0.0,0.7,0.0,7.69
233.75,0.824831722,LiPF6,0.85,0.0,0.15,0.0,0.0,0.0,0.0,0.0,0.0,0.0,0.263565891
322.35,0.577836236,LiPF6,1.0,0.0,0.0,0.0,0.0,0.0,0.0,0.0,0.0,0.0,9.859478539
384.445119,1.6, LiBPFPB,1.0,0.0,0.0,0.0,0.0,0.0,0.0,0.0,0.0,0.0,4.308388464
303.15,1.499,LiPF6,0.0,0.0,0.0,0.95,0.0,0.0,0.0,0.0,0.0,0.0,7.377
302.55,0.224071408,LiBOB,0.8,0.0,0.2,0.0,0.0,0.0,0.0,0.0,0.0,0.0,3.076878779
243.65,0.427898103,LiBOB,0.5,0.0,0.5,0.0,0.0,0.0,0.0,0.0,0.0,0.0,0.359106722
323.15,0.442990654,LiPF6,0.0,0.0,0.3,0.7,0.0,0.0,0.0,0.0,0.0,0.0,9.539047619
194.15,0.6859,LiPF6,0.6,0.4,0.0,0.0,0.0,0.0,0.0,0.0,0.0,0.0,0.007292
293.15,1.5,LiPF6,0.0,0.0,0.3,0.0,0.0,0.0,0.0,0.0,0.5,0.0,13.61111111
302.55,0.414141414,LiBF4,0.8,0.2,0.0,0.0,0.0,0.0,0.0,0.0,0.0,0.0,1.075757576
322.35,0.432432432,LiBOB,0.3,0.0,0.7,0.0,0.0,0.0,0.0,0.0,0.0,0.0,6.411764706
263.15,0.78668937,LiBF4,0.5,0.5,0.0,0.0,0.0,0.0,0.0,0.0,0.0,0.0,1.247584119
233.75,0.611650485,LiBF4,0.3,0.7,0.0,0.0,0.0,0.0,0.0,0.0,0.0,0.0,0.338207435
233.75,0.924757282,LiBF4,0.3,0.7,0.0,0.0,0.0,0.0,0.0,0.0,0.0,0.0,0.327551504
330.9155583,1.0,LiTFSI,0.0,0.0,0.5,0.0,0.0,0.0,0.0,0.0,0.5,0.0,15.08815342
263.15,0.407889433,LiBOB,0.8,0.0,0.2,0.0,0.0,0.0,0.0,0.0,0.0,0.0,1.109703426
292.65,1.7321,LiPF6,0.8,0.2,0.0,0.0,0.0,0.0,0.0,0.0,0.0,0.0,3.151
233.75,0.478821884,LiPF6,1.0,0.0,0.0,0.0,0.0,0.0,0.0,0.0,0.0,0.0,0.370217442
253.35,0.336909871,LiBF4,0.7,0.3,0.0,0.0,0.0,0.0,0.0,0.0,0.0,0.0,1.051623043
292.65,0.506634132,LiBOB,0.9,0.1,0.0,0.0,0.0,0.0,0.0,0.0,0.0,0.0,3.290627243
302.55,0.672416791,LiPF6,0.7,0.0,0.3,0.0,0.0,0.0,0.0,0.0,0.0,0.0,7.489375022
253.15,0.910798122,LiPF6,0.0,0.0,0.2,0.8,0.0,0.0,0.0,0.0,0.0,0.0,2.712380952
233.15,0.358149579,LiPF6,0.3,0.7,0.0,0.0,0.0,0.0,0.0,0.0,0.0,0.0,0.283018868
233.75,0.47151567,LiBOB,0.8,0.0,0.0,0.0,0.2,0.0,0.0,0.0,0.0,0.0,0.546368596
302.55,1.875553033,LiBF4,0.5,0.5,0.0,0.0,0.0,0.0,0.0,0.0,0.0,0.0,2.177436256
263.15,0.7987,LiPF6,0.6,0.4,0.0,0.0,0.0,0.0,0.0,0.0,0.0,0.0,2.925
278.0814104,1.2,LiBOB,0.0,0.0,0.0,0.0,0.0,1.0,0.0,0.0,0.0,0.0,11.25959249
263.15,0.804545455,LiPF6,0.6,0.4,0.0,0.0,0.0,0.0,0.0,0.0,0.0,0.0,2.947159091
253.35,0.594488189,LiBF4,0.9,0.1,0.0,0.0,0.0,0.0,0.0,0.0,0.0,0.0,1.02739726
282.85,0.541318745,LiBOB,0.8,0.0,0.2,0.0,0.0,0.0,0.0,0.0,0.0,0.0,2.383530089
273.15,0.454460094,LiPF6,0.0,0.0,0.2,0.8,0.0,0.0,0.0,0.0,0.0,0.0,4.48
332.15,0.311111111,LiBOB,0.3,0.7,0.0,0.0,0.0,0.0,0.0,0.0,0.0,0.0,5.714285714
263.15,1.4766,LiPF6,0.5,0.5,0.0,0.0,0.0,0.0,0.0,0.0,0.0,0.0,1.725
322.35,0.278688525,LiBOB,1.0,0.0,0.0,0.0,0.0,0.0,0.0,0.0,0.0,0.0,4.628220141
322.35,1.4776,LiPF6,0.3,0.7,0.0,0.0,0.0,0.0,0.0,0.0,0.0,0.0,8.948
332.15,0.196296296,LiBOB,0.3,0.7,0.0,0.0,0.0,0.0,0.0,0.0,0.0,0.0,4.285714286
312.45,2.059584477,LiBF4,0.4,0.6,0.0,0.0,0.0,0.0,0.0,0.0,0.0,0.0,2.269600157
236.6597417,0.5,LiClO4,0.0,0.0,0.0,0.0,0.0,1.0,0.0,0.0,0.0,0.0,0.575000879
253.35,1.096566524,LiBF4,0.7,0.3,0.0,0.0,0.0,0.0,0.0,0.0,0.0,0.0,0.805416188
322.35,0.935294118,LiBOB,1.0,0.0,0.0,0.0,0.0,0.0,0.0,0.0,0.0,0.0,5.967741935
233.75,0.506437768,LiBF4,0.7,0.3,0.0,0.0,0.0,0.0,0.0,0.0,0.0,0.0,0.436680167
243.15,0.454460094,LiPF6,0.0,0.0,0.2,0.8,0.0,0.0,0.0,0.0,0.0,0.0,1.645714286
282.85,0.799511985,LiBOB,0.9,0.1,0.0,0.0,0.0,0.0,0.0,0.0,0.0,0.0,1.787311612
223.15,1.0,LiAsF6,0.175,0.0,0.175,0.0,0.0,0.0,0.0,0.0,0.0,0.35,2.09
333.15,0.543630732,LiPF6,0.3,0.0,0.3,0.4,0.0,0.0,0.0,0.0,0.0,0.0,14.24158258
263.15,0.699892304,LiBF4,0.5,0.5,0.0,0.0,0.0,0.0,0.0,0.0,0.0,0.0,1.269589009
358.2089552,0.5,LiBMB,0.0,0.0,0.0,0.0,0.0,0.0,0.0,0.0,0.0,0.0,13.8866509
287.5338457,0.5,LiClO4,0.0,0.0,0.0,0.0,0.0,1.0,0.0,0.0,0.0,0.0,2.986332231
243.65,0.129664258,LiBOB,0.5,0.0,0.0,0.0,0.5,0.0,0.0,0.0,0.0,0.0,1.158946026
258.4130993,0.5,LiBOB,0.0,0.0,0.0,0.0,0.0,1.0,0.0,0.0,0.0,0.0,6.206084429
292.65,0.059016393,LiBOB,1.0,0.0,0.0,0.0,0.0,0.0,0.0,0.0,0.0,0.0,0.846018735
274.8468914,1.0,LiPF6,0.0,0.0,0.5,0.0,0.0,0.0,0.0,0.0,0.5,0.0,7.455150015
302.55,2.359564671,LiBF4,1.0,0.0,0.0,0.0,0.0,0.0,0.0,0.0,0.0,0.0,1.425840659
253.35,1.069565217,LiBOB,0.6,0.0,0.4,0.0,0.0,0.0,0.0,0.0,0.0,0.0,0.021037868
292.65,0.227261457,LiBOB,0.9,0.0,0.1,0.0,0.0,0.0,0.0,0.0,0.0,0.0,2.424162257
292.65,1.486619186,LiBF4,0.5,0.5,0.0,0.0,0.0,0.0,0.0,0.0,0.0,0.0,2.048559404
263.15,0.275862069,LiBF4,0.6,0.4,0.0,0.0,0.0,0.0,0.0,0.0,0.0,0.0,1.247058824
243.65,0.388888889,LiBOB,0.3,0.7,0.0,0.0,0.0,0.0,0.0,0.0,0.0,0.0,0.897959184
292.65,1.9482,LiPF6,0.8,0.2,0.0,0.0,0.0,0.0,0.0,0.0,0.0,0.0,2.4
243.65,1.654732798,LiBF4,0.5,0.5,0.0,0.0,0.0,0.0,0.0,0.0,0.0,0.0,0.370910467
292.65,0.261525512,LiBF4,0.8,0.2,0.0,0.0,0.0,0.0,0.0,0.0,0.0,0.0,2.787878788
298.15,1.003370787,LiClO4,0.0,0.0,0.5,0.0,0.0,0.0,0.0,0.0,0.0,0.0,9.914153132
233.75,2.3241,LiPF6,1.0,0.0,0.0,0.0,0.0,0.0,0.0,0.0,0.0,0.0,0.0001602
312.45,0.826775499,LiBF4,1.0,0.0,0.0,0.0,0.0,0.0,0.0,0.0,0.0,0.0,1.77061532
292.65,1.094420601,LiBF4,0.7,0.3,0.0,0.0,0.0,0.0,0.0,0.0,0.0,0.0,2.734933204
273.15,0.5,LiBF4,0.0,0.0,0.0,0.0,0.0,0.0,0.5,0.0,0.0,0.0,0.92
243.15,1.588732394,LiPF6,0.0,0.0,0.2,0.8,0.0,0.0,0.0,0.0,0.0,0.0,1.127619048
263.15,0.154707665,LiBOB,0.5,0.0,0.5,0.0,0.0,0.0,0.0,0.0,0.0,0.0,0.817641118
282.85,1.9117,LiPF6,0.9,0.1,0.0,0.0,0.0,0.0,0.0,0.0,0.0,0.0,1.263
312.45,0.385324503,LiBOB,0.8,0.2,0.0,0.0,0.0,0.0,0.0,0.0,0.0,0.0,5.357350993
282.85,0.105660377,LiBOB,0.4,0.6,0.0,0.0,0.0,0.0,0.0,0.0,0.0,0.0,1.529457066
233.75,0.770171828,LiBF4,0.4,0.6,0.0,0.0,0.0,0.0,0.0,0.0,0.0,0.0,0.398667189
312.45,0.578606579,LiBF4,0.8,0.2,0.0,0.0,0.0,0.0,0.0,0.0,0.0,0.0,4.590909091
328.0929597,0.5,LiTFSI,0.0,0.0,0.0,0.0,0.0,0.0,0.0,0.0,0.0,0.0,11.57643697
263.15,1.0,LiAsF6,0.0,0.0,0.0,0.0,0.0,0.0,0.25,0.0,0.0,0.0,5.81
302.55,1.054344052,LiPF6,0.3,0.7,0.0,0.0,0.0,0.0,0.0,0.0,0.0,0.0,7.043197444
253.35,1.474112786,LiPF6,0.3,0.7,0.0,0.0,0.0,0.0,0.0,0.0,0.0,0.0,1.251336898
253.15,1.0,LiAsF6,0.0,0.0,0.0,0.0,0.0,0.0,0.5,0.0,0.0,0.0,0.43
302.55,1.9321,LiPF6,0.4,0.6,0.0,0.0,0.0,0.0,0.0,0.0,0.0,0.0,4.913
293.15,1.500822143,LiPF6,0.5,0.5,0.0,0.0,0.0,0.0,0.0,0.0,0.0,0.0,5.146341463
347.826087,0.5,LiClO4,0.0,0.0,0.0,0.0,0.0,0.0,0.0,0.0,0.0,0.0,13.67008694
282.85,0.488798239,LiBF4,0.8,0.2,0.0,0.0,0.0,0.0,0.0,0.0,0.0,0.0,2.606060606
263.15,1.5,LiAsF6,0.0,0.0,0.0,0.0,0.0,0.0,0.5,0.0,0.0,0.0,0.32
313.15,4.0,LiAsF6,0.5,0.0,0.0,0.0,0.0,0.5,0.0,0.0,0.0,0.0,6.65
269.0256727,1.0,LiPF6,0.0,0.0,0.5,0.0,0.0,0.0,0.0,0.0,0.5,0.0,6.405041757
332.15,0.561279281,LiBOB,0.8,0.0,0.0,0.0,0.2,0.0,0.0,0.0,0.0,0.0,10.21585196
292.65,1.058648534,LiBOB,0.5,0.0,0.0,0.0,0.5,0.0,0.0,0.0,0.0,0.0,8.071398215
282.85,0.753564588,LiPF6,0.4,0.6,0.0,0.0,0.0,0.0,0.0,0.0,0.0,0.0,5.212598425
263.15,0.388888889,LiBOB,0.3,0.7,0.0,0.0,0.0,0.0,0.0,0.0,0.0,0.0,1.795918367
303.15,0.491071429,LiPF6,0.0,0.0,0.3,0.0,0.0,0.0,0.0,0.0,0.7,0.0,10.92592593
282.85,1.230979352,LiPF6,0.9,0.1,0.0,0.0,0.0,0.0,0.0,0.0,0.0,0.0,3.39396374
263.15,1.660505206,LiBF4,0.8,0.2,0.0,0.0,0.0,0.0,0.0,0.0,0.0,0.0,0.666666667
292.65,0.103333333,LiBOB,0.6,0.4,0.0,0.0,0.0,0.0,0.0,0.0,0.0,0.0,1.947272727
308.0928215,1.6, LiBPFPB,1.0,0.0,0.0,0.0,0.0,0.0,0.0,0.0,0.0,0.0,0.176703281
235.0174568,0.5,LiTFSI,0.0,0.0,0.0,0.0,0.0,1.0,0.0,0.0,0.0,0.0,4.130685208
223.15,1.0,LiAsF6,0.125,0.0,0.125,0.0,0.0,0.0,0.0,0.0,0.0,0.25,2.5
323.15,0.861230901,LiPF6,0.24,0.0,0.24,0.32,0.0,0.0,0.0,0.2,0.0,0.0,10.85106383
303.15,1.98245614,LiPF6,0.0,0.0,0.3,0.0,0.0,0.0,0.0,0.0,0.6,0.0,13.42592593
436.6553973,2.57, LiBPFPB,1.0,0.0,0.0,0.0,0.0,0.0,0.0,0.0,0.0,0.0,0.869230039
253.35,1.0593,LiPF6,0.5,0.5,0.0,0.0,0.0,0.0,0.0,0.0,0.0,0.0,1.76
322.35,0.430892644,LiBF4,0.8,0.2,0.0,0.0,0.0,0.0,0.0,0.0,0.0,0.0,5.014814815
253.35,0.888,LiPF6,0.8,0.2,0.0,0.0,0.0,0.0,0.0,0.0,0.0,0.0,1.383380282
292.65,0.152369743,LiBOB,0.9,0.1,0.0,0.0,0.0,0.0,0.0,0.0,0.0,0.0,2.194143821
263.15,1.0,LiN(CF3SO2)2,0.5,0.0,0.0,0.0,0.0,0.5,0.0,0.0,0.0,0.0,5.44
293.15,0.6,LiBF4,0.9,0.1,0.0,0.0,0.0,0.0,0.0,0.0,0.0,0.0,3.358974359
282.85,0.322599532,LiBF4,0.7,0.3,0.0,0.0,0.0,0.0,0.0,0.0,0.0,0.0,2.271428571
272.95,0.603448276,LiBF4,0.6,0.4,0.0,0.0,0.0,0.0,0.0,0.0,0.0,0.0,1.823529412
243.15,1.0,LiAsF6,0.125,0.0,0.125,0.0,0.0,0.0,0.0,0.0,0.0,0.0,6.69
253.35,0.033333333,LiBOB,0.6,0.4,0.0,0.0,0.0,0.0,0.0,0.0,0.0,0.0,0.334545455
312.45,0.52375,LiBOB,0.7,0.3,0.0,0.0,0.0,0.0,0.0,0.0,0.0,0.0,5.979661017
292.65,0.571153846,LiPF6,0.4,0.0,0.6,0.0,0.0,0.0,0.0,0.0,0.0,0.0,6.117100166
333.15,1.0,LiAsF6,0.5,0.0,0.0,0.0,0.0,0.0,0.5,0.0,0.0,0.0,8.96
313.0,1.738191633,LiPF6,0.1,0.0,0.27,0.0,0.0,0.0,0.0,0.0,0.63,0.0,14.19634264
283.15,0.5,LiPF6,0.0,0.0,0.2,0.0,0.0,0.0,0.0,0.0,0.8,0.0,7.09
233.75,1.2514,LiPF6,0.7,0.3,0.0,0.0,0.0,0.0,0.0,0.0,0.0,0.0,0.211
272.95,1.48,LiPF6,0.8,0.2,0.0,0.0,0.0,0.0,0.0,0.0,0.0,0.0,1.761070423
223.85,0.8979,LiPF6,0.3,0.7,0.0,0.0,0.0,0.0,0.0,0.0,0.0,0.0,0.4511
322.35,0.621389703,LiBF4,1.0,0.0,0.0,0.0,0.0,0.0,0.0,0.0,0.0,0.0,5.777033626
386.9724539,1.3,LiBOB,1.0,0.0,0.0,0.0,0.0,0.0,0.0,0.0,0.0,0.0,17.91980722
263.15,0.754081633,LiPF6,0.5,0.5,0.0,0.0,0.0,0.0,0.0,0.0,0.0,0.0,3.120280612
283.15,1.5,LiPF6,0.0,0.0,0.1,0.0,0.0,0.0,0.0,0.0,0.9,0.0,8.32
272.95,0.760156955,LiPF6,0.3,0.7,0.0,0.0,0.0,0.0,0.0,0.0,0.0,0.0,3.811584138
243.65,0.829528666,LiBOB,0.9,0.0,0.1,0.0,0.0,0.0,0.0,0.0,0.0,0.0,0.197530864
313.2876509,1.0,LiPF6,0.0,0.0,0.0,0.0,0.0,0.0,0.0,0.0,0.0,0.0,3.934018907
302.55,0.475409836,LiBOB,1.0,0.0,0.0,0.0,0.0,0.0,0.0,0.0,0.0,0.0,3.807377049
223.85,0.6859,LiPF6,0.6,0.4,0.0,0.0,0.0,0.0,0.0,0.0,0.0,0.0,0.3664
263.15,1.0,LiAsF6,0.3,0.0,0.0,0.0,0.0,0.0,0.0,0.0,0.0,0.0,4.17
292.65,1.344609906,LiBF4,0.5,0.5,0.0,0.0,0.0,0.0,0.0,0.0,0.0,0.0,2.142656739
243.65,0.454025498,LiBF4,0.5,0.5,0.0,0.0,0.0,0.0,0.0,0.0,0.0,0.0,0.673303062
293.15,0.63498851,LiPF6,0.3,0.0,0.3,0.4,0.0,0.0,0.0,0.0,0.0,0.0,8.106004596
302.55,1.712149235,LiPF6,0.5,0.5,0.0,0.0,0.0,0.0,0.0,0.0,0.0,0.0,5.744642857
282.85,0.299047619,LiBOB,0.6,0.0,0.0,0.0,0.4,0.0,0.0,0.0,0.0,0.0,4.545454545
272.95,0.320454545,LiPF6,0.6,0.4,0.0,0.0,0.0,0.0,0.0,0.0,0.0,0.0,3.35390625
384.2564945,1.0,LiClO4,1.0,0.0,0.0,0.0,0.0,0.0,0.0,0.0,0.0,0.0,14.18156428
253.35,0.304347826,LiBOB,0.6,0.0,0.4,0.0,0.0,0.0,0.0,0.0,0.0,0.0,0.596072931
313.15,1.214002334,LiPF6,0.0,0.0,0.5,0.5,0.0,0.0,0.0,0.0,0.0,0.0,12.03488372
272.95,0.547826087,LiBOB,0.9,0.0,0.0,0.0,0.1,0.0,0.0,0.0,0.0,0.0,2.271436434
253.35,0.553623188,LiBOB,0.6,0.0,0.4,0.0,0.0,0.0,0.0,0.0,0.0,0.0,0.459093034
302.55,0.7652,LiPF6,0.9,0.1,0.0,0.0,0.0,0.0,0.0,0.0,0.0,0.0,7.477
293.15,0.614953271,LiPF6,0.0,0.0,0.3,0.7,0.0,0.0,0.0,0.0,0.0,0.0,7.375238095
243.15,1.0,LiAsF6,0.0,0.0,0.0,0.0,0.0,0.0,0.5,0.0,0.0,0.0,0.19
302.55,0.218867925,LiBOB,0.4,0.6,0.0,0.0,0.0,0.0,0.0,0.0,0.0,0.0,3.506353485
253.15,1.107981221,LiPF6,0.0,0.0,0.2,0.8,0.0,0.0,0.0,0.0,0.0,0.0,2.620952381
283.15,0.666675166,LiPF6,0.21,0.0,0.21,0.28,0.0,0.0,0.0,0.3,0.0,0.0,4.1109128
292.65,0.584090909,LiPF6,0.6,0.4,0.0,0.0,0.0,0.0,0.0,0.0,0.0,0.0,6.518394886
253.35,0.427561441,LiBOB,0.5,0.0,0.5,0.0,0.0,0.0,0.0,0.0,0.0,0.0,0.692402648
272.95,0.67641459,LiBOB,0.8,0.0,0.0,0.0,0.2,0.0,0.0,0.0,0.0,0.0,2.961600171
312.45,0.344821329,LiBF4,0.6,0.4,0.0,0.0,0.0,0.0,0.0,0.0,0.0,0.0,3.379564489
243.65,1.968764147,LiBF4,0.7,0.0,0.3,0.0,0.0,0.0,0.0,0.0,0.0,0.0,0.1314622
233.75,0.871021776,LiBF4,0.6,0.4,0.0,0.0,0.0,0.0,0.0,0.0,0.0,0.0,0.325069793
263.15,0.17037037,LiBOB,0.3,0.7,0.0,0.0,0.0,0.0,0.0,0.0,0.0,0.0,1.265306122
273.15,1.491525424,LiPF6,0.0,0.0,0.3,0.5,0.0,0.0,0.0,0.0,0.0,0.0,6.666666667
233.15,0.517068273,LiBF4,0.5,0.5,0.0,0.0,0.0,0.0,0.0,0.0,0.0,0.0,0.433333333
302.55,1.030188679,LiBOB,0.3,0.0,0.0,0.0,0.7,0.0,0.0,0.0,0.0,0.0,12.1893531
282.85,0.8979,LiPF6,0.3,0.7,0.0,0.0,0.0,0.0,0.0,0.0,0.0,0.0,4.882
243.65,0.259656652,LiBF4,0.7,0.3,0.0,0.0,0.0,0.0,0.0,0.0,0.0,0.0,0.669165206
272.95,1.1019,LiPF6,0.6,0.4,0.0,0.0,0.0,0.0,0.0,0.0,0.0,0.0,3.48
283.15,1.592488263,LiPF6,0.0,0.0,0.2,0.8,0.0,0.0,0.0,0.0,0.0,0.0,5.516190476
282.85,0.2801,LiPF6,1.0,0.0,0.0,0.0,0.0,0.0,0.0,0.0,0.0,0.0,3.221
273.15,1.49122807,LiPF6,0.0,0.0,0.3,0.0,0.0,0.0,0.0,0.0,0.6,0.0,7.12962963
243.65,0.218147046,LiBOB,0.5,0.0,0.0,0.0,0.5,0.0,0.0,0.0,0.0,0.0,1.630684233
282.85,0.35826087,LiBOB,0.9,0.0,0.0,0.0,0.1,0.0,0.0,0.0,0.0,0.0,2.905668685
293.15,1.0,LiPF6,0.0,0.0,0.3,0.5,0.0,0.0,0.0,0.0,0.0,0.0,10.88888889
349.0359958,0.08,LiBOB,1.0,0.0,0.0,0.0,0.0,0.0,0.0,0.0,0.0,0.0,2.121615437
302.55,1.057904284,LiBF4,1.0,0.0,0.0,0.0,0.0,0.0,0.0,0.0,0.0,0.0,0.997767546
194.15,0.3958,LiPF6,1.0,0.0,0.0,0.0,0.0,0.0,0.0,0.0,0.0,0.0,0.00101
253.35,0.348011606,LiBF4,0.8,0.2,0.0,0.0,0.0,0.0,0.0,0.0,0.0,0.0,1.044444444
302.55,0.733333333,LiBOB,0.6,0.0,0.4,0.0,0.0,0.0,0.0,0.0,0.0,0.0,3.978494624
243.65,0.7799,LiPF6,1.0,0.0,0.0,0.0,0.0,0.0,0.0,0.0,0.0,0.0,0.5982
283.15,1.0,LiPF6,0.0,0.0,0.3,0.7,0.0,0.0,0.0,0.0,0.0,0.0,6.44
253.35,0.194028568,LiBOB,1.0,0.0,0.0,0.0,0.0,0.0,0.0,0.0,0.0,0.0,0.638814306
293.15,1.304089219,LiPF6,0.27,0.0,0.27,0.36,0.0,0.0,0.0,0.1,0.0,0.0,6.218326133
333.15,1.0,LiAsF6,0.5,0.0,0.0,0.0,0.0,0.0,0.0,0.0,0.0,0.0,17.86
253.35,0.163934426,LiBOB,1.0,0.0,0.0,0.0,0.0,0.0,0.0,0.0,0.0,0.0,0.505854801
367.816092,0.5,LiBMB,0.0,0.0,0.0,0.0,0.0,0.0,0.0,0.0,0.0,0.0,15.59499976
263.15,1.4664,LiPF6,0.7,0.3,0.0,0.0,0.0,0.0,0.0,0.0,0.0,0.0,1.244
272.95,0.4612,LiPF6,0.3,0.7,0.0,0.0,0.0,0.0,0.0,0.0,0.0,0.0,3.305
292.65,0.35,LiBOB,0.6,0.4,0.0,0.0,0.0,0.0,0.0,0.0,0.0,0.0,3.919393939
302.55,0.421052632,LiBF4,0.4,0.6,0.0,0.0,0.0,0.0,0.0,0.0,0.0,0.0,2.025998732
263.15,1.968503937,LiBF4,0.9,0.1,0.0,0.0,0.0,0.0,0.0,0.0,0.0,0.0,0.438356164
322.35,0.431324352,LiPF6,0.7,0.3,0.0,0.0,0.0,0.0,0.0,0.0,0.0,0.0,9.110761041
243.15,0.655701798,LiPF6,0.27,0.0,0.27,0.36,0.0,0.0,0.0,0.1,0.0,0.0,1.427710238
282.85,0.284346297,LiBOB,0.7,0.0,0.0,0.0,0.3,0.0,0.0,0.0,0.0,0.0,3.88372093
263.15,1.0609,LiPF6,1.0,0.0,0.0,0.0,0.0,0.0,0.0,0.0,0.0,0.0,1.395
253.35,1.073101212,LiBF4,0.8,0.2,0.0,0.0,0.0,0.0,0.0,0.0,0.0,0.0,0.733333333
243.65,1.699540626,LiPF6,0.85,0.0,0.15,0.0,0.0,0.0,0.0,0.0,0.0,0.0,0.046511628
243.65,0.505660377,LiBOB,0.3,0.0,0.0,0.0,0.7,0.0,0.0,0.0,0.0,0.0,3.35916442
302.55,1.046672248,LiBF4,1.0,0.0,0.0,0.0,0.0,0.0,0.0,0.0,0.0,0.0,3.513743547
243.65,2.1648,LiPF6,0.8,0.2,0.0,0.0,0.0,0.0,0.0,0.0,0.0,0.0,0.01947
292.65,1.45889237,LiPF6,0.9,0.1,0.0,0.0,0.0,0.0,0.0,0.0,0.0,0.0,3.834337591
312.45,0.218867925,LiBOB,0.4,0.6,0.0,0.0,0.0,0.0,0.0,0.0,0.0,0.0,4.03696573
263.15,0.603448276,LiBF4,0.6,0.4,0.0,0.0,0.0,0.0,0.0,0.0,0.0,0.0,1.388235294
282.85,0.418918919,LiBOB,0.4,0.0,0.6,0.0,0.0,0.0,0.0,0.0,0.0,0.0,2.411764706
302.55,1.2541,LiPF6,0.3,0.7,0.0,0.0,0.0,0.0,0.0,0.0,0.0,0.0,6.867
243.65,0.476666667,LiBOB,0.6,0.4,0.0,0.0,0.0,0.0,0.0,0.0,0.0,0.0,0.778787879
312.45,0.999810805,LiBF4,0.5,0.5,0.0,0.0,0.0,0.0,0.0,0.0,0.0,0.0,3.325008732
243.65,0.425396825,LiBOB,0.7,0.0,0.3,0.0,0.0,0.0,0.0,0.0,0.0,0.0,0.361111111
253.35,0.566431354,LiPF6,1.0,0.0,0.0,0.0,0.0,0.0,0.0,0.0,0.0,0.0,1.32136792
293.15,0.497,LiPF6,0.0,0.0,0.3,0.7,0.0,0.0,0.0,0.0,0.0,0.0,6.796
293.15,1.286105782,LiPF6,0.5,0.5,0.0,0.0,0.0,0.0,0.0,0.0,0.0,0.0,5.926829268
273.15,1.480337587,LiPF6,0.27,0.0,0.27,0.36,0.0,0.0,0.0,0.1,0.0,0.0,2.723098563
276.9194889,0.4,LiBOB,0.0,0.0,0.0,0.0,0.0,1.0,0.0,0.0,0.0,0.0,7.995441719
253.0541857,1.0,LiPF6,0.0,0.0,0.0,0.0,0.0,0.0,0.0,0.0,0.0,0.0,0.58763534
322.35,0.304347826,LiBOB,0.6,0.0,0.4,0.0,0.0,0.0,0.0,0.0,0.0,0.0,5.273492286
263.15,0.542857143,LiBOB,0.5,0.5,0.0,0.0,0.0,0.0,0.0,0.0,0.0,0.0,1.69924812
263.15,0.7652,LiPF6,0.9,0.1,0.0,0.0,0.0,0.0,0.0,0.0,0.0,0.0,2.204
243.65,0.780457537,LiBF4,0.5,0.5,0.0,0.0,0.0,0.0,0.0,0.0,0.0,0.0,0.641092047
283.15,1.400938967,LiPF6,0.0,0.0,0.2,0.8,0.0,0.0,0.0,0.0,0.0,0.0,5.851428571
223.85,0.7784,LiPF6,0.7,0.3,0.0,0.0,0.0,0.0,0.0,0.0,0.0,0.0,0.2445
253.15,1.0,LiAsF6,0.0,0.0,0.0,0.0,0.0,0.0,0.0,0.0,0.0,0.0,4.62
292.65,1.7176,LiPF6,0.4,0.6,0.0,0.0,0.0,0.0,0.0,0.0,0.0,0.0,4.504
292.65,0.775590551,LiBF4,0.9,0.1,0.0,0.0,0.0,0.0,0.0,0.0,0.0,0.0,3.219178082
253.35,0.477739669,LiPF6,1.0,0.0,0.0,0.0,0.0,0.0,0.0,0.0,0.0,0.0,1.370250741
312.45,0.4603,LiPF6,0.9,0.1,0.0,0.0,0.0,0.0,0.0,0.0,0.0,0.0,8.074
332.15,0.81509434,LiBOB,0.3,0.0,0.0,0.0,0.7,0.0,0.0,0.0,0.0,0.0,16.25539084
312.45,0.61682243,LiBF4,0.85,0.0,0.15,0.0,0.0,0.0,0.0,0.0,0.0,0.0,5.272593825
303.15,1.179417293,LiPF6,0.285,0.0,0.285,0.38,0.0,0.0,0.0,0.05,0.0,0.0,8.749477861
282.85,0.377682236,LiBOB,0.7,0.0,0.0,0.0,0.3,0.0,0.0,0.0,0.0,0.0,4.348837209
302.55,0.829411765,LiBOB,1.0,0.0,0.0,0.0,0.0,0.0,0.0,0.0,0.0,0.0,3.774193548
253.35,0.150724638,LiBOB,0.6,0.0,0.4,0.0,0.0,0.0,0.0,0.0,0.0,0.0,0.459560542
332.15,0.277597928,LiBF4,0.5,0.5,0.0,0.0,0.0,0.0,0.0,0.0,0.0,0.0,3.287363764
302.55,0.2,LiBOB,1.0,0.0,0.0,0.0,0.0,0.0,0.0,0.0,0.0,0.0,2.642271663
283.15,1.613084112,LiPF6,0.0,0.0,0.3,0.7,0.0,0.0,0.0,0.0,0.0,0.0,5.333333333
303.15,0.49137931,LiPF6,0.0,0.0,0.3,0.7,0.0,0.0,0.0,0.0,0.0,0.0,7.851851852
298.0,1.0,LiTFSI,0.0,0.0,0.3,0.0,0.0,0.0,0.0,0.0,0.7,0.0,9.373333333
298.15,0.761444028,LiPF6,0.0,0.0,0.5,0.0,0.0,0.0,0.0,0.0,0.0,0.0,8.546597061
288.15,0.705873206,LiBMB,0.0,0.0,0.0,0.0,0.0,0.0,0.0,0.0,0.0,0.0,4.039521975
243.65,0.477106989,LiPF6,1.0,0.0,0.0,0.0,0.0,0.0,0.0,0.0,0.0,0.0,0.785654823
333.15,1.0,LiAsF6,0.0,0.0,0.0,0.0,0.0,0.0,0.5,0.0,0.0,0.0,8.02
302.55,0.847125097,LiBF4,0.8,0.2,0.0,0.0,0.0,0.0,0.0,0.0,0.0,0.0,3.757575758
273.15,1.0,LiAsF6,0.0,0.0,0.0,0.0,0.0,0.0,0.7,0.0,0.0,0.0,3.23
282.85,0.756440281,LiBF4,0.7,0.3,0.0,0.0,0.0,0.0,0.0,0.0,0.0,0.0,2.414285714
282.85,0.865028162,LiBF4,0.8,0.2,0.0,0.0,0.0,0.0,0.0,0.0,0.0,0.0,2.42962963
298.15,0.203628235,LiBMB,0.0,0.0,0.0,0.0,0.0,0.0,0.0,0.0,0.0,0.0,2.653010851
204.15,0.3992,LiPF6,0.7,0.3,0.0,0.0,0.0,0.0,0.0,0.0,0.0,0.0,0.04862
233.75,1.9321,LiPF6,0.4,0.6,0.0,0.0,0.0,0.0,0.0,0.0,0.0,0.0,0.09432
253.35,0.305720028,LiPF6,0.7,0.3,0.0,0.0,0.0,0.0,0.0,0.0,0.0,0.0,1.707262752
272.95,0.357758621,LiBF4,0.6,0.4,0.0,0.0,0.0,0.0,0.0,0.0,0.0,0.0,1.705882353
292.65,0.105660377,LiBOB,0.4,0.6,0.0,0.0,0.0,0.0,0.0,0.0,0.0,0.0,1.815171352
322.35,0.534868989,LiBOB,0.8,0.0,0.2,0.0,0.0,0.0,0.0,0.0,0.0,0.0,6.382378347
263.15,0.21992053,LiBOB,0.8,0.2,0.0,0.0,0.0,0.0,0.0,0.0,0.0,0.0,1.21589404
194.15,0.7537,LiPF6,0.8,0.2,0.0,0.0,0.0,0.0,0.0,0.0,0.0,0.0,0.001153
272.95,1.490180209,LiBF4,0.5,0.5,0.0,0.0,0.0,0.0,0.0,0.0,0.0,0.0,1.24376821
194.15,0.5661,LiPF6,1.0,0.0,0.0,0.0,0.0,0.0,0.0,0.0,0.0,0.0,0.0004755
282.85,0.407407407,LiBF4,0.4,0.0,0.6,0.0,0.0,0.0,0.0,0.0,0.0,0.0,3.454231434
332.15,0.785867896,LiBF4,0.8,0.2,0.0,0.0,0.0,0.0,0.0,0.0,0.0,0.0,6.074074074
233.75,0.3375,LiBOB,0.7,0.3,0.0,0.0,0.0,0.0,0.0,0.0,0.0,0.0,0.372881356
302.55,0.357758621,LiBF4,0.6,0.4,0.0,0.0,0.0,0.0,0.0,0.0,0.0,0.0,2.952941176
332.15,0.414921831,LiBF4,0.6,0.4,0.0,0.0,0.0,0.0,0.0,0.0,0.0,0.0,4.518257956
243.65,1.05858172,LiPF6,0.9,0.1,0.0,0.0,0.0,0.0,0.0,0.0,0.0,0.0,0.549958491
243.65,0.784739201,LiBF4,0.5,0.5,0.0,0.0,0.0,0.0,0.0,0.0,0.0,0.0,0.645127489
204.15,2.1166,LiPF6,0.5,0.5,0.0,0.0,0.0,0.0,0.0,0.0,0.0,0.0,9.34e-06
302.55,0.4233,LiPF6,0.6,0.4,0.0,0.0,0.0,0.0,0.0,0.0,0.0,0.0,6.876
282.85,2.048245614,LiBF4,0.4,0.6,0.0,0.0,0.0,0.0,0.0,0.0,0.0,0.0,1.095222997
332.15,0.870950674,LiBF4,0.8,0.2,0.0,0.0,0.0,0.0,0.0,0.0,0.0,0.0,6.0
293.15,0.646067416,LiPF6,0.3,0.7,0.0,0.0,0.0,0.0,0.0,0.0,0.0,0.0,5.529460126
247.191767,0.08,LiBOB,1.0,0.0,0.0,0.0,0.0,0.0,0.0,0.0,0.0,0.0,0.181970086
282.85,0.294117647,LiBOB,1.0,0.0,0.0,0.0,0.0,0.0,0.0,0.0,0.0,0.0,2.032258065
312.45,0.299047619,LiBOB,0.6,0.0,0.0,0.0,0.4,0.0,0.0,0.0,0.0,0.0,7.272727273
253.15,1.0,LiAsF6,0.5,0.0,0.0,0.0,0.0,0.0,0.0,0.0,0.0,0.0,4.33
303.15,0.886333503,LiPF6,0.21,0.0,0.21,0.28,0.0,0.0,0.0,0.3,0.0,0.0,6.474247833
322.35,0.829411765,LiBOB,1.0,0.0,0.0,0.0,0.0,0.0,0.0,0.0,0.0,0.0,6.161290323
243.65,0.430188679,LiBOB,0.4,0.6,0.0,0.0,0.0,0.0,0.0,0.0,0.0,0.0,0.810165576
253.15,0.621596244,LiPF6,0.0,0.0,0.2,0.8,0.0,0.0,0.0,0.0,0.0,0.0,2.59047619
282.9460375,1.0,LiFSI,0.0,0.0,0.3,0.7,0.0,0.0,0.0,0.0,0.0,0.0,5.675556682
323.15,0.470269884,LiPF6,0.24,0.0,0.24,0.32,0.0,0.0,0.0,0.2,0.0,0.0,9.382978723
398.1390922,1.97, LiBPFPB,1.0,0.0,0.0,0.0,0.0,0.0,0.0,0.0,0.0,0.0,2.980270158
324.6397196,0.6, LiBPFPB,0.0,0.0,0.0,0.0,0.0,1.0,0.0,0.0,0.0,0.0,14.15976989
292.65,1.060524043,LiBOB,0.8,0.0,0.2,0.0,0.0,0.0,0.0,0.0,0.0,0.0,2.476245321
312.45,0.476666667,LiBOB,0.6,0.4,0.0,0.0,0.0,0.0,0.0,0.0,0.0,0.0,6.233333333
349.5633573,0.5, LiBPFPB,1.0,0.0,0.0,0.0,0.0,0.0,0.0,0.0,0.0,0.0,5.837735961
272.95,0.98471552,LiBOB,0.5,0.0,0.5,0.0,0.0,0.0,0.0,0.0,0.0,0.0,1.109864213
322.35,2.077022763,LiPF6,0.55,0.0,0.45,0.0,0.0,0.0,0.0,0.0,0.0,0.0,5.75
263.15,1.360772834,LiBF4,0.7,0.3,0.0,0.0,0.0,0.0,0.0,0.0,0.0,0.0,0.957142857
252.8961185,0.5,LiTFSI,0.0,0.0,0.0,0.0,0.0,1.0,0.0,0.0,0.0,0.0,6.285539232
313.15,2.0,LiPF6,0.0,0.0,0.1,0.9,0.0,0.0,0.0,0.0,0.0,0.0,8.69
302.55,1.239230411,LiBF4,0.5,0.5,0.0,0.0,0.0,0.0,0.0,0.0,0.0,0.0,2.698247759
353.15,1.0,LiAsF6,0.0,0.0,0.0,0.0,0.0,0.5,0.5,0.0,0.0,0.0,18.96
282.85,0.785887916,LiPF6,1.0,0.0,0.0,0.0,0.0,0.0,0.0,0.0,0.0,0.0,4.099230795
253.35,0.475409836,LiBOB,1.0,0.0,0.0,0.0,0.0,0.0,0.0,0.0,0.0,0.0,0.557377049
263.15,0.438095238,LiBOB,0.5,0.5,0.0,0.0,0.0,0.0,0.0,0.0,0.0,0.0,1.779448622
332.15,0.218867925,LiBOB,0.4,0.6,0.0,0.0,0.0,0.0,0.0,0.0,0.0,0.0,5.179822873
282.85,1.229613734,LiBF4,0.7,0.3,0.0,0.0,0.0,0.0,0.0,0.0,0.0,0.0,2.013389349
282.85,0.76754386,LiBF4,0.4,0.6,0.0,0.0,0.0,0.0,0.0,0.0,0.0,0.0,1.656203762
293.15,1.073354232,LiPF6,0.0,0.0,0.4,0.6,0.0,0.0,0.0,0.0,0.0,0.0,8.245614035
302.55,0.619910902,LiBF4,0.9,0.1,0.0,0.0,0.0,0.0,0.0,0.0,0.0,0.0,4.066885286
332.15,0.669697294,LiBOB,0.8,0.0,0.0,0.0,0.2,0.0,0.0,0.0,0.0,0.0,10.61931757
273.15,0.917757009,LiPF6,0.0,0.0,0.3,0.7,0.0,0.0,0.0,0.0,0.0,0.0,5.302857143
282.85,0.439470199,LiBOB,0.8,0.2,0.0,0.0,0.0,0.0,0.0,0.0,0.0,0.0,2.70410596
328.5055719,0.5,LiBOB,0.0,0.0,0.0,0.0,0.0,1.0,0.0,0.0,0.0,0.0,11.7984024
323.15,0.426332288,LiPF6,0.0,0.0,0.4,0.6,0.0,0.0,0.0,0.0,0.0,0.0,10.59649123
233.75,0.686291539,LiBF4,0.55,0.0,0.45,0.0,0.0,0.0,0.0,0.0,0.0,0.0,0.391095671
333.0961378,0.5,LiTFSI,0.0,0.0,0.0,0.0,0.0,1.0,0.0,0.0,0.0,0.0,10.25769363
312.45,1.502930096,LiBF4,1.0,0.0,0.0,0.0,0.0,0.0,0.0,0.0,0.0,0.0,0.311985489
303.15,2.0,LiPF6,0.0,0.0,0.0,1.0,0.0,0.0,0.0,0.0,0.0,0.0,5.72
323.15,1.342773601,LiPF6,0.285,0.0,0.285,0.38,0.0,0.0,0.0,0.05,0.0,0.0,12.34168755
293.15,1.617977528,LiPF6,0.3,0.7,0.0,0.0,0.0,0.0,0.0,0.0,0.0,0.0,1.408879145
282.85,1.4776,LiPF6,0.3,0.7,0.0,0.0,0.0,0.0,0.0,0.0,0.0,0.0,4.024
292.65,0.356756757,LiBOB,0.4,0.0,0.6,0.0,0.0,0.0,0.0,0.0,0.0,0.0,3.117647059
253.35,1.847403685,LiBF4,0.6,0.4,0.0,0.0,0.0,0.0,0.0,0.0,0.0,0.0,0.332104969
292.65,0.686363636,LiPF6,0.6,0.4,0.0,0.0,0.0,0.0,0.0,0.0,0.0,0.0,6.724715909
194.15,0.4648,LiPF6,0.5,0.5,0.0,0.0,0.0,0.0,0.0,0.0,0.0,0.0,0.02438
293.15,1.0,LiN(CF3SO2)2,0.0,0.0,0.5,0.0,0.0,0.5,0.0,0.0,0.0,0.0,12.08
263.15,0.357758621,LiBF4,0.6,0.4,0.0,0.0,0.0,0.0,0.0,0.0,0.0,0.0,1.341176471
322.35,0.673611111,LiBF4,0.4,0.0,0.6,0.0,0.0,0.0,0.0,0.0,0.0,0.0,7.61101516
312.45,1.248767276,LiPF6,0.3,0.7,0.0,0.0,0.0,0.0,0.0,0.0,0.0,0.0,8.062295993
272.95,0.358267717,LiBF4,0.9,0.1,0.0,0.0,0.0,0.0,0.0,0.0,0.0,0.0,2.0
322.35,0.321311475,LiBOB,1.0,0.0,0.0,0.0,0.0,0.0,0.0,0.0,0.0,0.0,5.013466042
282.85,1.2444,LiPF6,0.8,0.2,0.0,0.0,0.0,0.0,0.0,0.0,0.0,0.0,3.683
333.15,1.0,LiAsF6,0.0,0.0,0.0,0.0,0.0,0.5,0.5,0.0,0.0,0.0,14.81
233.15,0.931120709,LiPF6,0.3,0.7,0.0,0.0,0.0,0.0,0.0,0.0,0.0,0.0,0.305660377
263.15,0.675438596,LiBF4,0.4,0.6,0.0,0.0,0.0,0.0,0.0,0.0,0.0,0.0,1.056013528
243.65,0.888,LiPF6,0.8,0.2,0.0,0.0,0.0,0.0,0.0,0.0,0.0,0.0,0.791830986
263.15,0.29375,LiBOB,0.7,0.3,0.0,0.0,0.0,0.0,0.0,0.0,0.0,0.0,1.525423729
253.35,1.643520017,LiBF4,0.5,0.5,0.0,0.0,0.0,0.0,0.0,0.0,0.0,0.0,0.58897162
332.15,0.8954,LiPF6,0.9,0.1,0.0,0.0,0.0,0.0,0.0,0.0,0.0,0.0,12.86
322.35,2.048245614,LiBF4,0.4,0.6,0.0,0.0,0.0,0.0,0.0,0.0,0.0,0.0,2.577150708
322.35,1.684549356,LiBF4,0.7,0.3,0.0,0.0,0.0,0.0,0.0,0.0,0.0,0.0,3.829021338
273.15,0.570175439,LiPF6,0.0,0.0,0.3,0.6,0.0,0.0,0.0,0.0,0.0,0.0,5.925925926
332.15,0.464912281,LiBF4,1.0,0.0,0.0,0.0,0.0,0.0,0.0,0.0,0.0,0.0,6.532894737
233.75,0.278517588,LiBF4,0.6,0.4,0.0,0.0,0.0,0.0,0.0,0.0,0.0,0.0,0.435957566
282.85,0.2848,LiPF6,0.8,0.2,0.0,0.0,0.0,0.0,0.0,0.0,0.0,0.0,3.724
213.95,0.5389,LiPF6,0.4,0.6,0.0,0.0,0.0,0.0,0.0,0.0,0.0,0.0,0.2739
263.15,1.0,LiAsF6,0.0,0.0,0.0,0.0,0.0,0.0,0.0,0.0,0.0,0.0,8.64
322.35,1.245121189,LiPF6,0.3,0.7,0.0,0.0,0.0,0.0,0.0,0.0,0.0,0.0,9.343773873
273.15,1.0,LiAsF6,0.0,0.0,0.25,0.0,0.0,0.0,0.5,0.0,0.0,0.0,1.88
253.15,1.0,LiBF4,0.5,0.0,0.5,0.0,0.0,0.0,0.0,0.0,0.0,0.0,1.11
233.75,0.233779363,LiBOB,0.9,0.0,0.1,0.0,0.0,0.0,0.0,0.0,0.0,0.0,0.175485009
302.55,0.317859795,LiBF4,0.9,0.1,0.0,0.0,0.0,0.0,0.0,0.0,0.0,0.0,3.557851751
332.15,1.853341103,LiBF4,0.8,0.2,0.0,0.0,0.0,0.0,0.0,0.0,0.0,0.0,4.303030303
302.55,0.643257431,LiPF6,0.4,0.6,0.0,0.0,0.0,0.0,0.0,0.0,0.0,0.0,7.25984252
313.15,0.75,LiAsF6,0.0,0.0,0.0,0.0,0.0,0.0,0.5,0.0,0.0,0.0,5.3
283.15,0.872,LiPF6,0.18,0.0,0.18,0.24,0.0,0.0,0.0,0.4,0.0,0.0,3.229357798
233.75,0.82415322,LiBF4,0.55,0.0,0.45,0.0,0.0,0.0,0.0,0.0,0.0,0.0,0.325958769
322.35,1.092105263,LiBF4,0.4,0.6,0.0,0.0,0.0,0.0,0.0,0.0,0.0,0.0,3.094166138
282.85,2.159983306,LiPF6,0.7,0.0,0.3,0.0,0.0,0.0,0.0,0.0,0.0,0.0,0.928181407
322.35,1.118918919,LiBOB,0.4,0.0,0.6,0.0,0.0,0.0,0.0,0.0,0.0,0.0,5.911764706
243.15,0.395760234,LiPF6,0.285,0.0,0.285,0.38,0.0,0.0,0.0,0.05,0.0,0.0,1.495614035
292.65,0.48764637,LiBF4,0.7,0.3,0.0,0.0,0.0,0.0,0.0,0.0,0.0,0.0,3.0
312.45,1.9482,LiPF6,0.8,0.2,0.0,0.0,0.0,0.0,0.0,0.0,0.0,0.0,4.918
272.95,0.70375,LiBOB,0.7,0.3,0.0,0.0,0.0,0.0,0.0,0.0,0.0,0.0,1.911864407
322.35,0.524271845,LiBF4,0.3,0.7,0.0,0.0,0.0,0.0,0.0,0.0,0.0,0.0,1.970222591
312.45,0.395687646,LiBF4,0.8,0.2,0.0,0.0,0.0,0.0,0.0,0.0,0.0,0.0,4.393939394
272.95,0.4603,LiPF6,0.9,0.1,0.0,0.0,0.0,0.0,0.0,0.0,0.0,0.0,3.254
302.55,0.704334892,LiBOB,0.5,0.0,0.0,0.0,0.5,0.0,0.0,0.0,0.0,0.0,3.000849979
302.55,0.197723123,LiBOB,1.0,0.0,0.0,0.0,0.0,0.0,0.0,0.0,0.0,0.0,2.763183332
243.15,1.0,LiAsF6,1.0,0.0,0.0,0.0,0.0,0.0,0.0,0.0,0.0,0.0,0.51
302.55,0.176666667,LiBOB,0.6,0.4,0.0,0.0,0.0,0.0,0.0,0.0,0.0,0.0,3.378787879
272.95,0.103333333,LiBOB,0.6,0.4,0.0,0.0,0.0,0.0,0.0,0.0,0.0,0.0,1.256363636
322.35,1.50862069,LiBF4,0.6,0.4,0.0,0.0,0.0,0.0,0.0,0.0,0.0,0.0,3.764705882
302.55,0.802837965,LiPF6,0.7,0.0,0.3,0.0,0.0,0.0,0.0,0.0,0.0,0.0,7.501895454
297.6070027,1.0,LiBOB,0.0,0.0,0.0,0.0,0.0,1.0,0.0,0.0,0.0,0.0,14.63919654
278.2184932,1.0,LiPDI,0.0,0.0,0.5,0.0,0.0,0.0,0.0,0.0,0.5,0.0,4.471069072
322.35,1.06961326,LiBOB,0.5,0.0,0.0,0.0,0.5,0.0,0.0,0.0,0.0,0.0,13.33446664
243.65,0.480281415,LiBOB,0.7,0.0,0.0,0.0,0.3,0.0,0.0,0.0,0.0,0.0,1.302325581
332.15,1.022893183,LiBOB,0.9,0.0,0.1,0.0,0.0,0.0,0.0,0.0,0.0,0.0,7.097883598
273.15,1.5,LiPF6,0.0,0.0,0.0,1.0,0.0,0.0,0.0,0.0,0.0,0.0,3.46
322.35,1.515021459,LiBF4,0.7,0.3,0.0,0.0,0.0,0.0,0.0,0.0,0.0,0.0,4.098893792
332.15,0.725877193,LiBF4,1.0,0.0,0.0,0.0,0.0,0.0,0.0,0.0,0.0,0.0,6.713244379
306.5555334,0.4,LiBOB,0.0,0.0,0.0,0.0,0.0,1.0,0.0,0.0,0.0,0.0,10.01060092
253.35,1.393700787,LiBF4,0.9,0.1,0.0,0.0,0.0,0.0,0.0,0.0,0.0,0.0,0.506849315
282.85,0.548980132,LiBOB,0.8,0.2,0.0,0.0,0.0,0.0,0.0,0.0,0.0,0.0,2.617748344
243.65,0.356796117,LiBF4,0.3,0.7,0.0,0.0,0.0,0.0,0.0,0.0,0.0,0.0,0.399064646
332.15,0.398095238,LiBOB,0.6,0.0,0.0,0.0,0.4,0.0,0.0,0.0,0.0,0.0,10.69090909
282.85,2.325392133,LiPF6,0.7,0.0,0.3,0.0,0.0,0.0,0.0,0.0,0.0,0.0,0.752060655
302.55,0.373878579,LiPF6,0.9,0.1,0.0,0.0,0.0,0.0,0.0,0.0,0.0,0.0,6.208350071
263.15,0.349240706,LiBOB,0.9,0.1,0.0,0.0,0.0,0.0,0.0,0.0,0.0,0.0,1.174307449
411.8638096,1.97, LiBPFPB,1.0,0.0,0.0,0.0,0.0,0.0,0.0,0.0,0.0,0.0,3.83396926
272.95,0.458115031,LiBF4,0.5,0.5,0.0,0.0,0.0,0.0,0.0,0.0,0.0,0.0,1.570991966
272.95,0.678111588,LiBF4,0.7,0.3,0.0,0.0,0.0,0.0,0.0,0.0,0.0,0.0,1.96264281
332.15,0.212206115,LiBOB,0.9,0.1,0.0,0.0,0.0,0.0,0.0,0.0,0.0,0.0,5.576776231
263.15,0.302,LiPF6,0.7,0.3,0.0,0.0,0.0,0.0,0.0,0.0,0.0,0.0,2.352
272.95,0.593442623,LiBOB,1.0,0.0,0.0,0.0,0.0,0.0,0.0,0.0,0.0,0.0,1.429156909
332.15,0.612078331,LiPF6,0.7,0.3,0.0,0.0,0.0,0.0,0.0,0.0,0.0,0.0,12.02227171
272.95,0.859938582,LiBF4,0.6,0.4,0.0,0.0,0.0,0.0,0.0,0.0,0.0,0.0,1.674706868
332.15,0.943941932,LiBF4,0.6,0.4,0.0,0.0,0.0,0.0,0.0,0.0,0.0,0.0,4.86599665
204.15,0.6524,LiPF6,0.9,0.1,0.0,0.0,0.0,0.0,0.0,0.0,0.0,0.0,0.008714
268.2099579,0.5,LiCF3SO3,0.0,0.0,0.0,0.0,0.0,1.0,0.0,0.0,0.0,0.0,1.249352767
273.15,1.0,LiN(CF3SO2)2,0.0,0.0,0.5,0.0,0.0,0.5,0.0,0.0,0.0,0.0,7.87
293.15,1.0,LiN(CF3SO2)2,0.125,0.0,0.125,0.0,0.0,0.0,0.0,0.0,0.0,0.75,7.06
302.55,0.3086,LiPF6,0.9,0.1,0.0,0.0,0.0,0.0,0.0,0.0,0.0,0.0,5.539
312.45,1.666666667,LiBF4,0.4,0.6,0.0,0.0,0.0,0.0,0.0,0.0,0.0,0.0,2.417670683
282.85,1.2325,LiPF6,0.4,0.6,0.0,0.0,0.0,0.0,0.0,0.0,0.0,0.0,4.664
292.65,1.344273767,LiBF4,0.8,0.2,0.0,0.0,0.0,0.0,0.0,0.0,0.0,0.0,2.422222222
243.65,0.374053754,LiPF6,0.3,0.7,0.0,0.0,0.0,0.0,0.0,0.0,0.0,0.0,1.304465588
302.55,0.895652174,LiBOB,0.9,0.0,0.0,0.0,0.1,0.0,0.0,0.0,0.0,0.0,4.948376445
292.65,0.196820964,LiBOB,1.0,0.0,0.0,0.0,0.0,0.0,0.0,0.0,0.0,0.0,2.244442058
263.15,1.383897316,LiPF6,0.0,0.0,0.5,0.5,0.0,0.0,0.0,0.0,0.0,0.0,2.61627907
292.65,0.529225775,LiBOB,0.9,0.0,0.1,0.0,0.0,0.0,0.0,0.0,0.0,0.0,3.107583774
263.15,1.681034483,LiBF4,0.6,0.4,0.0,0.0,0.0,0.0,0.0,0.0,0.0,0.0,0.764705882
322.35,0.651351351,LiBOB,0.4,0.0,0.6,0.0,0.0,0.0,0.0,0.0,0.0,0.0,6.794117647
332.15,1.034725765,LiPF6,0.5,0.5,0.0,0.0,0.0,0.0,0.0,0.0,0.0,0.0,12.77882653
213.95,0.2585,LiPF6,0.3,0.7,0.0,0.0,0.0,0.0,0.0,0.0,0.0,0.0,0.2718
233.75,0.433333333,LiBOB,0.6,0.4,0.0,0.0,0.0,0.0,0.0,0.0,0.0,0.0,0.48
253.35,1.092105263,LiBF4,0.4,0.6,0.0,0.0,0.0,0.0,0.0,0.0,0.0,0.0,0.696575777
322.35,0.764,LiPF6,0.3,0.7,0.0,0.0,0.0,0.0,0.0,0.0,0.0,0.0,8.851
312.45,0.717304924,LiBOB,0.8,0.0,0.2,0.0,0.0,0.0,0.0,0.0,0.0,0.0,5.27209905
238.050329,0.2,LiBOB,0.0,0.0,0.0,0.0,0.0,1.0,0.0,0.0,0.0,0.0,2.934287909
312.45,1.336031078,LiBF4,0.5,0.5,0.0,0.0,0.0,0.0,0.0,0.0,0.0,0.0,3.08147189
275.9216157,0.5,LiBOB,1.0,0.0,0.0,0.0,0.0,0.0,0.0,0.0,0.0,0.0,2.121615437
262.2631881,0.2, LiBPFPB,0.0,0.0,0.0,0.0,0.0,1.0,0.0,0.0,0.0,0.0,3.985312162
263.15,0.343378414,LiBF4,0.4,0.6,0.0,0.0,0.0,0.0,0.0,0.0,0.0,0.0,0.949235594
246.8067356,1.0,LiClO4,1.0,0.0,0.0,0.0,0.0,0.0,0.0,0.0,0.0,0.0,0.437904401
243.65,1.34045584,LiBF4,0.8,0.2,0.0,0.0,0.0,0.0,0.0,0.0,0.0,0.0,0.318181818
292.65,0.866478921,LiBF4,0.8,0.2,0.0,0.0,0.0,0.0,0.0,0.0,0.0,0.0,3.059259259
332.15,1.740909091,LiPF6,0.6,0.4,0.0,0.0,0.0,0.0,0.0,0.0,0.0,0.0,10.16392045
312.45,0.658723653,LiBF4,0.7,0.3,0.0,0.0,0.0,0.0,0.0,0.0,0.0,0.0,4.257142857
233.75,0.4475,LiPF6,0.4,0.6,0.0,0.0,0.0,0.0,0.0,0.0,0.0,0.0,0.9749
312.45,0.596309485,LiBF4,0.5,0.5,0.0,0.0,0.0,0.0,0.0,0.0,0.0,0.0,3.258551851
272.95,0.54051694,LiBF4,0.5,0.5,0.0,0.0,0.0,0.0,0.0,0.0,0.0,0.0,1.609122133
292.65,0.153333333,LiBOB,0.6,0.4,0.0,0.0,0.0,0.0,0.0,0.0,0.0,0.0,2.574545455
233.75,0.195238095,LiBOB,0.5,0.5,0.0,0.0,0.0,0.0,0.0,0.0,0.0,0.0,0.369674185
312.45,0.497297297,LiBOB,0.3,0.0,0.7,0.0,0.0,0.0,0.0,0.0,0.0,0.0,5.470588235
302.55,2.3118,LiPF6,0.7,0.3,0.0,0.0,0.0,0.0,0.0,0.0,0.0,0.0,2.654
231.7676403,0.4,LiBOB,0.0,0.0,0.0,0.0,0.0,1.0,0.0,0.0,0.0,0.0,3.411011457
302.55,0.250478825,LiPF6,0.4,0.6,0.0,0.0,0.0,0.0,0.0,0.0,0.0,0.0,4.472440945
243.65,0.7987,LiPF6,0.6,0.4,0.0,0.0,0.0,0.0,0.0,0.0,0.0,0.0,1.22
322.35,0.545507982,LiBF4,0.9,0.1,0.0,0.0,0.0,0.0,0.0,0.0,0.0,0.0,5.523511942
323.15,0.421086181,LiPF6,0.21,0.0,0.21,0.28,0.0,0.0,0.0,0.3,0.0,0.0,2.875318715
233.75,0.233333333,LiBOB,0.5,0.5,0.0,0.0,0.0,0.0,0.0,0.0,0.0,0.0,0.412280702
322.35,1.628640777,LiBF4,0.3,0.7,0.0,0.0,0.0,0.0,0.0,0.0,0.0,0.0,2.417890126
293.15,1.0,LiAsF6,0.0,0.0,0.5,0.0,0.0,0.5,0.0,0.0,0.0,0.0,14.52
292.65,1.063492063,LiBOB,0.7,0.0,0.3,0.0,0.0,0.0,0.0,0.0,0.0,0.0,2.475056689
293.15,2.316662099,LiPF6,0.5,0.5,0.0,0.0,0.0,0.0,0.0,0.0,0.0,0.0,2.365853659
263.15,1.0,LiAsF6,0.0,0.0,0.0,0.0,0.0,0.0,0.5,0.0,0.0,0.5,2.5
272.95,0.2856752,LiBOB,0.7,0.0,0.0,0.0,0.3,0.0,0.0,0.0,0.0,0.0,3.093023256
213.95,1.7328,LiPF6,0.6,0.4,0.0,0.0,0.0,0.0,0.0,0.0,0.0,0.0,0.001882
253.35,0.21,LiBOB,0.6,0.4,0.0,0.0,0.0,0.0,0.0,0.0,0.0,0.0,1.057575758
213.95,0.7652,LiPF6,0.9,0.1,0.0,0.0,0.0,0.0,0.0,0.0,0.0,0.0,0.03448
233.75,1.9123,LiPF6,1.0,0.0,0.0,0.0,0.0,0.0,0.0,0.0,0.0,0.0,0.002594
213.4991576,0.6, LiBPFPB,0.0,0.0,0.0,0.0,0.0,1.0,0.0,0.0,0.0,0.0,0.423039151
312.45,0.798768824,LiPF6,0.7,0.0,0.3,0.0,0.0,0.0,0.0,0.0,0.0,0.0,9.245504817
263.15,2.043859649,LiBF4,0.4,0.6,0.0,0.0,0.0,0.0,0.0,0.0,0.0,0.0,0.565208201
282.85,0.424327061,LiBF4,0.4,0.6,0.0,0.0,0.0,0.0,0.0,0.0,0.0,0.0,1.519208154
332.15,0.6,LiBOB,0.3,0.0,0.0,0.0,0.7,0.0,0.0,0.0,0.0,0.0,14.42857143
291.995051,1.0,LiPF6,0.0,0.0,0.5,0.0,0.0,0.0,0.0,0.0,0.5,0.0,10.39978348
322.35,0.459536766,LiBF4,1.0,0.0,0.0,0.0,0.0,0.0,0.0,0.0,0.0,0.0,2.032091531
263.15,1.130315579,LiPF6,0.24,0.0,0.24,0.32,0.0,0.0,0.0,0.2,0.0,0.0,1.914893617
253.35,0.350703469,LiBOB,1.0,0.0,0.0,0.0,0.0,0.0,0.0,0.0,0.0,0.0,0.726882182
302.55,1.4764,LiPF6,0.8,0.2,0.0,0.0,0.0,0.0,0.0,0.0,0.0,0.0,5.643
288.0621079,0.8,LiBOB,0.0,0.0,0.0,0.0,0.0,1.0,0.0,0.0,0.0,0.0,13.65748613
286.8234598,0.4, LiBPFPB,0.0,0.0,0.0,0.0,0.0,1.0,0.0,0.0,0.0,0.0,8.753266917
332.15,0.441581633,LiPF6,0.5,0.5,0.0,0.0,0.0,0.0,0.0,0.0,0.0,0.0,10.37028061
243.15,1.0,LiPF6,0.85,0.0,0.15,0.0,0.0,0.0,0.0,0.0,0.0,0.0,0.56
313.15,0.683082707,LiPF6,0.285,0.0,0.285,0.38,0.0,0.0,0.0,0.05,0.0,0.0,11.18838764
292.65,0.783734426,LiBF4,0.8,0.2,0.0,0.0,0.0,0.0,0.0,0.0,0.0,0.0,3.148148148
253.35,0.775590551,LiBF4,0.9,0.1,0.0,0.0,0.0,0.0,0.0,0.0,0.0,0.0,0.917808219
243.65,1.070114354,LiBF4,0.8,0.2,0.0,0.0,0.0,0.0,0.0,0.0,0.0,0.0,0.437037037
322.35,0.676332663,LiPF6,0.85,0.0,0.15,0.0,0.0,0.0,0.0,0.0,0.0,0.0,10.60465116
292.65,1.364806867,LiBF4,0.7,0.3,0.0,0.0,0.0,0.0,0.0,0.0,0.0,0.0,2.411563803
253.35,0.955555556,LiBOB,0.7,0.0,0.3,0.0,0.0,0.0,0.0,0.0,0.0,0.0,0.384353741
332.15,0.678597633,LiPF6,0.85,0.0,0.15,0.0,0.0,0.0,0.0,0.0,0.0,0.0,12.40310078
282.85,0.866614297,LiBOB,0.5,0.0,0.5,0.0,0.0,0.0,0.0,0.0,0.0,0.0,2.030075188
243.65,1.252187652,LiPF6,0.3,0.7,0.0,0.0,0.0,0.0,0.0,0.0,0.0,0.0,0.983957219
263.15,0.088888889,LiBOB,0.3,0.7,0.0,0.0,0.0,0.0,0.0,0.0,0.0,0.0,0.775510204
253.35,0.235294118,LiBOB,1.0,0.0,0.0,0.0,0.0,0.0,0.0,0.0,0.0,0.0,0.580645161
243.65,0.207145288,LiBOB,0.4,0.0,0.0,0.0,0.6,0.0,0.0,0.0,0.0,0.0,1.929227628
238.0952381,1.0,LiBOB,0.0,0.0,0.0,0.0,0.0,1.0,0.0,0.0,0.0,0.0,3.392138207
313.15,2.0,LiAsF6,0.5,0.0,0.5,0.0,0.0,0.0,0.0,0.0,0.0,0.0,4.93
263.15,1.642386964,LiBF4,0.5,0.5,0.0,0.0,0.0,0.0,0.0,0.0,0.0,0.0,0.845041545
233.75,0.523333333,LiBOB,0.6,0.4,0.0,0.0,0.0,0.0,0.0,0.0,0.0,0.0,0.423636364
253.35,0.125925926,LiBOB,0.3,0.7,0.0,0.0,0.0,0.0,0.0,0.0,0.0,0.0,0.775510204
243.65,0.39,LiBOB,0.6,0.4,0.0,0.0,0.0,0.0,0.0,0.0,0.0,0.0,0.799393939
333.3652954,1.0,LiTFSI,0.0,0.0,0.5,0.0,0.0,0.0,0.0,0.0,0.5,0.0,15.50881534
292.65,1.054824561,LiBF4,1.0,0.0,0.0,0.0,0.0,0.0,0.0,0.0,0.0,0.0,2.88429701
323.15,1.106851534,LiBMB,0.0,0.0,0.0,0.0,0.0,0.0,0.0,0.0,0.0,0.0,8.965351069
292.65,2.048543689,LiBF4,0.3,0.7,0.0,0.0,0.0,0.0,0.0,0.0,0.0,0.0,1.342765806
312.45,0.03579733,LiBOB,0.9,0.1,0.0,0.0,0.0,0.0,0.0,0.0,0.0,0.0,1.063212286
312.45,0.310810811,LiBOB,0.3,0.0,0.7,0.0,0.0,0.0,0.0,0.0,0.0,0.0,4.705882353
302.55,0.602622208,LiBF4,0.5,0.5,0.0,0.0,0.0,0.0,0.0,0.0,0.0,0.0,2.831876551
332.15,0.77986252,LiPF6,0.55,0.0,0.45,0.0,0.0,0.0,0.0,0.0,0.0,0.0,13.86764706
332.15,0.433333333,LiBOB,0.6,0.4,0.0,0.0,0.0,0.0,0.0,0.0,0.0,0.0,8.152727273
282.85,1.516545799,LiBF4,0.4,0.6,0.0,0.0,0.0,0.0,0.0,0.0,0.0,0.0,1.484515876
312.45,0.48810596,LiBOB,0.8,0.2,0.0,0.0,0.0,0.0,0.0,0.0,0.0,0.0,5.577218543
263.15,0.45392852,LiBOB,0.9,0.1,0.0,0.0,0.0,0.0,0.0,0.0,0.0,0.0,1.106961389
233.75,1.651225405,LiBF4,0.5,0.5,0.0,0.0,0.0,0.0,0.0,0.0,0.0,0.0,0.220223542
272.95,1.0593,LiPF6,0.5,0.5,0.0,0.0,0.0,0.0,0.0,0.0,0.0,0.0,3.782
252.8683099,1.0,LiPF6,0.0,0.0,0.3,0.7,0.0,0.0,0.0,0.0,0.0,0.0,2.824675325
292.65,0.4802,LiPF6,0.7,0.3,0.0,0.0,0.0,0.0,0.0,0.0,0.0,0.0,6.045
243.65,0.381132075,LiBOB,0.4,0.6,0.0,0.0,0.0,0.0,0.0,0.0,0.0,0.0,0.820177127
332.15,1.480639731,LiBF4,0.8,0.2,0.0,0.0,0.0,0.0,0.0,0.0,0.0,0.0,3.515151515
253.35,0.378125,LiPF6,0.5,0.5,0.0,0.0,0.0,0.0,0.0,0.0,0.0,0.0,2.067984694
333.15,0.75,LiAsF6,0.0,0.0,0.0,0.0,0.0,0.0,0.5,0.0,0.0,0.0,8.23
243.15,1.0,LiAsF6,0.5,0.0,0.0,0.0,0.0,0.0,0.0,0.0,0.0,0.0,2.09
233.15,0.354417671,LiBF4,0.5,0.5,0.0,0.0,0.0,0.0,0.0,0.0,0.0,0.0,0.433333333
273.15,0.768075117,LiPF6,0.0,0.0,0.2,0.8,0.0,0.0,0.0,0.0,0.0,0.0,4.632380952
298.15,1.26,LiClO4,0.0,0.0,0.5,0.0,0.0,0.0,0.0,0.0,0.0,0.0,9.750608064
317.8075342,1.0,LiPF6,0.0,0.0,0.5,0.0,0.0,0.0,0.0,0.0,0.5,0.0,16.97859662
243.65,1.707668298,LiPF6,0.4,0.6,0.0,0.0,0.0,0.0,0.0,0.0,0.0,0.0,0.456692913
293.15,1.0,LiAsF6,0.375,0.0,0.375,0.0,0.0,0.0,0.0,0.0,0.0,0.25,7.84
332.5300914,0.8,LiBOB,0.0,0.0,0.0,0.0,0.0,1.0,0.0,0.0,0.0,0.0,19.64887136
302.55,1.36695279,LiBF4,0.7,0.3,0.0,0.0,0.0,0.0,0.0,0.0,0.0,0.0,3.010215801
303.1295294,2.15, LiBPFPB,1.0,0.0,0.0,0.0,0.0,0.0,0.0,0.0,0.0,0.0,0.002012949
263.15,0.273333333,LiBOB,0.6,0.4,0.0,0.0,0.0,0.0,0.0,0.0,0.0,0.0,1.650909091
323.15,1.0,LiClO4,0.0,0.0,0.8,0.0,0.0,0.0,0.0,0.0,0.0,0.0,13.50327527
253.15,1.0,LiAsF6,0.175,0.0,0.175,0.0,0.0,0.0,0.0,0.0,0.0,0.35,5.08
332.15,0.794577957,LiPF6,0.7,0.0,0.3,0.0,0.0,0.0,0.0,0.0,0.0,0.0,13.10110249
293.15,0.795582707,LiPF6,0.285,0.0,0.285,0.38,0.0,0.0,0.0,0.05,0.0,0.0,7.813387636
323.15,0.501,LiPF6,0.0,0.0,0.5,0.0,0.0,0.0,0.0,0.0,0.5,0.0,14.172
272.95,1.102053642,LiBOB,0.5,0.0,0.5,0.0,0.0,0.0,0.0,0.0,0.0,0.0,0.945124004
322.35,0.651990632,LiBF4,0.7,0.3,0.0,0.0,0.0,0.0,0.0,0.0,0.0,0.0,4.9
322.35,0.895652174,LiBOB,0.9,0.0,0.0,0.0,0.1,0.0,0.0,0.0,0.0,0.0,7.733186571
292.65,0.89904238,LiBF4,0.5,0.5,0.0,0.0,0.0,0.0,0.0,0.0,0.0,0.0,2.418966119
282.85,0.978070175,LiBF4,0.4,0.6,0.0,0.0,0.0,0.0,0.0,0.0,0.0,0.0,1.627034454
263.15,0.51287077,LiBF4,0.4,0.6,0.0,0.0,0.0,0.0,0.0,0.0,0.0,0.0,1.05125441
322.35,0.39,LiBOB,0.6,0.4,0.0,0.0,0.0,0.0,0.0,0.0,0.0,0.0,6.872121212
273.2236898,1.2,LiBOB,0.0,0.0,0.0,0.0,0.0,1.0,0.0,0.0,0.0,0.0,10.34685614
313.15,1.514329424,LiPF6,0.21,0.0,0.21,0.28,0.0,0.0,0.0,0.3,0.0,0.0,5.672616012
292.65,1.9194,LiPF6,0.7,0.3,0.0,0.0,0.0,0.0,0.0,0.0,0.0,0.0,2.827
261.8047361,1.0,LiClO4,1.0,0.0,0.0,0.0,0.0,0.0,0.0,0.0,0.0,0.0,1.099966124
233.75,0.620444496,LiBOB,0.9,0.0,0.1,0.0,0.0,0.0,0.0,0.0,0.0,0.0,0.109347443
339.8298794,1.0,LiPF6,0.0,0.0,0.5,0.0,0.0,0.0,0.0,0.0,0.5,0.0,19.67445097
273.15,0.428213166,LiPF6,0.0,0.0,0.4,0.6,0.0,0.0,0.0,0.0,0.0,0.0,4.666666667
243.65,1.9123,LiPF6,1.0,0.0,0.0,0.0,0.0,0.0,0.0,0.0,0.0,0.0,0.01725
282.85,0.70375,LiBOB,0.7,0.3,0.0,0.0,0.0,0.0,0.0,0.0,0.0,0.0,2.766101695
233.75,0.196296296,LiBOB,0.3,0.7,0.0,0.0,0.0,0.0,0.0,0.0,0.0,0.0,0.489795918
333.15,0.497518336,LiPF6,0.27,0.0,0.27,0.36,0.0,0.0,0.0,0.1,0.0,0.0,12.27167688
253.35,0.196296296,LiBOB,0.3,0.7,0.0,0.0,0.0,0.0,0.0,0.0,0.0,0.0,1.020408163
332.15,1.222583755,LiPF6,0.9,0.1,0.0,0.0,0.0,0.0,0.0,0.0,0.0,0.0,11.92389063
302.55,0.844444444,LiBOB,0.7,0.0,0.3,0.0,0.0,0.0,0.0,0.0,0.0,0.0,3.971655329
253.35,1.2604,LiPF6,0.5,0.5,0.0,0.0,0.0,0.0,0.0,0.0,0.0,0.0,1.397
272.95,1.5,LiBF4,1.0,0.0,0.0,0.0,0.0,0.0,0.0,0.0,0.0,0.0,0.968327055
273.15,1.0,LiAsF6,0.0,0.0,0.0,0.0,0.0,0.0,0.75,0.0,0.0,0.0,0.87
263.15,0.972752779,LiBF4,0.5,0.5,0.0,0.0,0.0,0.0,0.0,0.0,0.0,0.0,1.182367541
302.55,0.581520332,LiBF4,0.8,0.2,0.0,0.0,0.0,0.0,0.0,0.0,0.0,0.0,3.909090909
292.65,0.425396825,LiBOB,0.7,0.0,0.3,0.0,0.0,0.0,0.0,0.0,0.0,0.0,3.182539683
263.15,0.733333333,LiBOB,0.7,0.0,0.3,0.0,0.0,0.0,0.0,0.0,0.0,0.0,0.916099773
243.65,0.873390558,LiBF4,0.7,0.3,0.0,0.0,0.0,0.0,0.0,0.0,0.0,0.0,0.594904189
233.75,1.058673469,LiPF6,0.5,0.5,0.0,0.0,0.0,0.0,0.0,0.0,0.0,0.0,0.57130102
233.15,0.740740741,LiPF6,0.5,0.5,0.0,0.0,0.0,0.0,0.0,0.0,0.0,0.0,0.807407407
233.75,0.7671,LiPF6,0.5,0.5,0.0,0.0,0.0,0.0,0.0,0.0,0.0,0.0,0.8072
302.55,1.84756523,LiBF4,1.0,0.0,0.0,0.0,0.0,0.0,0.0,0.0,0.0,0.0,2.113715641
322.35,0.526434339,LiBOB,0.5,0.0,0.0,0.0,0.5,0.0,0.0,0.0,0.0,0.0,11.60858479
272.95,0.224528302,LiBOB,0.3,0.0,0.0,0.0,0.7,0.0,0.0,0.0,0.0,0.0,4.044474394
283.15,0.686988304,LiPF6,0.285,0.0,0.285,0.38,0.0,0.0,0.0,0.05,0.0,0.0,6.197368421
302.55,0.107407407,LiBOB,0.3,0.7,0.0,0.0,0.0,0.0,0.0,0.0,0.0,0.0,1.87755102
253.35,1.190789474,LiBF4,1.0,0.0,0.0,0.0,0.0,0.0,0.0,0.0,0.0,0.0,0.62626637
332.15,0.806557377,LiBOB,1.0,0.0,0.0,0.0,0.0,0.0,0.0,0.0,0.0,0.0,7.212529274
313.15,1.0,LiAsF6,0.5,0.0,0.0,0.0,0.0,0.0,0.5,0.0,0.0,0.0,5.93
332.15,0.768240343,LiBF4,0.7,0.3,0.0,0.0,0.0,0.0,0.0,0.0,0.0,0.0,5.669407
293.15,1.0,LiAsF6,0.0,0.0,0.0,0.0,0.0,0.0,0.0,0.0,0.0,0.3,2.96
303.15,1.265420561,LiPF6,0.0,0.0,0.3,0.7,0.0,0.0,0.0,0.0,0.0,0.0,9.539047619
253.15,1.0,LiAsF6,0.0,0.0,0.0,0.0,0.0,0.0,0.0,0.0,0.0,0.0,8.55
272.95,0.324355972,LiBF4,0.7,0.3,0.0,0.0,0.0,0.0,0.0,0.0,0.0,0.0,1.842857143
389.5429807,2.15, LiBPFPB,1.0,0.0,0.0,0.0,0.0,0.0,0.0,0.0,0.0,0.0,0.702296994
332.15,0.751748252,LiBF4,0.8,0.2,0.0,0.0,0.0,0.0,0.0,0.0,0.0,0.0,6.075757576
296.7315114,2.15, LiBPFPB,1.0,0.0,0.0,0.0,0.0,0.0,0.0,0.0,0.0,0.0,0.00092214
282.85,0.964251815,LiBF4,0.6,0.4,0.0,0.0,0.0,0.0,0.0,0.0,0.0,0.0,2.060301508
263.15,1.227354756,LiBF4,0.5,0.5,0.0,0.0,0.0,0.0,0.0,0.0,0.0,0.0,1.059407382
253.35,0.269565217,LiBOB,0.9,0.0,0.0,0.0,0.1,0.0,0.0,0.0,0.0,0.0,0.945074298
263.15,1.0,LiAsF6,0.0,0.0,0.0,0.0,0.0,0.0,0.5,0.0,0.0,0.0,0.86
243.4820082,1.0,LiPF6,0.0,0.33,0.33,0.0,0.0,0.0,0.0,0.0,0.33,0.0,0.058092757
332.15,1.666159251,LiBF4,0.7,0.3,0.0,0.0,0.0,0.0,0.0,0.0,0.0,0.0,4.442857143
293.15,1.0,LiAsF6,0.5,0.0,0.5,0.0,0.0,0.0,0.0,0.0,0.0,0.0,5.94
312.45,1.190789474,LiBF4,1.0,0.0,0.0,0.0,0.0,0.0,0.0,0.0,0.0,0.0,4.182604398
253.35,0.837949899,LiBOB,0.8,0.0,0.2,0.0,0.0,0.0,0.0,0.0,0.0,0.0,0.472214224
283.15,1.5,LiPF6,0.0,0.0,0.2,0.0,0.0,0.0,0.0,0.0,0.8,0.0,8.37
263.15,0.682199791,LiBF4,0.4,0.6,0.0,0.0,0.0,0.0,0.0,0.0,0.0,0.0,1.089572717
272.95,0.772687181,LiBF4,0.4,0.6,0.0,0.0,0.0,0.0,0.0,0.0,0.0,0.0,1.379655037
292.65,2.284615385,LiPF6,0.4,0.0,0.6,0.0,0.0,0.0,0.0,0.0,0.0,0.0,1.173602656
292.65,0.300701642,LiPF6,0.9,0.1,0.0,0.0,0.0,0.0,0.0,0.0,0.0,0.0,4.55611794
322.35,1.0529,LiPF6,0.8,0.2,0.0,0.0,0.0,0.0,0.0,0.0,0.0,0.0,11.12
302.55,0.282823403,LiBOB,0.9,0.0,0.1,0.0,0.0,0.0,0.0,0.0,0.0,0.0,3.394179894
263.15,1.5041,LiPF6,0.6,0.4,0.0,0.0,0.0,0.0,0.0,0.0,0.0,0.0,1.423
302.55,0.167213115,LiBOB,1.0,0.0,0.0,0.0,0.0,0.0,0.0,0.0,0.0,0.0,2.326697892
302.55,1.7059,LiPF6,0.7,0.3,0.0,0.0,0.0,0.0,0.0,0.0,0.0,0.0,4.972
293.344378,0.5,LiClO4,0.0,0.0,0.0,0.0,0.0,1.0,0.0,0.0,0.0,0.0,2.986332231
272.95,0.719626812,LiBOB,0.9,0.1,0.0,0.0,0.0,0.0,0.0,0.0,0.0,0.0,1.329323956
233.75,0.370491803,LiBOB,1.0,0.0,0.0,0.0,0.0,0.0,0.0,0.0,0.0,0.0,0.111826698
253.35,0.052380952,LiBOB,0.5,0.5,0.0,0.0,0.0,0.0,0.0,0.0,0.0,0.0,0.40726817
333.0,1.732793522,LiPF6,0.1,0.0,0.27,0.0,0.0,0.0,0.0,0.0,0.63,0.0,18.21462945
253.15,1.726735658,LiPF6,0.27,0.0,0.27,0.36,0.0,0.0,0.0,0.1,0.0,0.0,0.713352758
242.5658485,1.0,LiBOB,0.0,0.0,0.0,0.0,0.0,1.0,0.0,0.0,0.0,0.0,3.993060085
302.55,0.655652174,LiBOB,0.9,0.0,0.0,0.0,0.1,0.0,0.0,0.0,0.0,0.0,5.247110622
312.45,0.804545455,LiPF6,0.6,0.4,0.0,0.0,0.0,0.0,0.0,0.0,0.0,0.0,9.775284091
322.35,1.5041,LiPF6,0.6,0.4,0.0,0.0,0.0,0.0,0.0,0.0,0.0,0.0,9.542
323.15,1.611214953,LiPF6,0.0,0.0,0.3,0.7,0.0,0.0,0.0,0.0,0.0,0.0,12.31238095
273.15,0.766216216,LiPF6,0.21,0.0,0.21,0.28,0.0,0.0,0.0,0.3,0.0,0.0,2.927332993
253.15,1.500571429,LiPF6,0.18,0.0,0.18,0.24,0.0,0.0,0.0,0.4,0.0,0.0,0.330275229
332.15,0.3704,LiPF6,0.8,0.2,0.0,0.0,0.0,0.0,0.0,0.0,0.0,0.0,9.996
282.85,0.816957076,LiBOB,0.5,0.0,0.0,0.0,0.5,0.0,0.0,0.0,0.0,0.0,1.059498513
312.45,0.255364807,LiBF4,0.7,0.3,0.0,0.0,0.0,0.0,0.0,0.0,0.0,0.0,3.464818957
233.75,0.498126464,LiBF4,0.7,0.3,0.0,0.0,0.0,0.0,0.0,0.0,0.0,0.0,0.442857143
253.35,0.476666667,LiBOB,0.6,0.4,0.0,0.0,0.0,0.0,0.0,0.0,0.0,0.0,1.215151515
312.45,0.595312095,LiBF4,0.8,0.2,0.0,0.0,0.0,0.0,0.0,0.0,0.0,0.0,0.681818182
323.15,0.883547258,LiPF6,0.0,0.0,0.5,0.5,0.0,0.0,0.0,0.0,0.0,0.0,14.26744186
263.15,1.491583037,LiBF4,0.5,0.5,0.0,0.0,0.0,0.0,0.0,0.0,0.0,0.0,0.926729254
233.75,0.348056435,LiBOB,0.8,0.0,0.2,0.0,0.0,0.0,0.0,0.0,0.0,0.0,0.20616182
332.15,0.335664621,LiPF6,0.7,0.3,0.0,0.0,0.0,0.0,0.0,0.0,0.0,0.0,8.813189201
333.15,1.0,LiBF4,0.5,0.0,0.5,0.0,0.0,0.0,0.0,0.0,0.0,0.0,8.51
263.15,0.5499,LiPF6,0.9,0.1,0.0,0.0,0.0,0.0,0.0,0.0,0.0,0.0,2.359
263.15,0.53581785,LiBOB,1.0,0.0,0.0,0.0,0.0,0.0,0.0,0.0,0.0,0.0,1.167651165
263.15,0.418918919,LiBOB,0.4,0.0,0.6,0.0,0.0,0.0,0.0,0.0,0.0,0.0,1.117647059
253.35,1.662280702,LiBF4,0.4,0.6,0.0,0.0,0.0,0.0,0.0,0.0,0.0,0.0,0.490065525
322.35,0.3375,LiBOB,0.7,0.3,0.0,0.0,0.0,0.0,0.0,0.0,0.0,0.0,6.271186441
233.75,0.980738103,LiBF4,0.5,0.5,0.0,0.0,0.0,0.0,0.0,0.0,0.0,0.0,0.377684256
293.15,1.061797753,LiPF6,0.3,0.7,0.0,0.0,0.0,0.0,0.0,0.0,0.0,0.0,5.8994245
332.15,1.854321614,LiPF6,0.55,0.0,0.45,0.0,0.0,0.0,0.0,0.0,0.0,0.0,9.0
353.15,1.0,LiCF3SO3,0.0,0.0,0.5,0.0,0.0,0.0,0.0,0.0,0.0,0.0,7.94
293.15,0.2,LiAsF6,1.0,0.0,0.0,0.0,0.0,0.0,0.0,0.0,0.0,0.0,2.93
322.35,0.381132075,LiBOB,0.4,0.6,0.0,0.0,0.0,0.0,0.0,0.0,0.0,0.0,6.167115903
253.35,0.2,LiBOB,0.5,0.5,0.0,0.0,0.0,0.0,0.0,0.0,0.0,0.0,1.0
243.15,1.0,LiAsF6,0.35,0.0,0.35,0.0,0.0,0.0,0.0,0.0,0.0,0.0,2.04
332.15,0.813520301,LiBF4,1.0,0.0,0.0,0.0,0.0,0.0,0.0,0.0,0.0,0.0,4.739779545
312.45,0.152463248,LiBOB,0.5,0.0,0.5,0.0,0.0,0.0,0.0,0.0,0.0,0.0,3.03961396
313.15,1.011932687,LiPF6,0.21,0.0,0.21,0.28,0.0,0.0,0.0,0.3,0.0,0.0,7.713921469
272.95,1.049354473,LiPF6,0.4,0.6,0.0,0.0,0.0,0.0,0.0,0.0,0.0,0.0,3.874015748
292.65,1.503278689,LiBF4,0.7,0.3,0.0,0.0,0.0,0.0,0.0,0.0,0.0,0.0,2.185714286
233.15,0.762616822,LiPF6,0.0,0.0,0.3,0.7,0.0,0.0,0.0,0.0,0.0,0.0,1.28
303.15,1.307244047,LiPF6,0.27,0.0,0.27,0.36,0.0,0.0,0.0,0.1,0.0,0.0,8.073445192
302.55,0.407407407,LiBF4,0.4,0.0,0.6,0.0,0.0,0.0,0.0,0.0,0.0,0.0,5.153713299
322.35,1.740909091,LiPF6,0.6,0.4,0.0,0.0,0.0,0.0,0.0,0.0,0.0,0.0,8.445170455
233.75,0.116904436,LiBOB,0.7,0.0,0.0,0.0,0.3,0.0,0.0,0.0,0.0,0.0,0.511627907
272.95,1.106299213,LiBF4,0.9,0.1,0.0,0.0,0.0,0.0,0.0,0.0,0.0,0.0,1.547945205
322.35,0.832051718,LiBOB,0.4,0.0,0.0,0.0,0.6,0.0,0.0,0.0,0.0,0.0,14.00510378
302.55,0.304080801,LiBF4,0.5,0.5,0.0,0.0,0.0,0.0,0.0,0.0,0.0,0.0,2.31426825
263.15,1.212135356,LiPF6,0.0,0.0,0.5,0.5,0.0,0.0,0.0,0.0,0.0,0.0,3.034883721
253.35,0.829017458,LiBOB,0.9,0.0,0.1,0.0,0.0,0.0,0.0,0.0,0.0,0.0,0.373897707
194.15,0.5023,LiPF6,0.6,0.4,0.0,0.0,0.0,0.0,0.0,0.0,0.0,0.0,0.01333
263.15,1.0635,LiPF6,0.3,0.7,0.0,0.0,0.0,0.0,0.0,0.0,0.0,0.0,2.789
272.95,1.657949121,LiBF4,0.5,0.5,0.0,0.0,0.0,0.0,0.0,0.0,0.0,0.0,1.148096402
263.15,0.81509434,LiBOB,0.3,0.0,0.0,0.0,0.7,0.0,0.0,0.0,0.0,0.0,5.96967655
272.95,0.409433962,LiBOB,0.3,0.0,0.0,0.0,0.7,0.0,0.0,0.0,0.0,0.0,5.824797844
233.75,0.5857,LiPF6,0.6,0.4,0.0,0.0,0.0,0.0,0.0,0.0,0.0,0.0,0.8094
263.15,0.666666667,LiBOB,0.6,0.4,0.0,0.0,0.0,0.0,0.0,0.0,0.0,0.0,1.613333333
253.35,0.194782609,LiBOB,0.9,0.0,0.0,0.0,0.1,0.0,0.0,0.0,0.0,0.0,0.783709411
332.15,0.294339623,LiBOB,0.4,0.6,0.0,0.0,0.0,0.0,0.0,0.0,0.0,0.0,6.144012322
253.35,0.24057971,LiBOB,0.6,0.0,0.4,0.0,0.0,0.0,0.0,0.0,0.0,0.0,0.574100047
253.35,0.46995757,LiBOB,0.9,0.0,0.1,0.0,0.0,0.0,0.0,0.0,0.0,0.0,0.638447972
303.15,0.5,LiPF6,0.0,0.0,0.0,0.0,0.0,0.0,0.0,0.0,1.0,0.0,2.7
233.75,1.0685,LiPF6,0.7,0.3,0.0,0.0,0.0,0.0,0.0,0.0,0.0,0.0,0.3373
272.95,0.8979,LiPF6,0.3,0.7,0.0,0.0,0.0,0.0,0.0,0.0,0.0,0.0,3.866
238.1888853,1.0,LiBOB,0.0,0.0,0.0,0.0,0.0,1.0,0.0,0.0,0.0,0.0,3.981071706
253.35,0.418181818,LiPF6,0.6,0.4,0.0,0.0,0.0,0.0,0.0,0.0,0.0,0.0,2.044460227
302.55,0.594420601,LiBF4,0.7,0.3,0.0,0.0,0.0,0.0,0.0,0.0,0.0,0.0,3.692679683
292.65,0.857691234,LiBF4,0.6,0.4,0.0,0.0,0.0,0.0,0.0,0.0,0.0,0.0,2.651144612
332.15,0.27579429,LiBOB,0.9,0.0,0.1,0.0,0.0,0.0,0.0,0.0,0.0,0.0,5.819223986
243.65,0.320454545,LiPF6,0.6,0.4,0.0,0.0,0.0,0.0,0.0,0.0,0.0,0.0,1.30703125
298.15,0.907095298,LiPF6,0.0,0.0,0.5,0.0,0.0,0.0,0.0,0.0,0.0,0.0,9.231374065
257.41429,0.5,LiClO4,0.0,0.0,0.0,0.0,0.0,1.0,0.0,0.0,0.0,0.0,2.596358393
303.15,0.917757009,LiPF6,0.0,0.0,0.3,0.7,0.0,0.0,0.0,0.0,0.0,0.0,9.660952381
243.65,1.0685,LiPF6,0.7,0.3,0.0,0.0,0.0,0.0,0.0,0.0,0.0,0.0,0.7309
302.55,0.777783222,LiBF4,0.4,0.6,0.0,0.0,0.0,0.0,0.0,0.0,0.0,0.0,2.367110937
322.35,1.427948274,LiBF4,0.9,0.1,0.0,0.0,0.0,0.0,0.0,0.0,0.0,0.0,4.477849276
292.65,0.201456311,LiBF4,0.3,0.7,0.0,0.0,0.0,0.0,0.0,0.0,0.0,0.0,0.864788065
212.9995589,0.5,LiPF6,0.0,0.0,0.0,0.0,0.0,0.0,0.0,0.0,0.0,0.0,0.017892016
243.65,1.464301974,LiPF6,0.9,0.1,0.0,0.0,0.0,0.0,0.0,0.0,0.0,0.0,0.338180552
323.15,1.001142857,LiPF6,0.18,0.0,0.18,0.24,0.0,0.0,0.0,0.4,0.0,0.0,7.963302752
283.15,0.5,LiPF6,0.0,0.0,0.1,0.0,0.0,0.0,0.0,0.0,0.9,0.0,5.15
332.15,1.073640571,LiPF6,1.0,0.0,0.0,0.0,0.0,0.0,0.0,0.0,0.0,0.0,11.98268456
367.9570717,0.5,LiClO4,0.0,0.0,0.0,0.0,0.0,0.0,0.0,0.0,0.0,0.0,16.86682995
273.15,1.0,LiAsF6,0.0,0.0,0.0,0.0,0.0,0.0,0.0,0.0,0.0,0.5,4.51
253.35,0.375,LiBF4,1.0,0.0,0.0,0.0,0.0,0.0,0.0,0.0,0.0,0.0,1.047689647
292.65,1.042958106,LiBOB,0.9,0.0,0.1,0.0,0.0,0.0,0.0,0.0,0.0,0.0,0.175485009
293.15,1.258823529,LiBF4,0.9,0.1,0.0,0.0,0.0,0.0,0.0,0.0,0.0,0.0,2.564102564
276.8812866,1.0,LiCF3SO3,1.0,0.0,0.0,0.0,0.0,0.0,0.0,0.0,0.0,0.0,0.751384218
282.85,1.9367,LiPF6,0.6,0.4,0.0,0.0,0.0,0.0,0.0,0.0,0.0,0.0,2.097
282.85,0.438095238,LiBOB,0.5,0.5,0.0,0.0,0.0,0.0,0.0,0.0,0.0,0.0,3.200501253
263.15,0.297720922,LiBF4,0.5,0.5,0.0,0.0,0.0,0.0,0.0,0.0,0.0,0.0,1.103271626
322.35,0.313333333,LiBOB,0.6,0.4,0.0,0.0,0.0,0.0,0.0,0.0,0.0,0.0,6.24
293.15,1.0,LiAsF6,0.125,0.0,0.125,0.0,0.0,0.0,0.0,0.0,0.0,0.25,11.54
312.45,0.29844013,LiBOB,0.5,0.0,0.5,0.0,0.0,0.0,0.0,0.0,0.0,0.0,4.522500281
213.95,0.302,LiPF6,0.7,0.3,0.0,0.0,0.0,0.0,0.0,0.0,0.0,0.0,0.1611
322.4722875,0.5,LiBMB,0.0,0.0,0.0,0.0,0.0,0.0,0.0,0.0,0.0,0.0,8.393259089
322.35,0.416309013,LiBF4,0.7,0.3,0.0,0.0,0.0,0.0,0.0,0.0,0.0,0.0,4.624282174
332.15,0.630750682,LiBOB,0.9,0.1,0.0,0.0,0.0,0.0,0.0,0.0,0.0,0.0,7.811769772
283.0995842,0.1,LiPF6,0.0,0.0,0.0,0.0,0.0,0.0,0.0,0.0,0.0,0.0,0.063869121
293.15,0.75,LiAsF6,0.0,0.0,0.0,0.0,0.0,0.0,0.5,0.0,0.0,0.0,3.44
282.85,0.398366791,LiBOB,0.4,0.0,0.0,0.0,0.6,0.0,0.0,0.0,0.0,0.0,6.320517183
213.95,0.3704,LiPF6,0.8,0.2,0.0,0.0,0.0,0.0,0.0,0.0,0.0,0.0,0.1198
302.7064646,1.0,LiTFSI,0.0,0.0,0.5,0.0,0.0,0.0,0.0,0.0,0.5,0.0,9.638107021
292.65,0.28465898,LiBOB,0.7,0.0,0.0,0.0,0.3,0.0,0.0,0.0,0.0,0.0,4.697674419
263.15,1.0,LiAsF6,0.075,0.0,0.075,0.0,0.0,0.0,0.0,0.0,0.0,0.0,7.72
272.95,0.161904762,LiBOB,0.7,0.0,0.3,0.0,0.0,0.0,0.0,0.0,0.0,0.0,1.171201814
302.55,2.06223176,LiBF4,0.7,0.3,0.0,0.0,0.0,0.0,0.0,0.0,0.0,0.0,2.093181406
322.35,2.1265,LiPF6,0.7,0.3,0.0,0.0,0.0,0.0,0.0,0.0,0.0,0.0,6.043
283.15,0.659428571,LiPF6,0.18,0.0,0.18,0.24,0.0,0.0,0.0,0.4,0.0,0.0,3.467889908
253.35,0.347250216,LiBOB,0.8,0.0,0.2,0.0,0.0,0.0,0.0,0.0,0.0,0.0,0.706017852
302.55,0.950021249,LiBOB,0.5,0.0,0.0,0.0,0.5,0.0,0.0,0.0,0.0,0.0,9.930301742
272.95,0.246204866,LiPF6,0.4,0.6,0.0,0.0,0.0,0.0,0.0,0.0,0.0,0.0,2.677165354
263.15,0.221093728,LiBOB,0.9,0.1,0.0,0.0,0.0,0.0,0.0,0.0,0.0,0.0,1.088531649
253.35,1.4776,LiPF6,0.3,0.7,0.0,0.0,0.0,0.0,0.0,0.0,0.0,0.0,1.349
302.55,0.6372,LiPF6,0.4,0.6,0.0,0.0,0.0,0.0,0.0,0.0,0.0,0.0,7.293
243.65,1.048609633,LiPF6,0.4,0.6,0.0,0.0,0.0,0.0,0.0,0.0,0.0,0.0,1.212598425
263.15,0.993887531,LiBF4,0.5,0.5,0.0,0.0,0.0,0.0,0.0,0.0,0.0,0.0,1.174263593
322.35,0.509626216,LiBF4,0.8,0.2,0.0,0.0,0.0,0.0,0.0,0.0,0.0,0.0,5.185185185
282.85,2.055102305,LiBF4,0.8,0.2,0.0,0.0,0.0,0.0,0.0,0.0,0.0,0.0,1.090909091
367.9570717,0.5,LiCF3SO3,0.0,0.0,0.0,0.0,0.0,0.0,0.0,0.0,0.0,0.0,14.99579989
214.3657983,0.5,LiTFSI,0.0,0.0,0.0,0.0,0.0,1.0,0.0,0.0,0.0,0.0,2.420905854
322.35,1.069328361,LiPF6,1.0,0.0,0.0,0.0,0.0,0.0,0.0,0.0,0.0,0.0,9.998201858
317.7851286,0.4,LiBOB,0.0,0.0,0.0,0.0,0.0,1.0,0.0,0.0,0.0,0.0,10.89787286
253.35,0.561489236,LiPF6,0.7,0.0,0.3,0.0,0.0,0.0,0.0,0.0,0.0,0.0,1.542725976
269.8020414,1.0,LiTFSI,0.0,0.0,0.5,0.0,0.0,0.0,0.0,0.0,0.5,0.0,4.215125271
292.65,0.456854643,LiPF6,0.3,0.7,0.0,0.0,0.0,0.0,0.0,0.0,0.0,0.0,4.783665532
223.85,1.2952,LiPF6,0.6,0.4,0.0,0.0,0.0,0.0,0.0,0.0,0.0,0.0,0.08708
253.15,0.727964832,LiPF6,0.3,0.0,0.3,0.4,0.0,0.0,0.0,0.0,0.0,0.0,2.497552203
212.8605579,0.4,LiBOB,0.0,0.0,0.0,0.0,0.0,1.0,0.0,0.0,0.0,0.0,1.799833971
217.6523566,1.0,LiCF3SO3,1.0,0.0,0.0,0.0,0.0,0.0,0.0,0.0,0.0,0.0,0.009384557
272.95,1.935185185,LiBF4,0.4,0.0,0.6,0.0,0.0,0.0,0.0,0.0,0.0,0.0,1.176741508
303.15,0.570175439,LiPF6,0.0,0.0,0.3,0.6,0.0,0.0,0.0,0.0,0.0,0.0,9.407407407
