ASA [m^2/cm^3],NASA [m^2/cm^3],CellV [A^3],Df,Di,Dif,POAV [cm^3/g],POAVF,PONAV [cm^3/g],PONAVF,density [g/cm^3],total_SA_volumetric,total_SA_gravimetric,total_POV_volumetric,total_POV_gravimetric,CO2_uptake_16bar_mol_kg
302.027,0.0,1473.9,3.8322,5.17149,5.17149,0.106402,0.16512,0.0,0.0,1.55185,302.027,194.6238361,0.16512,0.106402,2.116359829
1001.73,0.0,1969.44,3.89264,5.48014,5.47915,0.350699,0.39068,0.0,0.0,1.114,1001.73,899.2190305,0.39068,0.350699,7.33064461
0.0,305.342,2848.64,2.93224,4.86988,4.86988,0.0,0.0,0.0883538,0.1669,1.889,305.342,161.6421387,0.1669,0.0883538,3.386230394
1440.96,0.0,4401.59,4.87179,7.47444,7.47444,0.37693,0.4271,0.0,0.0,1.1331,1440.96,1271.697114,0.4271,0.37693,9.269672506
583.524,0.0,1770.12,3.96901,4.9428,4.93448,0.165776,0.27054,0.0,0.0,1.63196,583.524,357.5602343,0.27054,0.165776,2.646453505
0.0,952.661,661.011,3.70819,4.57327,4.57327,0.0,0.0,0.392333,0.4125,1.0514,952.661,906.088073,0.4125,0.392333,9.60248879
0.0,983.685,29547.2,3.71325,7.69352,7.24448,0.0,0.0,0.265952,0.29584,1.11238,983.685,884.3066218,0.29584,0.265952,6.731470989
1840.9,11.0887,20455.9,4.60613,16.80237,8.84451,1.02061,0.60134,0.0153769,0.00906,0.589197,1851.9887,3143.241904,0.6104,1.0359869,19.92020779
1686.05,0.0,7584.62,10.11534,12.54469,12.54333,0.459657,0.6717,0.0,0.0,1.46131,1686.05,1153.793514,0.6717,0.459657,4.53395842
1933.05,0.0,20681.4,7.7515,19.92035,19.92035,1.86477,0.77602,0.0,0.0,0.416148,1933.05,4645.102223,0.77602,1.86477,25.68744551
1188.51,0.0,1312.35,4.27938,6.06928,6.06928,0.253349,0.40384,0.0,0.0,1.59401,1188.51,745.6101279,0.40384,0.253349,5.814135563
1053.7,354.619,3401.26,4.74188,9.14668,9.0851,0.345609,0.33892,0.138949,0.13626,0.980647,1408.319,1436.112077,0.47518,0.484558,9.798952584
0.0,169.006,2180.36,2.99196,4.36937,4.36937,0.0,0.0,0.0941672,0.14972,1.58994,169.006,106.297093,0.14972,0.0941672,4.341675999
0.0,80.1727,646.812,2.62537,4.11966,4.11701,0.0,0.0,0.122015,0.18666,1.52981,80.1727,52.40696557,0.18666,0.122015,3.859146825
439.773,12.9722,11774.7,5.67653,6.18293,6.18293,0.0788594,0.1171,0.0,0.0,1.48492,452.7452,304.8953479,0.1171,0.0788594,5.12878875
1275.98,0.0,830.079,4.56127,5.86586,5.86586,0.230241,0.3593,0.0,0.0,1.56054,1275.98,817.6528638,0.3593,0.230241,6.243140144
393.516,307.311,5483.22,3.84777,6.10947,5.97895,0.121767,0.1449,0.0990776,0.1179,1.18998,700.827,588.9401503,0.2628,0.2208446,5.649152249
735.691,238.779,6379.49,3.77167,6.50134,6.50134,0.290586,0.26846,0.0983052,0.09082,0.923858,974.47,1054.783311,0.35928,0.3888912,9.877523169
0.0,288.249,1171.63,3.63905,4.71712,4.71712,0.0,0.0,0.101536,0.15642,1.54053,288.249,187.1102802,0.15642,0.101536,1.973534646
1981.52,0.0,3256.95,6.71431,8.79152,8.77922,0.710599,0.60518,0.0,0.0,0.851648,1981.52,2326.688961,0.60518,0.710599,17.20755179
2035.74,0.0,10221.4,6.92043,8.9528,8.9528,0.833431,0.64886,0.0,0.0,0.77854,2035.74,2614.817479,0.64886,0.833431,18.44348402
1653.6,0.270171,11557.2,3.74031,10.80355,10.80323,0.6095,0.54978,0.0,0.0,0.902018,1653.870171,1833.522359,0.54978,0.6095,13.69764912
1307.09,0.0,2830.36,16.81333,16.8944,16.8944,1.07058,0.71958,0.0,0.0,0.672143,1307.09,1944.660586,0.71958,1.07058,17.76337462
1263.82,0.0,4916.49,4.52403,5.30653,5.30403,0.283786,0.38854,0.0,0.0,1.36913,1263.82,923.0825415,0.38854,0.283786,7.082195324
638.847,0.0,16242.5,3.80128,6.35889,6.35566,0.153738,0.2096,0.0,0.0,1.36336,638.847,468.5827661,0.2096,0.153738,3.809961187
0.0,531.922,2761.78,3.3526,5.59164,5.59164,0.0,0.0,0.154049,0.21432,1.39125,531.922,382.3338724,0.21432,0.154049,4.068333913
426.541,0.0,3549.87,5.8578,6.87873,6.87873,0.084372,0.13822,0.0,0.0,1.63822,426.541,260.3685708,0.13822,0.084372,2.38781735
0.0,56.4447,3194.55,2.93732,3.9371,3.9371,0.0,0.0,0.052148,0.08124,1.55788,56.4447,36.231738,0.08124,0.052148,2.29225819
641.292,0.0,831.048,4.36093,5.51379,5.51127,0.150633,0.2679,0.0,0.0,1.7785,641.292,360.5802643,0.2679,0.150633,2.36269943
1043.24,0.0,3315.32,4.20706,6.32021,6.31633,0.207879,0.35672,0.0,0.0,1.716,1043.24,607.9487179,0.35672,0.207879,5.175141806
1182.79,0.0,2653.7,4.72062,6.21678,6.15067,0.399891,0.397,0.0,0.0,0.992771,1182.79,1191.40265,0.397,0.399891,11.44410983
1444.2,0.0,27284.5,10.6456,11.06769,11.06769,0.379978,0.49812,0.0,0.0,1.31092,1444.2,1101.669057,0.49812,0.379978,8.016321336
1589.98,0.0,2626.57,4.22779,6.07797,6.07163,0.417511,0.54624,0.0,0.0,1.30832,1589.98,1215.283723,0.54624,0.417511,4.916032838
1895.91,0.0,18337.1,6.67449,13.23241,13.23241,0.745984,0.65378,0.0,0.0,0.876399,1895.91,2163.295485,0.65378,0.745984,14.59666059
0.0,113.841,3246.75,3.08769,4.08249,4.08249,0.0,0.0,0.0677441,0.10384,1.53283,113.841,74.26850988,0.10384,0.0677441,2.942465441
1999.5,0.0,4589.5,5.3119,10.2017,10.10967,0.777171,0.60154,0.0,0.0,0.774012,1999.5,2583.293282,0.60154,0.777171,15.27857198
0.0,175.3,2158.6,3.09524,4.05561,4.05434,0.0,0.0,0.140967,0.16834,1.19418,175.3,146.7952905,0.16834,0.140967,5.168734154
1582.89,0.0,17700.7,5.76129,9.22988,9.22988,0.595734,0.47494,0.0,0.0,0.797235,1582.89,1985.474797,0.47494,0.595734,12.77961306
841.661,0.0,8483.18,3.79902,7.06378,6.71051,0.209187,0.2753,0.0,0.0,1.31604,841.661,639.5405915,0.2753,0.209187,4.3894637
1429.17,0.0,14194.5,25.54914,27.20941,27.20941,2.44338,0.82838,0.0,0.0,0.339031,1429.17,4215.455224,0.82838,2.44338,20.15009643
0.0,212.527,2785.46,2.66514,4.45326,4.20137,0.0,0.0,0.114513,0.15324,1.33819,212.527,158.81676,0.15324,0.114513,3.431135089
0.0,247.865,1456.47,3.53737,4.88753,4.88753,0.0,0.0,0.0934148,0.1467,1.57042,247.865,157.8335732,0.1467,0.0934148,1.982780843
0.0,194.767,1480.35,3.30829,4.79448,4.79412,0.0,0.0,0.0693236,0.1007,1.45261,194.767,134.0807237,0.1007,0.0693236,3.467604701
769.308,78.6852,9078.18,3.81132,6.0927,5.65916,0.247369,0.2643,0.0368199,0.03934,1.06844,847.9932,793.6741417,0.30364,0.2841889,8.904850493
1983.62,0.0,26872.0,7.63115,21.77624,21.77624,1.73419,0.78478,0.0,0.0,0.452533,1983.62,4383.370936,0.78478,1.73419,27.58281111
1111.52,0.0,2338.56,6.25511,7.40475,7.40475,0.344178,0.37702,0.0,0.0,1.09542,1111.52,1014.697559,0.37702,0.344178,7.493409237
476.333,0.0,2488.86,4.36352,7.08125,7.08125,0.0924618,0.19936,0.0,0.0,2.15613,476.333,220.9203527,0.19936,0.0924618,3.810355016
886.826,1.01718,2498.59,3.9288,5.58762,5.58156,0.309718,0.33236,0.0,0.0,1.07311,887.84318,827.3552385,0.33236,0.309718,8.832159836
1949.66,0.0,7703.79,4.11514,8.9304,8.89727,0.53211,0.59156,0.0,0.0,1.11173,1949.66,1753.71718,0.59156,0.53211,12.09188414
0.0,158.054,2685.88,2.43656,4.80408,4.80408,0.0,0.0,0.0597814,0.08326,1.39274,158.054,113.484211,0.08326,0.0597814,3.792026207
0.0,658.157,1494.67,3.48033,4.66636,4.66636,0.0,0.0,0.324178,0.33696,1.03943,658.157,633.1903062,0.33696,0.324178,8.160645052
0.0,804.144,8323.83,2.55142,6.83757,6.83757,0.0,0.0,0.206527,0.31352,1.51806,804.144,529.718193,0.31352,0.206527,7.648539856
1460.43,0.0373812,8520.91,4.01926,8.87095,8.86551,0.484552,0.48398,0.0,0.0,0.99882,1460.467381,1462.192769,0.48398,0.484552,11.48215624
1041.53,4.21696,4698.11,7.43537,8.62108,8.53874,0.17271,0.35656,0.0,0.0,2.06451,1045.74696,506.5351875,0.35656,0.17271,5.303847506
0.0,508.742,11057.0,2.78326,6.85669,6.85469,0.0,0.0,0.174276,0.21398,1.22782,508.742,414.345751,0.21398,0.174276,5.163844254
921.253,0.0,2827.79,7.15006,8.32795,8.32795,0.199169,0.3043,0.0,0.0,1.52785,921.253,602.9734594,0.3043,0.199169,3.741766676
1958.01,35.0911,18704.8,5.70388,7.44729,7.44729,0.574281,0.50754,0.0191902,0.01696,0.883784,1993.1011,2255.190295,0.5245,0.5934712,12.75039793
1366.33,0.0,1415.26,6.65574,7.06313,7.06313,0.483546,0.46764,0.0,0.0,0.967105,1366.33,1412.804194,0.46764,0.483546,11.27126294
1614.64,0.0126194,17331.8,7.91648,8.46136,8.46136,0.390449,0.47352,0.0,0.0,1.21276,1614.652619,1331.38677,0.47352,0.390449,8.509865627
0.0,96.5169,4571.86,2.92855,4.09909,4.09909,0.0,0.0,0.053495,0.10852,2.0286,96.5169,47.57808341,0.10852,0.053495,3.586394922
2277.37,0.0,19189.0,6.84234,12.36127,12.36007,1.54486,0.76108,0.0,0.0,0.492653,2277.37,4622.665446,0.76108,1.54486,25.23683272
0.0,1263.95,2452.2,3.43919,11.51766,11.5088,0.0,0.0,0.521545,0.48226,0.924676,1263.95,1366.911221,0.48226,0.521545,8.889032542
0.0,451.051,2893.07,2.54565,4.88935,4.88803,0.0,0.0,0.166315,0.25108,1.50967,451.051,298.7745666,0.25108,0.166315,3.275472638
633.046,41.912,5374.66,4.2399,5.00227,4.99534,0.214932,0.23728,0.0306165,0.0338,1.10398,674.958,611.3860758,0.27108,0.2455485,6.61035425
562.63,0.0,6909.52,3.94634,5.10257,4.56846,0.0692091,0.21878,0.0,0.0,3.16115,562.63,177.9826962,0.21878,0.0692091,2.055017664
1012.36,0.0,2846.09,5.22739,6.155,6.12328,0.196802,0.31648,0.0,0.0,1.60811,1012.36,629.5340493,0.31648,0.196802,4.336322743
1061.46,0.0,38659.6,21.60719,23.03533,23.02579,5.35296,0.9123,0.0,0.0,0.170429,1061.46,6228.165394,0.9123,5.35296,21.79538939
0.0,442.657,1929.09,3.15004,5.96521,5.78672,0.0,0.0,0.105505,0.20544,1.9472,442.657,227.3300123,0.20544,0.105505,2.824262427
1225.29,0.0,3269.71,4.40705,5.03229,5.03229,0.402406,0.35896,0.0,0.0,0.892035,1225.29,1373.589601,0.35896,0.402406,7.430979695
520.764,0.0,1611.5,4.55019,5.31461,5.31461,0.151189,0.19556,0.0,0.0,1.29348,520.764,402.6069209,0.19556,0.151189,2.847568267
0.0,108.031,1439.75,3.08281,3.98226,3.98226,0.0,0.0,0.0737576,0.13742,1.86313,108.031,57.98360823,0.13742,0.0737576,4.80189205
0.0,95.6269,6126.36,2.99907,4.23143,4.2313,0.0,0.0,0.048106,0.0732,1.52164,95.6269,62.84462816,0.0732,0.048106,3.904224052
1246.22,0.0,878.464,6.02741,7.30876,7.30876,0.281759,0.38174,0.0,0.0,1.35485,1246.22,919.8213824,0.38174,0.281759,8.087804098
0.0,343.189,12878.0,3.27077,5.07008,4.57111,0.0,0.0,0.125146,0.14226,1.13676,343.189,301.9010169,0.14226,0.125146,3.133916068
857.167,0.0,1933.36,5.15328,5.6025,5.59565,0.171433,0.29558,0.0,0.0,1.72417,857.167,497.1476131,0.29558,0.171433,4.346302667
1519.61,0.0,4990.63,4.74827,7.60143,7.06612,0.441133,0.45488,0.0,0.0,1.03116,1519.61,1473.689825,0.45488,0.441133,10.09799499
0.0,366.247,4509.4,3.69297,5.24244,5.19683,0.0,0.0,0.130641,0.15918,1.21845,366.247,300.584349,0.15918,0.130641,3.407116658
1002.01,0.0,6547.91,4.52304,6.18548,6.11894,0.296517,0.33118,0.0,0.0,1.1169,1002.01,897.134927,0.33118,0.296517,6.221099557
0.0,897.191,15818.6,3.45436,6.90856,6.69822,0.0,0.0,0.234462,0.26952,1.14952,897.191,780.4918575,0.26952,0.234462,5.283731083
1264.24,0.0,2521.45,8.14175,8.72919,8.68787,0.373397,0.4187,0.0,0.0,1.12133,1264.24,1127.446871,0.4187,0.373397,7.523237685
1492.32,0.0,23192.2,9.93166,12.5506,12.1307,0.68653,0.5588,0.0,0.0,0.813948,1492.32,1833.434077,0.5588,0.68653,12.68080338
1261.7,0.0,3055.85,4.04573,4.96323,4.95818,0.312015,0.34798,0.0,0.0,1.11527,1261.7,1131.295561,0.34798,0.312015,6.039631012
0.0,633.725,1168.62,3.64144,4.92196,4.91649,0.0,0.0,0.269309,0.36124,1.34136,633.725,472.4496034,0.36124,0.269309,4.377202507
0.0,347.932,3078.82,3.07966,4.8231,4.81833,0.0,0.0,0.121254,0.17724,1.46172,347.932,238.0291711,0.17724,0.121254,2.946708128
360.027,0.0,3901.19,3.72635,4.38797,4.38797,0.129998,0.16876,0.0,0.0,1.29817,360.027,277.3342474,0.16876,0.129998,3.092367475
0.0,603.627,4638.24,3.23782,5.99146,5.98811,0.0,0.0,0.228995,0.23142,1.01059,603.627,597.3015763,0.23142,0.228995,6.025220541
0.0,192.049,1244.47,3.31506,4.54949,4.54949,0.0,0.0,0.092299,0.13534,1.46632,192.049,130.9734574,0.13534,0.092299,1.828043846
1577.15,0.0,15648.4,5.90829,8.29808,8.29808,0.340986,0.45802,0.0,0.0,1.34322,1577.15,1174.156132,0.45802,0.340986,6.582454768
0.0,450.005,1634.52,3.6521,4.84681,4.84681,0.0,0.0,0.132892,0.2518,1.89478,450.005,237.4972292,0.2518,0.132892,2.294730416
0.0,246.198,1106.54,3.00887,4.69523,4.68206,0.0,0.0,0.0759893,0.13158,1.73156,246.198,142.1827716,0.13158,0.0759893,4.178301223
943.771,0.165958,10543.3,4.80683,7.51192,7.47729,0.278628,0.3011,0.0,0.0,1.08065,943.936958,873.4899903,0.3011,0.278628,7.026015876
0.0,1078.8,4374.89,3.39362,5.67831,5.64059,0.0,0.0,0.234256,0.38604,1.64794,1078.8,654.6354843,0.38604,0.234256,4.605141543
1112.8,0.0,3929.72,3.78301,5.39674,5.31113,0.53584,0.44718,0.0,0.0,0.83454,1112.8,1333.429195,0.44718,0.53584,12.11805806
640.785,0.0,2622.66,3.88542,4.71415,4.71415,0.141756,0.25348,0.0,0.0,1.78814,640.785,358.3528135,0.25348,0.141756,4.096569178
2316.19,0.143707,44137.2,7.15132,15.60203,15.60203,1.23013,0.7181,0.0,0.0,0.583758,2316.333707,3967.969102,0.7181,1.23013,21.97533397
1961.74,0.0,19656.8,5.24663,16.39645,16.39644,0.844191,0.60558,0.0,0.0,0.717349,1961.74,2734.707932,0.60558,0.844191,16.67211615
0.0,190.408,1884.96,2.87156,4.85133,4.8303,0.0,0.0,0.0984186,0.1627,1.65314,190.408,115.1795976,0.1627,0.0984186,3.874009539
2102.57,0.0,5364.58,5.53828,7.03754,7.03754,0.589842,0.54862,0.0,0.0,0.930114,2102.57,2260.550857,0.54862,0.589842,11.74776216
0.0,793.529,3379.23,3.45515,5.66983,5.06856,0.0,0.0,0.127869,0.29706,2.32316,793.529,341.5731159,0.29706,0.127869,4.392683451
0.0,443.905,8144.91,3.36538,6.31143,6.31143,0.0,0.0,0.143893,0.17812,1.23786,443.905,358.6067891,0.17812,0.143893,5.036316223
0.0,45.9534,1036.6,2.7608,3.96918,3.96917,0.0,0.0,0.0606705,0.13412,2.21063,45.9534,20.78746783,0.13412,0.0606705,1.760944623
698.043,0.0,2499.77,3.90525,6.71056,6.68671,0.186956,0.22336,0.0,0.0,1.19472,698.043,584.2733025,0.22336,0.186956,3.440354533
1488.66,0.0,1327.89,10.52946,11.30625,11.30625,0.50599,0.58046,0.0,0.0,1.14718,1488.66,1297.669067,0.58046,0.50599,11.29820296
0.0,532.862,8642.01,2.64485,5.57315,5.55209,0.0,0.0,0.127817,0.22398,1.75235,532.862,304.0842297,0.22398,0.127817,3.523885405
0.0,1047.19,23506.4,2.90995,15.25766,15.21158,0.0,0.0,0.355155,0.36562,1.02947,1047.19,1017.212741,0.36562,0.355155,6.972640176
1529.36,0.0,1678.67,4.88151,6.1601,6.1601,0.447737,0.42946,0.0,0.0,0.959179,1529.36,1594.446918,0.42946,0.447737,9.409553607
0.0,181.067,4184.14,3.40564,4.48328,4.05023,0.0,0.0,0.128136,0.13448,1.04951,181.067,172.5252737,0.13448,0.128136,5.362871252
0.0,217.621,704.824,3.46478,4.34496,4.34496,0.0,0.0,0.168154,0.27992,1.66467,217.621,130.7292136,0.27992,0.168154,6.575219794
866.059,0.0,1754.71,4.39102,6.22291,6.19993,0.125183,0.26588,0.0,0.0,2.12393,866.059,407.7624969,0.26588,0.125183,4.927892138
2115.06,0.0,3524.44,8.90439,11.42925,11.42684,0.74886,0.72528,0.0,0.0,0.968512,2115.06,2183.824258,0.72528,0.74886,13.66610973
818.429,0.0,3223.84,6.65101,7.16555,7.16555,0.205337,0.26466,0.0,0.0,1.28891,818.429,634.9776167,0.26466,0.205337,3.847100645
2013.67,0.0,9322.85,7.42068,13.9402,13.92619,1.11088,0.70378,0.0,0.0,0.633535,2013.67,3178.466857,0.70378,1.11088,19.92117097
2071.97,0.0,9502.46,9.90606,13.79678,13.29749,1.44486,0.7858,0.0,0.0,0.543859,2071.97,3809.755837,0.7858,1.44486,25.81564841
851.616,0.0,1358.02,4.21049,5.58529,5.58529,0.189411,0.32874,0.0,0.0,1.73559,851.616,490.6780979,0.32874,0.189411,6.400366785
2351.12,0.0,2413.2,4.20025,5.23856,5.23856,0.623555,0.58302,0.0,0.0,0.934994,2351.12,2514.582981,0.58302,0.623555,11.88588891
1759.38,121.587,5131.97,5.62136,12.35154,12.35154,0.609221,0.56268,0.0564959,0.05218,0.923606,1880.967,2036.546969,0.61486,0.6657169,13.74877658
0.0,451.913,3183.89,3.15351,7.2946,7.29112,0.0,0.0,0.121854,0.18938,1.55416,451.913,290.7763679,0.18938,0.121854,4.731251198
1464.89,0.0,8493.66,3.99201,8.74499,8.31175,0.481274,0.4862,0.0,0.0,1.01024,1464.89,1450.041574,0.4862,0.481274,11.58077509
626.788,0.0,3723.83,3.86732,4.42995,4.34536,0.124356,0.28388,0.0,0.0,2.2828,626.788,274.5698265,0.28388,0.124356,3.596040297
1281.25,0.0,2681.05,8.85338,9.62722,9.62722,0.427621,0.45096,0.0,0.0,1.05458,1281.25,1214.938649,0.45096,0.427621,8.51511592
1408.12,0.0,10342.0,5.86264,6.83672,6.83672,0.38603,0.39842,0.0,0.0,1.0321,1408.12,1364.325162,0.39842,0.38603,8.542976185
0.0,946.281,8609.01,3.62498,8.46111,8.46111,0.0,0.0,0.267398,0.3331,1.24571,946.281,759.6318565,0.3331,0.267398,5.707258101
1081.41,0.0,4573.27,4.14259,5.29043,5.26932,0.27584,0.36696,0.0,0.0,1.33033,1081.41,812.8885314,0.36696,0.27584,6.560550366
0.0,95.2026,1123.18,3.02404,4.28457,4.24135,0.0,0.0,0.0601951,0.11112,1.846,95.2026,51.5723727,0.11112,0.0601951,3.229882131
1703.77,29.3512,3690.36,5.40382,6.42465,6.41795,0.501209,0.48456,0.0201907,0.01952,0.966783,1733.1212,1792.668262,0.50408,0.5213997,11.69233552
1041.87,0.0,1293.87,3.74513,5.54681,5.54681,0.150699,0.37446,0.0,0.0,2.48482,1041.87,419.2939529,0.37446,0.150699,2.973024273
1375.17,0.0,16786.6,11.09496,12.8466,12.83423,0.807082,0.56882,0.0,0.0,0.704786,1375.17,1951.18802,0.56882,0.807082,14.63890837
579.095,0.0,3096.22,3.9878,5.04878,4.84113,0.15531,0.24116,0.0,0.0,1.55276,579.095,372.9455937,0.24116,0.15531,3.167310116
1857.52,0.0,10026.6,6.53754,7.74101,7.72929,0.633014,0.56286,0.0,0.0,0.889175,1857.52,2089.037591,0.56286,0.633014,14.92221392
1109.16,0.0,8518.44,5.08524,7.14066,7.12439,0.244078,0.32288,0.0,0.0,1.32285,1109.16,838.4624107,0.32288,0.244078,5.172399093
0.0,637.378,3104.03,3.65873,6.37551,6.3709,0.0,0.0,0.230594,0.25928,1.1244,637.378,566.8605478,0.25928,0.230594,8.070639609
978.806,0.0,8836.41,3.92519,8.78791,8.78768,0.278367,0.33784,0.0,0.0,1.21365,978.806,806.4977547,0.33784,0.278367,5.894655302
0.0,205.706,1126.13,2.92726,4.50403,4.50403,0.0,0.0,0.105174,0.21546,2.04861,205.706,100.4124748,0.21546,0.105174,2.497809463
1051.49,0.0,2452.47,4.39397,5.38898,5.38845,0.206229,0.38424,0.0,0.0,1.86317,1051.49,564.3553728,0.38424,0.206229,4.144145726
1165.89,0.0,5207.82,4.78062,6.04182,6.04182,0.310867,0.33838,0.0,0.0,1.0885,1165.89,1071.097841,0.33838,0.310867,6.419960609
908.55,0.0,1511.38,4.137,4.67022,4.66388,0.199383,0.2708,0.0,0.0,1.35819,908.55,668.9417534,0.2708,0.199383,6.000655165
3044.0,0.0,2922.25,4.56275,5.53493,5.50447,0.74619,0.69588,0.0,0.0,0.932577,3044.0,3264.073637,0.69588,0.74619,7.235444695
846.918,0.0,2455.35,3.97207,6.08793,6.06402,0.270264,0.3087,0.0,0.0,1.14221,846.918,741.4731091,0.3087,0.270264,6.049151351
995.31,0.0,7467.43,4.66248,6.42799,6.42799,0.260873,0.31456,0.0,0.0,1.2058,995.31,825.4353956,0.31456,0.260873,6.087748336
1428.22,0.0,2062.85,4.91896,5.67537,5.66915,0.309835,0.4086,0.0,0.0,1.31877,1428.22,1082.994002,0.4086,0.309835,6.715641451
0.0,292.264,3074.24,2.6955,5.10322,5.10263,0.0,0.0,0.118201,0.1532,1.2961,292.264,225.4949464,0.1532,0.118201,3.843137329
725.141,0.0,2065.08,3.99321,4.95363,4.95363,0.271894,0.3067,0.0,0.0,1.12801,725.141,642.8497974,0.3067,0.271894,6.42674175
1542.05,0.0,2609.79,3.92423,5.53585,5.53006,0.376455,0.46646,0.0,0.0,1.23909,1542.05,1244.502014,0.46646,0.376455,7.12836965
1065.55,0.0,4320.35,3.85621,5.54342,5.5369,0.259253,0.32976,0.0,0.0,1.27196,1065.55,837.7228844,0.32976,0.259253,6.903217581
1282.08,0.0,3472.09,9.67182,10.70302,10.70302,0.504841,0.48524,0.0,0.0,0.961173,1282.08,1333.870177,0.48524,0.504841,10.99190328
2311.99,0.0,5974.84,5.87215,8.14361,7.68514,0.64148,0.61708,0.0,0.0,0.961963,2311.99,2403.408447,0.61708,0.64148,13.80152519
572.008,0.0,1832.43,4.20342,6.64155,6.64155,0.16083,0.26298,0.0,0.0,1.63514,572.008,349.8220336,0.26298,0.16083,3.787351354
694.263,43.0234,4732.59,3.9585,4.67162,4.53755,0.145334,0.2178,0.0263042,0.03942,1.49862,737.2864,491.9768854,0.25722,0.1716382,7.697000722
1745.17,0.0,7152.37,5.69725,16.33924,15.76283,0.7237,0.63274,0.0,0.0,0.874313,1745.17,1996.047182,0.63274,0.7237,14.59580771
0.0,97.0804,2310.5,3.28798,4.61157,4.61157,0.0,0.0,0.0463334,0.07172,1.54791,97.0804,62.71708303,0.07172,0.0463334,0.935272033
0.0,1018.12,3263.98,3.54646,8.24655,8.24655,0.0,0.0,0.270902,0.40338,1.48902,1018.12,683.7517293,0.40338,0.270902,7.759141809
0.0,84.1924,1348.39,2.46148,4.32619,4.32619,0.0,0.0,0.0616151,0.12328,2.00081,84.1924,42.07915794,0.12328,0.0616151,2.345190513
616.213,0.0,1303.05,4.18788,5.01128,4.96894,0.226279,0.25318,0.0,0.0,1.11888,616.213,550.7409195,0.25318,0.226279,4.875301017
1193.32,0.0,2426.68,3.897,4.92906,4.88525,0.309471,0.39564,0.0,0.0,1.27844,1193.32,933.4188542,0.39564,0.309471,6.32979069
0.0,274.869,1528.17,2.81394,4.71107,4.69976,0.0,0.0,0.0661497,0.13046,1.97219,274.869,139.3724743,0.13046,0.0661497,1.860477263
0.0,298.692,5108.33,2.41408,4.80621,4.77482,0.0,0.0,0.0878145,0.14848,1.69084,298.692,176.6530245,0.14848,0.0878145,3.729866304
1580.45,0.0,1550.1,7.32218,7.81866,7.81866,0.509875,0.50932,0.0,0.0,0.998911,1580.45,1582.172986,0.50932,0.509875,10.4551128
1965.58,0.0,4722.68,6.40748,11.85606,11.85606,0.801127,0.6555,0.0,0.0,0.818223,1965.58,2402.254642,0.6555,0.801127,16.72818701
2023.05,0.0,11863.1,8.56536,13.77076,13.77076,0.899766,0.69916,0.0,0.0,0.777047,2023.05,2603.51047,0.69916,0.899766,18.5257149
1144.51,0.0,1141.3,5.23582,5.49315,5.46639,0.319935,0.38204,0.0,0.0,1.19412,1144.51,958.4547617,0.38204,0.319935,7.587878078
1682.71,0.0,2632.07,4.27883,6.09971,6.09943,0.517713,0.49038,0.0,0.0,0.947205,1682.71,1776.500335,0.49038,0.517713,10.9753217
1283.61,0.0,3737.07,8.02852,8.8151,8.80673,0.286592,0.4227,0.0,0.0,1.47492,1283.61,870.29127,0.4227,0.286592,6.811534509
372.474,0.0,1751.85,3.84535,5.22916,5.22916,0.0810661,0.1602,0.0,0.0,1.97617,372.474,188.4827722,0.1602,0.0810661,2.778177021
1841.23,0.0,3275.75,4.74893,6.63021,6.28969,0.511192,0.58486,0.0,0.0,1.14411,1841.23,1609.312042,0.58486,0.511192,7.9704087
0.0,121.815,892.308,2.46053,4.29126,4.27728,0.0,0.0,0.14542,0.20664,1.42099,121.815,85.72544494,0.20664,0.14542,3.024239819
2008.31,0.0,11649.8,9.53484,14.07417,14.07417,1.12368,0.73134,0.0,0.0,0.650845,2008.31,3085.696287,0.73134,1.12368,18.40534854
2166.54,0.0,2512.5,8.78986,11.62501,11.62501,1.27335,0.70816,0.0,0.0,0.556141,2166.54,3895.666746,0.70816,1.27335,20.66618881
0.0,129.947,9399.63,2.71979,4.27929,4.27929,0.0,0.0,0.0356213,0.05314,1.4918,129.947,87.10752112,0.05314,0.0356213,3.517108574
0.0,139.839,1706.34,3.03864,4.04119,4.01112,0.0,0.0,0.0694147,0.14928,2.15055,139.839,65.02476111,0.14928,0.0694147,2.55075962
2086.18,0.0,4535.97,5.60978,9.23636,9.22899,0.822559,0.63616,0.0,0.0,0.773392,2086.18,2697.441918,0.63616,0.822559,18.30006108
0.0,714.466,3832.14,3.42545,5.89078,5.84551,0.0,0.0,0.243858,0.27702,1.13599,714.466,628.9368744,0.27702,0.243858,5.994929034
0.0,65.6502,3144.16,2.61526,3.98514,3.98514,0.0,0.0,0.0484472,0.1159,2.3923,65.6502,27.44229403,0.1159,0.0484472,2.07887143
2036.0,0.0,9707.27,5.72761,7.18513,7.17339,0.594067,0.53312,0.0,0.0,0.897407,2036.0,2268.758768,0.53312,0.594067,11.12690772
1973.44,0.0,11552.7,7.4934,12.53415,12.53415,1.02106,0.65042,0.0,0.0,0.637007,1973.44,3097.987934,0.65042,1.02106,19.12668094
0.0,106.292,1392.33,3.46185,4.23185,4.23185,0.0,0.0,0.0591819,0.09468,1.59981,106.292,66.4403898,0.09468,0.0591819,2.418795861
0.0,1.21208,2706.73,2.56225,3.81176,3.79393,0.0,0.0,0.0,0.0,1.43522,1.21208,0.844525578,0.0,0.0,3.45401727
0.0,286.863,2449.96,2.55902,4.62233,4.62233,0.0,0.0,0.158587,0.22876,1.44249,286.863,198.8665433,0.22876,0.158587,3.684618598
1956.66,0.0,3792.38,10.04301,13.32178,13.32178,2.67541,0.83832,0.0,0.0,0.313342,1956.66,6244.486855,0.83832,2.67541,18.9581192
1627.22,1.32568,3604.05,8.07125,9.85225,9.85225,0.481659,0.51346,0.0,0.0,1.06602,1628.54568,1527.687736,0.51346,0.481659,8.700757272
1500.41,0.0,998.57,4.1915,5.76423,5.74643,0.456541,0.50146,0.0,0.0,1.09839,1500.41,1366.008431,0.50146,0.456541,9.085391195
1323.62,0.0,3726.85,4.00763,8.23055,6.53114,0.535735,0.42398,0.0,0.0,0.791399,1323.62,1672.506536,0.42398,0.535735,12.97642762
0.0,351.502,3415.16,3.39108,4.34036,4.33565,0.0,0.0,0.11485,0.1562,1.36004,351.502,258.4497515,0.1562,0.11485,3.75598891
0.0,163.443,1589.37,3.14601,4.43266,4.43262,0.0,0.0,0.0789214,0.16358,2.07269,163.443,78.85549696,0.16358,0.0789214,3.475407517
1323.46,0.0,7746.69,4.83767,7.03999,7.03999,0.354373,0.42262,0.0,0.0,1.19258,1323.46,1109.745258,0.42262,0.354373,7.408944906
0.0,352.689,2354.58,2.76984,4.82248,4.36575,0.0,0.0,0.164429,0.20818,1.26608,352.689,278.567705,0.20818,0.164429,4.886348536
1293.98,0.0,2508.17,4.4404,5.34624,5.30939,0.317761,0.40756,0.0,0.0,1.2826,1293.98,1008.872603,0.40756,0.317761,7.760315823
1158.29,0.0,3259.09,4.08127,5.13294,4.81094,0.271537,0.38476,0.0,0.0,1.41697,1158.29,817.441442,0.38476,0.271537,7.065599398
934.922,0.0,16393.5,4.59542,6.74859,6.74676,0.253382,0.26654,0.0,0.0,1.05193,934.922,888.768264,0.26654,0.253382,6.275472485
1733.74,0.0,1743.63,3.97439,5.66406,5.65405,0.429115,0.52232,0.0,0.0,1.2172,1733.74,1424.367401,0.52232,0.429115,9.510008493
0.0,258.874,2022.8,3.45438,5.87742,5.87742,0.0,0.0,0.0854271,0.11624,1.36069,258.874,190.2520045,0.11624,0.0854271,1.51616927
1014.2,0.0,8389.21,5.08535,6.57261,6.54322,0.270654,0.32254,0.0,0.0,1.19171,1014.2,851.045976,0.32254,0.270654,7.260947065
0.0,184.333,1816.89,2.74064,4.74618,4.72708,0.0,0.0,0.0862758,0.15478,1.79401,184.333,102.7491486,0.15478,0.0862758,3.426018342
0.0,519.521,2431.2,3.52763,4.77803,4.74718,0.0,0.0,0.263474,0.26852,1.01915,519.521,509.759113,0.26852,0.263474,7.478595659
1572.59,0.0,42882.0,10.83562,19.71714,18.00148,1.15354,0.69196,0.0,0.0,0.59986,1572.59,2621.595039,0.69196,1.15354,17.91918035
0.0,985.496,609.404,3.52276,5.84999,5.84999,0.0,0.0,0.554284,0.50186,0.90542,985.496,1088.440724,0.50186,0.554284,4.558357829
0.0,1192.15,21539.8,3.46125,10.00436,8.0956,0.0,0.0,0.367516,0.369,1.00404,1192.15,1187.353094,0.369,0.367516,10.29765781
363.612,38.9347,4337.46,4.77221,6.22751,6.22685,0.0792976,0.11242,0.0181421,0.02572,1.4177,402.5467,283.9435,0.13814,0.0974397,2.491104008
707.928,0.0,2225.4,5.01285,7.16272,7.16272,0.127817,0.24702,0.0,0.0,1.93261,707.928,366.3067044,0.24702,0.127817,2.723085746
0.0,213.088,1692.33,3.56279,4.2412,4.22796,0.0,0.0,0.218423,0.25334,1.15986,213.088,183.7187247,0.25334,0.218423,10.36220459
0.0,371.431,3258.45,3.4738,5.02071,5.02071,0.0,0.0,0.0678869,0.17468,2.5731,371.431,144.3515604,0.17468,0.0678869,2.584254815
2362.51,0.0,514.622,5.66568,7.00061,7.00061,0.671763,0.6956,0.0,0.0,1.03548,2362.51,2281.560243,0.6956,0.671763,7.585250223
1882.32,0.0,5180.74,8.23046,13.93661,13.93516,0.993848,0.70132,0.0,0.0,0.705662,1882.32,2667.45269,0.70132,0.993848,18.66468924
0.0,30.7243,1473.69,3.66059,4.12479,4.10123,0.0,0.0,0.0233986,0.03814,1.63001,30.7243,18.84914816,0.03814,0.0233986,0.640781083
1584.48,0.0,1060.56,4.62985,5.27906,5.27848,0.444076,0.46596,0.0,0.0,1.04928,1584.48,1510.064044,0.46596,0.444076,10.09924663
1460.51,0.0,4593.15,4.61596,6.71751,6.71751,0.357827,0.4135,0.0,0.0,1.15559,1460.51,1263.865212,0.4135,0.357827,7.770461163
1031.04,0.0,3906.03,4.16214,6.30027,6.2999,0.255377,0.33754,0.0,0.0,1.32173,1031.04,780.0685465,0.33754,0.255377,5.751058429
2365.23,0.0,6100.9,7.81227,9.41699,9.38336,0.964693,0.68174,0.0,0.0,0.706691,2365.23,3346.908338,0.68174,0.964693,18.40998355
0.0,69.1187,1231.57,2.82776,4.14523,4.14337,0.0,0.0,0.0656774,0.12768,1.94405,69.1187,35.55397238,0.12768,0.0656774,4.200919466
1949.06,0.0,21155.3,6.42425,20.18169,20.08436,1.44567,0.74334,0.0,0.0,0.514184,1949.06,3790.588583,0.74334,1.44567,24.32605284
2361.65,0.0,2048.04,5.6407,6.97897,6.97897,0.662608,0.68962,0.0,0.0,1.04077,2361.65,2269.137273,0.68962,0.662608,7.677760154
2207.06,0.0,8761.56,6.83408,14.28068,11.22906,0.994091,0.7393,0.0,0.0,0.743695,2207.06,2967.69509,0.7393,0.994091,20.90630894
2059.47,0.0,1839.71,6.2746,6.87554,6.85501,0.611562,0.61872,0.0,0.0,1.0117,2059.47,2035.652862,0.61872,0.611562,12.57014269
1262.55,0.0,27157.2,5.76203,12.25139,12.25139,0.336244,0.36326,0.0,0.0,1.08035,1262.55,1168.649049,0.36326,0.336244,7.186132388
1451.41,0.0,3359.43,6.37424,7.90536,7.89587,0.522804,0.46402,0.0,0.0,0.88756,1451.41,1635.280995,0.46402,0.522804,12.21959675
2186.86,0.0,4309.39,7.91583,15.0742,15.05124,1.30324,0.77326,0.0,0.0,0.593338,2186.86,3685.690113,0.77326,1.30324,22.14980056
1041.62,0.0,12130.8,4.1969,5.64744,5.58219,0.31183,0.33854,0.0,0.0,1.08566,1041.62,959.4348138,0.33854,0.31183,7.796587345
1372.61,0.0,4028.57,6.92833,8.56724,8.56724,0.336334,0.4294,0.0,0.0,1.27671,1372.61,1075.114944,0.4294,0.336334,6.970537537
0.0,122.93,813.627,2.55369,4.07301,4.07301,0.0,0.0,0.104467,0.17876,1.71115,122.93,71.84057505,0.17876,0.104467,3.653129367
0.0,1.97782,1679.72,2.46791,3.85413,3.84591,0.0,0.0,0.0,0.0,1.88268,1.97782,1.050534345,0.0,0.0,0.528565413
1394.5,0.0,24151.9,4.17928,9.03723,9.03723,0.342543,0.43058,0.0,0.0,1.25701,1394.5,1109.378605,0.43058,0.342543,7.127267102
2044.97,0.0,3114.51,5.12734,6.24349,6.13649,0.607946,0.557,0.0,0.0,0.9162,2044.97,2232.012661,0.557,0.607946,10.76303513
785.791,0.0,1501.81,4.21189,5.10436,5.06572,0.25175,0.29964,0.0,0.0,1.19023,785.791,660.2009696,0.29964,0.25175,6.255675141
0.0,946.351,1863.12,2.66911,6.84733,6.84733,0.0,0.0,0.325126,0.33846,1.04101,946.351,909.0700378,0.33846,0.325126,7.38944082
0.0,1060.77,2246.78,3.53433,5.69658,5.69658,0.0,0.0,0.424323,0.41998,0.989764,1060.77,1071.740334,0.41998,0.424323,9.630845677
1541.81,0.0,993.281,4.16855,5.89002,5.8002,0.428124,0.52552,0.0,0.0,1.2275,1541.81,1256.057026,0.52552,0.428124,5.328121199
2375.98,0.0,1981.94,5.08477,6.50092,6.48929,0.62668,0.67398,0.0,0.0,1.07548,2375.98,2209.227508,0.67398,0.62668,9.06351057
1056.02,0.0,3651.53,4.91174,6.50945,6.50945,0.277307,0.36834,0.0,0.0,1.32827,1056.02,795.0341422,0.36834,0.277307,6.809050426
1707.69,0.0,5706.62,5.28654,6.4229,6.4229,0.561997,0.52208,0.0,0.0,0.928973,1707.69,1838.255794,0.52208,0.561997,9.954603208
0.0,112.963,2018.5,2.67666,4.82822,4.82021,0.0,0.0,0.0438878,0.05688,1.29603,112.963,87.16079103,0.05688,0.0438878,2.701332917
1683.38,0.0,927.332,4.14354,5.32617,5.3111,0.510473,0.56154,0.0,0.0,1.10004,1683.38,1530.289808,0.56154,0.510473,11.34475
982.842,62.2923,8419.94,4.28752,6.1404,6.13565,0.123754,0.30104,0.0122257,0.02974,2.43257,1045.1343,429.6420247,0.33078,0.1359797,2.044675357
1869.95,0.0,4793.24,5.53782,8.87752,8.86061,0.683328,0.5421,0.0,0.0,0.793323,1869.95,2357.110534,0.5421,0.683328,13.71320555
1955.9,0.0,20481.4,8.24294,15.30437,15.28394,1.356,0.74914,0.0,0.0,0.552463,1955.9,3540.327588,0.74914,1.356,25.04546286
0.0,491.142,6358.52,2.90122,5.68087,5.68052,0.0,0.0,0.135378,0.19604,1.44809,491.142,339.1653834,0.19604,0.135378,5.571060137
0.0,75.3489,1463.38,2.88489,4.01562,3.90861,0.0,0.0,0.0601458,0.10814,1.79796,75.3489,41.90799573,0.10814,0.0601458,3.91727822
0.0,53.8817,1592.22,2.54213,4.11487,4.11487,0.0,0.0,0.0612797,0.08436,1.37664,53.8817,39.14000755,0.08436,0.0612797,4.256204298
1929.77,0.0,24444.1,9.0463,14.03402,14.02308,0.866904,0.66052,0.0,0.0,0.76193,1929.77,2532.739228,0.66052,0.866904,16.45950797
1708.23,0.0,6712.2,4.653,7.45404,7.45404,0.517943,0.46776,0.0,0.0,0.903111,1708.23,1891.495065,0.46776,0.517943,10.74879947
0.0,24.5158,1763.31,3.07895,4.00604,4.00604,0.0,0.0,0.0168423,0.03584,2.12797,24.5158,11.52074512,0.03584,0.0168423,1.457626767
1799.73,0.0,8620.01,7.60887,12.68207,12.68207,0.900011,0.64016,0.0,0.0,0.711281,1799.73,2530.265816,0.64016,0.900011,16.67125631
1818.18,0.0,3669.84,4.53148,6.09414,6.04647,0.474061,0.58158,0.0,0.0,1.2268,1818.18,1482.050864,0.58158,0.474061,5.850208246
0.0,163.178,1369.12,3.2467,4.2592,4.2592,0.0,0.0,0.124544,0.1568,1.25899,163.178,129.6102431,0.1568,0.124544,3.868851073
1838.58,0.0,26077.6,12.48764,15.20269,14.68508,1.44136,0.71924,0.0,0.0,0.499,1838.58,3684.529058,0.71924,1.44136,20.74226737
966.848,0.0,1053.88,4.76623,5.68037,5.68037,0.131469,0.33024,0.0,0.0,2.51192,966.848,384.9039778,0.33024,0.131469,3.131863667
0.0,298.339,2839.32,3.26851,4.35688,4.35534,0.0,0.0,0.20157,0.24714,1.22608,298.339,243.3275153,0.24714,0.20157,7.047644027
1734.9,0.0,45807.9,10.27637,26.33515,16.3709,2.4916,0.84034,0.0,0.0,0.33727,1734.9,5143.949951,0.84034,2.4916,25.2299521
0.0,167.494,2099.09,2.64971,4.12583,4.06091,0.0,0.0,0.0995214,0.202,2.02971,167.494,82.52114834,0.202,0.0995214,4.491259441
1441.96,0.0,4052.16,11.05538,11.52097,11.51936,0.51705,0.58312,0.0,0.0,1.12778,1441.96,1278.582702,0.58312,0.51705,12.11898634
2180.56,0.0,1314.98,4.77946,6.69684,6.69684,0.526698,0.57072,0.0,0.0,1.08358,2180.56,2012.366415,0.57072,0.526698,11.41885388
0.0,67.8595,1545.47,2.74492,4.3307,4.3307,0.0,0.0,0.0463706,0.06928,1.49405,67.8595,45.419832,0.06928,0.0463706,2.095990412
1987.35,0.0,11480.0,6.72913,9.10665,9.10665,0.91363,0.57522,0.0,0.0,0.629598,1987.35,3156.537981,0.57522,0.91363,18.3455616
1711.02,0.0,4104.05,5.1775,8.67531,8.67474,0.544926,0.51094,0.0,0.0,0.937633,1711.02,1824.829118,0.51094,0.544926,12.76865825
0.0,539.138,3188.24,3.56133,4.6964,4.68951,0.0,0.0,0.167785,0.32182,1.91805,539.138,281.0865202,0.32182,0.167785,4.06273997
0.0,153.61,1326.69,2.41665,4.1335,4.1335,0.0,0.0,0.182579,0.2185,1.19674,153.61,128.3570366,0.2185,0.182579,6.248402166
0.0,170.031,2016.47,3.50423,4.3699,4.34774,0.0,0.0,0.129714,0.15976,1.23163,170.031,138.0536362,0.15976,0.129714,3.620328079
0.0,1130.2,5272.53,3.62321,5.8975,5.8791,0.0,0.0,0.293303,0.36938,1.25938,1130.2,897.4257174,0.36938,0.293303,7.223980425
0.0,796.817,1358.8,3.63748,5.07744,5.07744,0.0,0.0,0.227826,0.30898,1.35621,796.817,587.5321668,0.30898,0.227826,6.395600642
0.0,218.955,2205.21,3.05463,4.24107,4.22099,0.0,0.0,0.0875578,0.15008,1.71407,218.955,127.7398239,0.15008,0.0875578,4.45419272
2889.07,0.0,4778.49,5.6043,6.97544,6.97154,0.890384,0.71666,0.0,0.0,0.804889,2889.07,3589.401768,0.71666,0.890384,17.36596987
0.0,32.9414,3984.08,2.77473,4.3933,4.07307,0.0,0.0,0.0114158,0.02734,2.39493,32.9414,13.75464001,0.02734,0.0114158,0.572502017
471.725,0.0,944.297,4.2377,5.46375,5.46375,0.112424,0.19882,0.0,0.0,1.76848,471.725,266.7403646,0.19882,0.112424,4.611060509
0.0,936.198,3039.05,3.71971,6.29773,6.29293,0.0,0.0,0.296276,0.32494,1.09675,936.198,853.6111238,0.32494,0.296276,6.83559103
2146.72,0.0,8041.59,4.51844,6.57194,6.57194,0.555243,0.53876,0.0,0.0,0.970314,2146.72,2212.397224,0.53876,0.555243,11.84318887
2245.45,0.0722977,4405.71,5.14608,7.19275,7.16517,0.759053,0.61908,0.0,0.0,0.815595,2245.522298,2753.232055,0.61908,0.759053,16.79450335
369.378,37.9451,2956.96,4.81445,4.93354,4.92328,0.105511,0.1506,0.0272115,0.03884,1.42734,407.3231,285.3721608,0.18944,0.1327225,2.770522325
775.918,15.3317,3709.21,4.94333,6.18436,5.98081,0.190274,0.25032,0.0163579,0.02152,1.31558,791.2497,601.4455221,0.27184,0.2066319,6.118048955
0.0,2.45527,623.565,3.0537,3.76101,3.76101,0.0,0.0,0.0,0.0,1.78918,2.45527,1.372287864,0.0,0.0,2.407731308
1868.04,0.0,6216.8,7.85329,8.53899,8.41522,0.861905,0.6448,0.0,0.0,0.74811,1868.04,2497.012471,0.6448,0.861905,17.46966688
1420.86,0.0,2759.63,7.02354,7.18852,7.18852,0.425242,0.47298,0.0,0.0,1.11226,1420.86,1277.453113,0.47298,0.425242,9.668609734
2386.48,0.0,2055.16,5.65739,6.98873,6.98873,0.663042,0.68768,0.0,0.0,1.03716,2386.48,2300.975741,0.68768,0.663042,7.662327285
1645.89,327.592,12468.6,5.42977,9.60382,9.56238,0.755595,0.50564,0.16097,0.10772,0.669195,1973.482,2949.03877,0.61336,0.916565,18.18004161
547.5,0.0,1709.54,3.78699,4.94738,4.94738,0.159083,0.2705,0.0,0.0,1.70037,547.5,321.9887436,0.2705,0.159083,2.508030311
681.141,0.0,1813.75,4.01813,5.12784,5.11026,0.183448,0.29218,0.0,0.0,1.59271,681.141,427.6616584,0.29218,0.183448,2.829680448
931.292,0.0,1567.32,6.5808,7.30425,7.30425,0.248835,0.31506,0.0,0.0,1.26614,931.292,735.5363546,0.31506,0.248835,4.366079391
0.0,707.042,4315.92,3.52628,5.1988,5.1988,0.0,0.0,0.218235,0.29348,1.34479,707.042,525.7638739,0.29348,0.218235,5.691937864
1858.85,0.0,12982.8,4.61754,13.61739,13.61739,0.623035,0.5939,0.0,0.0,0.953237,1858.85,1950.039707,0.5939,0.623035,12.4757646
425.432,16.9419,11687.9,5.71241,6.1695,6.1695,0.0731678,0.11074,0.00323751,0.0049,1.51351,442.3739,292.2834339,0.11564,0.07640531,4.683997246
0.0,10.4834,5939.98,2.78217,4.00255,3.89811,0.0,0.0,0.00729991,0.01062,1.45481,10.4834,7.206026904,0.01062,0.00729991,0.484039475
0.0,16.7932,6185.13,2.99779,3.96759,3.82887,0.0,0.0,0.0140096,0.01752,1.25057,16.7932,13.42843663,0.01752,0.0140096,3.961165328
0.0,581.654,1684.66,3.54621,6.12211,6.12014,0.0,0.0,0.131092,0.20946,1.59781,581.654,364.0320188,0.20946,0.131092,3.988484916
323.608,0.0,1442.38,5.01707,5.25063,5.2326,0.0825576,0.12054,0.0,0.0,1.46007,323.608,221.6386886,0.12054,0.0825576,0.935897892
0.0,318.39,7178.36,2.42111,5.18205,4.57665,0.0,0.0,0.152311,0.19004,1.24771,318.39,255.1794888,0.19004,0.152311,3.304703691
0.0,198.02,1477.12,3.49014,4.1653,4.1653,0.0,0.0,0.176111,0.22086,1.2541,198.02,157.8980943,0.22086,0.176111,4.948857513
1800.11,0.0,1086.35,4.07145,4.95936,4.95936,0.488748,0.51944,0.0,0.0,1.0628,1800.11,1693.742943,0.51944,0.488748,10.23852247
0.0,296.399,4164.61,2.62761,5.21305,4.51323,0.0,0.0,0.125878,0.14046,1.11585,296.399,265.6262042,0.14046,0.125878,4.240941255
1895.97,0.0,11546.5,4.46993,11.37507,11.33236,0.745662,0.61146,0.0,0.0,0.820023,1895.97,2312.093685,0.61146,0.745662,15.84545512
0.0,651.609,3300.44,3.4268,5.06119,5.06119,0.0,0.0,0.259745,0.26816,1.0324,651.609,631.1594343,0.26816,0.259745,9.252363334
1079.61,0.0,2735.5,7.30447,7.61675,7.61675,0.314615,0.39168,0.0,0.0,1.24495,1079.61,867.1914535,0.39168,0.314615,7.78458523
783.999,100.893,39944.5,3.80884,4.82674,4.82333,0.0876641,0.18808,0.0113728,0.0244,2.14546,884.892,412.4486124,0.21248,0.0990369,4.151898166
900.959,0.0,2631.61,4.14635,5.4452,5.44512,0.295714,0.34394,0.0,0.0,1.16308,900.959,774.6320116,0.34394,0.295714,6.967566013
614.882,74.0217,3126.34,4.42661,5.40585,5.40585,0.19049,0.20528,0.0573659,0.06182,1.07764,688.9037,639.2707212,0.2671,0.2478559,6.296147207
1965.28,0.0,7791.72,4.23716,8.96058,8.87271,0.541679,0.6051,0.0,0.0,1.11708,1965.28,1759.301035,0.6051,0.541679,12.33411886
1055.25,10.3077,2064.63,6.40337,7.90027,7.90027,0.309761,0.34284,0.0,0.0,1.10679,1065.5577,962.7460494,0.34284,0.309761,9.399036735
0.0,400.944,4836.25,3.57209,6.67296,6.58264,0.0,0.0,0.110417,0.15868,1.4371,400.944,278.9951987,0.15868,0.110417,2.692674588
0.0,579.392,2039.98,3.68761,5.52004,5.13882,0.0,0.0,0.201642,0.27308,1.35428,579.392,427.8229022,0.27308,0.201642,5.243580816
641.969,0.0,2604.67,4.04151,4.71348,4.71184,0.204052,0.24862,0.0,0.0,1.21841,641.969,526.8907839,0.24862,0.204052,4.278372431
0.0,657.497,3424.31,3.64341,5.18793,5.18793,0.0,0.0,0.197705,0.26118,1.32106,657.497,497.7041164,0.26118,0.197705,8.906985148
1004.66,0.0,864.678,4.27265,5.73732,5.65548,0.224336,0.35206,0.0,0.0,1.56934,1004.66,640.1799483,0.35206,0.224336,4.770393324
0.0,787.531,1712.78,3.46915,5.70413,5.53584,0.0,0.0,0.207081,0.2733,1.31977,787.531,596.7183676,0.2733,0.207081,6.040776175
0.0,552.732,1305.39,3.21211,5.57953,5.34183,0.0,0.0,0.145192,0.27658,1.90493,552.732,290.1586935,0.27658,0.145192,3.800517148
1743.55,0.0,7612.62,6.20805,7.4772,7.46072,0.669823,0.5252,0.0,0.0,0.784087,1743.55,2223.669057,0.5252,0.669823,15.04100705
2057.34,0.0,7866.86,11.45272,14.32515,14.32515,1.71538,0.79314,0.0,0.0,0.462369,2057.34,4449.563011,0.79314,1.71538,26.02958232
787.742,0.0,750.209,4.42786,5.09593,5.07986,0.199494,0.28842,0.0,0.0,1.44576,787.742,544.8636012,0.28842,0.199494,5.791989243
0.0,822.961,3393.26,3.17631,4.97155,4.94784,0.0,0.0,0.291285,0.30142,1.03479,822.961,795.2927647,0.30142,0.291285,7.333005588
1450.0,0.0,1454.36,6.86607,7.32559,7.31942,0.506991,0.48186,0.0,0.0,0.950432,1450.0,1525.622033,0.48186,0.506991,12.09799101
515.706,0.0,2515.86,3.80909,4.65609,4.65088,0.118718,0.23154,0.0,0.0,1.95034,515.706,264.4185116,0.23154,0.118718,3.631733493
0.0,415.101,1068.9,3.6251,4.88033,4.88017,0.0,0.0,0.101755,0.19792,1.94507,415.101,213.4118566,0.19792,0.101755,3.649171836
2177.04,0.0,4321.43,7.93691,15.06245,15.06245,1.30769,0.77374,0.0,0.0,0.591684,2177.04,3679.396435,0.77374,1.30769,22.10069215
1221.12,5.44333,23897.1,9.13356,12.11737,12.10852,0.575684,0.46764,0.00169884,0.00138,0.81232,1226.56333,1509.950918,0.46902,0.57738284,9.132070049
0.0,314.061,1509.87,2.93554,5.01935,4.97839,0.0,0.0,0.0784143,0.1658,2.11441,314.061,148.5336335,0.1658,0.0784143,2.288761447
964.064,0.0,2096.32,3.97634,4.57469,4.52445,0.239945,0.39236,0.0,0.0,1.63521,964.064,589.5658662,0.39236,0.239945,4.677762688
0.0,787.567,4339.31,2.70883,6.1772,6.17502,0.0,0.0,0.185484,0.31162,1.68004,787.567,468.7787196,0.31162,0.185484,4.662151289
502.327,0.0,2253.4,4.04207,4.82292,4.82292,0.182264,0.22794,0.0,0.0,1.2506,502.327,401.668799,0.22794,0.182264,3.363489348
1805.72,0.0,7812.86,6.30843,7.60741,7.59214,0.630557,0.54336,0.0,0.0,0.861714,1805.72,2095.498042,0.54336,0.630557,13.72245411
1429.4,0.0,3516.97,4.86765,5.58723,5.58723,0.341051,0.3796,0.0,0.0,1.11303,1429.4,1284.242114,0.3796,0.341051,7.649536992
2169.12,0.0,4299.69,7.97019,14.98828,14.98828,1.29556,0.77044,0.0,0.0,0.594675,2169.12,3647.572203,0.77044,1.29556,22.56212452
0.0,513.809,1162.25,2.7522,4.92573,4.92165,0.0,0.0,0.338801,0.34286,1.01198,513.809,507.7264373,0.34286,0.338801,5.251178381
0.0,382.768,3112.68,3.09218,7.09777,7.09763,0.0,0.0,0.101538,0.1594,1.56986,382.768,243.8230161,0.1594,0.101538,4.701636362
1326.63,0.0,28948.4,7.7394,12.14685,12.14685,0.489622,0.43348,0.0,0.0,0.885336,1326.63,1498.448047,0.43348,0.489622,9.749070986
1395.26,0.0,2754.11,7.2403,7.33092,7.33092,0.422202,0.47054,0.0,0.0,1.11449,1395.26,1251.92689,0.47054,0.422202,9.748595705
1531.17,0.0,3169.88,5.81852,6.975,6.975,0.309712,0.47986,0.0,0.0,1.54937,1531.17,988.25329,0.47986,0.309712,6.177637896
0.0,11.7957,1539.19,3.17028,4.21039,4.21039,0.0,0.0,0.0228371,0.04256,1.86364,11.7957,6.32938765,0.04256,0.0228371,0.466660394
1567.12,0.0,3245.5,4.97084,6.35231,6.35231,0.347136,0.43704,0.0,0.0,1.25899,1567.12,1244.743803,0.43704,0.347136,8.433002587
0.0,479.308,1522.17,2.75629,5.11398,5.10293,0.0,0.0,0.162379,0.29454,1.81391,479.308,264.2402324,0.29454,0.162379,2.436972288
181.417,0.0,2851.19,3.76296,4.81469,4.81469,0.0803766,0.1099,0.0,0.0,1.36731,181.417,132.6816889,0.1099,0.0803766,1.880018358
1262.14,408.022,6642.13,9.65919,15.53135,15.53135,0.711056,0.52278,0.201002,0.14778,0.735216,1670.162,2271.661661,0.67056,0.912058,18.79094917
1767.58,0.00802759,27245.7,6.45797,8.31732,8.30907,0.674486,0.49218,0.0,0.0,0.729711,1767.588028,2422.312433,0.49218,0.674486,13.56957664
0.0,363.367,1565.15,3.51548,4.67713,4.67713,0.0,0.0,0.124077,0.23494,1.8935,363.367,191.9022973,0.23494,0.124077,2.228447972
1848.52,0.0,2247.42,7.22796,8.28196,8.27719,0.605661,0.58654,0.0,0.0,0.968429,1848.52,1908.782162,0.58654,0.605661,14.08852661
303.741,0.0,5310.71,5.10202,6.00697,6.00697,0.0520823,0.10698,0.0,0.0,2.05406,303.741,147.8734798,0.10698,0.0520823,0.930555173
1471.79,0.0,1458.47,7.11371,7.24683,7.24683,0.473924,0.48578,0.0,0.0,1.02502,1471.79,1435.864666,0.48578,0.473924,10.43453719
935.33,0.0,1712.75,4.84747,5.28866,5.2531,0.258769,0.33626,0.0,0.0,1.29946,935.33,719.7836024,0.33626,0.258769,6.533217462
0.0,309.211,2473.3,3.58614,4.67601,4.53668,0.0,0.0,0.107981,0.16214,1.50157,309.211,205.9251317,0.16214,0.107981,3.050392885
650.904,0.0,1281.22,4.60933,5.51146,5.51146,0.159685,0.2189,0.0,0.0,1.37083,650.904,474.8247412,0.2189,0.159685,3.787092836
599.463,0.0,1659.93,4.9317,5.26068,5.26068,0.15475,0.23574,0.0,0.0,1.52336,599.463,393.5136803,0.23574,0.15475,2.613224538
323.677,0.0,2796.51,5.99281,6.59075,6.59075,0.0572219,0.10484,0.0,0.0,1.83217,323.677,176.6631917,0.10484,0.0572219,1.09838108
1628.21,0.0,2313.79,4.63461,5.20436,5.20306,0.296615,0.43944,0.0,0.0,1.48152,1628.21,1099.013176,0.43944,0.296615,5.287956745
0.0,467.591,658.787,3.54288,4.49188,4.46943,0.0,0.0,0.17093,0.29736,1.73966,467.591,268.7829806,0.29736,0.17093,5.793022602
1916.05,0.0,7771.06,4.37179,6.7342,6.7342,0.505476,0.54214,0.0,0.0,1.07253,1916.05,1786.476835,0.54214,0.505476,9.828311291
548.039,0.0,2510.26,4.09417,4.678,4.67712,0.130721,0.25902,0.0,0.0,1.98147,548.039,276.5820325,0.25902,0.130721,2.999352627
256.463,0.0,1465.55,4.08038,4.53043,4.52326,0.0874104,0.13642,0.0,0.0,1.56068,256.463,164.3277289,0.13642,0.0874104,1.952175144
684.248,0.0,856.06,3.86596,4.87431,4.87431,0.141344,0.27562,0.0,0.0,1.94999,684.248,350.8982097,0.27562,0.141344,5.035119326
0.0,1053.57,3092.09,3.27029,8.14226,8.14226,0.0,0.0,0.302588,0.38182,1.26185,1053.57,834.9407616,0.38182,0.302588,9.459675733
1984.39,0.0,2921.73,4.6498,5.92168,5.91414,0.295681,0.56572,0.0,0.0,1.91328,1984.39,1037.166541,0.56572,0.295681,7.109565803
939.864,0.0,5019.61,5.53705,7.22312,7.21754,0.164584,0.2707,0.0,0.0,1.64475,939.864,571.4327405,0.2707,0.164584,4.377542311
972.784,0.0,10586.2,7.72021,8.43697,8.43697,0.303503,0.31526,0.0,0.0,1.03874,972.784,936.5038412,0.31526,0.303503,6.578697825
1297.57,3.47977,4577.36,7.57886,9.47366,8.89706,0.567068,0.464,0.0,0.0,0.818244,1301.04977,1590.051097,0.464,0.567068,11.88366027
1487.65,0.0,4705.97,4.64051,6.11386,6.10962,0.351356,0.43402,0.0,0.0,1.23527,1487.65,1204.311608,0.43402,0.351356,8.546841861
0.0,125.081,789.523,3.47722,4.31831,4.26587,0.0,0.0,0.111817,0.16702,1.49368,125.081,83.74015853,0.16702,0.111817,4.59829798
1252.3,0.0,3139.87,5.33783,6.41625,6.12766,0.233317,0.38996,0.0,0.0,1.67137,1252.3,749.2655726,0.38996,0.233317,4.557937444
0.0,356.589,2034.19,3.37247,4.89298,4.78022,0.0,0.0,0.0938476,0.21456,2.28626,356.589,155.9704496,0.21456,0.0938476,2.601867205
256.045,270.977,1674.2,3.72004,4.92982,4.92982,0.0762316,0.13516,0.0749118,0.13282,1.77302,527.022,297.2453779,0.26798,0.1511434,2.433029729
0.0,606.956,4259.09,3.26263,5.29124,5.25532,0.0,0.0,0.193467,0.2891,1.49431,606.956,406.1781023,0.2891,0.193467,5.242848354
693.53,17.6302,5470.99,4.15335,5.06649,5.0528,0.226418,0.24556,0.0108986,0.01182,1.08454,711.1602,655.7251922,0.25738,0.2373166,6.788886062
1717.32,0.0,19549.9,7.77882,13.28738,13.22247,0.838581,0.5957,0.0,0.0,0.710367,1717.32,2417.510949,0.5957,0.838581,18.01813297
1660.73,0.0,2989.25,5.19916,6.77782,6.76838,0.420043,0.47538,0.0,0.0,1.13174,1660.73,1467.41301,0.47538,0.420043,8.968392233
0.0,562.682,1203.73,2.80655,6.17073,6.17073,0.0,0.0,0.167682,0.28086,1.67496,562.682,335.9375746,0.28086,0.167682,2.615352652
2177.6,0.0,12151.7,7.77962,11.39371,11.39371,0.856306,0.67586,0.0,0.0,0.789274,2177.6,2758.991174,0.67586,0.856306,16.0348995
1303.53,0.0,3099.17,3.74541,5.06441,5.02547,0.242077,0.39964,0.0,0.0,1.65088,1303.53,789.5970634,0.39964,0.242077,4.584982496
1775.6,0.0,8248.29,10.79912,11.26336,11.26336,0.640715,0.56318,0.0,0.0,0.878987,1775.6,2020.052629,0.56318,0.640715,13.5469809
1583.15,0.255786,17125.6,7.59473,8.2086,8.16471,0.380425,0.46692,0.0,0.0,1.22736,1583.405786,1290.090753,0.46692,0.380425,8.209074282
996.321,112.933,2903.46,4.27878,6.07415,5.44099,0.365928,0.35318,0.0540635,0.05218,0.965162,1109.254,1149.293072,0.40536,0.4199915,8.482429117
0.0,77.4973,6165.41,2.61525,3.99913,3.98549,0.0,0.0,0.0323828,0.04426,1.36677,77.4973,56.70105431,0.04426,0.0323828,1.964897323
1817.33,0.0,16833.1,5.10678,7.88398,6.00855,0.705393,0.5297,0.0,0.0,0.750929,1817.33,2420.108958,0.5297,0.705393,15.82661591
1295.94,0.0,2816.64,16.84411,16.92414,16.92414,1.06216,0.7174,0.0,0.0,0.675419,1295.94,1918.720083,0.7174,1.06216,17.62568034
0.0,9.10758,773.13,2.55625,3.82815,3.82815,0.0,0.0,0.0,0.0,1.43716,9.10758,6.337206713,0.0,0.0,3.567259387
0.0,695.317,1023.21,3.39372,5.3614,5.3614,0.0,0.0,0.192786,0.29056,1.50716,695.317,461.342525,0.29056,0.192786,5.091447205
0.0,433.855,1635.81,2.8824,5.58636,5.58636,0.0,0.0,0.156427,0.23204,1.48338,433.855,292.4773153,0.23204,0.156427,3.130144816
1228.0,0.0,11342.3,8.43627,10.92065,10.92065,0.400856,0.41492,0.0,0.0,1.03509,1228.0,1186.370267,0.41492,0.400856,7.968164516
1964.87,0.0,5736.07,10.09881,11.04017,11.0096,0.931142,0.74946,0.0,0.0,0.804882,1964.87,2441.190137,0.74946,0.931142,13.478834
0.0,896.072,1435.78,3.57907,5.69914,5.69914,0.0,0.0,0.238452,0.3288,1.37889,896.072,649.8502419,0.3288,0.238452,6.288791201
0.0,236.398,1451.93,3.49488,4.8581,4.85158,0.0,0.0,0.0920059,0.14494,1.57533,236.398,150.0625266,0.14494,0.0920059,1.943809214
0.0,153.095,983.826,2.97954,4.33819,4.33146,0.0,0.0,0.103347,0.16012,1.54934,153.095,98.81304297,0.16012,0.103347,3.744997358
0.0,193.021,1137.77,2.96544,4.46851,4.43427,0.0,0.0,0.0861251,0.15308,1.77741,193.021,108.5967785,0.15308,0.0861251,3.29706097
2347.02,0.0,2858.11,4.98752,7.28969,7.24267,0.729685,0.60836,0.0,0.0,0.833729,2347.02,2815.087397,0.60836,0.729685,14.11910324
1170.03,0.0,1373.92,5.42795,6.86556,6.77124,0.211716,0.3651,0.0,0.0,1.72448,1170.03,678.482789,0.3651,0.211716,3.75298035
626.66,12.2568,9791.68,3.80274,4.93858,4.91529,0.124815,0.1867,0.00647141,0.00968,1.49581,638.9168,427.1376712,0.19638,0.13128641,3.956302965
768.258,0.0,1873.02,4.78872,5.31005,5.30922,0.1781,0.28602,0.0,0.0,1.60595,768.258,478.3822659,0.28602,0.1781,3.273259277
1143.23,0.0,6649.42,6.10487,6.74707,6.74209,0.33335,0.34148,0.0,0.0,1.02439,1143.23,1116.010504,0.34148,0.33335,8.344864901
456.09,0.0,1663.64,6.00289,6.336,6.33424,0.0710902,0.16406,0.0,0.0,2.30777,456.09,197.6323464,0.16406,0.0710902,2.04777642
1193.38,0.0,4354.82,5.71769,6.43873,6.32596,0.126582,0.40556,0.0,0.0,3.20394,1193.38,372.4726431,0.40556,0.126582,1.949809331
0.0,226.516,6416.99,2.58883,5.3897,5.35585,0.0,0.0,0.0347238,0.09944,2.86374,226.516,79.0979628,0.09944,0.0347238,1.687020623
2031.31,0.0,2834.35,4.31318,7.25975,7.25513,0.617899,0.59288,0.0,0.0,0.959509,2031.31,2117.03069,0.59288,0.617899,13.26875449
1407.69,0.0,1449.09,6.90641,7.12052,7.12052,0.411796,0.47158,0.0,0.0,1.14518,1407.69,1229.230339,0.47158,0.411796,9.982399792
799.471,0.0,4180.48,3.73927,5.08356,5.05208,0.249358,0.32984,0.0,0.0,1.32275,799.471,604.4006804,0.32984,0.249358,5.817366279
306.301,0.900581,2787.21,3.89223,4.46919,4.46919,0.0736208,0.13252,0.0,0.0,1.80004,307.201581,170.6637525,0.13252,0.0736208,2.605151296
501.623,0.0,1078.24,4.21977,5.14094,5.13595,0.124849,0.20066,0.0,0.0,1.60723,501.623,312.1040548,0.20066,0.124849,2.954347397
1419.42,0.0,2773.08,7.09719,7.25665,7.24714,0.425327,0.47078,0.0,0.0,1.10687,1419.42,1282.372817,0.47078,0.425327,9.589029508
1969.91,0.0,30106.1,6.51652,13.06874,13.06768,0.797223,0.61044,0.0,0.0,0.765708,1969.91,2572.664776,0.61044,0.797223,16.06101876
2514.19,0.0,3972.81,7.30778,9.70207,9.6821,0.320256,0.71806,0.0,0.0,2.24214,2514.19,1121.334975,0.71806,0.320256,3.270777274
1063.81,18.3483,2079.23,6.23818,7.72851,7.68217,0.31135,0.34742,0.0275126,0.0307,1.11585,1082.1583,969.8062464,0.37812,0.3388626,9.056009957
0.0,219.366,702.921,3.54145,4.40066,4.40066,0.0,0.0,0.135018,0.19632,1.45403,219.366,150.8675887,0.19632,0.135018,3.268784903
871.628,14.3452,4326.56,5.18077,6.31655,6.31594,0.228204,0.28238,0.00564086,0.00698,1.2374,885.9732,715.9957976,0.28936,0.23384486,6.311563785
657.738,0.0,1443.49,3.84866,5.6085,5.6085,0.133743,0.23244,0.0,0.0,1.73795,657.738,378.4562272,0.23244,0.133743,3.27021304
874.571,126.687,15678.7,10.48506,14.84172,14.13115,0.448911,0.35892,0.0587341,0.04696,0.799535,1001.258,1252.3004,0.40588,0.5076451,8.456050676
0.0,866.272,1871.99,3.06561,6.3794,6.3794,0.0,0.0,0.192615,0.29512,1.53218,866.272,565.385268,0.29512,0.192615,6.438255148
2043.0,0.0,17022.4,6.11184,9.64899,9.56598,0.80407,0.57728,0.0,0.0,0.717947,2043.0,2845.613952,0.57728,0.80407,16.60924247
0.0,705.94,2437.44,2.95204,5.12907,5.12235,0.0,0.0,0.274847,0.29098,1.0587,705.94,666.7989043,0.29098,0.274847,8.624516436
0.0,442.332,6658.6,3.70181,5.43071,5.40149,0.0,0.0,0.120841,0.19608,1.62262,442.332,272.6035671,0.19608,0.120841,3.531639115
945.623,0.0,2846.45,4.56082,5.44129,5.37266,0.288972,0.33836,0.0,0.0,1.17091,945.623,807.5966556,0.33836,0.288972,6.032074665
356.306,0.0,1777.76,4.08701,5.083,5.083,0.126731,0.1426,0.0,0.0,1.12522,356.306,316.6545209,0.1426,0.126731,3.768092596
0.0,53.0611,1356.14,3.23248,4.05172,4.05172,0.0,0.0,0.0449767,0.0626,1.39183,53.0611,38.12326218,0.0626,0.0449767,1.307834347
0.0,260.007,1937.12,3.57779,4.74887,4.74887,0.0,0.0,0.0916831,0.14484,1.57979,260.007,164.5832674,0.14484,0.0916831,2.222185348
826.578,0.0,3615.16,4.22597,5.76843,5.76843,0.272208,0.32972,0.0,0.0,1.21128,826.578,682.4004359,0.32972,0.272208,5.369213826
0.0,320.185,7471.16,2.99444,5.39452,5.35605,0.0,0.0,0.0908707,0.12364,1.36061,320.185,235.3245971,0.12364,0.0908707,3.091258152
0.0,338.524,1473.42,3.23479,5.08743,5.07492,0.0,0.0,0.11479,0.18454,1.60763,338.524,210.5733284,0.18454,0.11479,2.783036055
0.0,418.01,1611.58,3.63666,4.76348,4.76348,0.0,0.0,0.172689,0.24414,1.41375,418.01,295.6746242,0.24414,0.172689,3.262969063
0.0,274.121,1462.01,3.66108,5.0019,4.98081,0.0,0.0,0.0989088,0.15474,1.56447,274.121,175.216527,0.15474,0.0989088,1.968028543
1190.51,0.0,2830.15,5.08733,5.95987,5.95987,0.266198,0.38738,0.0,0.0,1.45523,1190.51,818.0906111,0.38738,0.266198,6.854342645
980.527,0.0,4236.91,4.23353,5.93161,5.92922,0.291299,0.3288,0.0,0.0,1.12874,980.527,868.6916385,0.3288,0.291299,6.576339288
0.0,415.405,3375.21,2.90872,5.59886,5.57807,0.0,0.0,0.0944231,0.19512,2.06644,415.405,201.0244672,0.19512,0.0944231,2.702393179
1507.29,0.0,19842.0,7.37068,8.84143,8.64635,0.457441,0.43974,0.0,0.0,0.961303,1507.29,1567.965563,0.43974,0.457441,10.99011516
0.0,139.842,321.036,2.79127,4.25105,4.25105,0.0,0.0,0.0724891,0.19032,2.6255,139.842,53.26299752,0.19032,0.0724891,2.027473082
1846.89,0.0,36670.0,9.03515,24.30948,24.30948,2.12889,0.81396,0.0,0.0,0.38234,1846.89,4830.491186,0.81396,2.12889,24.17092449
1296.57,0.0,4919.28,10.04767,10.50032,10.49797,0.468966,0.46074,0.0,0.0,0.982459,1296.57,1319.719194,0.46074,0.468966,10.3360983
1768.06,0.0,3944.68,4.32228,6.00836,5.97615,0.67586,0.5405,0.0,0.0,0.799722,1768.06,2210.843268,0.5405,0.67586,14.80006309
0.0,273.282,3477.77,2.53963,5.06427,5.06427,0.0,0.0,0.16477,0.21912,1.32985,273.282,205.4983645,0.21912,0.16477,4.267538025
1106.26,0.0,2513.89,4.76331,5.60935,5.55768,0.334974,0.37212,0.0,0.0,1.11089,1106.26,995.8321706,0.37212,0.334974,7.47656119
1915.59,0.0,26592.5,7.20114,11.28278,11.28278,0.658236,0.59914,0.0,0.0,0.910221,1915.59,2104.532855,0.59914,0.658236,13.54984979
0.0,307.94,6828.29,2.92143,5.0543,5.0543,0.0,0.0,0.133688,0.15362,1.14909,307.94,267.9859715,0.15362,0.133688,3.549673959
0.0,70.2468,2459.28,2.7382,4.29618,3.37978,0.0,0.0,0.0435834,0.08,1.83556,70.2468,38.26995576,0.08,0.0435834,1.97901362
0.0,767.476,4607.85,3.54235,5.26498,5.26498,0.0,0.0,0.206517,0.30212,1.46293,767.476,524.6156686,0.30212,0.206517,5.071506712
1728.95,0.0,18750.5,5.06719,7.09965,7.09965,0.396949,0.4194,0.0,0.0,1.05656,1728.95,1636.395472,0.4194,0.396949,9.750086797
0.0,485.532,1767.97,3.32444,4.4009,4.4009,0.0,0.0,0.130638,0.22238,1.70226,485.532,285.2278735,0.22238,0.130638,4.717970657
2080.11,0.0,2786.99,10.66908,11.94079,11.94079,1.42231,0.73684,0.0,0.0,0.51806,2080.11,4015.191291,0.73684,1.42231,21.36653208
2193.77,0.0,11535.3,6.15411,11.32631,11.32631,0.920574,0.6839,0.0,0.0,0.742906,2193.77,2952.957709,0.6839,0.920574,18.58155884
0.0,28.3932,3235.54,2.53303,4.11804,4.1151,0.0,0.0,0.0335319,0.04194,1.25075,28.3932,22.70093944,0.04194,0.0335319,1.863501198
708.32,0.0,2204.14,5.0191,7.12952,7.12952,0.125351,0.24686,0.0,0.0,1.96935,708.32,359.671973,0.24686,0.125351,2.670424659
1062.69,0.0,844.046,3.92558,5.69776,5.6607,0.314248,0.39908,0.0,0.0,1.26995,1062.69,836.7967243,0.39908,0.314248,6.248387053
1395.77,0.0,1677.28,4.40941,5.66319,5.66319,0.447122,0.44694,0.0,0.0,0.999593,1395.77,1396.33831,0.44694,0.447122,12.49537544
0.0,198.941,1598.14,3.62057,4.36505,4.36492,0.0,0.0,0.0855132,0.12498,1.46153,198.941,136.1183144,0.12498,0.0855132,2.108244287
1982.67,0.0,3948.87,5.54799,11.48015,11.48015,0.845507,0.6352,0.0,0.0,0.751265,1982.67,2639.108703,0.6352,0.845507,18.93110608
478.703,0.0,4202.85,3.87362,6.64483,6.64483,0.140589,0.18814,0.0,0.0,1.33823,478.703,357.713547,0.18814,0.140589,3.050872595
1731.91,0.0,13214.2,5.2726,10.87616,10.87615,0.661935,0.55414,0.0,0.0,0.837152,1731.91,2068.811876,0.55414,0.661935,12.01132995
1388.28,0.0,16845.9,14.18335,15.37191,15.37191,1.87694,0.79402,0.0,0.0,0.42304,1388.28,3281.675492,0.79402,1.87694,19.45806416
742.537,0.0,3218.33,4.70307,5.97055,5.97055,0.198119,0.24268,0.0,0.0,1.22492,742.537,606.1922411,0.24268,0.198119,4.1480213
668.28,1.60443,2044.82,4.02282,4.78155,4.65286,0.197127,0.29336,0.0,0.0,1.48818,669.88443,450.1366972,0.29336,0.197127,5.715773423
0.0,162.71,4218.66,2.40949,4.40932,4.39576,0.0,0.0,0.0769221,0.17124,2.22615,162.71,73.09031287,0.17124,0.0769221,2.822229559
1074.77,0.0,5436.08,4.42191,5.99288,5.93648,0.237534,0.34052,0.0,0.0,1.43356,1074.77,749.7209744,0.34052,0.237534,5.800310728
1241.45,0.0,1846.53,4.94756,7.14061,7.14061,0.347129,0.4184,0.0,0.0,1.20532,1241.45,1029.975442,0.4184,0.347129,7.961556019
969.567,0.0,1577.67,4.28777,4.80464,4.80464,0.182872,0.28054,0.0,0.0,1.53408,969.567,632.0185388,0.28054,0.182872,5.471472027
691.644,0.0,4017.38,4.73872,6.49654,6.48371,0.183317,0.22744,0.0,0.0,1.24069,691.644,557.4672158,0.22744,0.183317,4.429220762
821.735,0.0,928.135,4.1075,4.78644,4.78644,0.20376,0.29104,0.0,0.0,1.42835,821.735,575.3036721,0.29104,0.20376,4.95721724
1455.38,0.0,1321.59,10.76348,11.63962,11.63962,0.642343,0.58766,0.0,0.0,0.91487,1455.38,1590.805251,0.58766,0.642343,14.43479159
1389.37,509.649,10603.3,5.58858,10.47062,8.23635,0.527946,0.41026,0.231866,0.18018,0.777087,1899.019,2443.766271,0.59044,0.759812,16.23279636
0.0,125.069,1482.19,2.63619,4.3132,4.3126,0.0,0.0,0.0862384,0.1293,1.49933,125.069,83.41659274,0.1293,0.0862384,3.872219399
1744.84,0.326227,35006.9,9.08074,12.11698,12.11414,1.00589,0.6236,0.0,0.0,0.619951,1745.166227,2815.006713,0.6236,1.00589,19.07672102
1397.33,486.659,11097.2,6.23965,9.98876,8.38247,0.585854,0.435,0.220712,0.16388,0.742505,1883.989,2537.341836,0.59888,0.806566,17.76453375
0.0,303.886,1564.94,3.54471,4.56897,4.54551,0.0,0.0,0.105496,0.20878,1.97903,303.886,153.5530032,0.20878,0.105496,2.123118921
1312.52,0.0,2104.38,5.87256,7.70412,7.69288,0.431688,0.44308,0.0,0.0,1.02639,1312.52,1278.773176,0.44308,0.431688,9.972163921
1452.88,0.0,1556.94,6.61758,8.40665,8.40665,0.442993,0.47678,0.0,0.0,1.07627,1452.88,1349.921488,0.47678,0.442993,10.02777268
1024.5,0.0,3341.82,3.84312,5.32196,5.29977,0.284277,0.32476,0.0,0.0,1.14241,1024.5,896.7883684,0.32476,0.284277,7.347139316
2167.39,0.0,1835.94,6.05824,8.53408,8.194,0.752447,0.64412,0.0,0.0,0.856034,2167.39,2531.897098,0.64412,0.752447,15.35038144
1397.47,0.0,1447.15,6.89369,7.07433,7.07243,0.493529,0.4714,0.0,0.0,0.955162,1397.47,1463.071186,0.4714,0.493529,11.16483449
1969.12,0.0,4572.83,5.09264,6.26427,6.24536,0.63546,0.52874,0.0,0.0,0.832059,1969.12,2366.562948,0.52874,0.63546,13.08157243
2335.42,0.0,5850.37,4.77379,5.86317,5.86317,0.390071,0.59022,0.0,0.0,1.51311,2335.42,1543.456854,0.59022,0.390071,4.264807272
2209.77,0.0,15389.7,6.45029,10.93218,10.92123,0.975286,0.7013,0.0,0.0,0.719071,2209.77,3073.09014,0.7013,0.975286,18.48296615
0.0,278.413,5377.53,3.50149,4.81584,4.77898,0.0,0.0,0.208394,0.23026,1.10493,278.413,251.9734282,0.23026,0.208394,6.403931269
1694.21,0.0,1289.58,8.25863,8.38886,8.38886,0.623521,0.57814,0.0,0.0,0.927218,1694.21,1827.197056,0.57814,0.623521,11.5539833
863.417,0.0,7020.42,5.62341,6.17335,6.16091,0.201905,0.25862,0.0,0.0,1.2809,863.417,674.0705754,0.25862,0.201905,4.580965382
2351.39,0.0,19504.9,6.90892,11.07776,11.06503,1.32658,0.7325,0.0,0.0,0.552172,2351.39,4258.437588,0.7325,1.32658,24.16836157
1445.03,0.0,3975.25,11.03917,11.38312,11.38312,0.493102,0.57832,0.0,0.0,1.17282,1445.03,1232.098702,0.57832,0.493102,11.37168108
1906.26,0.0,7197.36,13.24304,14.91316,14.91316,2.25952,0.82514,0.0,0.0,0.365184,1906.26,5219.998686,0.82514,2.25952,31.41156675
0.0,704.83,3792.34,2.94322,5.36618,5.19146,0.0,0.0,0.23898,0.2835,1.18629,704.83,594.1464566,0.2835,0.23898,4.980294193
0.0,400.445,2232.75,3.66843,4.70842,4.69527,0.0,0.0,0.242882,0.25594,1.05376,400.445,380.0153735,0.25594,0.242882,5.993734355
1324.42,0.0,2800.68,16.71746,16.78888,16.78888,1.02232,0.72914,0.0,0.0,0.713223,1324.42,1856.950771,0.72914,1.02232,17.04909687
0.0,150.737,929.244,2.51694,4.34605,4.34605,0.0,0.0,0.151617,0.2059,1.35802,150.737,110.9976289,0.2059,0.151617,4.170530063
657.41,0.0,8267.09,6.10381,6.49751,6.49751,0.164285,0.20742,0.0,0.0,1.26256,657.41,520.6960461,0.20742,0.164285,4.278444184
0.0,1447.56,49144.1,3.34249,9.7736,9.76424,0.0,0.0,0.300335,0.42548,1.41669,1447.56,1021.790229,0.42548,0.300335,6.395190985
1295.32,0.0,3217.67,6.89343,7.38233,7.38233,0.283667,0.41564,0.0,0.0,1.46524,1295.32,884.0326499,0.41564,0.283667,6.733497684
643.264,0.0,5982.14,4.08598,5.25085,5.25085,0.0997693,0.21174,0.0,0.0,2.1223,643.264,303.0975828,0.21174,0.0997693,2.127520498
0.0,79.9513,1048.16,2.89312,4.06927,4.06927,0.0,0.0,0.0722063,0.13508,1.87075,79.9513,42.73756515,0.13508,0.0722063,1.967549012
693.625,0.0,1364.91,5.20447,5.51433,5.51433,0.169777,0.2361,0.0,0.0,1.39065,693.625,498.7775501,0.2361,0.169777,3.147475039
0.0,22.1687,2642.32,2.70328,4.19485,3.77354,0.0,0.0,0.0148926,0.02658,1.78477,22.1687,12.42104025,0.02658,0.0148926,3.495201513
1430.73,0.0,2535.46,8.82764,9.88279,9.86175,0.685579,0.51978,0.0,0.0,0.758162,1430.73,1887.103284,0.51978,0.685579,14.68411615
731.738,0.0,4837.87,5.23213,6.46964,6.46178,0.18333,0.218,0.0,0.0,1.18911,731.738,615.3661142,0.218,0.18333,4.136931188
832.527,0.0,3049.9,4.49489,5.45055,5.37157,0.160264,0.29608,0.0,0.0,1.84745,832.527,450.6357412,0.29608,0.160264,3.7750213
737.975,0.0,1586.14,4.98271,6.87088,6.87088,0.195168,0.23776,0.0,0.0,1.21823,737.975,605.7764133,0.23776,0.195168,4.216823584
1992.91,0.0,1338.23,5.11467,6.80678,6.80678,0.488017,0.55034,0.0,0.0,1.12771,1992.91,1767.218522,0.55034,0.488017,12.12562524
466.786,0.0,2895.23,3.98613,4.66583,4.66523,0.134718,0.20226,0.0,0.0,1.50136,466.786,310.908776,0.20226,0.134718,2.101840279
986.418,13.0192,2562.22,5.06065,6.23718,6.23718,0.321977,0.33532,0.00896834,0.00934,1.04144,999.4372,959.6685359,0.34466,0.33094534,9.002905742
0.0,399.053,3333.88,3.51139,5.08501,5.08501,0.0,0.0,0.0742021,0.18038,2.43093,399.053,164.1565162,0.18038,0.0742021,2.928145304
0.0,268.011,2412.93,2.5027,5.15122,5.12356,0.0,0.0,0.0657152,0.13126,1.99741,268.011,134.1792621,0.13126,0.0657152,1.58358004
1532.62,129.896,17275.2,6.42809,7.57942,7.57942,0.38943,0.42316,0.0521621,0.05668,1.08661,1662.516,1530.002485,0.47984,0.4415921,9.24951149
1658.5,0.0,1989.23,7.11476,9.8037,9.8037,0.553932,0.5769,0.0,0.0,1.04146,1658.5,1592.475947,0.5769,0.553932,10.26529852
0.0,642.241,3538.3,3.63441,4.85504,4.85504,0.0,0.0,0.310431,0.31054,1.00035,642.241,642.0162943,0.31054,0.310431,7.845214408
1902.63,0.0,1372.13,4.37647,4.90097,4.90097,0.327145,0.5278,0.0,0.0,1.61335,1902.63,1179.303933,0.5278,0.327145,6.179697702
1566.21,0.0,7718.49,5.56771,8.63785,8.63785,0.335703,0.4571,0.0,0.0,1.36162,1566.21,1150.254843,0.4571,0.335703,6.023908432
2037.94,0.0,32706.8,8.52361,12.4053,12.40284,1.48125,0.76476,0.0,0.0,0.516295,2037.94,3947.239466,0.76476,1.48125,22.89989314
0.0,1130.36,4911.08,3.71625,5.88567,5.47513,0.0,0.0,0.358823,0.35816,0.998153,1130.36,1132.451638,0.35816,0.358823,8.360378365
0.0,323.851,3775.91,3.71612,4.75347,4.73943,0.0,0.0,0.115305,0.15768,1.3675,323.851,236.8197441,0.15768,0.115305,2.526617564
0.0,530.456,882.738,2.78356,4.77849,4.67171,0.0,0.0,0.193844,0.2997,1.54609,530.456,343.0951626,0.2997,0.193844,4.817599795
2198.26,0.0,1561.38,4.48545,5.90632,5.89414,0.655595,0.64984,0.0,0.0,0.991222,2198.26,2217.727209,0.64984,0.655595,6.58229876
1342.79,0.0,3234.14,8.69532,10.40349,10.40349,0.56669,0.51804,0.0,0.0,0.914151,1342.79,1468.892995,0.51804,0.56669,9.785149425
1275.6,0.0,3520.33,4.17541,5.73819,5.35962,0.38451,0.39222,0.0,0.0,1.02005,1275.6,1250.526935,0.39222,0.38451,8.910055055
2154.18,1.28958,2449.16,4.44582,5.63489,5.40576,0.569159,0.60376,0.0,0.0,1.06079,2155.46958,2031.947492,0.60376,0.569159,8.406687316
2587.2,0.0,3145.38,5.76486,8.24371,8.24371,0.924114,0.70338,0.0,0.0,0.761139,2587.2,3399.116324,0.70338,0.924114,18.66640151
2170.28,0.0,15533.6,6.99458,11.77413,11.77413,0.986197,0.6862,0.0,0.0,0.695804,2170.28,3119.096757,0.6862,0.986197,18.16106464
1681.82,0.0,11386.5,13.37931,15.27666,15.27666,0.771214,0.59932,0.0,0.0,0.777112,1681.82,2164.192549,0.59932,0.771214,10.78386486
1913.19,0.0,18194.8,6.59717,13.17296,13.17189,0.74316,0.6564,0.0,0.0,0.883255,1913.19,2166.067557,0.6564,0.74316,14.63580628
1038.55,0.0,3664.89,4.8025,6.50583,6.46746,0.230344,0.36832,0.0,0.0,1.599,1038.55,649.4996873,0.36832,0.230344,5.577021975
1452.36,0.0,1134.54,4.09918,5.27197,5.06094,0.442949,0.4872,0.0,0.0,1.0999,1452.36,1320.447313,0.4872,0.442949,5.926047484
2154.48,0.0,7175.12,5.00759,11.37766,10.17753,0.873202,0.60886,0.0,0.0,0.697273,2154.48,3089.865806,0.60886,0.873202,18.2623
1740.53,0.0,2368.84,4.59373,7.22618,7.22618,0.533809,0.51564,0.0,0.0,0.965963,1740.53,1801.859906,0.51564,0.533809,10.96229278
1129.43,100.137,2693.08,5.38978,7.55963,7.42723,0.312385,0.35104,0.0576289,0.06476,1.12374,1229.567,1094.173919,0.4158,0.3700139,8.512681773
478.162,0.0,2863.84,3.9457,4.6554,4.65434,0.126772,0.19948,0.0,0.0,1.57353,478.162,303.8785406,0.19948,0.126772,2.235088989
0.0,369.888,2689.79,3.3276,4.77676,4.59302,0.0,0.0,0.140926,0.2087,1.48092,369.888,249.7690625,0.2087,0.140926,4.481948112
1165.3,0.0,3619.5,4.33044,5.82793,5.82793,0.366725,0.39258,0.0,0.0,1.0705,1165.3,1088.556749,0.39258,0.366725,8.238716854
0.0,369.973,1796.66,2.91605,4.70788,4.70235,0.0,0.0,0.119051,0.15742,1.32229,369.973,279.7971701,0.15742,0.119051,3.899155331
642.607,0.0,5518.36,5.49714,6.23579,6.23579,0.131457,0.20866,0.0,0.0,1.58729,642.607,404.8453654,0.20866,0.131457,2.812749241
793.711,0.0,1396.51,4.41246,5.52672,5.51306,0.208568,0.27886,0.0,0.0,1.33702,793.711,593.6418303,0.27886,0.208568,4.252544412
1448.36,0.0,754.771,7.0978,7.50467,7.502,0.494285,0.50482,0.0,0.0,1.02131,1448.36,1418.139448,0.50482,0.494285,9.825412548
1302.94,0.510944,5564.86,4.57272,5.65964,5.65578,0.381651,0.3938,0.0,0.0,1.03183,1303.450944,1263.241953,0.3938,0.381651,9.880397392
0.0,10.0194,550.134,3.56149,3.89523,3.89523,0.0,0.0,0.0273083,0.05554,2.03382,10.0194,4.926394666,0.05554,0.0273083,2.696230411
0.0,53.6823,2800.6,3.36041,4.89962,4.89962,0.0,0.0,0.0327804,0.05656,1.72542,53.6823,31.11259867,0.05656,0.0327804,2.300449289
1328.85,0.0,734.118,4.23311,5.47175,5.43757,0.245616,0.40818,0.0,0.0,1.66186,1328.85,799.6160928,0.40818,0.245616,6.510731436
701.89,0.0,2282.0,5.05082,7.26683,7.26683,0.139951,0.25778,0.0,0.0,1.84193,701.89,381.0622554,0.25778,0.139951,2.94796676
1403.12,0.0,4062.36,4.52515,6.13875,6.13614,0.415373,0.41266,0.0,0.0,0.993468,1403.12,1412.34544,0.41266,0.415373,8.752655133
955.816,0.0,5418.89,5.43796,8.86857,8.86857,0.166633,0.29072,0.0,0.0,1.74467,955.816,547.8491635,0.29072,0.166633,3.971195182
0.0,769.659,2477.21,3.16561,5.0417,5.0417,0.0,0.0,0.304982,0.3177,1.0417,769.659,738.8489968,0.3177,0.304982,8.811406258
2072.45,0.0,11192.4,4.1914,6.16822,6.16041,0.637498,0.54424,0.0,0.0,0.853713,2072.45,2427.572264,0.54424,0.637498,13.97626237
0.0,1331.47,5974.18,3.49654,7.57859,7.57859,0.0,0.0,0.344663,0.4016,1.1652,1331.47,1142.696533,0.4016,0.344663,8.968376607
0.0,2.78178,5676.28,2.85699,3.80201,3.80201,0.0,0.0,0.0,0.0,1.17977,2.78178,2.357900269,0.0,0.0,3.85477706
0.0,31.3261,1803.89,2.85782,4.00797,3.79346,0.0,0.0,0.0188904,0.05298,2.8046,31.3261,11.16954289,0.05298,0.0188904,1.304694074
521.408,0.0,1213.78,4.98367,5.16273,5.16273,0.124869,0.18568,0.0,0.0,1.48699,521.408,350.6466082,0.18568,0.124869,2.410024479
0.0,181.592,18056.3,3.53481,5.87895,5.87671,0.0,0.0,0.0367326,0.05734,1.56101,181.592,116.3298121,0.05734,0.0367326,1.277379319
1399.11,0.0,3522.83,4.54894,8.97967,7.97865,0.321207,0.4499,0.0,0.0,1.40065,1399.11,998.9005105,0.4499,0.321207,6.916028996
897.36,8.86442,8084.85,5.18062,6.8059,6.69956,0.207856,0.2944,0.0114236,0.01618,1.41637,906.22442,639.8218121,0.31058,0.2192796,5.683814155
0.0,390.609,8886.46,2.42079,5.19312,5.19224,0.0,0.0,0.0737793,0.15892,2.15399,390.609,181.3420675,0.15892,0.0737793,2.531340892
0.0,222.603,690.99,3.70372,4.0542,4.0512,0.0,0.0,0.0917973,0.16864,1.83709,222.603,121.1715267,0.16864,0.0917973,3.42005099
1913.41,0.0,757.704,4.00336,4.84844,4.83678,0.745103,0.7091,0.0,0.0,0.951681,1913.41,2010.55816,0.7091,0.745103,17.73444124
709.317,0.0,2241.18,5.04936,7.20433,7.20433,0.13161,0.24922,0.0,0.0,1.89362,709.317,374.5825456,0.24922,0.13161,2.797270291
0.0,66.7459,1227.09,2.81759,4.13408,4.08547,0.0,0.0,0.0647405,0.12688,1.95983,66.7459,34.05698453,0.12688,0.0647405,4.244372054
502.415,0.0,2928.08,3.85639,4.69173,4.66215,0.153328,0.25538,0.0,0.0,1.66558,502.415,301.645673,0.25538,0.153328,4.61076277
0.0,203.194,1962.93,2.96776,4.33955,4.33955,0.0,0.0,0.128074,0.22366,1.74633,203.194,116.3548699,0.22366,0.128074,3.830936282
2408.91,0.0,5158.63,7.54281,10.31977,10.31977,1.63396,0.73244,0.0,0.0,0.44826,2408.91,5373.912462,0.73244,1.63396,26.86350638
549.859,0.0,1852.03,4.27611,4.89361,4.89361,0.122599,0.19988,0.0,0.0,1.63035,549.859,337.2643911,0.19988,0.122599,2.766955314
0.0,134.388,7303.15,2.77336,4.38669,4.37293,0.0,0.0,0.0480861,0.09974,2.0742,134.388,64.79028059,0.09974,0.0480861,3.864307207
2343.44,0.0,3606.85,5.16908,6.74711,6.7416,0.640027,0.59274,0.0,0.0,0.926118,2343.44,2530.390296,0.59274,0.640027,11.87183847
1914.85,0.0,27031.9,7.37433,9.1752,9.1752,0.524142,0.50482,0.0,0.0,0.963135,1914.85,1988.142888,0.50482,0.524142,10.52050093
0.0,73.3543,725.848,2.49445,4.43825,4.41158,0.0,0.0,0.0929707,0.13446,1.44626,73.3543,50.71999502,0.13446,0.0929707,0.156614013
1807.39,0.0,9846.34,7.79992,9.00524,9.00524,0.650358,0.54386,0.0,0.0,0.836247,1807.39,2161.311192,0.54386,0.650358,11.40690707
2154.5,0.0,3449.39,5.99614,9.10869,8.54669,0.79509,0.6263,0.0,0.0,0.787709,2154.5,2735.147117,0.6263,0.79509,14.15845294
1282.81,0.0,3628.6,8.51256,9.07645,9.07645,0.397431,0.45274,0.0,0.0,1.13917,1282.81,1126.091804,0.45274,0.397431,8.011163782
1450.49,0.0,1326.99,10.64646,11.39615,11.39615,0.49137,0.57546,0.0,0.0,1.17113,1450.49,1238.538847,0.57546,0.49137,10.97430914
926.057,0.0,3289.83,5.00855,5.72682,5.71823,0.246194,0.31528,0.0,0.0,1.28062,926.057,723.1317643,0.31528,0.246194,4.862015223
1781.07,0.0,2513.9,5.83841,8.27371,8.27371,0.511233,0.55106,0.0,0.0,1.0779,1781.07,1652.351795,0.55106,0.511233,10.99416483
0.0,599.281,1450.06,3.42361,5.3367,5.32312,0.0,0.0,0.183355,0.23688,1.29192,599.281,463.8685058,0.23688,0.183355,4.093482899
0.0,850.721,2767.43,3.50411,5.34756,5.30221,0.0,0.0,0.253914,0.31214,1.22931,850.721,692.0313021,0.31214,0.253914,7.955817322
399.893,0.0,2363.83,4.02229,4.32654,4.32654,0.108449,0.16808,0.0,0.0,1.54985,399.893,258.0204536,0.16808,0.108449,3.352569449
1941.58,0.0,19978.4,8.18203,10.26548,10.23692,1.07763,0.7153,0.0,0.0,0.66377,1941.58,2925.07947,0.7153,1.07763,21.57254337
0.0,475.991,892.763,2.53461,5.12474,5.03697,0.0,0.0,0.131572,0.2753,2.09238,475.991,227.4878368,0.2753,0.131572,2.95051247
980.032,0.0,3039.96,7.44113,8.68497,8.68497,0.232895,0.32,0.0,0.0,1.37401,980.032,713.2640956,0.32,0.232895,5.564825723
876.711,0.0,2854.12,3.8099,6.24462,6.24462,0.130931,0.36054,0.0,0.0,2.75365,876.711,318.381421,0.36054,0.130931,2.070435585
2873.55,0.0,7209.64,4.89469,8.83543,8.82746,1.0051,0.62752,0.0,0.0,0.624336,2873.55,4602.56977,0.62752,1.0051,20.37588175
0.0,95.1508,2007.43,3.1886,4.07915,4.07915,0.0,0.0,0.0635027,0.1096,1.72591,95.1508,55.13080056,0.1096,0.0635027,3.200558712
0.0,390.368,2950.61,3.14009,4.58378,4.58378,0.0,0.0,0.149631,0.21972,1.46841,390.368,265.8440081,0.21972,0.149631,3.244930913
1091.54,0.0,10171.9,5.33563,6.29571,6.29134,0.222754,0.35124,0.0,0.0,1.57681,1091.54,692.2457366,0.35124,0.222754,5.740184071
1989.72,0.0,7503.68,8.86576,9.50607,9.50607,0.682216,0.58946,0.0,0.0,0.864037,1989.72,2302.818051,0.58946,0.682216,13.24430392
0.0,197.405,1022.43,3.24991,4.43443,4.43374,0.0,0.0,0.115977,0.22726,1.95953,197.405,100.740994,0.22726,0.115977,2.411355238
0.0,328.117,3183.18,3.35897,5.31637,5.31637,0.0,0.0,0.116763,0.15482,1.32593,328.117,247.4617815,0.15482,0.116763,3.48846165
0.0,295.034,5949.82,3.07888,4.88964,4.88964,0.0,0.0,0.100854,0.13914,1.37961,295.034,213.8531904,0.13914,0.100854,3.141591878
2187.12,0.0,11274.5,6.16089,10.92188,10.13253,0.92041,0.6728,0.0,0.0,0.730979,2187.12,2992.042179,0.6728,0.92041,18.62363535
1561.89,0.0,17024.3,7.79985,8.32352,8.25756,0.373574,0.46124,0.0,0.0,1.23467,1561.89,1265.026282,0.46124,0.373574,8.201021383
0.0,557.814,5834.95,3.71608,4.67642,4.67441,0.0,0.0,0.145634,0.28426,1.95188,557.814,285.7829375,0.28426,0.145634,3.662847683
0.0,640.623,1420.36,3.45442,5.0614,5.0614,0.0,0.0,0.278363,0.36442,1.30915,640.623,489.3427033,0.36442,0.278363,3.811984991
0.0,261.006,844.895,3.48673,4.44828,4.44828,0.0,0.0,0.166051,0.2247,1.3532,261.006,192.8805794,0.2247,0.166051,6.85365274
1131.58,3.84739,30374.0,6.36836,7.14794,7.14653,0.268949,0.3294,0.000898128,0.0011,1.22477,1135.42739,927.0535611,0.3305,0.269847128,7.212968066
0.0,687.062,3647.67,3.6274,5.69957,5.5194,0.0,0.0,0.207923,0.27158,1.30616,687.062,526.0167208,0.27158,0.207923,5.250336613
0.0,687.676,3016.42,3.61798,4.47893,4.46305,0.0,0.0,0.292403,0.33746,1.15409,687.676,595.8599416,0.33746,0.292403,7.34567912
0.0,344.538,3051.66,2.98056,4.41795,4.41698,0.0,0.0,0.204232,0.23298,1.14076,344.538,302.0249658,0.23298,0.204232,6.568204132
1322.81,0.0,3774.45,4.22882,7.24568,6.95314,0.190103,0.40746,0.0,0.0,2.14337,1322.81,617.1636255,0.40746,0.190103,6.621846801
2916.46,0.0,6355.56,6.77342,8.54387,8.52787,1.33723,0.7581,0.0,0.0,0.56692,2916.46,5144.394271,0.7581,1.33723,25.17006043
1358.33,0.0,1288.97,6.82273,6.95996,6.95996,0.436064,0.46536,0.0,0.0,1.06718,1358.33,1272.821829,0.46536,0.436064,11.22925462
1030.31,1.49542,27072.5,7.98277,8.75886,8.75886,0.264524,0.31322,0.000675626,0.0008,1.18409,1031.80542,871.3910429,0.31402,0.265199626,6.549231191
1507.4,0.0,5041.54,4.15655,6.77563,6.73512,0.456466,0.48832,0.0,0.0,1.06978,1507.4,1409.074763,0.48832,0.456466,10.1148894
0.0,243.466,795.339,3.2707,4.33334,4.32726,0.0,0.0,0.0831345,0.15496,1.86397,243.466,130.6169091,0.15496,0.0831345,2.911453675
0.0,10.9714,2381.52,3.02267,3.81571,3.81522,0.0,0.0,0.0,0.0,1.65837,10.9714,6.61577332,0.0,0.0,3.172771232
0.0,575.037,3294.42,3.04693,5.38691,5.37271,0.0,0.0,0.142015,0.21178,1.49125,575.037,385.6073764,0.21178,0.142015,3.540375992
1311.75,0.0,11254.4,4.78067,6.04771,6.04165,0.337436,0.36224,0.0,0.0,1.07351,1311.75,1221.926205,0.36224,0.337436,7.472689114
457.883,0.0,1939.35,3.74181,4.30967,4.30967,0.171377,0.30292,0.0,0.0,1.76757,457.883,259.0466007,0.30292,0.171377,3.650343622
825.439,0.0,903.121,3.87557,4.43647,4.43647,0.16836,0.27842,0.0,0.0,1.65372,825.439,499.1407252,0.27842,0.16836,4.795726849
2167.33,0.0,17285.6,7.93508,15.0741,15.07409,1.285,0.76032,0.0,0.0,0.591689,2167.33,3662.954694,0.76032,1.285,21.33767733
2218.09,2.56459,2463.08,4.50803,5.65854,5.65314,0.577645,0.6093,0.0,0.0,1.0548,2220.65459,2105.284973,0.6093,0.577645,8.512677041
1196.33,0.0,1364.15,5.27542,5.40721,5.40721,0.317624,0.37614,0.0,0.0,1.18423,1196.33,1010.21761,0.37614,0.317624,6.552122842
2524.46,0.0,1405.53,7.53558,9.31006,9.30278,1.23697,0.71828,0.0,0.0,0.580679,2524.46,4347.427753,0.71828,1.23697,23.38838145
2256.36,0.0,3588.96,8.24745,8.57279,8.57279,1.05009,0.7413,0.0,0.0,0.705939,2256.36,3196.253501,0.7413,1.05009,8.909237527
813.479,0.0,3782.29,4.23281,5.11458,5.10868,0.243221,0.29588,0.0,0.0,1.21651,813.479,668.6989832,0.29588,0.243221,10.00746422
309.599,0.0,3948.42,3.83465,5.38943,5.38943,0.060838,0.10418,0.0,0.0,1.71242,309.599,180.7961832,0.10418,0.060838,1.844709771
0.0,264.854,3190.44,3.03904,5.13227,4.82617,0.0,0.0,0.108908,0.166,1.52422,264.854,173.7636299,0.166,0.108908,2.769655594
1201.16,130.534,4702.17,4.58247,11.22482,11.22482,0.405906,0.41602,0.0551849,0.05656,1.02492,1331.694,1299.315068,0.47258,0.4610909,10.64525021
1627.39,0.0,2833.53,5.6508,9.05758,9.05758,0.302112,0.49446,0.0,0.0,1.63668,1627.39,994.3238752,0.49446,0.302112,5.442170233
1640.79,0.0,1678.75,4.08263,5.24587,5.23555,0.430161,0.4638,0.0,0.0,1.0782,1640.79,1521.786311,0.4638,0.430161,8.682278031
647.686,0.0,2172.37,4.5166,6.66976,6.66976,0.146169,0.232,0.0,0.0,1.58721,647.686,408.0657254,0.232,0.146169,3.780254249
2213.84,0.0,4568.49,7.63613,8.14195,7.99832,1.3817,0.6936,0.0,0.0,0.501992,2213.84,4410.110121,0.6936,1.3817,30.2880358
1523.82,0.0,1937.55,6.98768,7.45121,7.45121,0.522963,0.49438,0.0,0.0,0.945343,1523.82,1611.922868,0.49438,0.522963,12.51647083
0.0,234.846,1179.09,3.14826,4.457,4.45124,0.0,0.0,0.106655,0.22362,2.09667,234.846,112.0090429,0.22362,0.106655,2.767942119
0.0,556.495,4906.31,3.58022,5.9515,5.94467,0.0,0.0,0.127523,0.2162,1.69538,556.495,328.242046,0.2162,0.127523,3.232953714
2756.21,0.0,23922.1,5.3599,9.27242,9.27242,1.29257,0.70402,0.0,0.0,0.544667,2756.21,5060.35798,0.70402,1.29257,23.74907787
1982.22,0.0,17384.7,5.66775,7.32298,7.31573,0.462466,0.546,0.0,0.0,1.18063,1982.22,1678.951068,0.546,0.462466,9.529742866
1369.93,0.0,40223.3,17.06364,19.81856,19.63981,4.20846,0.8921,0.0,0.0,0.211978,1369.93,6462.60461,0.8921,4.20846,17.98682801
0.0,1241.83,1503.83,3.59671,5.43085,5.41371,0.0,0.0,0.535268,0.52764,0.985749,1241.83,1259.78317,0.52764,0.535268,6.780701284
1169.57,0.0,4357.58,4.48652,7.36462,7.35766,0.363124,0.40274,0.0,0.0,1.1091,1169.57,1054.521684,0.40274,0.363124,7.794288504
0.0,665.987,2186.52,3.42429,5.27877,5.23095,0.0,0.0,0.25552,0.31308,1.22527,665.987,543.5430558,0.31308,0.25552,6.720308834
1867.29,0.0,4804.44,5.82023,8.52599,6.87843,0.708638,0.55896,0.0,0.0,0.788781,1867.29,2367.311079,0.55896,0.708638,14.84265123
2289.81,0.0,6082.58,6.6264,7.76168,7.46116,0.897923,0.62658,0.0,0.0,0.69781,2289.81,3281.42331,0.62658,0.897923,20.16159111
1474.81,0.0,9760.99,10.49789,11.73822,11.73822,0.557084,0.57336,0.0,0.0,1.02922,1474.81,1432.939508,0.57336,0.557084,12.33913356
0.0,826.565,4174.32,3.60975,5.22305,4.94835,0.0,0.0,0.269225,0.33578,1.24721,826.565,662.7312161,0.33578,0.269225,6.847388766
0.0,381.229,2133.93,3.08547,4.79668,4.79668,0.0,0.0,0.117416,0.2121,1.8064,381.229,211.043512,0.2121,0.117416,2.335742198
381.203,0.0,3650.64,4.02922,4.60008,4.59612,0.117621,0.16576,0.0,0.0,1.40928,381.203,270.4948626,0.16576,0.117621,2.71217814
2145.27,0.0,4834.72,5.36514,8.07729,8.07375,0.878375,0.61984,0.0,0.0,0.705667,2145.27,3040.059972,0.61984,0.878375,11.02993124
1774.77,0.0,9726.18,7.98095,9.37773,9.37773,0.781582,0.5832,0.0,0.0,0.746179,1774.77,2378.47755,0.5832,0.781582,15.76174183
0.0,410.339,3129.5,3.07068,7.1541,7.15163,0.0,0.0,0.104819,0.16604,1.58406,410.339,259.0425868,0.16604,0.104819,4.653504677
0.0,604.021,1596.5,3.02326,4.95801,4.89301,0.0,0.0,0.170556,0.3196,1.87387,604.021,322.3387962,0.3196,0.170556,4.0837976
1952.08,0.0,10047.8,5.53552,8.42183,8.41851,0.650814,0.56192,0.0,0.0,0.863411,1952.08,2260.893132,0.56192,0.650814,13.73510669
1929.08,0.0,6214.04,9.82354,17.30249,17.30249,1.60718,0.82138,0.0,0.0,0.511068,1929.08,3774.605336,0.82138,1.60718,23.96565987
0.0,22.9022,2528.19,3.18947,4.06995,4.05011,0.0,0.0,0.0213685,0.03418,1.59955,22.9022,14.31790191,0.03418,0.0213685,3.279345302
1435.02,0.0,1831.72,6.66781,7.18163,7.16788,0.357161,0.46352,0.0,0.0,1.29779,1435.02,1105.741299,0.46352,0.357161,7.427111302
488.172,0.0,3790.07,6.9774,7.29399,7.2828,0.0854982,0.15716,0.0,0.0,1.83817,488.172,265.5750012,0.15716,0.0854982,3.098030365
0.0,384.535,3947.63,2.53066,5.35074,5.34212,0.0,0.0,0.120808,0.18218,1.50802,384.535,254.9933025,0.18218,0.120808,2.801531807
1467.03,0.0,1315.6,9.87899,11.1576,11.1576,0.48888,0.5775,0.0,0.0,1.18127,1467.03,1241.909132,0.5775,0.48888,11.19425264
0.0,13.6622,2456.73,2.47987,3.95851,3.94168,0.0,0.0,0.0252918,0.03444,1.36171,13.6622,10.03312012,0.03444,0.0252918,5.911207914
1874.43,0.0,2040.37,5.57745,6.73617,6.73408,0.449396,0.54958,0.0,0.0,1.22293,1874.43,1532.736951,0.54958,0.449396,10.37663241
0.0,240.428,12482.8,3.71957,4.73188,4.68499,0.0,0.0,0.0748056,0.09742,1.30231,240.428,184.6165659,0.09742,0.0748056,2.766035633
916.861,0.0,2518.75,4.23308,7.67887,7.64737,0.196777,0.30724,0.0,0.0,1.56136,916.861,587.2194753,0.30724,0.196777,4.95577779
532.063,0.0,2107.14,6.00668,6.11362,6.11362,0.108505,0.18572,0.0,0.0,1.71163,532.063,310.8516443,0.18572,0.108505,1.878816344
1644.84,0.0,6449.57,4.25779,5.94246,5.52872,0.450382,0.44818,0.0,0.0,0.995112,1644.84,1652.91947,0.44818,0.450382,10.26980345
1908.09,0.0,3748.6,6.19333,8.78773,8.65663,0.75791,0.56344,0.0,0.0,0.743413,1908.09,2566.662138,0.56344,0.75791,14.36024106
0.0,7.62019,1364.46,3.40945,3.83746,3.83746,0.0,0.0,0.0127263,0.02046,1.6077,7.62019,4.739808422,0.02046,0.0127263,3.006565728
2051.3,0.0,6747.9,4.74765,7.05179,7.05179,0.62669,0.56762,0.0,0.0,0.905742,2051.3,2264.772971,0.56762,0.62669,14.19140721
0.0,300.039,2607.74,2.87966,4.73151,4.7307,0.0,0.0,0.175509,0.26528,1.51149,300.039,198.5054483,0.26528,0.175509,3.09617449
1983.5,0.0,16508.9,8.36781,12.42499,12.40975,1.57488,0.74104,0.0,0.0,0.470537,1983.5,4215.396451,0.74104,1.57488,25.61186632
2052.62,0.0,12831.0,6.85619,10.92956,7.97786,0.604165,0.60318,0.0,0.0,0.99837,2052.62,2055.971233,0.60318,0.604165,13.13511782
636.842,72.5346,4317.54,3.86354,5.51262,5.23725,0.161473,0.25072,0.0343273,0.0533,1.5527,709.3766,456.8664906,0.30402,0.1958003,7.069671961
584.937,0.0,1576.92,4.28533,4.71676,4.60921,0.230297,0.30032,0.0,0.0,1.30405,584.937,448.5541199,0.30032,0.230297,4.89920475
1505.36,0.0,3038.85,4.42953,7.7619,7.71379,0.438825,0.45312,0.0,0.0,1.03258,1505.36,1457.862829,0.45312,0.438825,9.28162325
1982.45,0.0,4920.03,6.00384,8.00418,7.95536,0.72318,0.57394,0.0,0.0,0.793634,1982.45,2497.939856,0.57394,0.72318,13.64687361
914.327,0.0,3170.01,5.60829,6.97233,6.97233,0.210062,0.28536,0.0,0.0,1.35846,914.327,673.0614078,0.28536,0.210062,4.458863158
196.652,0.0,6194.84,4.0721,4.38086,4.38086,0.0702023,0.09508,0.0,0.0,1.35437,196.652,145.1981364,0.09508,0.0702023,2.542827159
0.0,199.422,1955.18,3.32862,4.44183,4.3853,0.0,0.0,0.0756918,0.14948,1.97485,199.422,100.980834,0.14948,0.0756918,3.607482024
1226.41,0.0,836.325,4.55866,5.87532,5.87532,0.232769,0.3598,0.0,0.0,1.54574,1226.41,793.4128637,0.3598,0.232769,6.345038237
0.0,578.365,1721.12,3.60752,4.84101,4.81391,0.0,0.0,0.241319,0.29952,1.24118,578.365,465.9799546,0.29952,0.241319,5.706253023
1091.2,0.0,1663.01,3.81551,4.99541,4.9844,0.332341,0.40958,0.0,0.0,1.23241,1091.2,885.419625,0.40958,0.332341,7.779793896
1891.4,0.0,11552.0,6.77563,8.78676,8.78676,0.647508,0.54862,0.0,0.0,0.847279,1891.4,2232.322529,0.54862,0.647508,13.99639196
0.0,1263.85,7603.7,3.48851,7.79609,7.69085,0.0,0.0,0.409021,0.45092,1.10244,1263.85,1146.411596,0.45092,0.409021,8.193850632
0.0,109.057,1286.94,2.7409,4.06064,4.02482,0.0,0.0,0.11454,0.15344,1.33962,109.057,81.408907,0.15344,0.11454,3.948738615
1857.26,0.0,4285.31,5.3332,7.50726,7.50699,0.502582,0.49818,0.0,0.0,0.991241,1857.26,1873.671489,0.49818,0.502582,9.759777877
464.617,0.0,2477.63,3.92184,4.69665,4.69665,0.108528,0.21376,0.0,0.0,1.96962,464.617,235.8916948,0.21376,0.108528,3.874422124
2676.95,0.0,2090.36,5.76979,7.54466,7.52984,0.892036,0.6822,0.0,0.0,0.764767,2676.95,3500.347165,0.6822,0.892036,17.19775838
1450.14,0.0,9022.24,9.45289,15.81778,13.62877,0.619378,0.59416,0.0,0.0,0.959285,1450.14,1511.688393,0.59416,0.619378,11.49863153
0.0,652.277,1240.8,3.53865,4.6624,4.56509,0.0,0.0,0.202574,0.34048,1.68077,652.277,388.082248,0.34048,0.202574,4.804249865
1765.08,0.0,7120.14,4.45148,7.77534,7.67594,0.453715,0.51128,0.0,0.0,1.12688,1765.08,1566.342468,0.51128,0.453715,11.45806884
2470.1,0.0,4875.71,7.19596,7.98338,7.98212,0.955282,0.6899,0.0,0.0,0.722195,2470.1,3420.267379,0.6899,0.955282,19.00162899
0.0,1031.33,4358.16,3.29675,5.81126,5.81126,0.0,0.0,0.226783,0.37516,1.65427,1031.33,623.4351104,0.37516,0.226783,4.521002208
1925.5,0.0,3072.83,8.86311,9.22928,9.22928,0.634963,0.62622,0.0,0.0,0.986231,1925.5,1952.382353,0.62622,0.634963,12.95025272
0.0,126.124,1146.14,3.39137,4.53693,4.51316,0.0,0.0,0.0764718,0.11546,1.50984,126.124,83.53467917,0.11546,0.0764718,2.503084818
1224.72,0.0,3564.94,4.9389,5.99664,5.9821,0.404763,0.41314,0.0,0.0,1.0207,1224.72,1199.882434,0.41314,0.404763,9.924551218
485.219,0.0,6602.83,4.10448,5.15222,5.14703,0.115716,0.16406,0.0,0.0,1.41779,485.219,342.2361563,0.16406,0.115716,2.601129008
702.213,21.5655,5466.55,4.1998,5.13748,5.12786,0.232168,0.252,0.0149435,0.01622,1.08542,723.7785,666.8188351,0.26822,0.2471115,6.897119704
1415.53,0.0,1488.36,5.74465,6.60931,6.60446,0.378606,0.44252,0.0,0.0,1.16881,1415.53,1211.08649,0.44252,0.378606,9.499749235
0.0,346.101,1369.82,2.89563,4.8713,4.84395,0.0,0.0,0.103405,0.25626,2.47822,346.101,139.6570926,0.25626,0.103405,3.017054668
2655.35,0.0,12786.0,5.8094,8.58065,8.54388,0.98522,0.68698,0.0,0.0,0.697286,2655.35,3808.121775,0.68698,0.98522,19.70750621
2558.19,0.0,24684.5,6.02223,12.08323,12.08322,1.52892,0.75696,0.0,0.0,0.495095,2558.19,5167.068946,0.75696,1.52892,26.45052458
1654.68,0.0,3176.23,5.59471,9.38154,9.38154,0.515685,0.53744,0.0,0.0,1.04219,1654.68,1587.695142,0.53744,0.515685,11.83186806
1831.78,0.0,7360.03,6.95652,9.26232,9.26232,0.641429,0.53766,0.0,0.0,0.838222,1831.78,2185.316062,0.53766,0.641429,12.88852843
0.0,393.846,6253.66,3.46442,4.87344,4.872,0.0,0.0,0.182329,0.19592,1.07454,393.846,366.5252108,0.19592,0.182329,5.393072425
1695.08,0.0,1145.41,4.14187,5.50022,5.49971,0.286216,0.50302,0.0,0.0,1.75748,1695.08,964.4946173,0.50302,0.286216,8.875216538
1458.69,0.0,4375.68,7.13068,7.25351,7.2425,0.465367,0.47698,0.0,0.0,1.02495,1458.69,1423.181619,0.47698,0.465367,10.34532238
0.0,1464.5,2383.7,3.29929,11.71277,11.70939,0.0,0.0,0.674445,0.56248,0.83399,1464.5,1756.016259,0.56248,0.674445,10.94243693
0.0,299.606,4531.16,3.70581,4.30529,4.15417,0.0,0.0,0.0964807,0.13038,1.35136,299.606,221.7070211,0.13038,0.0964807,3.21131462
2722.27,0.0,24054.9,5.37054,9.75529,9.54348,1.31964,0.7148,0.0,0.0,0.541661,2722.27,5025.781808,0.7148,1.31964,24.29269558
1438.12,0.0,1313.94,9.78872,11.01399,11.01003,0.478707,0.5662,0.0,0.0,1.18277,1438.12,1215.891509,0.5662,0.478707,10.95803459
1627.87,0.0,4292.06,4.40867,6.68503,6.68503,0.39645,0.44992,0.0,0.0,1.13487,1627.87,1434.41099,0.44992,0.39645,8.55142195
0.0,1017.21,1574.3,2.79362,6.275,6.2534,0.0,0.0,0.196733,0.3555,1.80702,1017.21,562.9212737,0.3555,0.196733,4.260799605
0.0,149.894,6968.17,3.5641,4.62064,4.61051,0.0,0.0,0.0497145,0.09756,1.96241,149.894,76.38261118,0.09756,0.0497145,1.331802775
0.0,340.582,1693.92,2.41172,4.35255,4.34035,0.0,0.0,0.197038,0.317,1.60882,340.582,211.6967715,0.317,0.197038,2.704249921
1175.54,0.0,918.663,4.21505,5.79442,5.67699,0.290215,0.40528,0.0,0.0,1.39648,1175.54,841.7879239,0.40528,0.290215,6.542991769
2018.64,0.0,15625.3,9.44524,10.85959,10.85959,1.25229,0.72544,0.0,0.0,0.579291,2018.64,3484.673506,0.72544,1.25229,23.61367458
480.098,0.0,1894.16,4.34552,4.95983,4.94679,0.0558229,0.1821,0.0,0.0,3.2621,480.098,147.1745195,0.1821,0.0558229,1.039709317
2049.19,0.0,21005.5,6.30332,11.48655,11.4793,0.806165,0.6487,0.0,0.0,0.804674,2049.19,2546.608937,0.6487,0.806165,15.98386688
2716.22,0.0,23705.9,5.34452,9.53654,9.53654,1.21479,0.69522,0.0,0.0,0.572297,2716.22,4746.172005,0.69522,1.21479,21.7547582
837.977,0.0,5262.7,4.37097,5.57616,5.56477,0.219614,0.2514,0.0,0.0,1.14473,837.977,732.0302604,0.2514,0.219614,5.627129438
0.0,169.04,8086.64,2.96147,4.36935,4.35185,0.0,0.0,0.0480604,0.06564,1.36578,169.04,123.7681032,0.06564,0.0480604,3.849848621
0.0,163.931,1056.83,3.6646,4.41588,4.35167,0.0,0.0,0.0829706,0.13364,1.61069,163.931,101.7768782,0.13364,0.0829706,3.171645807
0.0,111.273,707.655,3.25092,4.13183,4.13183,0.0,0.0,0.0604047,0.11374,1.88296,111.273,59.0947232,0.11374,0.0604047,1.434109843
0.0,131.781,2630.25,3.53659,4.17501,4.16692,0.0,0.0,0.108435,0.13686,1.26214,131.781,104.4107627,0.13686,0.108435,3.941129007
291.316,0.0,528.309,4.07273,4.23621,4.23621,0.105445,0.21968,0.0,0.0,2.08336,291.316,139.8298902,0.21968,0.105445,2.761982922
1871.36,0.0,5607.31,11.12419,11.38543,11.3774,1.85404,0.8108,0.0,0.0,0.437316,1871.36,4279.193992,0.8108,1.85404,28.94180369
519.589,0.0,2871.37,5.80961,7.45284,7.45257,0.10909,0.17422,0.0,0.0,1.59702,519.589,325.3490877,0.17422,0.10909,3.408772804
730.045,0.0,5208.2,4.4159,5.81668,5.81214,0.178272,0.23164,0.0,0.0,1.29937,730.045,561.8453558,0.23164,0.178272,3.879460168
498.494,227.866,1347.66,4.24917,5.62021,5.57976,0.142195,0.18686,0.111269,0.14622,1.31411,726.36,552.7391162,0.33308,0.253464,5.317393282
1479.06,0.0,3948.11,10.86073,11.63735,11.63667,0.477277,0.58694,0.0,0.0,1.22977,1479.06,1202.712702,0.58694,0.477277,10.51079833
0.0,829.442,8441.19,3.71306,7.02793,6.69058,0.0,0.0,0.20537,0.27162,1.32259,829.442,627.1346373,0.27162,0.20537,4.296069985
1584.99,4.34163,17430.4,4.29007,13.71044,13.71044,0.536545,0.54426,0.00589524,0.00598,1.01438,1589.33163,1566.801031,0.55024,0.54244024,11.24955466
692.259,0.0,9347.79,4.06957,7.31422,7.31422,0.141064,0.23388,0.0,0.0,1.65797,692.259,417.5340929,0.23388,0.141064,4.021342087
2159.62,0.0,12356.0,5.04294,6.41846,5.80487,0.609424,0.5168,0.0,0.0,0.848014,2159.62,2546.679654,0.5168,0.609424,15.98159451
1971.33,0.0,19613.1,5.22933,16.34087,16.33846,0.842455,0.60568,0.0,0.0,0.718946,1971.33,2741.972276,0.60568,0.842455,16.75529254
2058.82,0.0,8714.85,8.71131,9.64298,9.62069,0.768511,0.62214,0.0,0.0,0.809539,2058.82,2543.200513,0.62214,0.768511,15.47466639
0.0,80.1392,2056.76,3.23579,4.31173,4.17899,0.0,0.0,0.0812696,0.09638,1.18593,80.1392,67.57498335,0.09638,0.0812696,6.37359087
1598.99,0.0,8197.77,9.81151,10.78843,10.76706,0.356403,0.59334,0.0,0.0,1.6648,1598.99,960.4697261,0.59334,0.356403,2.923126735
0.0,5.19064,1393.64,3.2197,3.82761,3.73471,0.0,0.0,0.0,0.0,2.17209,5.19064,2.389698401,0.0,0.0,1.651437504
1899.6,0.0,3716.1,4.97088,6.11636,6.11301,0.481069,0.5495,0.0,0.0,1.14225,1899.6,1663.033487,0.5495,0.481069,10.06163901
2432.61,0.0,4723.07,5.80307,7.09205,7.09205,0.649929,0.6137,0.0,0.0,0.944258,2432.61,2576.213281,0.6137,0.649929,14.1638097
966.039,251.569,8072.22,4.20487,7.45471,6.02758,0.0916809,0.29986,0.0261596,0.08556,3.27069,1217.608,372.2786323,0.38542,0.1178405,2.108314022
0.0,371.954,1066.88,2.56593,4.82555,4.82555,0.0,0.0,0.0919416,0.17302,1.88185,371.954,197.653373,0.17302,0.0919416,3.282465386
1664.98,0.0,3149.85,6.3767,7.6272,7.6272,0.456196,0.5058,0.0,0.0,1.10873,1664.98,1501.700143,0.5058,0.456196,10.63634559
1270.38,0.0,594.912,5.06086,6.25146,6.0647,0.407668,0.41792,0.0,0.0,1.02515,1270.38,1239.213774,0.41792,0.407668,8.320732755
1971.78,0.0,11451.8,7.19983,12.36077,12.34485,0.964851,0.66364,0.0,0.0,0.687816,1971.78,2866.725985,0.66364,0.964851,15.92557355
0.0,256.525,3196.83,2.82437,4.68971,4.49962,0.0,0.0,0.107362,0.18334,1.70768,256.525,150.218425,0.18334,0.107362,2.710302911
586.182,11.419,1148.82,4.36379,5.11388,5.09892,0.161935,0.21774,0.0315778,0.04246,1.34461,597.601,444.4418828,0.2602,0.1935128,5.215426852
0.0,5.80951,1076.21,3.12538,3.82629,3.82441,0.0,0.0,0.0143802,0.02394,1.66479,5.80951,3.489635329,0.02394,0.0143802,1.642954808
678.646,0.0,2195.74,4.89301,7.12611,7.12611,0.124702,0.2474,0.0,0.0,1.98392,678.646,342.0732691,0.2474,0.124702,2.71346429
0.0,162.432,1860.91,2.56312,4.67005,4.66185,0.0,0.0,0.0846756,0.14542,1.71738,162.432,94.58128079,0.14542,0.0846756,3.786163131
0.0,519.71,3961.03,3.64569,4.80954,4.72725,0.0,0.0,0.192285,0.24388,1.26832,519.71,409.7625205,0.24388,0.192285,4.210026206
0.0,367.178,1183.62,3.37487,4.68935,4.68935,0.0,0.0,0.193543,0.26942,1.39204,367.178,263.7697193,0.26942,0.193543,7.110428574
2223.07,0.0,6256.2,5.96794,8.00306,8.00133,0.84023,0.6134,0.0,0.0,0.730038,2223.07,3045.142856,0.6134,0.84023,16.63564544
1938.32,232.468,5468.94,5.60478,9.50106,9.47295,0.648944,0.5525,0.102257,0.08706,0.851383,2170.788,2549.719691,0.63956,0.751201,14.96690818
600.505,14.02,4047.94,3.98219,5.93755,5.92079,0.165824,0.21158,0.00500028,0.00638,1.27593,614.525,481.6290862,0.21796,0.17082428,5.228272338
1190.57,0.0,4921.13,4.40009,5.23045,5.21843,0.327867,0.39326,0.0,0.0,1.19945,1190.57,992.5966068,0.39326,0.327867,7.818728991
0.0,351.294,2680.13,2.60982,4.87409,4.84963,0.0,0.0,0.141626,0.18504,1.30654,351.294,268.8735132,0.18504,0.141626,4.104648279
0.0,118.748,1476.82,2.96369,4.10181,4.08476,0.0,0.0,0.0721775,0.14386,1.99314,118.748,59.57835375,0.14386,0.0721775,4.201683354
389.029,0.0,3518.34,4.785,5.05411,5.05411,0.113633,0.15926,0.0,0.0,1.40153,389.029,277.5745079,0.15926,0.113633,2.646458732
0.0,495.383,2082.32,2.57258,5.22579,5.12621,0.0,0.0,0.129574,0.26504,2.04547,495.383,242.1854146,0.26504,0.129574,3.852239941
0.0,351.283,2100.24,2.62764,4.99812,4.99812,0.0,0.0,0.154633,0.21258,1.37474,351.283,255.5268633,0.21258,0.154633,4.938024396
0.0,516.46,2549.82,3.45324,5.88047,5.87906,0.0,0.0,0.199866,0.22078,1.10464,516.46,467.5369351,0.22078,0.199866,7.177613006
1246.25,0.0,3945.68,4.00314,5.95596,5.95596,0.387103,0.40682,0.0,0.0,1.05093,1246.25,1185.854434,0.40682,0.387103,7.951479365
0.0,310.347,401.294,3.29295,4.3843,4.35823,0.0,0.0,0.155027,0.23606,1.5227,310.347,203.8136205,0.23606,0.155027,6.580726575
1660.3,0.0,3718.15,6.44934,7.90061,7.90061,0.477807,0.51986,0.0,0.0,1.08801,1660.3,1525.997004,0.51986,0.477807,9.767990671
1356.45,0.0,1417.76,7.1188,7.38658,7.38254,0.48674,0.4699,0.0,0.0,0.965403,1356.45,1405.060892,0.4699,0.48674,10.94052439
1663.4,327.695,6189.79,5.43482,9.5696,9.51117,0.762231,0.50978,0.169528,0.11338,0.6688,1991.095,2977.11573,0.62316,0.931759,18.26876723
1215.72,0.0,1823.61,4.25508,6.13583,6.12102,0.250388,0.38088,0.0,0.0,1.52116,1215.72,799.2058692,0.38088,0.250388,6.374346276
0.0,905.304,2072.11,3.71334,5.41179,5.38603,0.0,0.0,0.203215,0.33062,1.62695,905.304,556.4424229,0.33062,0.203215,4.635149271
1703.79,0.0,9208.77,5.12827,8.22186,8.20785,0.4971,0.47072,0.0,0.0,0.946932,1703.79,1799.273865,0.47072,0.4971,11.31085658
0.0,1228.12,2472.0,3.1863,11.37589,11.37589,0.0,0.0,0.528329,0.48462,0.917269,1228.12,1338.887502,0.48462,0.528329,8.64868052
0.0,156.775,1451.92,3.42248,4.11991,4.10899,0.0,0.0,0.142209,0.18084,1.27165,156.775,123.2847088,0.18084,0.142209,4.222634815
933.629,0.248547,2436.76,3.88293,5.76478,5.7608,0.351499,0.34274,0.0,0.0,0.975082,933.877547,957.7425765,0.34274,0.351499,9.671933295
490.271,0.0,3259.46,6.56673,6.88857,6.88857,0.0880403,0.15708,0.0,0.0,1.78418,490.271,274.7878577,0.15708,0.0880403,2.411030906
817.742,0.0,2971.51,4.34338,4.78823,4.74662,0.279898,0.35168,0.0,0.0,1.25646,817.742,650.83011,0.35168,0.279898,6.096134683
0.0,177.545,4322.48,2.7809,4.77494,4.77083,0.0,0.0,0.0868251,0.09412,1.08402,177.545,163.7838785,0.09412,0.0868251,3.64396125
1976.06,0.0,9294.3,8.42221,9.37426,9.36118,0.75636,0.57492,0.0,0.0,0.760114,1976.06,2599.688994,0.57492,0.75636,15.39880377
0.0,1333.57,4909.36,3.60068,11.21887,11.21229,0.0,0.0,0.516328,0.48532,0.939946,1333.57,1418.772993,0.48532,0.516328,9.754968627
917.585,0.0,3360.26,3.9261,5.43401,5.42679,0.213031,0.31588,0.0,0.0,1.48279,917.585,618.8232993,0.31588,0.213031,6.541371637
945.801,0.0,6837.11,3.84932,5.69693,5.68674,0.263794,0.31422,0.0,0.0,1.19116,945.801,794.0167568,0.31422,0.263794,6.467737855
629.966,0.0,1794.35,3.91943,4.9438,4.9438,0.171883,0.27672,0.0,0.0,1.60993,629.966,391.3002429,0.27672,0.171883,2.569628864
1452.6,0.0,6710.64,4.20385,5.93429,5.92394,0.186233,0.36356,0.0,0.0,1.95218,1452.6,744.0912211,0.36356,0.186233,3.886045632
1837.38,0.0,11540.2,4.90438,11.35974,11.35974,0.64104,0.6022,0.0,0.0,0.939411,1837.38,1955.885124,0.6022,0.64104,15.12255997
0.0,14.1466,6223.63,3.12847,4.2355,4.1934,0.0,0.0,0.00669494,0.01048,1.56536,14.1466,9.037282159,0.01048,0.00669494,1.584350146
1550.11,0.0,3672.24,5.11879,6.03489,6.02804,0.402031,0.43434,0.0,0.0,1.08037,1550.11,1434.795487,0.43434,0.402031,8.510055987
925.283,113.01,21795.7,6.8654,20.18098,20.18098,0.428715,0.37856,0.0295126,0.02606,0.883011,1038.293,1175.855114,0.40462,0.4582276,12.42421605
1454.18,0.0,11562.8,4.94321,9.91084,9.90363,0.589595,0.4672,0.0,0.0,0.792408,1454.18,1835.140483,0.4672,0.589595,12.19898727
0.0,610.939,2154.04,2.73341,5.29945,5.29945,0.0,0.0,0.376758,0.3845,1.02055,610.939,598.6370095,0.3845,0.376758,4.275061626
894.455,0.0,2264.79,4.17227,5.29408,5.29408,0.18621,0.33734,0.0,0.0,1.81161,894.455,493.7348546,0.33734,0.18621,3.737347373
419.838,0.0,12893.6,4.16045,4.8198,4.8198,0.09885,0.14354,0.0,0.0,1.4521,419.838,289.1247159,0.14354,0.09885,2.356301423
1332.5,0.0,6662.24,7.48497,9.67948,9.67948,0.40166,0.46352,0.0,0.0,1.15401,1332.5,1154.66937,0.46352,0.40166,9.14381245
1031.82,564.801,17714.8,8.54299,9.00309,8.9671,0.343326,0.33592,0.181066,0.17716,0.97843,1596.621,1631.819343,0.51308,0.524392,11.39032504
1893.04,0.0,6205.35,6.57223,9.00136,9.00136,0.64548,0.55144,0.0,0.0,0.85431,1893.04,2215.870117,0.55144,0.64548,10.29209709
771.948,0.0,3446.67,5.88092,6.70296,6.70296,0.23639,0.2682,0.0,0.0,1.13456,771.948,680.3941616,0.2682,0.23639,4.846061898
1531.86,0.0,4480.47,10.03609,13.87561,13.87561,0.607197,0.58646,0.0,0.0,0.965847,1531.86,1586.027601,0.58646,0.607197,11.97236842
2049.62,0.0,6590.41,11.69752,12.15536,12.13047,0.980543,0.70562,0.0,0.0,0.719622,2049.62,2848.189744,0.70562,0.980543,21.35311178
1294.91,0.0,1019.27,3.95017,4.88781,4.78327,0.334606,0.43232,0.0,0.0,1.29203,1294.91,1002.22905,0.43232,0.334606,7.769710928
0.0,461.25,6478.95,3.2036,6.29922,6.29198,0.0,0.0,0.0735367,0.15628,2.1252,461.25,217.0383964,0.15628,0.0735367,2.609171747
1465.75,0.0,1318.91,9.92421,11.20024,11.20024,0.492843,0.58072,0.0,0.0,1.17831,1465.75,1243.942596,0.58072,0.492843,11.33478676
0.0,776.441,1189.17,3.68781,5.62502,5.62502,0.0,0.0,0.261993,0.3014,1.15041,776.441,674.9254614,0.3014,0.261993,6.77337318
1406.27,0.0,1422.34,6.843,7.15773,7.15773,0.497063,0.47136,0.0,0.0,0.948289,1406.27,1482.955091,0.47136,0.497063,11.31820461
0.0,36.0207,7917.67,2.54284,3.98698,3.97868,0.0,0.0,0.0119846,0.02218,1.8507,36.0207,19.46328416,0.02218,0.0119846,3.106247556
0.0,685.063,2035.36,3.63654,5.41107,5.41022,0.0,0.0,0.197531,0.29844,1.51085,685.063,453.4288645,0.29844,0.197531,3.237837775
429.534,0.0,1026.61,3.92279,4.31905,4.31686,0.147944,0.29676,0.0,0.0,2.00589,429.534,214.1363684,0.29676,0.147944,3.918386399
1385.23,0.0,1521.18,6.70761,6.99117,6.99117,0.303143,0.4753,0.0,0.0,1.56791,1385.23,883.4882104,0.4753,0.303143,6.76801723
0.0,1030.78,2507.11,3.27391,6.95325,6.95325,0.0,0.0,0.283677,0.41244,1.45391,1030.78,708.9709817,0.41244,0.283677,7.72940963
1759.35,0.0,6083.7,8.91862,10.32812,10.31469,0.560177,0.60388,0.0,0.0,1.07802,1759.35,1632.019814,0.60388,0.560177,15.29890001
2032.27,0.0,7933.84,6.17998,11.37885,10.24831,0.781106,0.6119,0.0,0.0,0.783377,2032.27,2594.242619,0.6119,0.781106,14.82643129
613.136,0.721266,11199.3,8.9508,9.07531,9.07531,0.153343,0.20842,0.0,0.0,1.35917,613.857266,451.6412708,0.20842,0.153343,5.316972533
1782.23,39.9602,9696.55,9.21067,10.57747,10.57747,0.740971,0.57776,0.0250598,0.01954,0.779734,1822.1902,2336.938238,0.5973,0.7660308,15.4927478
1210.68,1.04308,7967.98,3.93995,5.53047,5.46567,0.33165,0.33966,0.0,0.0,1.02415,1211.72308,1183.150007,0.33966,0.33165,8.785064819
2069.77,0.0,8895.56,9.81049,13.18784,13.17941,1.71564,0.777,0.0,0.0,0.452893,2069.77,4570.108171,0.777,1.71564,29.70009676
1222.23,3.48064,6764.38,4.21228,6.17338,5.94323,0.201154,0.37014,0.00102169,0.00188,1.84008,1225.71064,666.1181253,0.37202,0.20217569,4.579269915
0.0,279.336,1908.61,3.61774,4.82351,4.82351,0.0,0.0,0.0870914,0.14024,1.61026,279.336,173.4726069,0.14024,0.0870914,2.355804181
0.0,637.243,1498.49,3.30183,5.52662,5.46703,0.0,0.0,0.167785,0.25294,1.50752,637.243,422.7094831,0.25294,0.167785,4.96153324
416.131,0.0,1636.02,4.20115,4.7399,4.72096,0.0930918,0.16366,0.0,0.0,1.75805,416.131,236.7003214,0.16366,0.0930918,1.770272149
1103.97,0.0,1408.42,4.71272,4.8768,4.8768,0.182591,0.43926,0.0,0.0,2.40571,1103.97,458.8957106,0.43926,0.182591,2.825596171
0.0,196.297,3743.76,3.38887,4.78127,4.76378,0.0,0.0,0.0805112,0.10704,1.32951,196.297,147.6461253,0.10704,0.0805112,3.139737827
1009.7,0.0,2487.17,4.01054,5.53443,5.50524,0.320751,0.38348,0.0,0.0,1.19557,1009.7,844.5344062,0.38348,0.320751,7.64692229
1838.86,0.0,12653.2,4.52002,13.35543,13.28243,0.598016,0.5849,0.0,0.0,0.978068,1838.86,1880.094227,0.5849,0.598016,12.19503293
0.0,752.223,1270.95,3.62196,4.90891,4.89268,0.0,0.0,0.249192,0.3367,1.35117,752.223,556.7197318,0.3367,0.249192,6.685841907
0.0,10.9966,2407.75,2.70664,4.11202,4.10571,0.0,0.0,0.00830693,0.0143,1.72145,10.9966,6.387986872,0.0143,0.00830693,1.208524195
0.0,84.4444,2348.41,3.08502,4.2178,4.13444,0.0,0.0,0.0386892,0.0904,2.33657,84.4444,36.14032535,0.0904,0.0386892,1.367061255
0.0,128.842,12676.3,2.96045,5.53363,4.3048,0.0,0.0,0.0329539,0.05044,1.53062,128.842,84.17634684,0.05044,0.0329539,1.546340439
0.0,520.76,1664.63,3.57815,4.94352,4.9376,0.0,0.0,0.222382,0.27402,1.23221,520.76,422.6227672,0.27402,0.222382,8.096617407
0.0,316.157,15168.5,3.20036,5.75,5.75,0.0,0.0,0.099773,0.1155,1.15763,316.157,273.107124,0.1155,0.099773,2.389273305
2096.62,0.0,29246.8,6.91811,14.16979,14.16979,1.17167,0.70206,0.0,0.0,0.599196,2096.62,3499.055401,0.70206,1.17167,22.59137444
1605.49,0.0,8478.7,8.37382,11.1071,11.01802,0.520738,0.53418,0.0,0.0,1.02581,1605.49,1565.094901,0.53418,0.520738,10.16929085
0.0,93.0571,1073.75,2.99919,3.93084,3.90041,0.0,0.0,0.0606757,0.1275,2.10134,93.0571,44.28464694,0.1275,0.0606757,2.16009723
0.0,297.695,9431.62,3.49325,5.21452,5.21452,0.0,0.0,0.0919852,0.11946,1.29869,297.695,229.2271443,0.11946,0.0919852,2.795768731
1233.07,49.8821,4255.2,4.65091,5.41853,5.41146,0.382605,0.39968,0.0301926,0.03154,1.04463,1282.9521,1228.140203,0.43122,0.4127976,9.656206048
630.653,0.0,1576.71,4.26664,6.14773,6.04871,0.166598,0.22156,0.0,0.0,1.32991,630.653,474.2072772,0.22156,0.166598,3.721496603
0.0,552.079,2155.07,3.15608,5.02349,4.44899,0.0,0.0,0.137788,0.24096,1.74877,552.079,315.6956032,0.24096,0.137788,2.745739517
1049.73,0.0,1277.92,5.23227,5.48105,5.47438,0.29515,0.35446,0.0,0.0,1.20095,1049.73,874.0830176,0.35446,0.29515,5.861995212
0.0,761.284,778.893,3.32233,5.90589,5.90589,0.0,0.0,0.150314,0.32884,2.18768,761.284,347.9869085,0.32884,0.150314,4.560012681
593.279,0.0,1796.08,4.2003,5.79973,5.79199,0.144065,0.21288,0.0,0.0,1.47767,593.279,401.4962745,0.21288,0.144065,4.980220247
886.062,0.0,1370.08,4.28499,7.87287,7.87287,0.191521,0.33672,0.0,0.0,1.75813,886.062,503.9797967,0.33672,0.191521,4.789310648
0.0,129.327,2791.71,2.88566,4.26215,4.26215,0.0,0.0,0.0439391,0.10684,2.43155,129.327,53.18706175,0.10684,0.0439391,1.91788697
0.0,1243.71,2555.16,3.53087,5.27825,5.26193,0.0,0.0,0.565131,0.48748,0.862596,1243.71,1441.822128,0.48748,0.565131,11.81642907
1565.58,0.0,4779.57,4.348,6.32968,6.32968,0.402139,0.4864,0.0,0.0,1.20953,1565.58,1294.370541,0.4864,0.402139,9.726930658
0.0,296.64,3483.27,2.65851,4.47438,4.47276,0.0,0.0,0.108388,0.16976,1.56622,296.64,189.3986796,0.16976,0.108388,2.42524365
0.0,132.15,817.822,2.45744,4.0512,4.03657,0.0,0.0,0.107463,0.18042,1.67891,132.15,78.71178324,0.18042,0.107463,3.641864353
0.0,49.0838,1154.11,2.86735,4.3954,4.3954,0.0,0.0,0.0507976,0.079,1.55519,49.0838,31.56128833,0.079,0.0507976,0.53564983
0.0,627.716,4616.84,2.45038,9.99348,9.9559,0.0,0.0,0.120082,0.23938,1.99348,627.716,314.8845235,0.23938,0.120082,2.770734789
350.037,0.0,3366.98,3.81214,5.75979,5.74833,0.0955333,0.15706,0.0,0.0,1.64403,350.037,212.9139979,0.15706,0.0955333,1.836042174
1149.9,0.0,4881.37,7.5282,7.73266,7.73266,0.354782,0.3573,0.0,0.0,1.0071,1149.9,1141.793268,0.3573,0.354782,7.817765883
0.0,75.1572,1486.11,3.06742,4.02837,4.02095,0.0,0.0,0.0420535,0.10264,2.4407,75.1572,30.793297,0.10264,0.0420535,3.272887003
0.0,331.817,3907.85,3.35243,5.56492,5.56492,0.0,0.0,0.141476,0.155,1.09559,331.817,302.8660357,0.155,0.141476,4.771826884
2509.7,0.0,18189.5,5.23853,8.24038,8.14946,0.872087,0.66754,0.0,0.0,0.765451,2509.7,3278.72065,0.66754,0.872087,18.48701724
1559.84,151.328,14082.9,4.33568,9.96385,9.96385,0.489029,0.43912,0.0632557,0.0568,0.897942,1711.168,1905.655376,0.49592,0.5522847,12.62932161
1323.32,45.0612,7867.24,4.15781,5.59049,5.59049,0.314327,0.38258,0.023432,0.02852,1.21714,1368.3812,1124.259494,0.4111,0.337759,7.67297049
0.0,624.316,6578.51,3.71559,6.38161,6.38161,0.0,0.0,0.282506,0.29208,1.03389,624.316,603.8514736,0.29208,0.282506,7.58517337
0.0,388.187,1264.88,3.63681,4.44925,4.42486,0.0,0.0,0.147705,0.23388,1.58343,388.187,245.1557694,0.23388,0.147705,3.395880299
0.0,766.356,5214.78,3.17773,5.17272,5.17272,0.0,0.0,0.239232,0.29318,1.2255,766.356,625.3414933,0.29318,0.239232,6.856230878
2015.44,0.0,9991.26,6.76913,11.11165,11.10718,0.674122,0.65862,0.0,0.0,0.977004,2015.44,2062.877941,0.65862,0.674122,15.15737305
1600.72,0.0,2160.14,4.14788,5.51251,5.51251,0.492097,0.5492,0.0,0.0,1.11604,1600.72,1434.285509,0.5492,0.492097,6.144118777
1709.66,0.0,7327.09,4.44214,6.16935,6.16935,0.556252,0.48092,0.0,0.0,0.864572,1709.66,1977.463994,0.48092,0.556252,13.98263126
650.389,319.73,3741.82,7.39002,8.74352,8.74352,0.181803,0.2241,0.127595,0.15728,1.23265,970.119,787.0190241,0.38138,0.309398,7.551426447
0.0,10.314,1337.53,2.48549,3.91444,3.90014,0.0,0.0,0.0115318,0.02212,1.91817,10.314,5.376999953,0.02212,0.0115318,2.554490358
796.737,0.0,4029.78,4.57393,6.1572,6.1572,0.200593,0.2481,0.0,0.0,1.23684,796.737,644.1714369,0.2481,0.200593,3.879083964
0.0,230.27,1948.85,2.72413,4.531,4.38623,0.0,0.0,0.0774768,0.16144,2.08372,230.27,110.5090895,0.16144,0.0774768,2.949720457
0.0,318.686,3744.7,3.26866,4.57129,4.57129,0.0,0.0,0.11684,0.18728,1.60287,318.686,198.8221128,0.18728,0.11684,4.008138966
0.0,61.7104,1305.33,3.3686,3.95256,3.95256,0.0,0.0,0.0571492,0.10582,1.85165,61.7104,33.32724867,0.10582,0.0571492,3.856086903
2073.69,0.0,11013.7,8.62623,13.3117,13.3117,1.12328,0.65596,0.0,0.0,0.583969,2073.69,3551.027537,0.65596,1.12328,17.9583151
1865.28,0.0,4552.04,6.72456,13.18662,13.18662,0.757485,0.66856,0.0,0.0,0.882605,1865.28,2113.380278,0.66856,0.757485,14.44033617
0.0,989.326,3320.35,2.85269,7.85146,7.84347,0.0,0.0,0.344622,0.3726,1.08118,989.326,915.0428236,0.3726,0.344622,8.092190898
1654.29,0.0,2534.54,5.1227,5.4813,5.47077,0.396988,0.49792,0.0,0.0,1.25424,1654.29,1318.958094,0.49792,0.396988,8.357035261
0.0,29.4001,3885.33,2.76249,4.09539,4.09539,0.0,0.0,0.0151655,0.03456,2.27886,29.4001,12.90123132,0.03456,0.0151655,0.891717608
0.0,6.39493,3503.5,2.57655,3.91463,3.89672,0.0,0.0,0.0,0.0,1.66118,6.39493,3.849630985,0.0,0.0,1.942141938
515.541,0.0,3570.04,4.85632,5.15455,5.13093,0.0870223,0.17026,0.0,0.0,1.95651,515.541,263.5003143,0.17026,0.0870223,2.822839914
680.464,402.669,2608.21,4.38224,5.58391,5.56908,0.143471,0.21376,0.109013,0.16242,1.48991,1083.133,726.9788108,0.37618,0.252484,6.319959496
0.0,663.817,9526.38,2.86206,6.79648,4.59557,0.0,0.0,0.257568,0.26274,1.02008,663.817,650.7499412,0.26274,0.257568,7.582376989
1553.46,145.698,4660.44,6.59853,8.90649,8.90649,0.482988,0.51284,0.0549252,0.05832,1.06181,1699.158,1600.246748,0.57116,0.5379132,12.54785811
0.0,665.276,43454.9,0.0,0.0,0.0,0.0,0.0,0.217792,0.21924,1.00665,665.276,660.8811404,0.21924,0.217792,3.333161504
0.0,434.099,839.158,2.84792,4.80803,4.80744,0.0,0.0,0.140192,0.22476,1.60323,434.099,270.7652676,0.22476,0.140192,5.146570389
0.0,701.636,3455.4,3.70968,5.451,5.43668,0.0,0.0,0.196114,0.28054,1.43049,701.636,490.4864767,0.28054,0.196114,5.494454147
0.0,478.018,2497.93,2.80032,5.0932,5.05783,0.0,0.0,0.171841,0.245,1.42573,478.018,335.2794709,0.245,0.171841,3.6145084
731.152,0.0,1634.77,4.13679,4.60036,4.36405,0.238642,0.34068,0.0,0.0,1.42758,731.152,512.1618403,0.34068,0.238642,6.30516878
1107.5,0.0,5305.66,4.30758,5.91166,5.61164,0.302007,0.33856,0.0,0.0,1.12104,1107.5,987.9219296,0.33856,0.302007,7.255585272
877.978,35.3783,3441.97,7.59757,9.49894,9.49439,0.227903,0.30434,0.0227648,0.0304,1.33539,913.3563,683.9622133,0.33474,0.2506678,6.320955636
0.0,242.103,3111.78,2.99305,5.28957,5.18694,0.0,0.0,0.0817817,0.14178,1.73364,242.103,139.6501004,0.14178,0.0817817,1.506906054
0.0,397.232,3104.03,3.24635,5.43775,5.43775,0.0,0.0,0.167852,0.21928,1.30639,397.232,304.0684635,0.21928,0.167852,4.967184541
0.0,985.68,3642.59,2.92029,7.75718,7.75718,0.0,0.0,0.288333,0.37686,1.30703,985.68,754.1372425,0.37686,0.288333,7.299764266
2135.05,0.0,44252.6,6.66271,20.08724,20.08724,1.19625,0.71516,0.0,0.0,0.597835,2135.05,3571.303119,0.71516,1.19625,20.41476129
2262.78,0.0,3845.07,7.47097,10.36031,10.26208,1.35164,0.74634,0.0,0.0,0.552173,2262.78,4097.954808,0.74634,1.35164,25.54795278
0.0,136.096,3021.87,3.07523,4.22225,4.21512,0.0,0.0,0.083983,0.14212,1.69225,136.096,80.42310533,0.14212,0.083983,4.488544099
1007.09,0.0,11572.8,4.41455,8.39897,7.24132,0.204596,0.31418,0.0,0.0,1.53561,1007.09,655.8240699,0.31418,0.204596,4.685556736
572.311,0.0,1737.42,3.95303,4.75824,4.75824,0.15872,0.2639,0.0,0.0,1.66268,572.311,344.2099502,0.2639,0.15872,2.594694192
1792.38,0.0,4968.85,4.54999,6.46125,6.4402,0.450934,0.51036,0.0,0.0,1.13178,1792.38,1583.682341,0.51036,0.450934,10.43893949
1664.48,0.0,2092.18,4.85823,5.92381,5.92381,0.493827,0.48252,0.0,0.0,0.977102,1664.48,1703.486432,0.48252,0.493827,12.02649917
2175.37,0.0,4337.97,7.93827,15.0805,15.06774,1.31266,0.77372,0.0,0.0,0.589428,2175.37,3690.645846,0.77372,1.31266,22.28137863
885.193,0.0,2460.32,3.826,4.89594,4.89193,0.224971,0.32614,0.0,0.0,1.4497,885.193,610.604263,0.32614,0.224971,7.252036697
559.707,0.0,2663.8,4.53444,5.16012,5.16012,0.152458,0.20434,0.0,0.0,1.3403,559.707,417.5982989,0.20434,0.152458,2.827428904
1120.31,0.0,1236.71,4.82556,6.3973,6.3973,0.263253,0.37684,0.0,0.0,1.43147,1120.31,782.6290457,0.37684,0.263253,5.825517736
1309.33,0.0,8169.54,9.89768,10.10107,10.10107,0.431133,0.44112,0.0,0.0,1.02317,1309.33,1279.679819,0.44112,0.431133,9.131707485
1439.67,0.0,8438.21,3.83665,8.59808,8.57584,0.470553,0.48326,0.0,0.0,1.027,1439.67,1401.820837,0.48326,0.470553,11.38754416
1302.19,0.0,4386.48,4.14066,7.95891,7.95891,0.370023,0.43138,0.0,0.0,1.16582,1302.19,1116.973461,0.43138,0.370023,8.743845801
465.697,0.0,2902.01,3.80682,4.98975,4.92018,0.136589,0.2121,0.0,0.0,1.55283,465.697,299.9021142,0.2121,0.136589,2.485493207
1467.82,0.0,3256.39,7.58337,7.95221,7.95221,0.503627,0.49256,0.0,0.0,0.978026,1467.82,1500.798547,0.49256,0.503627,10.70551016
615.76,0.849711,15879.0,4.2277,6.92505,6.91906,0.145413,0.17138,0.0,0.0,1.17857,616.609711,523.1846314,0.17138,0.145413,3.403283147
0.0,402.086,1790.86,3.56818,4.58957,4.49102,0.0,0.0,0.12786,0.24474,1.91412,402.086,210.0631099,0.24474,0.12786,2.733147559
1081.12,0.0,6899.05,9.26877,9.52896,9.52862,0.346031,0.38968,0.0,0.0,1.12614,1081.12,960.0227325,0.38968,0.346031,6.672010997
535.331,0.0,1842.53,4.26213,4.8913,4.88425,0.12147,0.19906,0.0,0.0,1.63875,535.331,326.670328,0.19906,0.12147,2.704549496
2081.58,0.0,8517.72,4.36115,6.66763,6.66763,0.53397,0.55808,0.0,0.0,1.04515,2081.58,1991.6567,0.55808,0.53397,11.43886587
0.0,188.298,3467.11,2.5642,4.68192,4.68076,0.0,0.0,0.0640505,0.13348,2.08398,188.298,90.35499381,0.13348,0.0640505,2.815331132
1076.88,0.0,5713.78,4.52097,6.3306,6.32879,0.304964,0.34224,0.0,0.0,1.12223,1076.88,959.589389,0.34224,0.304964,5.624352758
0.0,427.364,4453.42,3.54558,5.35179,5.35179,0.0,0.0,0.179114,0.21566,1.20403,427.364,354.9446442,0.21566,0.179114,4.474495907
0.0,19.9135,6259.26,3.01444,4.0071,3.77359,0.0,0.0,0.0215253,0.0266,1.23576,19.9135,16.11437496,0.0266,0.0215253,4.269569758
1736.73,0.0,8697.84,14.69313,16.15291,16.14679,2.02291,0.83504,0.0,0.0,0.412792,1736.73,4207.276304,0.83504,2.02291,28.57172571
853.978,0.0,6058.5,5.17695,5.9118,5.9118,0.199611,0.26664,0.0,0.0,1.3358,853.978,639.3007935,0.26664,0.199611,4.854568626
0.0,269.09,1299.67,3.06253,4.6196,4.50511,0.0,0.0,0.111268,0.22826,2.05144,269.09,131.1712748,0.22826,0.111268,3.013789565
431.195,373.278,1630.01,3.78005,5.4281,5.4281,0.0564322,0.15954,0.0529091,0.14958,2.82711,804.473,284.5566674,0.30912,0.1093413,2.842488327
1137.41,12.9079,4421.91,4.24876,5.96406,5.94409,0.27411,0.36332,0.0,0.0,1.32545,1150.3179,867.8697046,0.36332,0.27411,7.378979681
2433.73,0.0,2489.84,6.05366,6.93958,6.90375,0.909267,0.6684,0.0,0.0,0.735097,2433.73,3310.760349,0.6684,0.909267,17.82875558
787.48,0.0,546.744,4.82783,5.29821,5.29821,0.145307,0.30392,0.0,0.0,2.09158,787.48,376.5000622,0.30392,0.145307,3.066283009
651.724,808.199,9382.78,11.19673,11.72543,11.71838,0.300978,0.25508,0.330075,0.27974,0.847503,1459.923,1722.616911,0.53482,0.631053,10.72415382
1621.13,0.0,3322.66,4.53801,6.00702,5.94066,0.391982,0.51126,0.0,0.0,1.30429,1621.13,1242.921436,0.51126,0.391982,7.492042633
0.0,1307.51,4987.94,3.47366,11.47019,11.47019,0.0,0.0,0.534388,0.48586,0.90919,1307.51,1438.104247,0.48586,0.534388,9.998481569
0.0,591.764,10762.6,2.57901,5.75249,5.74666,0.0,0.0,0.12633,0.2134,1.68923,591.764,350.3158244,0.2134,0.12633,3.883818765
1368.67,0.0,1418.44,7.1334,7.35887,7.35887,0.490063,0.47288,0.0,0.0,0.964937,1368.67,1418.403481,0.47288,0.490063,10.94125232
0.0,190.835,4177.22,3.12391,5.41315,5.3949,0.0,0.0,0.0604539,0.08488,1.40405,190.835,135.9175243,0.08488,0.0604539,1.267445345
1052.53,0.0,3488.98,6.48549,7.09668,7.07965,0.274913,0.33854,0.0,0.0,1.23144,1052.53,854.7148054,0.33854,0.274913,6.016645062
1552.93,0.0,6689.01,8.04863,9.68562,9.67315,0.527618,0.53822,0.0,0.0,1.02009,1552.93,1522.346068,0.53822,0.527618,12.1265107
949.836,17.0984,3674.48,4.49241,5.66016,5.66016,0.247957,0.31534,0.0107725,0.0137,1.27175,966.9344,760.317987,0.32904,0.2587295,6.332591456
0.0,548.795,5753.36,3.01659,5.57469,4.38527,0.0,0.0,0.183663,0.2285,1.24413,548.795,441.1074405,0.2285,0.183663,6.366555286
689.957,0.0,2053.85,4.08896,4.80607,4.78655,0.197469,0.32958,0.0,0.0,1.66902,689.957,413.3904926,0.32958,0.197469,4.333857891
0.0,273.205,1458.14,3.64708,4.99055,4.98531,0.0,0.0,0.0980096,0.15374,1.56862,273.205,174.1690148,0.15374,0.0980096,1.989595555
2689.19,0.0,23954.9,5.35338,12.07339,12.07339,1.37588,0.72602,0.0,0.0,0.527677,2689.19,5096.28049,0.72602,1.37588,24.56293486
1712.41,0.0,3164.58,8.87881,10.07574,10.05297,0.895069,0.618,0.0,0.0,0.69045,1712.41,2480.136143,0.618,0.895069,15.57439759
0.0,12.6993,2701.28,3.16514,3.88602,3.79127,0.0,0.0,0.0142988,0.032,2.23795,12.6993,5.67452356,0.032,0.0142988,1.961775032
2083.11,0.0,2670.94,5.8145,10.22764,10.22764,0.815983,0.65124,0.0,0.0,0.798105,2083.11,2610.070104,0.65124,0.815983,17.4950648
820.36,0.0,2697.86,5.52308,6.41067,6.41067,0.120685,0.26852,0.0,0.0,2.22496,820.36,368.707752,0.26852,0.120685,3.373020822
956.982,0.0,2230.26,6.48385,6.8358,6.8358,0.275267,0.34244,0.0,0.0,1.24403,956.982,769.2595838,0.34244,0.275267,6.685463171
0.0,560.693,4555.38,2.87226,5.38025,4.98648,0.0,0.0,0.103154,0.26386,2.55792,560.693,219.1988022,0.26386,0.103154,2.998069678
1944.11,0.0,10867.6,6.29785,12.92538,12.92538,0.644836,0.57914,0.0,0.0,0.898119,1944.11,2164.646333,0.57914,0.644836,13.14805251
1832.12,0.0,7824.82,4.26523,9.63063,9.62953,0.559269,0.5796,0.0,0.0,1.03635,1832.12,1767.858349,0.5796,0.559269,15.53504295
1757.22,0.0,725.67,5.00005,6.9173,6.9173,0.615834,0.55214,0.0,0.0,0.896573,1757.22,1959.929643,0.55214,0.615834,12.6847006
0.0,203.975,2456.48,3.35906,4.73608,4.36534,0.0,0.0,0.0815843,0.10738,1.31618,203.975,154.9750034,0.10738,0.0815843,4.386775948
0.0,340.85,1284.94,3.14542,4.59416,4.59416,0.0,0.0,0.131802,0.26214,1.9889,340.85,171.3761376,0.26214,0.131802,3.053851145
1698.18,0.0,2086.9,4.58023,6.05079,5.97678,0.500987,0.45914,0.0,0.0,0.91647,1698.18,1852.957544,0.45914,0.500987,9.652639078
0.0,364.841,647.064,3.58203,4.16875,4.16875,0.0,0.0,0.125766,0.27102,2.15496,364.841,169.3029105,0.27102,0.125766,4.275187283
0.0,413.744,12040.5,3.28969,5.12971,5.12324,0.0,0.0,0.169655,0.18226,1.0743,413.744,385.1289212,0.18226,0.169655,6.917586737
0.0,310.269,824.949,2.43363,4.78062,4.78062,0.0,0.0,0.100584,0.22104,2.19756,310.269,141.1879539,0.22104,0.100584,3.663469412
0.0,170.097,2408.25,3.36806,4.10457,4.10457,0.0,0.0,0.170815,0.18426,1.07871,170.097,157.6855689,0.18426,0.170815,4.98378492
1293.36,0.0,6717.52,6.75932,8.05407,7.96872,0.396641,0.38108,0.0,0.0,0.960767,1293.36,1346.174463,0.38108,0.396641,8.609989726
1100.8,0.0,2594.87,3.86323,5.8077,5.63808,0.2184,0.37618,0.0,0.0,1.72243,1100.8,639.0970896,0.37618,0.2184,4.992905263
1355.25,0.0,10573.8,5.04977,6.94509,5.92375,0.481851,0.40876,0.0,0.0,0.848313,1355.25,1597.582496,0.40876,0.481851,11.3954664
612.818,6.38509,5145.16,3.74465,5.70035,5.68395,0.161673,0.22018,0.00302522,0.00412,1.36188,619.20309,454.6678782,0.2243,0.16469822,3.795082507
0.0,136.407,972.289,3.38304,3.97189,3.97189,0.0,0.0,0.0845268,0.17774,2.10276,136.407,64.87045597,0.17774,0.0845268,1.770099339
0.0,223.745,3528.66,3.64983,5.42515,5.42515,0.0,0.0,0.0514866,0.13064,2.53736,223.745,88.18023457,0.13064,0.0514866,2.42719311
0.0,44.9666,2460.03,3.15599,4.08563,4.07122,0.0,0.0,0.0417548,0.06086,1.45756,44.9666,30.85059963,0.06086,0.0417548,3.301861449
1026.0,0.0,7346.92,5.15151,6.38635,6.24805,0.211694,0.3043,0.0,0.0,1.43745,1026.0,713.763957,0.3043,0.211694,4.114286796
0.0,1276.2,3786.9,3.18734,9.21635,9.21635,0.0,0.0,0.273804,0.43328,1.58245,1276.2,806.4709785,0.43328,0.273804,6.25693154
2354.02,0.0,2035.88,5.62462,6.97392,6.97392,0.657545,0.68844,0.0,0.0,1.04699,2354.02,2248.369134,0.68844,0.657545,7.665274642
206.088,0.0,1388.03,4.04745,4.42954,4.42954,0.0607163,0.10594,0.0,0.0,1.74484,206.088,118.1128356,0.10594,0.0607163,3.309681466
0.0,300.289,3404.83,3.52706,4.91122,4.65913,0.0,0.0,0.118803,0.1539,1.29542,300.289,231.8082166,0.1539,0.118803,2.969810496
1118.65,0.0,4055.59,3.92126,8.48171,8.48171,0.412909,0.36794,0.0,0.0,0.891092,1118.65,1255.369816,0.36794,0.412909,9.586972148
1375.28,0.0,651.726,4.5385,5.59653,5.59247,0.40013,0.40098,0.0,0.0,1.00212,1375.28,1372.370574,0.40098,0.40013,8.397899857
751.163,0.0,2351.73,5.13218,7.42906,7.42905,0.147597,0.26158,0.0,0.0,1.77226,751.163,423.8446955,0.26158,0.147597,2.957403799
2090.57,0.0,10997.7,13.13968,15.07113,15.07113,1.55926,0.74788,0.0,0.0,0.479637,2090.57,4358.650396,0.74788,1.55926,25.77322685
0.0,143.907,2236.01,3.24332,4.43636,4.39078,0.0,0.0,0.0910291,0.17714,1.94597,143.907,73.95129421,0.17714,0.0910291,2.921335718
462.721,105.061,5073.14,3.99481,5.32479,5.32479,0.105629,0.16164,0.055742,0.0853,1.53026,567.782,371.0362945,0.24694,0.161371,3.990820974
0.0,494.729,4755.6,3.32928,5.53507,5.50031,0.0,0.0,0.138881,0.19104,1.37556,494.729,359.6564308,0.19104,0.138881,3.436362279
1455.94,241.905,135504.0,5.62688,14.33219,14.33219,0.359346,0.41244,0.0627662,0.07204,1.14775,1697.845,1479.281202,0.48448,0.4221122,11.97254486
1430.07,0.0,2736.03,4.03207,5.56405,5.56103,0.448602,0.43962,0.0,0.0,0.979977,1430.07,1459.289351,0.43962,0.448602,11.16037227
0.0,216.573,2154.07,2.67667,4.91855,4.91855,0.0,0.0,0.125288,0.15212,1.21417,216.573,178.371233,0.15212,0.125288,3.956472153
592.058,548.153,3312.04,5.57332,6.39416,6.29797,0.160797,0.18406,0.162632,0.18616,1.14467,1140.211,996.1045542,0.37022,0.323429,7.981441588
852.899,0.0,7284.51,4.53231,5.72092,5.72092,0.227594,0.2772,0.0,0.0,1.21796,852.899,700.2684817,0.2772,0.227594,5.653566637
0.0,476.414,4235.38,2.70851,4.62157,4.56085,0.0,0.0,0.146477,0.20636,1.40882,476.414,338.1652731,0.20636,0.146477,3.900609322
1244.39,16.3464,6959.92,6.78195,8.30737,8.30193,0.454683,0.3714,0.0228933,0.0187,0.816834,1260.7364,1543.442609,0.3901,0.4775763,11.29211936
0.0,73.5252,3000.08,2.63192,4.32659,3.87894,0.0,0.0,0.0207915,0.0744,3.57839,73.5252,20.54700578,0.0744,0.0207915,1.152016085
1197.93,32.3845,12485.4,6.96426,8.50343,8.50343,0.283033,0.3863,0.0116056,0.01584,1.36486,1230.3145,901.4217575,0.40214,0.2946386,7.494104977
1775.72,0.0,1821.09,4.61822,5.47299,5.4729,0.384176,0.52132,0.0,0.0,1.35698,1775.72,1308.582293,0.52132,0.384176,9.1793816
0.0,62.6149,4600.96,2.51535,4.11737,4.11608,0.0,0.0,0.029057,0.0658,2.26451,62.6149,27.65052925,0.0658,0.029057,2.876977486
0.0,421.816,2357.94,2.90235,4.26222,4.25895,0.0,0.0,0.117584,0.24102,2.04977,421.816,205.7869907,0.24102,0.117584,2.694154891
0.0,583.933,1845.38,3.03624,4.79644,4.79644,0.0,0.0,0.479731,0.3833,0.798989,583.933,730.8398489,0.3833,0.479731,5.466185603
1104.48,0.0,1367.94,5.06196,5.46185,5.40742,0.377716,0.3745,0.0,0.0,0.991485,1104.48,1113.965416,0.3745,0.377716,11.39776359
0.0,230.724,2227.57,3.28049,4.60123,4.59562,0.0,0.0,0.11951,0.16468,1.37796,230.724,167.4388226,0.16468,0.11951,5.234359289
1909.65,0.0,18404.3,6.64572,13.26244,11.62804,0.753874,0.65828,0.0,0.0,0.873197,1909.65,2186.963537,0.65828,0.753874,14.58160059
1581.33,0.0,2069.75,4.37963,6.6554,6.6554,0.436178,0.4328,0.0,0.0,0.992256,1581.33,1593.671391,0.4328,0.436178,9.828342378
1889.56,0.0,4639.58,11.94118,14.46967,14.45544,1.83713,0.78922,0.0,0.0,0.429595,1889.56,4398.468325,0.78922,1.83713,17.95684112
1331.28,5.71782,31005.0,4.04226,9.06042,9.06042,0.305632,0.3834,0.000829048,0.00104,1.25445,1336.99782,1065.803994,0.38444,0.306461048,7.27847613
2133.33,0.0,4663.37,6.61957,8.20931,8.1877,0.834798,0.65684,0.0,0.0,0.786825,2133.33,2711.31446,0.65684,0.834798,17.11543899
1041.84,0.0,3470.28,5.14016,6.27181,6.27181,0.2704,0.29744,0.0,0.0,1.1,1041.84,947.1272727,0.29744,0.2704,6.65860534
1693.0,0.250596,17794.8,7.77175,8.52507,8.50751,0.426869,0.50422,0.0,0.0,1.1812,1693.250596,1433.500335,0.50422,0.426869,8.798806224
0.0,273.905,5427.49,3.11597,4.80052,4.80052,0.0,0.0,0.109078,0.17298,1.58584,273.905,172.7191898,0.17298,0.109078,4.860680424
795.193,0.0,5264.07,4.43244,5.22451,5.1107,0.248112,0.30478,0.0,0.0,1.2284,795.193,647.3404429,0.30478,0.248112,4.76848923
0.0,91.3355,2616.62,2.47824,4.29955,4.26253,0.0,0.0,0.0555945,0.09358,1.68326,91.3355,54.26107672,0.09358,0.0555945,3.750380664
1073.81,0.0,899.06,4.12503,5.70812,5.70669,0.273963,0.3951,0.0,0.0,1.44217,1073.81,744.5793492,0.3951,0.273963,6.391288201
0.0,150.515,1423.78,3.52139,4.35881,4.35881,0.0,0.0,0.143956,0.14658,1.01823,150.515,147.8202371,0.14658,0.143956,6.657211364
1369.48,0.0,3942.3,6.80185,8.33236,8.33236,0.322244,0.42554,0.0,0.0,1.32055,1369.48,1037.052743,0.42554,0.322244,6.695343033
2227.77,0.0,5118.97,6.00048,6.94632,6.94632,0.583947,0.60534,0.0,0.0,1.03663,2227.77,2149.050288,0.60534,0.583947,12.48064985
0.0,1012.19,3563.79,3.40268,7.27569,7.23753,0.0,0.0,0.287283,0.34332,1.19506,1012.19,846.9783944,0.34332,0.287283,6.523103345
2250.01,0.0,3288.89,4.91398,7.00282,6.98169,0.658182,0.60746,0.0,0.0,0.922936,2250.01,2437.883017,0.60746,0.658182,15.09036462
130.44,859.566,28939.7,3.86123,8.90504,4.56441,0.0328108,0.03286,0.236186,0.23654,1.0015,990.006,988.5232152,0.2694,0.2689968,6.341174644
623.849,0.0,17485.5,4.19786,5.39311,5.39311,0.201285,0.21518,0.0,0.0,1.06903,623.849,583.5654752,0.21518,0.201285,4.749301683
1796.54,0.0,1105.75,4.817,7.58551,7.54532,0.51837,0.52408,0.0,0.0,1.01102,1796.54,1776.957924,0.52408,0.51837,12.67782593
0.0,24.2533,1830.67,3.15385,3.89191,3.7643,0.0,0.0,0.0121057,0.01486,1.22752,24.2533,19.75796728,0.01486,0.0121057,3.663608102
133.932,0.0,3662.99,4.03476,4.28353,4.28353,0.0459155,0.06864,0.0,0.0,1.49492,133.932,89.59141626,0.06864,0.0459155,1.145971771
2103.07,0.0,15848.2,10.64936,14.90715,14.90715,1.94872,0.80066,0.0,0.0,0.410864,2103.07,5118.652401,0.80066,1.94872,22.71028993
1102.08,0.0,1420.41,4.11889,5.43641,5.43641,0.31549,0.34768,0.0,0.0,1.10203,1102.08,1000.045371,0.34768,0.31549,6.650058669
1653.08,0.0,17574.8,7.58192,8.31671,8.27853,0.413181,0.49416,0.0,0.0,1.19599,1653.08,1382.18547,0.49416,0.413181,8.651659855
1837.15,0.0,7588.83,6.13762,9.31132,9.08275,0.686928,0.55334,0.0,0.0,0.805528,1837.15,2280.678015,0.55334,0.686928,13.26005817
987.778,0.0,1771.76,4.00393,5.92538,5.92538,0.162017,0.35894,0.0,0.0,2.21544,987.778,445.8608674,0.35894,0.162017,4.776134966
1569.36,0.0,22932.0,7.54223,9.23645,9.20879,0.605279,0.50726,0.0,0.0,0.838059,1569.36,1872.612787,0.50726,0.605279,11.5485055
2732.66,0.0,22275.6,5.23908,8.83339,8.83268,1.07185,0.67008,0.0,0.0,0.625162,2732.66,4371.123005,0.67008,1.07185,20.06918153
1872.41,0.114098,76714.4,0.0,0.0,0.0,1.22103,0.65218,0.0,0.0,0.534123,1872.524098,3505.791921,0.65218,1.22103,24.55849484
0.0,320.918,2973.0,3.65968,4.40761,4.40667,0.0,0.0,0.0906171,0.21544,2.37748,320.918,134.9824184,0.21544,0.0906171,3.512419231
0.0,503.724,3267.3,3.6514,5.45731,5.45731,0.0,0.0,0.182973,0.20676,1.13,503.724,445.7734513,0.20676,0.182973,6.328869056
1828.45,0.0,2785.83,5.28492,6.78863,6.57422,0.492039,0.5336,0.0,0.0,1.08447,1828.45,1686.030964,0.5336,0.492039,9.717107121
1498.76,0.0,1331.19,10.84815,11.68121,11.68121,0.501476,0.60968,0.0,0.0,1.21577,1498.76,1232.766066,0.60968,0.501476,11.01626284
720.844,0.0,3384.6,4.58324,5.90535,5.82203,0.206755,0.22426,0.0,0.0,1.08467,720.844,664.5744789,0.22426,0.206755,5.914347895
0.0,594.218,4592.58,3.49026,5.27064,5.03731,0.0,0.0,0.236909,0.2438,1.02909,594.218,577.4208281,0.2438,0.236909,6.62963803
0.0,199.648,10806.9,2.98032,4.66198,4.6614,0.0,0.0,0.0763843,0.1017,1.33143,199.648,149.9500537,0.1017,0.0763843,2.602510568
1777.09,0.0,3953.22,4.33549,6.01151,6.00656,0.687912,0.54662,0.0,0.0,0.794607,1777.09,2236.438894,0.54662,0.687912,14.52629329
0.0,212.28,1494.0,3.46452,5.27714,5.27714,0.0,0.0,0.0813672,0.14446,1.77541,212.28,119.566748,0.14446,0.0813672,5.222869789
1189.5,48.9066,9014.19,5.03113,7.25791,6.91895,0.302397,0.35656,0.0183697,0.02166,1.17911,1238.4066,1050.289286,0.37822,0.3207667,8.439721055
1816.49,0.0,1710.47,5.5228,7.73943,7.73943,0.483864,0.52538,0.0,0.0,1.0858,1816.49,1672.95082,0.52538,0.483864,8.814476834
2117.95,0.0,5160.84,4.58395,6.45101,6.44956,0.52651,0.50428,0.0,0.0,0.957779,2117.95,2211.313883,0.50428,0.52651,12.12604132
532.948,0.0,1331.04,4.06699,4.59203,4.58575,0.119646,0.18554,0.0,0.0,1.55074,532.948,343.673343,0.18554,0.119646,2.305603845
0.0,897.614,3317.49,3.68842,5.30986,5.30986,0.0,0.0,0.282836,0.3987,1.40965,897.614,636.7637357,0.3987,0.282836,6.693312644
0.0,154.084,2299.95,2.59849,4.47768,4.47768,0.0,0.0,0.0540964,0.09118,1.68551,154.084,91.41684119,0.09118,0.0540964,1.295300207
0.0,359.042,1604.98,3.60956,4.68206,4.68206,0.0,0.0,0.166333,0.23612,1.41956,359.042,252.92485,0.23612,0.166333,3.293474242
2031.02,0.0,15494.4,7.50509,8.78838,8.78838,0.798294,0.58412,0.0,0.0,0.73171,2031.02,2775.717156,0.58412,0.798294,15.66608733
2273.43,0.0,12087.5,5.83469,8.12774,8.03,0.623829,0.62216,0.0,0.0,0.997324,2273.43,2279.530022,0.62216,0.623829,13.12035609
297.576,0.0,2038.51,3.7868,4.21696,4.20902,0.142264,0.17972,0.0,0.0,1.26329,297.576,235.5563647,0.17972,0.142264,4.397091742
0.0,703.879,1265.8,3.65279,4.75514,4.718,0.0,0.0,0.286909,0.38896,1.35569,703.879,519.2035052,0.38896,0.286909,6.700531222
0.0,472.83,5605.52,3.52606,5.27812,5.27812,0.0,0.0,0.113728,0.18114,1.59275,472.83,296.8639146,0.18114,0.113728,3.56040644
1540.05,1.87591,34424.3,6.21746,9.62612,9.61657,0.490401,0.45466,0.0011649,0.00108,0.927119,1541.92591,1663.136998,0.45574,0.4915659,10.19935348
689.748,0.0,2601.42,4.62031,5.22147,5.22147,0.137178,0.22256,0.0,0.0,1.62242,689.748,425.1352917,0.22256,0.137178,3.731715674
1604.58,0.0,16005.0,6.34609,8.73473,8.73473,0.359218,0.47176,0.0,0.0,1.3133,1604.58,1221.792431,0.47176,0.359218,6.910902465
0.0,343.157,648.461,3.20276,5.02674,5.01769,0.0,0.0,0.25863,0.29634,1.14581,343.157,299.4885714,0.29634,0.25863,5.643623187
0.0,38.2665,7886.47,3.48324,4.03108,4.03108,0.0,0.0,0.0258932,0.03588,1.38569,38.2665,27.61548398,0.03588,0.0258932,2.386830224
1063.17,10.2573,12817.7,5.40483,7.14331,7.14331,0.227103,0.32916,0.0,0.0,1.44939,1073.4273,740.606255,0.32916,0.227103,6.087573915
2227.96,0.0,5214.2,6.39517,7.05521,7.05449,0.604283,0.61498,0.0,0.0,1.0177,2227.96,2189.210966,0.61498,0.604283,13.27625124
974.11,0.0,2904.32,3.98659,4.93159,4.92634,0.35172,0.37644,0.0,0.0,1.07028,974.11,910.1450088,0.37644,0.35172,7.723504541
1308.57,0.0,1363.97,4.05507,5.20851,5.20188,0.415991,0.46904,0.0,0.0,1.12752,1308.57,1160.573648,0.46904,0.415991,8.668457969
1824.57,154.167,27777.8,9.32975,13.77283,13.77283,0.665057,0.56088,0.0621327,0.0524,0.843356,1978.737,2346.265397,0.61328,0.7271897,10.89626277
991.397,0.0,1980.63,4.41794,5.70852,5.70852,0.21132,0.35374,0.0,0.0,1.67395,991.397,592.2500672,0.35374,0.21132,4.251287722
2514.36,0.0,9516.34,5.82761,8.07986,8.06722,0.964974,0.67776,0.0,0.0,0.702361,2514.36,3579.868472,0.67776,0.964974,20.15253741
625.083,324.618,3258.99,3.80722,5.44759,5.43097,0.174872,0.21538,0.116122,0.14302,1.23164,949.701,771.0865188,0.3584,0.290994,6.830353583
0.0,234.396,3284.31,3.052,5.08632,5.08632,0.0,0.0,0.100492,0.13148,1.30836,234.396,179.1525268,0.13148,0.100492,3.028629105
0.0,374.25,2513.81,3.10102,4.9358,4.89748,0.0,0.0,0.133517,0.1926,1.44251,374.25,259.4436087,0.1926,0.133517,2.782059175
1952.61,0.0,5373.45,9.6087,12.95456,12.95104,1.90488,0.79404,0.0,0.0,0.416845,1952.61,4684.259137,0.79404,1.90488,31.32656576
1846.98,6.70273,2140.5,5.14189,6.12649,6.12133,0.418413,0.52504,0.0,0.0,1.25484,1853.68273,1477.226364,0.52504,0.418413,9.79585767
1644.71,0.0,8096.22,7.20507,10.79969,10.77322,0.549629,0.56894,0.0,0.0,1.03513,1644.71,1588.892216,0.56894,0.549629,11.83159414
1664.39,0.199634,17550.9,7.68868,8.38921,8.37589,0.412618,0.49416,0.0,0.0,1.19762,1664.589634,1389.914692,0.49416,0.412618,8.621304719
482.274,0.0,2861.34,3.95436,4.65344,4.65249,0.127093,0.20016,0.0,0.0,1.5749,482.274,306.2251572,0.20016,0.127093,2.167240377
712.376,0.0,1819.68,4.29458,4.82648,4.79942,0.166627,0.27544,0.0,0.0,1.65303,712.376,430.9516464,0.27544,0.166627,3.133116444
0.0,256.816,2255.79,2.4372,4.6712,4.64353,0.0,0.0,0.107751,0.16534,1.53446,256.816,167.3657182,0.16534,0.107751,3.477247018
1023.29,86.4095,8366.99,6.64666,9.77773,9.77773,0.34911,0.31846,0.0466781,0.04258,0.912205,1109.6995,1216.502321,0.36104,0.3957881,9.053267892
2091.61,129.21,4574.0,8.01091,9.13888,9.13888,0.95913,0.63138,0.0849177,0.0559,0.658284,2220.82,3373.650279,0.68728,1.0440477,20.68197683
995.913,0.0,3787.86,3.90406,4.50101,4.50101,0.410836,0.41284,0.0,0.0,1.00488,995.913,991.0765465,0.41284,0.410836,11.09270182
2179.59,45.072,3965.45,6.27206,8.19381,8.14333,0.915343,0.60698,0.0248221,0.01646,0.663118,2224.662,3354.850871,0.62344,0.9401651,19.69245047
1900.38,0.0,1364.93,5.12599,6.78072,6.75642,0.546344,0.5415,0.0,0.0,0.991134,1900.38,1917.379487,0.5415,0.546344,11.33899938
0.0,69.1889,3195.42,2.96684,3.95463,3.67788,0.0,0.0,0.0426979,0.0665,1.55745,69.1889,44.42447591,0.0665,0.0426979,2.565328358
0.0,318.254,4006.59,3.32069,5.45411,4.76556,0.0,0.0,0.114901,0.18994,1.65307,318.254,192.5230027,0.18994,0.114901,2.209038701
440.27,0.0,1374.76,3.82945,4.48241,4.48241,0.218563,0.27676,0.0,0.0,1.26627,440.27,347.690461,0.27676,0.218563,5.579405084
1596.87,0.0,17518.4,7.85452,8.43698,8.43698,0.392051,0.4704,0.0,0.0,1.19984,1596.87,1330.902454,0.4704,0.392051,8.4618109
264.936,0.0,328.844,3.96956,4.19061,4.19061,0.103677,0.22768,0.0,0.0,2.19605,264.936,120.6420619,0.22768,0.103677,2.291608495
1043.64,0.0,2115.07,4.07497,5.51848,5.51366,0.230697,0.31032,0.0,0.0,1.34514,1043.64,775.8597618,0.31032,0.230697,4.919832941
0.0,503.456,2052.4,3.69598,4.44242,4.44242,0.0,0.0,0.222652,0.2754,1.23691,503.456,407.0271887,0.2754,0.222652,6.079513524
1516.24,0.0,8974.11,5.93484,7.26398,7.26398,0.498545,0.46294,0.0,0.0,0.928582,1516.24,1632.855257,0.46294,0.498545,10.55949764
0.0,67.374,1452.02,2.40361,4.41855,4.33448,0.0,0.0,0.0689309,0.0801,1.16203,67.374,57.97957023,0.0801,0.0689309,1.815909443
0.0,955.064,5308.63,2.98199,6.21611,6.18949,0.0,0.0,0.299168,0.3374,1.12779,955.064,846.8456007,0.3374,0.299168,5.464181094
1281.2,0.0,25429.0,5.43687,9.32302,8.07696,0.422889,0.40216,0.0,0.0,0.950981,1281.2,1347.240376,0.40216,0.422889,9.676007175
1215.16,0.0,1611.06,5.76476,6.93618,6.92128,0.264372,0.3909,0.0,0.0,1.4786,1215.16,821.8314622,0.3909,0.264372,5.989096806
383.854,0.0,897.797,3.79614,4.80581,4.80581,0.154455,0.24236,0.0,0.0,1.56913,383.854,244.6285521,0.24236,0.154455,3.587458878
0.0,363.609,7084.96,3.60286,4.58077,4.56313,0.0,0.0,0.174437,0.19826,1.13657,363.609,319.9178229,0.19826,0.174437,6.592070395
0.0,339.135,947.087,3.30527,4.75346,4.75346,0.0,0.0,0.144792,0.21018,1.4516,339.135,233.62841,0.21018,0.144792,6.031532676
848.529,0.0,1635.22,4.69215,5.21289,5.21289,0.225491,0.28682,0.0,0.0,1.27198,848.529,667.0930361,0.28682,0.225491,4.399181241
0.0,391.336,3200.37,3.19958,7.14322,7.14322,0.0,0.0,0.111438,0.16652,1.49429,391.336,261.8875854,0.16652,0.111438,4.821179425
1284.31,0.0,3658.69,8.66764,9.05571,9.05571,0.430055,0.44716,0.0,0.0,1.03977,1284.31,1235.186628,0.44716,0.430055,9.322221712
1435.55,0.0,8167.7,9.2057,10.20459,10.20459,0.421794,0.45082,0.0,0.0,1.06882,1435.55,1343.116708,0.45082,0.421794,8.747972878
0.0,174.97,648.654,2.97255,4.38918,4.38033,0.0,0.0,0.0584153,0.16256,2.78283,174.97,62.87484324,0.16256,0.0584153,1.703182438
1240.28,0.0,6555.14,4.36372,7.19009,6.93205,0.364233,0.37874,0.0,0.0,1.03983,1240.28,1192.771895,0.37874,0.364233,7.87092334
1248.95,0.0,1550.35,7.69473,8.27361,8.27361,0.336781,0.42738,0.0,0.0,1.26901,1248.95,984.192402,0.42738,0.336781,7.068785127
1315.64,0.0,921.159,5.53647,6.87756,6.83784,0.366589,0.43336,0.0,0.0,1.18214,1315.64,1112.930787,0.43336,0.366589,9.330078437
1776.1,0.0,1579.24,5.46523,7.45128,7.15275,0.426179,0.5012,0.0,0.0,1.17603,1776.1,1510.250589,0.5012,0.426179,8.45307498
877.982,0.0,4359.21,4.25652,5.66796,5.66796,0.205697,0.29486,0.0,0.0,1.43346,877.982,612.4914542,0.29486,0.205697,4.681106065
2347.55,0.0,2498.48,4.60094,5.73609,5.73609,0.597007,0.6208,0.0,0.0,1.03985,2347.55,2257.585229,0.6208,0.597007,8.662603787
97.8632,892.225,14468.7,3.77071,8.8329,4.46909,0.0376206,0.03768,0.264682,0.2651,1.00158,990.0882,988.5263284,0.30278,0.3023026,6.420590011
2177.94,0.0,17249.5,7.94511,15.05129,15.05129,1.33504,0.76404,0.0,0.0,0.572296,2177.94,3805.618072,0.76404,1.33504,21.13461372
682.078,0.0,2200.06,5.0269,7.1268,7.1268,0.123957,0.24544,0.0,0.0,1.98004,682.078,344.4768793,0.24544,0.123957,2.59777703
2190.67,0.0,24617.6,6.25774,7.86092,7.855,0.433546,0.56414,0.0,0.0,1.30122,2190.67,1683.550822,0.56414,0.433546,9.375493715
805.733,85.7152,10679.3,4.11939,5.47758,5.46905,0.128573,0.23264,0.0264839,0.04792,1.8094,891.4482,492.6761357,0.28056,0.1550569,5.451111053
0.0,62.5205,2214.63,3.48999,4.02336,4.02336,0.0,0.0,0.0425622,0.07014,1.64794,62.5205,37.93857786,0.07014,0.0425622,1.719578138
0.0,17.4106,1351.19,2.53368,3.93179,3.92903,0.0,0.0,0.0227409,0.04318,1.89878,17.4106,9.169361379,0.04318,0.0227409,2.554711494
483.41,0.0,3724.2,5.75367,7.28997,7.27102,0.110987,0.14636,0.0,0.0,1.31871,483.41,366.5779436,0.14636,0.110987,3.034360404
2124.68,0.0,3096.77,7.88912,8.60682,8.60682,0.945368,0.65212,0.0,0.0,0.689805,2124.68,3080.116845,0.65212,0.945368,20.48916216
1047.23,0.0,6315.12,3.96675,5.5226,5.5226,0.318016,0.35604,0.0,0.0,1.11957,1047.23,935.3859071,0.35604,0.318016,6.309932053
2026.72,0.0,13411.4,9.77333,11.45503,11.42335,2.00885,0.8135,0.0,0.0,0.404958,2026.72,5004.765926,0.8135,2.00885,28.68848571
774.204,0.0,1520.22,4.96395,6.16574,6.1491,0.210836,0.26932,0.0,0.0,1.27739,774.204,606.0827155,0.26932,0.210836,5.235930957
931.329,0.0,3515.88,3.78089,5.31982,5.2376,0.323867,0.37036,0.0,0.0,1.14355,931.329,814.4191334,0.37036,0.323867,8.188549143
0.0,1103.87,3330.06,3.4579,7.01987,7.01987,0.0,0.0,0.293188,0.4279,1.45948,1103.87,756.3447255,0.4279,0.293188,7.791945622
0.0,68.548,2761.12,3.08683,4.35468,4.35468,0.0,0.0,0.0542375,0.07138,1.31606,68.548,52.08577117,0.07138,0.0542375,4.918772192
384.866,15.6181,11552.9,5.6432,6.09339,6.09339,0.0698167,0.10802,0.00651502,0.01008,1.54719,400.4841,258.8461016,0.1181,0.07633172,4.396136006
2019.76,0.0,14667.8,5.41366,7.45968,5.85767,0.839442,0.5716,0.0,0.0,0.680928,2019.76,2966.187321,0.5716,0.839442,17.80183145
1040.3,4.03373,4697.97,7.39544,8.64157,8.63925,0.181931,0.35656,0.0,0.0,1.95986,1044.33373,532.8613932,0.35656,0.181931,5.431080374
0.0,243.431,1079.2,2.68084,4.44624,4.43788,0.0,0.0,0.124524,0.18942,1.52115,243.431,160.0308977,0.18942,0.124524,4.306563161
964.428,13.5379,4093.6,4.03981,8.5056,8.459,0.237069,0.30288,0.0163744,0.02092,1.2776,977.9659,765.4711177,0.3238,0.2534434,6.77509256
0.0,49.269,1046.24,2.79019,3.96931,3.93414,0.0,0.0,0.0537883,0.11698,2.17482,49.269,22.65428863,0.11698,0.0537883,1.93314837
1893.97,0.0,15861.9,11.79351,14.70244,14.69456,0.953546,0.73912,0.0,0.0,0.775127,1893.97,2443.431851,0.73912,0.953546,20.61528838
2035.91,0.0,11672.6,9.42284,13.86987,13.86987,1.1159,0.7287,0.0,0.0,0.653017,2035.91,3117.698314,0.7287,1.1159,18.78420031
1633.8,0.0,4805.99,4.66095,6.54623,6.54623,0.385036,0.46408,0.0,0.0,1.20529,1633.8,1355.524397,0.46408,0.385036,9.660600755
3034.68,0.0,12836.6,4.65211,6.30911,6.30565,0.408837,0.68178,0.0,0.0,1.66761,3034.68,1819.778006,0.68178,0.408837,2.637066167
0.0,100.514,5770.39,3.06148,4.22473,4.20673,0.0,0.0,0.0168825,0.067,3.9686,100.514,25.32731946,0.067,0.0168825,1.993201605
371.564,0.0,1745.16,3.80348,5.16886,5.16886,0.0786167,0.16068,0.0,0.0,2.04384,371.564,181.7970096,0.16068,0.0786167,2.495103781
2271.17,0.0,1835.12,5.32777,6.60032,6.60032,0.574021,0.66674,0.0,0.0,1.16153,2271.17,1955.326165,0.66674,0.574021,7.274079736
1229.46,0.0,2291.45,5.8923,6.42466,6.42466,0.300338,0.39992,0.0,0.0,1.33156,1229.46,923.3230196,0.39992,0.300338,7.315333711
939.72,0.0,3231.26,5.34538,5.86305,5.70782,0.244684,0.31098,0.0,0.0,1.27095,939.72,739.3839254,0.31098,0.244684,5.323299111
519.474,0.0,2405.89,3.99796,4.52715,4.52715,0.159228,0.26026,0.0,0.0,1.63451,519.474,317.8163486,0.26026,0.159228,4.16590814
810.36,0.0,2041.18,3.84632,4.6223,4.60163,0.219593,0.36878,0.0,0.0,1.67938,810.36,482.5352213,0.36878,0.219593,4.099898936
0.0,1420.62,2088.61,3.71325,5.57167,5.56165,0.0,0.0,0.622789,0.50122,0.804799,1420.62,1765.18609,0.50122,0.622789,8.315678864
1260.01,0.0,4214.56,9.09929,9.71746,9.71746,0.321801,0.42838,0.0,0.0,1.3312,1260.01,946.5219351,0.42838,0.321801,7.589118556
0.0,470.214,1116.93,3.17956,5.01325,5.01325,0.0,0.0,0.224707,0.30478,1.35634,470.214,346.6785614,0.30478,0.224707,6.164831242
1713.12,0.0,2941.42,6.13905,7.06129,7.05987,0.721659,0.53468,0.0,0.0,0.740903,1713.12,2312.205511,0.53468,0.721659,14.89288767
0.0,438.587,5352.9,3.67184,5.12845,5.12666,0.0,0.0,0.115332,0.17206,1.49187,438.587,293.9847306,0.17206,0.115332,2.914593739
697.471,0.0,4053.12,4.26622,4.77305,4.76857,0.169537,0.22682,0.0,0.0,1.33788,697.471,521.3255299,0.22682,0.169537,4.443273556
1266.64,0.0,5415.01,4.52277,6.58573,6.51086,0.287162,0.39868,0.0,0.0,1.38834,1266.64,912.3413573,0.39868,0.287162,3.810682346
1740.95,0.0,67268.2,8.5205,11.7072,11.7072,0.345421,0.4842,0.0,0.0,1.40177,1740.95,1241.965515,0.4842,0.345421,3.887583547
780.882,0.0,5746.2,3.98136,6.27753,6.2653,0.117041,0.27746,0.0,0.0,2.37062,780.882,329.3999038,0.27746,0.117041,3.170744963
1460.14,0.0,5069.05,6.45971,8.78779,8.68208,0.55656,0.46088,0.0,0.0,0.828086,1460.14,1763.270965,0.46088,0.55656,12.39514719
1871.27,0.0,15930.8,13.06998,14.69185,14.68941,1.0969,0.74466,0.0,0.0,0.678878,1871.27,2756.415733,0.74466,1.0969,22.43561369
0.0,387.124,12074.8,3.53202,5.37744,5.37744,0.0,0.0,0.116255,0.1615,1.38918,387.124,278.6708706,0.1615,0.116255,3.694197519
2201.11,0.0,8707.49,6.85678,14.09924,9.1508,0.990895,0.7415,0.0,0.0,0.748313,2201.11,2941.429589,0.7415,0.990895,21.09980482
1341.53,350.334,39938.6,5.61515,12.13355,12.13355,0.423201,0.41666,0.123631,0.12172,0.984545,1691.864,1718.422215,0.53838,0.546832,10.74145303
1399.36,0.0,1420.15,6.82431,7.15467,7.15467,0.494949,0.47008,0.0,0.0,0.949754,1399.36,1473.392057,0.47008,0.494949,11.19271593
0.0,839.111,8433.89,3.71586,7.02954,6.81532,0.0,0.0,0.205026,0.2714,1.32374,839.111,633.8941182,0.2714,0.205026,4.354837076
0.0,207.561,1660.76,3.3328,4.28866,4.28866,0.0,0.0,0.115911,0.17414,1.50236,207.561,138.1566336,0.17414,0.115911,3.905642641
0.0,524.169,6333.35,3.63709,4.90044,4.9004,0.0,0.0,0.181744,0.25394,1.39724,524.169,375.1460021,0.25394,0.181744,5.74550419
0.0,35.9675,1030.33,2.75707,3.95141,3.95141,0.0,0.0,0.0416509,0.09326,2.23909,35.9675,16.06344542,0.09326,0.0416509,1.712009163
445.224,6.19725,11616.5,5.69332,6.32079,6.32079,0.0831334,0.12414,0.0,0.0,1.49326,451.42125,302.305861,0.12414,0.0831334,4.825388949
1149.95,0.0,9258.38,3.98461,6.47651,6.47651,0.241975,0.35068,0.0,0.0,1.44924,1149.95,793.484861,0.35068,0.241975,5.151801817
0.0,799.844,4562.6,3.71196,5.30496,5.30496,0.0,0.0,0.246573,0.30132,1.22203,799.844,654.5207564,0.30132,0.246573,6.258146386
1566.4,0.0,2724.98,7.36025,9.10711,9.10711,0.345376,0.5571,0.0,0.0,1.61302,1566.4,971.0976925,0.5571,0.345376,7.366558868
1628.07,0.0,10527.8,6.84404,7.60995,7.60151,0.385386,0.45984,0.0,0.0,1.19319,1628.07,1364.468358,0.45984,0.385386,8.84923171
684.884,0.0,6940.9,3.95161,5.11784,4.97658,0.265607,0.27656,0.0,0.0,1.04124,684.884,657.7580577,0.27656,0.265607,5.416149378
1843.75,0.0,14087.4,6.82289,9.58074,8.18091,0.627616,0.56494,0.0,0.0,0.900136,1843.75,2048.30159,0.56494,0.627616,14.1676363
0.0,31.6672,1327.71,3.20447,4.1469,3.68437,0.0,0.0,0.0582063,0.05884,1.01089,31.6672,31.32605922,0.05884,0.0582063,2.657231827
1315.21,0.0,12173.6,5.85081,7.0171,7.01692,0.347524,0.336,0.0,0.0,0.966839,1315.21,1360.319557,0.336,0.347524,7.840283706
593.194,0.0,3630.93,8.16692,8.46927,8.46927,0.15131,0.20466,0.0,0.0,1.35259,593.194,438.5615745,0.20466,0.15131,3.223831551
1803.69,0.0,9301.92,8.62113,9.96651,9.96126,0.613068,0.56288,0.0,0.0,0.918137,1803.69,1964.510743,0.56288,0.613068,11.56616247
0.0,527.589,7104.42,2.56703,5.73914,5.73914,0.0,0.0,0.135884,0.2122,1.56162,527.589,337.8472356,0.2122,0.135884,2.845888145
578.611,0.0,2882.14,4.99057,7.01369,7.01369,0.149481,0.17456,0.0,0.0,1.16777,578.611,495.4836997,0.17456,0.149481,3.22910933
0.0,237.275,3269.83,3.39541,4.59734,4.54341,0.0,0.0,0.0734814,0.13974,1.90171,237.275,124.7692866,0.13974,0.0734814,1.603533139
0.0,646.876,10029.1,3.51016,4.81461,4.81159,0.0,0.0,0.288877,0.29544,1.02272,646.876,632.5054756,0.29544,0.288877,8.930400567
1390.05,0.0,1421.66,6.86808,7.17072,7.17072,0.495709,0.4703,0.0,0.0,0.948742,1390.05,1465.150694,0.4703,0.495709,11.02748719
0.0,68.3281,3916.82,2.49159,4.3173,4.27072,0.0,0.0,0.0431095,0.06032,1.39923,68.3281,48.83264367,0.06032,0.0431095,1.902917118
1449.13,0.0,2326.96,8.01066,8.40037,8.40037,0.515991,0.48286,0.0,0.0,0.935791,1449.13,1548.561591,0.48286,0.515991,12.17161707
2443.82,0.0,38208.0,6.9563,11.39057,11.36269,1.25266,0.7001,0.0,0.0,0.55889,2443.82,4372.631466,0.7001,1.25266,22.47660673
2285.48,0.0,1452.94,5.36027,6.62435,6.62435,0.605272,0.65556,0.0,0.0,1.08308,2285.48,2110.167301,0.65556,0.605272,5.938555477
2120.23,0.0,16742.6,8.90065,10.34557,10.34557,0.98265,0.62652,0.0,0.0,0.637582,2120.23,3325.42324,0.62652,0.98265,18.23200556
835.239,0.0,8411.2,3.82805,7.0406,6.69231,0.209055,0.27748,0.0,0.0,1.32731,835.239,629.2719862,0.27748,0.209055,4.258109731
2166.49,0.0,2476.38,9.50125,13.19587,13.19587,1.11458,0.81862,0.0,0.0,0.734466,2166.49,2949.748525,0.81862,1.11458,15.31589665
927.966,0.0,1038.92,4.3206,5.18964,5.16791,0.224578,0.3705,0.0,0.0,1.64976,927.966,562.4854524,0.3705,0.224578,4.735168337
193.735,143.642,4521.65,3.98397,5.03658,5.03257,0.0479269,0.08386,0.0427033,0.07472,1.74975,337.377,192.8144021,0.15858,0.0906302,2.419569537
531.919,0.0,676.9,4.25829,5.05781,5.05781,0.101514,0.20422,0.0,0.0,2.01174,531.919,264.4074284,0.20422,0.101514,1.748002934
1845.9,0.0,3785.45,6.47099,8.24333,8.10297,0.646886,0.55932,0.0,0.0,0.864634,1845.9,2134.891758,0.55932,0.646886,13.3197163
0.0,28.2672,1367.64,2.94555,3.85858,3.83538,0.0,0.0,0.0259891,0.04108,1.58066,28.2672,17.88316273,0.04108,0.0259891,5.481780595
1890.77,0.0,1163.07,4.25071,5.89224,5.89224,0.564965,0.51724,0.0,0.0,0.915526,1890.77,2065.228077,0.51724,0.564965,12.83073816
940.67,0.0,22742.9,5.56565,7.28736,6.90572,0.135309,0.2672,0.0,0.0,1.97473,940.67,476.3537294,0.2672,0.135309,2.881887159
1467.92,0.0,1468.89,6.73992,7.05522,7.05522,0.463635,0.47596,0.0,0.0,1.02658,1467.92,1429.912915,0.47596,0.463635,8.088540266
2153.52,0.0,15139.6,7.63891,11.83799,11.7221,1.03305,0.69576,0.0,0.0,0.673503,2153.52,3197.491325,0.69576,1.03305,19.8694757
1354.92,0.0,3851.79,7.53322,8.33704,8.33704,0.328988,0.43998,0.0,0.0,1.33737,1354.92,1013.122771,0.43998,0.328988,7.346646552
1428.12,0.0,2085.14,4.0515,6.22728,6.20206,0.231206,0.44334,0.0,0.0,1.91751,1428.12,744.7783845,0.44334,0.231206,6.222164496
0.0,104.665,1594.92,3.10979,4.51219,4.50726,0.0,0.0,0.0544005,0.08986,1.65182,104.665,63.36344154,0.08986,0.0544005,2.756453216
1029.01,0.0,598.654,5.12652,5.56922,5.56922,0.314106,0.39992,0.0,0.0,1.2732,1029.01,808.2076657,0.39992,0.314106,6.631533553
1550.94,0.0,99710.2,13.19796,24.78598,24.78598,2.6702,0.8364,0.0,0.0,0.313235,1550.94,4951.362396,0.8364,2.6702,19.60400911
891.618,0.0,13674.9,4.61369,6.14578,6.13896,0.186753,0.2819,0.0,0.0,1.50948,891.618,590.6789093,0.2819,0.186753,4.04736679
1637.96,0.0,2062.93,3.80854,6.05411,6.02675,0.224629,0.4762,0.0,0.0,2.11994,1637.96,772.6445088,0.4762,0.224629,5.633009418
440.234,244.429,10702.5,5.37996,6.72158,6.72158,0.112448,0.13088,0.0686993,0.07996,1.16391,684.663,588.2439364,0.21084,0.1811473,4.454128035
2010.32,0.0,3515.02,7.37185,9.02635,9.02635,0.764497,0.65636,0.0,0.0,0.858551,2010.32,2341.526595,0.65636,0.764497,6.644283603
0.0,1009.22,4903.68,3.54841,6.30332,6.29414,0.0,0.0,0.301572,0.37666,1.24899,1009.22,808.0288873,0.37666,0.301572,6.82401022
1512.81,0.0,2722.62,3.93085,5.24217,5.24217,0.860776,0.59676,0.0,0.0,0.693281,1512.81,2182.102207,0.59676,0.860776,17.01623242
448.493,0.0,1283.31,4.29241,4.96705,4.96705,0.120157,0.17772,0.0,0.0,1.47907,448.493,303.2263517,0.17772,0.120157,2.062993332
2667.74,0.0,2311.35,4.79932,5.99633,5.81502,0.90622,0.67266,0.0,0.0,0.74227,2667.74,3594.029127,0.67266,0.90622,15.34581016
0.0,111.035,5476.34,2.75234,4.34659,4.33771,0.0,0.0,0.0515322,0.0872,1.69214,111.035,65.61809307,0.0872,0.0515322,3.516496946
2307.48,0.0,3624.15,5.01606,6.23426,6.23426,0.396984,0.60846,0.0,0.0,1.5327,2307.48,1505.500098,0.60846,0.396984,7.048396225
0.0,108.702,2719.19,3.45193,4.06689,4.06689,0.0,0.0,0.0850583,0.12278,1.44348,108.702,75.30551168,0.12278,0.0850583,3.569227314
0.0,357.349,2709.98,3.1446,5.24567,5.24567,0.0,0.0,0.0776996,0.19428,2.5004,357.349,142.9167333,0.19428,0.0776996,2.908035125
532.243,0.0,2511.78,3.9715,4.73097,4.71386,0.117876,0.22472,0.0,0.0,1.90641,532.243,279.1860093,0.22472,0.117876,4.017137921
2323.99,0.0,11399.4,5.6209,11.10014,11.10014,0.902366,0.69258,0.0,0.0,0.767516,2323.99,3027.936877,0.69258,0.902366,18.25043027
2130.94,0.580007,3229.39,4.72399,6.25646,6.2395,0.625632,0.57144,0.0,0.0,0.913381,2131.520007,2333.659236,0.57144,0.625632,14.65567215
1158.67,0.0,6106.07,4.62372,6.68191,6.68191,0.33183,0.32762,0.0,0.0,0.987311,1158.67,1173.56132,0.32762,0.33183,7.636736111
1170.18,0.0,1482.21,3.90146,6.54291,6.54291,0.311773,0.3879,0.0,0.0,1.24418,1170.18,940.5230754,0.3879,0.311773,7.737602959
1301.65,0.0,10478.1,3.94057,12.81278,12.81278,0.473833,0.44058,0.0,0.0,0.929822,1301.65,1399.891592,0.44058,0.473833,10.5161654
0.0,50.2431,1860.74,3.24249,3.99709,3.99709,0.0,0.0,0.0798951,0.1072,1.34176,50.2431,37.44566838,0.1072,0.0798951,2.963146876
0.0,292.934,746.42,3.12888,4.36189,4.35758,0.0,0.0,0.0944135,0.22956,2.43143,292.934,120.4780726,0.22956,0.0944135,3.491275506
554.571,0.0,4181.41,4.02438,5.16708,5.14791,0.153604,0.2066,0.0,0.0,1.34501,554.571,412.3173805,0.2066,0.153604,3.639224186
760.111,73.6594,28101.4,4.18313,6.98663,6.97418,0.143983,0.21476,0.0185979,0.02774,1.49157,833.7704,558.9884484,0.2425,0.1625809,4.553132461
1458.93,0.0,3230.18,4.07384,6.02953,5.91743,0.193382,0.4446,0.0,0.0,2.29908,1458.93,634.5712198,0.4446,0.193382,3.503793224
1453.87,0.0,7925.73,4.13589,7.02178,6.49567,0.364417,0.4362,0.0,0.0,1.19698,1453.87,1214.615115,0.4362,0.364417,9.135796702
1444.26,0.0,6257.85,8.68185,10.16266,10.16266,0.538907,0.48488,0.0,0.0,0.899748,1444.26,1605.182785,0.48488,0.538907,11.55761885
2403.93,0.0,2920.59,6.62876,9.02646,9.00319,0.963456,0.74038,0.0,0.0,0.768463,2403.93,3128.231288,0.74038,0.963456,23.26911038
0.0,128.573,982.399,3.62411,4.09039,4.09039,0.0,0.0,0.0776139,0.12566,1.61904,128.573,79.413109,0.12566,0.0776139,2.124265193
2347.17,0.0,10200.4,7.01422,8.6135,8.59188,0.904607,0.63248,0.0,0.0,0.699177,2347.17,3357.046928,0.63248,0.904607,17.78542885
0.0,1022.42,2412.74,3.11444,6.65766,6.65477,0.0,0.0,0.277507,0.41594,1.49885,1022.42,682.1363045,0.41594,0.277507,7.490566457
2131.96,0.0,2725.65,4.14111,6.59798,6.57182,0.382563,0.6007,0.0,0.0,1.5702,2131.96,1357.763342,0.6007,0.382563,5.465763458
0.0,588.268,1546.56,3.69765,5.10587,5.10587,0.0,0.0,0.179372,0.22292,1.24278,588.268,473.3484607,0.22292,0.179372,5.178916865
1611.77,0.0,2707.44,13.16757,14.01468,14.01422,0.959957,0.69408,0.0,0.0,0.723032,1611.77,2229.182111,0.69408,0.959957,18.12832843
2295.85,0.0,17907.1,5.44633,7.19383,7.19383,0.733958,0.56242,0.0,0.0,0.766283,2295.85,2996.086302,0.56242,0.733958,15.1268397
0.0,37.0762,643.636,2.93694,3.85408,3.8532,0.0,0.0,0.0321837,0.06444,2.00226,37.0762,18.51717559,0.06444,0.0321837,1.940673687
2109.28,0.0,39837.2,6.22214,15.05768,9.48846,1.05152,0.72104,0.0,0.0,0.685711,2109.28,3076.048073,0.72104,1.05152,22.19659959
1022.66,0.0,2320.25,8.12641,8.87023,8.87023,0.276513,0.35432,0.0,0.0,1.28139,1022.66,798.086453,0.35432,0.276513,5.487486953
901.188,0.0,1975.96,4.28978,5.42171,5.42171,0.231763,0.28032,0.0,0.0,1.20951,901.188,745.0851998,0.28032,0.231763,4.141680471
0.0,633.825,774.2,3.12072,5.2088,5.2088,0.0,0.0,0.449842,0.43172,0.959715,633.825,660.4304403,0.43172,0.449842,8.495956876
0.0,108.389,6165.41,2.58334,4.04473,3.99704,0.0,0.0,0.0435771,0.05956,1.36677,108.389,79.30302831,0.05956,0.0435771,2.115248977
664.428,318.004,6505.46,4.90642,6.54867,6.54867,0.251824,0.20354,0.188503,0.15236,0.808262,982.432,1215.487057,0.3559,0.440327,11.87484603
1628.2,0.0,16977.1,7.50835,8.27117,8.24331,0.392684,0.48618,0.0,0.0,1.23809,1628.2,1315.090179,0.48618,0.392684,8.389822621
2471.99,0.0,3942.37,6.03585,6.62054,6.61701,0.846644,0.60464,0.0,0.0,0.714161,2471.99,3461.390359,0.60464,0.846644,16.67659991
0.0,327.689,7164.84,2.50689,5.72394,5.72394,0.0,0.0,0.155016,0.19378,1.25006,327.689,262.1386173,0.19378,0.155016,2.928381001
1215.94,0.0,1615.62,5.91102,7.09855,7.08643,0.271277,0.40054,0.0,0.0,1.4765,1215.94,823.528615,0.40054,0.271277,6.025949958
1816.29,0.0,20012.7,7.49099,11.36912,11.36912,0.227142,0.55638,0.0,0.0,2.44948,1816.29,741.5002368,0.55638,0.227142,4.232368792
539.495,0.0,2556.9,3.84764,4.64544,4.60599,0.12864,0.24226,0.0,0.0,1.88324,539.495,286.471719,0.24226,0.12864,3.987613122
1849.3,0.0,1752.46,6.37667,6.90619,6.76731,0.820603,0.57292,0.0,0.0,0.69817,1849.3,2648.781815,0.57292,0.820603,21.30736911
1373.48,0.0,1415.19,6.6215,7.05984,7.05984,0.483956,0.46806,0.0,0.0,0.967154,1373.48,1420.12544,0.46806,0.483956,11.22403841
1157.24,1.1855,11582.3,5.30484,10.99131,10.99131,0.364282,0.36462,0.0,0.0,1.00093,1158.4255,1157.349165,0.36462,0.364282,9.526410545
0.0,91.6945,1443.26,2.93632,4.09007,4.07808,0.0,0.0,0.105368,0.1666,1.58112,91.6945,57.99338444,0.1666,0.105368,3.692301403
1894.72,0.0,4548.44,6.69209,13.22876,13.22876,0.75795,0.6695,0.0,0.0,0.883303,1894.72,2145.039698,0.6695,0.75795,14.50885274
0.0,106.412,7267.94,3.44315,4.34974,4.3363,0.0,0.0,0.0433081,0.07492,1.72993,106.412,61.51231553,0.07492,0.0433081,2.737166191
0.0,698.866,1039.05,3.328,5.4475,5.4475,0.0,0.0,0.199715,0.28808,1.44245,698.866,484.4992894,0.28808,0.199715,5.064779482
922.152,0.0,5127.12,4.24278,5.97954,5.90822,0.216162,0.28198,0.0,0.0,1.30449,922.152,706.9061472,0.28198,0.216162,5.234229369
2104.98,0.0,3275.23,5.0756,8.32819,8.31268,0.60864,0.58286,0.0,0.0,0.957644,2104.98,2198.081959,0.58286,0.60864,11.87475845
857.336,0.0,3859.97,4.10522,5.84738,5.84738,0.22443,0.30254,0.0,0.0,1.34804,857.336,635.9870627,0.30254,0.22443,4.55481474
2163.58,0.0,20019.0,7.83744,9.47418,9.45292,1.07472,0.64186,0.0,0.0,0.597233,2163.58,3622.673228,0.64186,1.07472,21.31115727
0.0,155.602,1135.73,3.03966,4.22721,4.22721,0.0,0.0,0.114353,0.19126,1.67254,155.602,93.03335047,0.19126,0.114353,3.71701533
0.0,454.724,6411.72,2.64405,5.59052,5.59052,0.0,0.0,0.151823,0.2143,1.41151,454.724,322.1542887,0.2143,0.151823,3.680395397
0.0,228.375,1386.06,3.46053,4.15802,4.1496,0.0,0.0,0.0554048,0.13758,2.48318,228.375,91.96876586,0.13758,0.0554048,1.046056496
1144.63,0.0,3684.39,3.97544,4.76594,4.75053,0.284102,0.3331,0.0,0.0,1.17247,1144.63,976.255256,0.3331,0.284102,7.468800094
0.0,28.1684,2162.66,3.23059,3.97688,3.95261,0.0,0.0,0.0373795,0.05814,1.5554,28.1684,18.11006815,0.05814,0.0373795,1.224674818
0.0,427.408,2364.11,2.9134,4.28256,4.28256,0.0,0.0,0.123086,0.25164,2.04442,427.408,209.0607605,0.25164,0.123086,2.709976049
1603.8,0.888134,15518.0,13.71867,18.8079,18.7996,0.957188,0.6455,0.0,0.0,0.674371,1604.688134,2379.533126,0.6455,0.957188,14.67620896
1073.57,0.0,1298.52,4.01259,5.06354,5.06354,0.382301,0.41688,0.0,0.0,1.09045,1073.57,984.5201522,0.41688,0.382301,7.716556793
1693.37,0.0,11386.5,13.37948,15.24588,15.24588,0.771781,0.59976,0.0,0.0,0.777112,1693.37,2179.055271,0.59976,0.771781,10.82644464
0.0,133.827,924.636,2.50036,4.31678,4.31678,0.0,0.0,0.15025,0.20506,1.36479,133.827,98.05684391,0.20506,0.15025,3.974591908
1626.39,0.0,3470.45,5.00492,7.33223,7.33223,0.501112,0.46972,0.0,0.0,0.937356,1626.39,1735.082509,0.46972,0.501112,10.02359971
2393.16,0.0,2069.26,5.67657,7.0118,7.0118,0.669123,0.68926,0.0,0.0,1.03009,2393.16,2323.253308,0.68926,0.669123,7.668869754
0.0,320.186,1387.68,3.7187,4.15957,4.15957,0.0,0.0,0.174699,0.22748,1.30213,320.186,245.8940352,0.22748,0.174699,3.625817086
600.9,551.257,3311.16,5.56715,6.40577,6.25288,0.160966,0.18482,0.163108,0.18728,1.14819,1152.157,1003.455003,0.3721,0.324074,7.971890166
1453.15,0.0,10838.5,6.50064,8.56175,8.56175,0.319032,0.43918,0.0,0.0,1.3766,1453.15,1055.60802,0.43918,0.319032,6.715312728
0.0,511.474,999.136,2.98597,4.98706,4.93093,0.0,0.0,0.209205,0.25984,1.24204,511.474,411.8015523,0.25984,0.209205,4.859506424
0.0,628.556,1824.82,2.85433,4.75314,4.75267,0.0,0.0,0.201788,0.259,1.28353,628.556,489.7088498,0.259,0.201788,4.221276179
0.0,1572.23,4737.4,2.52202,10.35242,10.35242,0.0,0.0,0.590488,0.57228,0.969164,1572.23,1622.253819,0.57228,0.590488,15.08258187
915.377,0.0,2812.85,7.10888,8.29917,8.29917,0.196322,0.3032,0.0,0.0,1.5444,915.377,592.7072002,0.3032,0.196322,3.63124754
0.0,265.937,4253.72,3.32799,4.67652,4.66846,0.0,0.0,0.0982978,0.17418,1.77196,265.937,150.0807016,0.17418,0.0982978,2.759448362
908.469,0.0,2816.39,7.08669,8.30134,8.30134,0.222178,0.30414,0.0,0.0,1.3689,908.469,663.6489152,0.30414,0.222178,4.152151089
1680.39,0.0,2546.95,5.10748,5.48445,5.47384,0.397924,0.49414,0.0,0.0,1.24179,1680.39,1353.199816,0.49414,0.397924,8.458681717
0.0,665.472,3034.06,2.59859,6.18628,6.18628,0.0,0.0,0.16099,0.23586,1.46506,665.472,454.2284958,0.23586,0.16099,4.426737629
116.786,551.072,8905.0,4.23046,6.48503,4.73284,0.0310476,0.04202,0.134919,0.1826,1.35341,667.858,493.4631782,0.22462,0.1659666,5.241583506
1635.8,0.0,2355.33,4.95321,6.6968,6.255,0.260436,0.43556,0.0,0.0,1.67243,1635.8,978.097738,0.43556,0.260436,6.458348188
668.919,38.4073,3914.43,4.86842,6.2895,6.2895,0.195245,0.25216,0.0346418,0.04474,1.2915,707.3263,547.6781262,0.2969,0.2298868,4.122599869
0.0,962.153,8533.44,2.53927,7.28051,7.28042,0.0,0.0,0.24632,0.35238,1.43058,962.153,672.5614786,0.35238,0.24632,8.92090357
2119.39,0.0,10104.3,5.67473,7.21449,7.21449,0.612027,0.5309,0.0,0.0,0.867445,2119.39,2443.255768,0.5309,0.612027,11.59456803
0.0,552.241,2028.69,3.69427,4.58174,4.58174,0.0,0.0,0.180171,0.30444,1.68973,552.241,326.8220367,0.30444,0.180171,3.855222188
0.0,854.604,1005.8,3.46918,5.01901,4.96024,0.0,0.0,0.354208,0.42082,1.18806,854.604,719.3273067,0.42082,0.354208,11.13003606
0.0,686.097,2881.41,3.44168,5.47116,5.42276,0.0,0.0,0.188444,0.34692,1.84097,686.097,372.6823359,0.34692,0.188444,2.965930173
0.0,191.718,1065.61,3.31264,4.61571,4.61571,0.0,0.0,0.0666754,0.11214,1.68188,191.718,113.9902966,0.11214,0.0666754,2.76802558
0.0,644.067,12148.7,2.75421,7.7548,7.7548,0.0,0.0,0.200937,0.20218,1.00618,644.067,640.1111133,0.20218,0.200937,5.925639
2117.08,0.0,15298.0,6.95883,12.33456,12.32864,0.974428,0.69014,0.0,0.0,0.708252,2117.08,2989.16205,0.69014,0.974428,18.46235181
0.0,37.0793,4068.31,2.73604,4.43317,4.43317,0.0,0.0,0.012765,0.02906,2.27654,37.0793,16.28756798,0.02906,0.012765,0.654814952
490.991,0.0,1386.93,3.77095,4.87498,4.87498,0.151534,0.20468,0.0,0.0,1.35072,490.991,363.5031687,0.20468,0.151534,3.608524842
1868.8,0.0,2404.1,8.61929,9.08566,9.08005,0.787702,0.60014,0.0,0.0,0.761887,1868.8,2452.857182,0.60014,0.787702,16.53972902
1665.39,0.0,3819.55,5.85889,6.71051,6.55452,0.424632,0.44982,0.0,0.0,1.05932,1665.39,1572.131178,0.44982,0.424632,9.975323128
1637.12,0.0,7750.9,6.01308,11.51198,11.45567,0.782993,0.5812,0.0,0.0,0.74228,1637.12,2205.528911,0.5812,0.782993,14.52741798
1095.76,0.0,911.958,4.17822,5.731,5.71686,0.302913,0.39392,0.0,0.0,1.30044,1095.76,842.6071176,0.39392,0.302913,8.189974096
0.0,266.008,1721.05,2.59736,4.69438,4.58003,0.0,0.0,0.154736,0.19358,1.25104,266.008,212.6294923,0.19358,0.154736,3.013490575
0.0,14.965,1350.68,2.58728,3.9269,3.91812,0.0,0.0,0.0114767,0.0218,1.89949,14.965,7.878430526,0.0218,0.0114767,2.565590342
0.0,120.311,645.159,3.10206,4.16035,4.16035,0.0,0.0,0.0661269,0.1279,1.93416,120.311,62.20323034,0.1279,0.0661269,3.365053312
456.021,0.0,2499.95,4.30105,6.96433,6.96433,0.0917273,0.19332,0.0,0.0,2.10755,456.021,216.3749377,0.19332,0.0917273,3.779922436
1845.45,0.0,23197.9,7.53546,24.10039,24.10039,1.27108,0.72534,0.0,0.0,0.570649,1845.45,3233.949415,0.72534,1.27108,18.43940516
1762.62,0.0,8660.63,8.62891,13.64671,13.57643,0.749407,0.61056,0.0,0.0,0.814725,1762.62,2163.453926,0.61056,0.749407,11.90892429
0.0,31.7203,540.899,2.7764,3.96635,3.95733,0.0,0.0,0.0697476,0.10586,1.51776,31.7203,20.89941756,0.10586,0.0697476,3.750640389
1096.05,0.0,11601.6,4.93276,8.69638,7.75095,0.27175,0.33328,0.0,0.0,1.22642,1096.05,893.6987329,0.33328,0.27175,6.086495228
0.0,426.019,3170.35,3.1424,7.2202,7.21694,0.0,0.0,0.114381,0.17486,1.52875,426.019,278.6714636,0.17486,0.114381,4.834871734
1036.55,0.0,4894.06,4.16513,5.94592,5.91791,0.280456,0.36554,0.0,0.0,1.30338,1036.55,795.2784299,0.36554,0.280456,8.787764081
0.0,547.674,2109.91,2.65274,5.18977,5.18977,0.0,0.0,0.35159,0.36632,1.04189,547.674,525.6543397,0.36632,0.35159,4.22039039
0.0,125.253,3833.1,2.88021,4.40845,4.35445,0.0,0.0,0.0562545,0.08076,1.43562,125.253,87.24662515,0.08076,0.0562545,2.490610383
0.0,541.492,3603.14,3.47485,4.35263,4.33203,0.0,0.0,0.206566,0.28188,1.3646,541.492,396.8137183,0.28188,0.206566,4.92881971
0.0,430.348,2376.47,3.71285,5.15837,5.1262,0.0,0.0,0.14229,0.17966,1.26263,430.348,340.8346071,0.17966,0.14229,3.10381667
0.0,237.7,1242.48,3.24993,4.37202,4.37202,0.0,0.0,0.140091,0.2176,1.55327,237.7,153.0319906,0.2176,0.140091,3.444869734
0.0,353.147,8630.61,2.52067,4.84835,4.83428,0.0,0.0,0.131981,0.15126,1.14608,353.147,308.1346852,0.15126,0.131981,2.735323687
0.0,749.626,1489.06,3.4618,5.97089,5.97089,0.0,0.0,0.137148,0.27844,2.03022,749.626,369.2338761,0.27844,0.137148,2.615096639
1896.4,0.0,4910.54,4.14091,6.01546,6.00986,0.530049,0.52286,0.0,0.0,0.986437,1896.4,1922.474522,0.52286,0.530049,11.60709248
961.633,0.0,2656.38,4.28352,5.26078,5.26078,0.266592,0.31578,0.0,0.0,1.18451,961.633,811.840339,0.31578,0.266592,6.545666773
0.0,1011.52,2898.14,3.38263,5.50839,5.50839,0.0,0.0,0.295289,0.34464,1.16713,1011.52,866.6729499,0.34464,0.295289,4.870599168
0.0,155.295,1106.49,3.18801,4.15044,4.13489,0.0,0.0,0.0663923,0.1383,2.08307,155.295,74.55102325,0.1383,0.0663923,3.692505079
486.785,275.403,13689.2,3.82372,6.25876,5.50665,0.117466,0.14,0.0753128,0.08976,1.19183,762.188,639.5106685,0.22976,0.1927788,5.322255406
1580.76,0.0,15811.5,6.10924,8.54677,8.54677,0.350196,0.46554,0.0,0.0,1.32937,1580.76,1189.104613,0.46554,0.350196,6.634605561
0.0,9.80097,1297.81,2.72512,3.83514,3.83347,0.0,0.0,0.0,0.0,1.91868,9.80097,5.108183751,0.0,0.0,2.633126601
0.0,14.6734,1825.38,2.46433,3.99697,3.98462,0.0,0.0,0.0169973,0.03174,1.86736,14.6734,7.857831377,0.03174,0.0169973,2.843381453
985.009,0.0,1765.23,4.98095,5.79441,5.78067,0.278718,0.3446,0.0,0.0,1.23638,985.009,796.6879115,0.3446,0.278718,5.850875636
988.664,0.0,2516.73,4.59254,6.30412,6.30412,0.281588,0.31268,0.0,0.0,1.11042,988.664,890.3513986,0.31268,0.281588,6.434518566
0.0,275.39,1687.81,2.71207,4.40485,4.39684,0.0,0.0,0.117621,0.18434,1.56723,275.39,175.7176675,0.18434,0.117621,3.051953767
0.0,39.4303,953.926,3.14732,3.95957,3.74628,0.0,0.0,0.0175715,0.03924,2.23316,39.4303,17.65672858,0.03924,0.0175715,3.052407732
0.0,60.1018,3385.3,2.58254,4.24436,3.23509,0.0,0.0,0.0395423,0.05636,1.42531,60.1018,42.16752847,0.05636,0.0395423,2.302085259
0.0,483.812,5677.84,3.28798,5.51252,5.50625,0.0,0.0,0.131335,0.19298,1.46937,483.812,329.2649231,0.19298,0.131335,3.707757938
979.267,0.0,2560.0,4.0538,4.83597,4.82906,0.407691,0.42492,0.0,0.0,1.04226,979.267,939.561146,0.42492,0.407691,10.68878606
0.0,17.5004,1354.51,2.57303,3.93885,3.93885,0.0,0.0,0.0116677,0.0221,1.89412,17.5004,9.239330137,0.0221,0.0116677,2.565435276
0.0,3.97516,505.611,2.91404,3.7967,3.7967,0.0,0.0,0.0264324,0.05104,1.93097,3.97516,2.058633744,0.05104,0.0264324,6.244834368
1474.46,0.0,2938.22,4.42976,9.47863,9.47863,0.397738,0.5045,0.0,0.0,1.26842,1474.46,1162.438309,0.5045,0.397738,7.240357361
2487.97,0.0,5747.76,6.17304,10.03153,10.03153,1.79725,0.77068,0.0,0.0,0.42881,2487.97,5802.033535,0.77068,1.79725,32.02998819
784.631,0.0,1000.27,3.74409,5.3857,5.37745,0.202832,0.30776,0.0,0.0,1.51731,784.631,517.1197712,0.30776,0.202832,4.854013991
1281.4,390.219,6459.07,9.99848,15.52711,15.52711,0.688655,0.53046,0.185282,0.14272,0.770284,1671.619,2170.133353,0.67318,0.873937,16.46746834
2051.25,0.0,6213.75,8.40011,10.47263,10.39735,0.992571,0.6789,0.0,0.0,0.683981,2051.25,2998.986814,0.6789,0.992571,20.57525882
0.0,333.683,3434.66,3.11785,5.11559,5.00704,0.0,0.0,0.0640436,0.14564,2.27408,333.683,146.7331844,0.14564,0.0640436,3.20018787
489.301,0.0,1672.95,3.89151,4.56016,4.55758,0.150741,0.23284,0.0,0.0,1.54463,489.301,316.7755385,0.23284,0.150741,3.723244919
0.0,146.034,1823.11,2.99779,3.96678,3.96678,0.0,0.0,0.166019,0.21896,1.31889,146.034,110.7249278,0.21896,0.166019,2.275258316
1314.33,0.0,2794.92,4.60511,5.26933,5.26933,0.324183,0.38218,0.0,0.0,1.1789,1314.33,1114.878276,0.38218,0.324183,7.101165414
217.149,126.756,3604.52,3.74941,4.86145,4.84403,0.0937966,0.11666,0.0642731,0.07994,1.24376,343.905,276.5043095,0.1966,0.1580697,4.914906832
3272.09,0.0,942.832,4.71837,5.41617,5.41617,0.99781,0.76314,0.0,0.0,0.764815,3272.09,4278.276446,0.76314,0.99781,17.63424768
905.05,0.0,2089.05,3.7248,5.4288,5.42521,0.205701,0.3265,0.0,0.0,1.58725,905.05,570.2000315,0.3265,0.205701,4.713328836
1454.47,0.0,1459.02,7.0558,7.46224,7.4593,0.513558,0.48654,0.0,0.0,0.947391,1454.47,1535.237299,0.48654,0.513558,11.72162449
1283.21,0.0,4893.69,4.62627,5.32783,5.32783,0.276028,0.3845,0.0,0.0,1.39297,1283.21,921.2043332,0.3845,0.276028,6.907283586
0.0,109.625,5875.68,3.08891,4.20924,4.20924,0.0,0.0,0.0977216,0.09898,1.01288,109.625,108.2309849,0.09898,0.0977216,4.244671953
979.848,0.0,1289.9,4.59016,5.3607,5.36062,0.288824,0.34812,0.0,0.0,1.2053,979.848,812.9494732,0.34812,0.288824,7.362965793
0.0,386.304,804.078,2.47871,4.72323,4.72323,0.0,0.0,0.120321,0.20546,1.7076,386.304,226.2262825,0.20546,0.120321,3.795740599
0.0,554.485,1895.72,3.22924,4.94517,4.94517,0.0,0.0,0.174696,0.31034,1.77645,554.485,312.1309353,0.31034,0.174696,4.646608433
0.0,333.371,2725.04,3.4654,5.29891,5.29083,0.0,0.0,0.113846,0.1807,1.58723,333.371,210.0332025,0.1807,0.113846,3.571939334
1118.69,319.33,6985.98,4.50421,9.26871,9.2687,0.366038,0.3485,0.118708,0.11302,0.952087,1438.02,1510.387181,0.46152,0.484746,10.40656241
2052.73,0.0,26102.3,8.72821,13.8531,13.83637,0.862614,0.65764,0.0,0.0,0.762381,2052.73,2692.525129,0.65764,0.862614,16.52964412
551.286,0.0,7583.64,4.25115,4.82032,4.82032,0.159732,0.20382,0.0,0.0,1.27602,551.286,432.035548,0.20382,0.159732,3.476125051
0.0,113.404,994.693,3.17846,4.37383,4.36959,0.0,0.0,0.0861762,0.1967,2.28253,113.404,49.68346528,0.1967,0.0861762,2.17660303
0.0,141.054,1083.19,3.23199,4.03192,4.01396,0.0,0.0,0.068537,0.14668,2.14016,141.054,65.9081564,0.14668,0.068537,3.770432063
0.0,56.2112,4434.3,2.49773,4.32274,4.32274,0.0,0.0,0.0263261,0.03986,1.51409,56.2112,37.12540206,0.03986,0.0263261,1.866796677
0.0,607.249,1479.15,3.32457,5.49403,5.07602,0.0,0.0,0.167827,0.25234,1.50357,607.249,403.8714526,0.25234,0.167827,5.009040413
1156.49,0.0,2807.63,9.2554,11.07723,11.07723,0.465795,0.4388,0.0,0.0,0.942046,1156.49,1227.636442,0.4388,0.465795,10.859711
1310.77,0.0,1091.82,5.70916,6.00203,6.00203,0.335156,0.43596,0.0,0.0,1.30077,1310.77,1007.687754,0.43596,0.335156,7.349765135
0.0,468.458,3727.42,3.2735,5.53916,5.53916,0.0,0.0,0.105954,0.20422,1.92744,468.458,243.0467356,0.20422,0.105954,2.523211265
1780.87,0.0,77341.4,9.6738,23.89274,23.87635,1.6429,0.82192,0.0,0.0,0.500285,1780.87,3559.710965,0.82192,1.6429,13.38391766
1377.81,0.0,6732.23,5.15548,6.56089,6.36712,0.425942,0.41418,0.0,0.0,0.972386,1377.81,1416.937307,0.41418,0.425942,9.329377444
1093.18,0.0,6857.08,4.99124,7.04652,6.98959,0.295648,0.32696,0.0,0.0,1.10591,1093.18,988.4891176,0.32696,0.295648,6.974725414
1415.08,0.0,3926.95,17.51395,17.92516,17.92516,1.28755,0.69084,0.0,0.0,0.536552,1415.08,2637.358541,0.69084,1.28755,15.18112677
597.221,0.0,12188.1,4.85089,5.59699,5.57508,0.146717,0.17956,0.0,0.0,1.22385,597.221,487.9854557,0.17956,0.146717,2.925643096
2346.96,0.0,5132.46,5.54983,8.13134,8.13134,0.971486,0.64638,0.0,0.0,0.665352,2346.96,3527.396025,0.64638,0.971486,12.03820288
1521.1,0.0,1738.46,5.02145,6.22091,6.15779,0.461447,0.46906,0.0,0.0,1.0165,1521.1,1496.409247,0.46906,0.461447,9.845196729
2187.64,0.0,21253.5,6.94262,18.51106,11.7916,1.23463,0.7379,0.0,0.0,0.597667,2187.64,3660.29913,0.7379,1.23463,21.69042534
0.0,352.763,402.319,3.25805,4.50899,4.50899,0.0,0.0,0.201999,0.24906,1.23297,352.763,286.10834,0.24906,0.201999,8.003455553
0.0,1584.06,4732.07,2.49252,10.33426,10.33426,0.0,0.0,0.590236,0.57268,0.970255,1584.06,1632.622352,0.57268,0.590236,15.150878
0.0,195.521,1550.22,3.00244,4.31419,4.31419,0.0,0.0,0.0628527,0.13364,2.12624,195.521,91.95622319,0.13364,0.0628527,2.5501681
886.682,0.0,2273.15,4.39968,5.40217,5.38357,0.148794,0.25658,0.0,0.0,1.7244,886.682,514.197402,0.25658,0.148794,2.856656014
1349.83,0.0,15163.1,5.67971,8.93942,8.86574,0.435373,0.41054,0.0,0.0,0.942961,1349.83,1431.480199,0.41054,0.435373,10.22528827
930.845,0.0,5571.21,5.28318,6.67259,6.67068,0.257287,0.29346,0.0,0.0,1.1406,930.845,816.1011748,0.29346,0.257287,5.479853131
0.0,76.6334,545.111,2.9225,4.11681,4.01453,0.0,0.0,0.103163,0.156,1.51217,76.6334,50.67776771,0.156,0.103163,3.680188912
680.598,0.0,4613.34,3.79569,5.90298,5.88477,0.245824,0.25752,0.0,0.0,1.04758,680.598,649.6859428,0.25752,0.245824,5.234916132
333.61,0.0,2854.04,6.00286,6.60769,6.60769,0.0596802,0.10714,0.0,0.0,1.79524,333.61,185.8303068,0.10714,0.0596802,1.204685395
1616.99,0.0,4454.71,4.53193,5.94515,5.92516,0.423527,0.46434,0.0,0.0,1.09636,1616.99,1474.871393,0.46434,0.423527,9.202321472
0.0,481.61,783.768,2.70614,4.92443,4.92443,0.0,0.0,0.169416,0.28914,1.70669,481.61,282.1895013,0.28914,0.169416,2.615159691
679.312,0.0,37721.8,4.39371,6.13177,6.11357,0.144787,0.18896,0.0,0.0,1.30509,679.312,520.5096966,0.18896,0.144787,3.899360904
1036.93,0.0,9467.23,4.1996,6.3502,4.94285,0.300552,0.32574,0.0,0.0,1.08381,1036.93,956.745186,0.32574,0.300552,6.700675093
904.328,0.0,3806.2,3.75063,5.23926,5.23926,0.284593,0.35182,0.0,0.0,1.23622,904.328,731.5267509,0.35182,0.284593,6.560584484
0.0,7.61372,7546.82,3.11846,3.88732,3.85811,0.0,0.0,0.0,0.0,2.1851,7.61372,3.484380578,0.0,0.0,3.695841319
307.238,0.0,3491.34,4.57892,5.0786,5.0786,0.0449455,0.0945,0.0,0.0,2.10255,307.238,146.1263704,0.0945,0.0449455,0.960260743
0.0,285.565,1448.72,3.17204,4.94182,4.94182,0.0,0.0,0.105784,0.17296,1.63504,285.565,174.6532195,0.17296,0.105784,2.788418456
0.0,667.833,4562.38,3.29073,5.1733,5.17236,0.0,0.0,0.20793,0.26576,1.27812,667.833,522.5119707,0.26576,0.20793,6.01224602
1640.44,0.0,1626.57,5.98089,6.25246,6.23061,0.505005,0.5148,0.0,0.0,1.0194,1640.44,1609.22111,0.5148,0.505005,11.3748351
0.0,336.787,2629.62,3.58974,4.68234,4.68234,0.0,0.0,0.109574,0.16344,1.49159,336.787,225.7905993,0.16344,0.109574,2.832136258
0.0,534.908,3017.46,3.54469,5.2298,5.08072,0.0,0.0,0.216722,0.23666,1.092,534.908,489.8424908,0.23666,0.216722,6.110043854
1741.96,0.0,3350.47,4.49425,6.01281,5.60772,0.468945,0.47852,0.0,0.0,1.02042,1741.96,1707.100998,0.47852,0.468945,9.505518374
1005.58,0.0,3516.31,4.74657,6.37536,6.37536,0.236342,0.32582,0.0,0.0,1.3786,1005.58,729.4211519,0.32582,0.236342,4.771516852
0.0,227.401,1451.96,3.16073,4.40552,4.28239,0.0,0.0,0.0764482,0.19706,2.57769,227.401,88.21890918,0.19706,0.0764482,2.050677618
2212.27,0.0,27405.9,6.44619,12.4058,12.10045,1.07603,0.69214,0.0,0.0,0.643237,2212.27,3439.276659,0.69214,1.07603,18.78862195
684.97,0.0,2220.4,5.00794,7.15013,7.15013,0.126788,0.24694,0.0,0.0,1.94765,684.97,351.6904988,0.24694,0.126788,2.811826208
1509.91,0.0,2115.59,4.08142,6.32724,6.24551,0.526527,0.44326,0.0,0.0,0.841857,1509.91,1793.546885,0.44326,0.526527,11.73508582
583.028,220.074,2669.57,4.05577,4.94177,4.93292,0.186915,0.20912,0.114784,0.12842,1.11879,803.102,717.8308709,0.33754,0.301699,6.711109379
0.0,424.753,4016.24,3.50712,5.93335,5.93065,0.0,0.0,0.119784,0.15016,1.25359,424.753,338.8292823,0.15016,0.119784,4.667820356
1142.45,0.0,3470.25,4.38157,6.60857,6.58169,0.247394,0.3783,0.0,0.0,1.52914,1142.45,747.1192958,0.3783,0.247394,6.285209535
0.0,1049.08,3314.86,3.64261,8.33905,8.33905,0.0,0.0,0.280036,0.41058,1.46617,1049.08,715.5241207,0.41058,0.280036,8.019335142
1147.54,0.0,1457.47,3.76789,6.48006,6.3774,0.296521,0.3776,0.0,0.0,1.27344,1147.54,901.1339364,0.3776,0.296521,7.521363938
1426.52,0.0,2913.5,6.52666,7.10725,7.10725,0.486348,0.46148,0.0,0.0,0.948868,1426.52,1503.39141,0.46148,0.486348,11.00401507
884.37,0.0,2224.85,3.83367,5.04944,4.87007,0.305115,0.35408,0.0,0.0,1.16048,884.37,762.0725907,0.35408,0.305115,8.449628134
1270.87,0.0,1679.37,5.67839,6.29148,6.29148,0.241263,0.41828,0.0,0.0,1.73371,1270.87,733.0349366,0.41828,0.241263,5.712356103
0.0,11.3819,839.389,2.51929,3.91385,3.91385,0.0,0.0,0.043999,0.0684,1.55458,11.3819,7.321527358,0.0684,0.043999,3.074279766
0.0,226.411,4945.56,3.52951,4.70544,4.70544,0.0,0.0,0.114011,0.13658,1.19795,226.411,188.9987061,0.13658,0.114011,4.689077703
1491.33,0.0,9760.29,10.81941,11.99778,11.9905,0.569908,0.5866,0.0,0.0,1.02929,1491.33,1448.891955,0.5866,0.569908,12.8474733
2704.95,0.0,17008.8,4.84974,7.56186,7.24947,0.435688,0.61094,0.0,0.0,1.40224,2704.95,1929.02071,0.61094,0.435688,10.26902173
1029.12,0.0,1657.09,3.78832,4.97891,4.59863,0.329784,0.40788,0.0,0.0,1.23681,1029.12,832.0760667,0.40788,0.329784,7.702774195
739.882,0.0,1746.35,4.22886,5.37435,5.37435,0.273118,0.30812,0.0,0.0,1.12816,739.882,655.8307332,0.30812,0.273118,8.371597324
625.96,32.3046,6756.7,4.40002,8.03493,8.03351,0.17294,0.19866,0.0194129,0.0223,1.14872,658.2646,573.0418205,0.22096,0.1923529,4.994837147
0.0,69.2781,3696.3,3.58238,4.36706,4.17257,0.0,0.0,0.0391998,0.05648,1.44082,69.2781,48.0824114,0.05648,0.0391998,1.296762385
1835.37,0.0,13861.2,8.18722,9.12848,9.12848,0.755457,0.6144,0.0,0.0,0.813283,1835.37,2256.742118,0.6144,0.755457,15.28819702
1582.52,0.0,17092.2,7.41793,8.13737,8.13713,0.379504,0.4667,0.0,0.0,1.22976,1582.52,1286.852719,0.4667,0.379504,8.294646336
1109.28,110.365,6709.57,21.11699,21.81992,21.81992,1.06906,0.66738,0.0853479,0.05328,0.624269,1219.645,1953.717067,0.72066,1.1544079,18.55565995
0.0,414.463,1695.63,3.61043,4.85728,4.47871,0.0,0.0,0.149446,0.2193,1.46742,414.463,282.4433359,0.2193,0.149446,5.231170573
2041.73,0.0,9694.74,6.00066,8.56369,8.56369,0.602498,0.514,0.0,0.0,0.853114,2041.73,2393.267488,0.514,0.602498,13.51916782
2788.13,0.0,21943.2,5.66439,10.32083,10.32083,1.29341,0.72036,0.0,0.0,0.556946,2788.13,5006.104721,0.72036,1.29341,22.872664
2385.67,0.0,8530.22,6.92103,8.62671,8.62671,0.817964,0.70038,0.0,0.0,0.856248,2385.67,2786.190449,0.70038,0.817964,14.53647546
853.642,0.0,8391.4,3.82338,7.04297,6.39811,0.210682,0.2803,0.0,0.0,1.33044,853.642,641.6238237,0.2803,0.210682,4.237159731
0.0,42.9561,18121.0,2.47768,4.10596,4.10596,0.0,0.0,0.00819694,0.01898,2.3155,42.9561,18.55154394,0.01898,0.00819694,2.704841339
1292.92,0.0,3837.39,3.86427,5.06012,5.04389,0.47702,0.47246,0.0,0.0,0.990442,1292.92,1305.396984,0.47246,0.47702,10.47533449
2248.38,0.0,6153.35,4.66068,5.86756,5.8615,0.313847,0.5813,0.0,0.0,1.85218,2248.38,1213.910095,0.5813,0.313847,3.077245958
615.844,0.0,15093.3,4.28149,5.91503,5.84134,0.129898,0.172,0.0,0.0,1.32412,615.844,465.096819,0.172,0.129898,2.805561281
2550.67,0.0,3001.26,4.34629,6.13469,6.1328,0.515746,0.60824,0.0,0.0,1.17934,2550.67,2162.794444,0.60824,0.515746,8.780200172
0.0,456.507,2975.3,3.6405,5.64639,5.64639,0.0,0.0,0.198575,0.29612,1.49122,456.507,306.1298802,0.29612,0.198575,5.879766908
630.012,0.0,11833.4,3.93964,5.84696,5.84696,0.133961,0.18074,0.0,0.0,1.3492,630.012,466.952268,0.18074,0.133961,3.096169186
1714.3,0.0,9637.58,6.24399,7.42167,7.42167,0.448177,0.48652,0.0,0.0,1.08555,1714.3,1579.199484,0.48652,0.448177,10.01749429
1237.19,0.0,2142.42,3.89356,5.03603,5.03603,0.318999,0.43024,0.0,0.0,1.34872,1237.19,917.3067798,0.43024,0.318999,8.185268664
1478.49,0.0,3689.22,6.36797,7.13166,7.11779,0.474566,0.50508,0.0,0.0,1.0643,1478.49,1389.166588,0.50508,0.474566,9.300175193
1284.08,0.138475,4600.43,3.85246,5.77002,5.77002,0.34706,0.43452,0.0,0.0,1.252,1284.218475,1025.733606,0.43452,0.34706,9.372504743
1442.6,0.0,3865.21,10.69128,10.90058,10.90058,0.486984,0.57198,0.0,0.0,1.17453,1442.6,1228.235975,0.57198,0.486984,11.46931095
457.562,0.0,2677.39,4.07807,4.77323,4.77323,0.0935619,0.1681,0.0,0.0,1.79667,457.562,254.6722548,0.1681,0.0935619,6.464451171
0.0,104.266,4043.13,3.07017,5.28646,5.25316,0.0,0.0,0.0330337,0.05492,1.66255,104.266,62.71450483,0.05492,0.0330337,1.093068826
2482.46,0.0,1041.24,5.39746,6.49972,6.49972,0.667535,0.70026,0.0,0.0,1.04902,2482.46,2366.456312,0.70026,0.667535,9.288107318
0.0,655.477,1353.9,3.41231,5.41079,5.40089,0.0,0.0,0.118491,0.26312,2.22058,655.477,295.1827901,0.26312,0.118491,4.629848613
2043.78,0.0,1323.41,5.19238,6.79458,6.79458,0.493911,0.55952,0.0,0.0,1.13284,2043.78,1804.120617,0.55952,0.493911,11.20275357
1840.16,0.0,7462.31,14.48863,15.28058,15.28058,2.37245,0.83562,0.0,0.0,0.352218,1840.16,5224.49165,0.83562,2.37245,30.97633497
0.0,714.7,6129.27,3.65645,6.20454,6.19551,0.0,0.0,0.19374,0.22866,1.18024,714.7,605.5548024,0.22866,0.19374,5.873040893
0.0,3.13664,687.183,2.47646,3.80682,3.8057,0.0,0.0,0.0,0.0,2.08632,3.13664,1.50343188,0.0,0.0,3.81794024
0.0,4.11023,3419.72,2.48649,3.87209,3.80927,0.0,0.0,0.00474941,0.00754,1.58757,4.11023,2.589007099,0.00754,0.00474941,2.441123527
1675.6,0.0,25093.6,5.49258,8.41938,8.4106,0.485495,0.50206,0.0,0.0,1.03412,1675.6,1620.314857,0.50206,0.485495,9.979646755
761.619,0.0,5018.36,4.25116,5.28891,5.28891,0.202574,0.24594,0.0,0.0,1.21408,761.619,627.3219228,0.24594,0.202574,5.50380363
762.939,0.0,1622.23,3.80725,4.98141,4.69195,0.176441,0.28754,0.0,0.0,1.62966,762.939,468.1583889,0.28754,0.176441,5.090206105
1230.21,0.0,5009.39,3.97083,5.32104,4.91561,0.356463,0.37884,0.0,0.0,1.06278,1230.21,1157.53966,0.37884,0.356463,9.147368481
436.676,0.0,2348.51,3.89017,4.60881,4.60881,0.152819,0.20882,0.0,0.0,1.36646,436.676,319.5673492,0.20882,0.152819,3.649719577
1066.44,18.5575,2086.81,6.24667,7.74052,7.74052,0.32928,0.34884,0.0297338,0.0315,1.0594,1084.9975,1024.162262,0.38034,0.3590138,10.03842221
0.0,10.8668,1698.1,3.0249,3.88784,3.88595,0.0,0.0,0.0132178,0.0317,2.39828,10.8668,4.531080608,0.0317,0.0132178,1.598380741
1213.22,0.0,37204.5,17.55175,32.00355,32.00355,4.03207,0.9009,0.0,0.0,0.223433,1213.22,5429.905162,0.9009,4.03207,19.45616825
0.0,673.899,6817.66,3.39179,6.17439,6.16782,0.0,0.0,0.180019,0.22984,1.27675,673.899,527.8237713,0.22984,0.180019,4.546784006
0.0,204.613,7811.85,2.75514,4.81582,4.78314,0.0,0.0,0.0551923,0.08884,1.60964,204.613,127.1172436,0.08884,0.0551923,2.7029258
854.19,0.0,1623.93,5.29096,5.93337,5.57799,0.222598,0.29288,0.0,0.0,1.31573,854.19,649.2137445,0.29288,0.222598,4.356747619
1635.68,0.0,4783.82,4.63625,6.52902,6.52902,0.381494,0.46102,0.0,0.0,1.20846,1635.68,1353.52432,0.46102,0.381494,9.668034661
0.0,24.5391,1955.93,3.04381,3.9272,3.92404,0.0,0.0,0.0153197,0.0326,2.12798,24.5391,11.53164033,0.0326,0.0153197,3.189903139
0.0,455.101,1640.37,3.64059,4.89772,4.89772,0.0,0.0,0.135105,0.25508,1.88802,455.101,241.046705,0.25508,0.135105,2.366022751
0.0,262.515,2939.85,3.62097,4.24125,4.24125,0.0,0.0,0.0781934,0.18588,2.37718,262.515,110.4312673,0.18588,0.0781934,3.501958213
370.718,0.0,2421.41,4.23271,4.90485,4.90165,0.115663,0.16492,0.0,0.0,1.42586,370.718,259.9960725,0.16492,0.115663,2.262407019
390.85,0.0,1758.35,3.88718,5.25513,5.24992,0.0795765,0.162,0.0,0.0,2.03578,390.85,191.9902936,0.162,0.0795765,2.296109847
0.0,389.139,2610.1,2.56814,4.45554,4.45554,0.0,0.0,0.150799,0.27078,1.79564,389.139,216.713261,0.27078,0.150799,4.236516221
0.0,131.465,3501.42,3.61938,4.23795,4.23534,0.0,0.0,0.0842957,0.15332,1.81883,131.465,72.27998219,0.15332,0.0842957,3.702244697
1645.92,0.0,2586.16,4.94994,5.507,5.35679,0.41351,0.49452,0.0,0.0,1.19591,1645.92,1376.290858,0.49452,0.41351,8.792621453
1739.39,0.0,2663.92,4.45937,5.50159,5.49668,0.415978,0.50612,0.0,0.0,1.2167,1739.39,1429.596449,0.50612,0.415978,7.333517516
2227.96,0.0,8542.33,6.66438,14.05418,11.10621,0.965703,0.73662,0.0,0.0,0.762781,2227.96,2920.838353,0.73662,0.965703,20.69791586
1035.65,152.183,8860.75,7.0815,8.09669,8.09669,0.344295,0.31796,0.0623274,0.05756,0.92351,1187.833,1286.215634,0.37552,0.4066224,9.17248992
1162.37,0.0,3734.23,4.84553,6.08453,6.08453,0.370536,0.37792,0.0,0.0,1.01993,1162.37,1139.656643,0.37792,0.370536,7.812904253
2461.38,0.0,2534.32,4.65199,5.7578,5.7578,0.609785,0.62512,0.0,0.0,1.02515,2461.38,2400.994976,0.62512,0.609785,8.730222353
1731.11,0.0,7463.7,6.9765,8.18788,8.18788,0.480199,0.52434,0.0,0.0,1.09192,1731.11,1585.381713,0.52434,0.480199,9.4727329
2610.92,0.0,1304.71,8.52417,10.10039,10.10039,1.27833,0.7519,0.0,0.0,0.588189,2610.92,4438.913342,0.7519,1.27833,25.88366542
0.0,324.156,394.169,3.3129,4.36483,4.3161,0.0,0.0,0.14834,0.22966,1.5482,324.156,209.3760496,0.22966,0.14834,5.791653012
935.74,0.0,2165.55,4.88486,6.0532,6.0532,0.202155,0.32266,0.0,0.0,1.5961,935.74,586.2665247,0.32266,0.202155,4.424523458
0.0,585.066,2739.3,3.34873,5.30571,5.28129,0.0,0.0,0.146385,0.25972,1.77423,585.066,329.7576977,0.25972,0.146385,4.032182735
1683.55,0.0,14951.7,8.71112,10.2269,10.22341,0.815569,0.57992,0.0,0.0,0.711062,1683.55,2367.655704,0.57992,0.815569,16.17384699
1181.18,0.0,4491.56,7.73975,8.9,8.84111,0.318848,0.39744,0.0,0.0,1.24649,1181.18,947.6048745,0.39744,0.318848,7.747614704
0.0,791.413,1229.5,3.70828,5.75474,5.75474,0.0,0.0,0.244262,0.30458,1.24694,791.413,634.6841067,0.30458,0.244262,6.505111826
0.0,726.274,3797.8,3.45398,6.09772,5.95542,0.0,0.0,0.261189,0.29798,1.14086,726.274,636.6022124,0.29798,0.261189,6.105262808
0.0,522.108,1272.72,2.82962,5.44394,5.44394,0.0,0.0,0.150535,0.22226,1.47647,522.108,353.619105,0.22226,0.150535,3.787461505
0.0,205.72,1796.2,3.11916,4.33665,4.32149,0.0,0.0,0.179029,0.2222,1.24114,205.72,165.750842,0.2222,0.179029,6.046093533
1348.95,0.0,1514.66,6.3958,6.80122,6.80122,0.359932,0.46724,0.0,0.0,1.29813,1348.95,1039.148621,0.46724,0.359932,8.153629884
1232.35,0.0,1947.35,4.16158,5.62453,5.60554,0.410703,0.44198,0.0,0.0,1.07616,1232.35,1145.136411,0.44198,0.410703,8.297946141
1383.85,0.0,8601.87,4.59437,8.96945,8.96945,0.36983,0.43162,0.0,0.0,1.16708,1383.85,1185.737053,0.43162,0.36983,9.411959413
920.902,0.0,857.899,3.86932,5.05446,5.05446,0.250364,0.3461,0.0,0.0,1.38238,920.902,666.1713856,0.3461,0.250364,5.822757369
0.0,775.877,788.718,3.41929,5.89251,5.89251,0.0,0.0,0.158283,0.34196,2.16043,775.877,359.1308212,0.34196,0.158283,4.688979207
1233.81,0.0,1859.55,4.17526,5.42414,5.42124,0.335596,0.38612,0.0,0.0,1.15055,1233.81,1072.36539,0.38612,0.335596,7.015973871
0.0,888.017,7829.47,3.00956,5.92614,5.92202,0.0,0.0,0.229387,0.28798,1.25543,888.017,707.3409111,0.28798,0.229387,5.821704231
842.635,0.0,8436.5,3.80353,7.02932,6.95953,0.207885,0.2751,0.0,0.0,1.32333,842.635,636.7534931,0.2751,0.207885,4.311029489
1167.35,0.0,8023.52,4.75487,6.81302,6.75625,0.336009,0.35246,0.0,0.0,1.04896,1167.35,1112.86417,0.35246,0.336009,7.58782363
0.0,81.1053,2191.33,3.61145,4.21373,4.21373,0.0,0.0,0.044948,0.06886,1.53199,81.1053,52.94114191,0.06886,0.044948,1.54705202
0.0,464.8,640.833,2.42544,5.41673,5.41665,0.0,0.0,0.127494,0.25116,1.96997,464.8,235.9426793,0.25116,0.127494,3.410272167
1062.99,0.0,3869.62,3.77105,8.01426,8.01426,0.345921,0.35592,0.0,0.0,1.02891,1062.99,1033.122431,0.35592,0.345921,8.711120691
599.292,0.0,3247.48,5.81813,6.62287,6.60232,0.135246,0.19482,0.0,0.0,1.44048,599.292,416.0363212,0.19482,0.135246,3.763009837
0.0,255.681,2440.37,2.59304,4.49968,4.49407,0.0,0.0,0.267601,0.27428,1.02496,255.681,249.4546129,0.27428,0.267601,3.8973278
2213.41,0.0,11471.1,5.76802,11.20913,11.20913,0.889759,0.67868,0.0,0.0,0.762768,2213.41,2901.812871,0.67868,0.889759,19.16879722
995.198,0.369524,3121.93,3.87619,8.54083,8.54083,0.223027,0.33968,0.0,0.0,1.52305,995.567524,653.6669998,0.33968,0.223027,6.452600406
1091.76,1.86072,4793.11,3.9636,6.29693,6.29186,0.374598,0.3755,0.0056065,0.00562,1.00241,1093.62072,1090.991431,0.38112,0.3802045,9.244196664
0.0,303.82,878.093,3.07572,4.39834,4.17077,0.0,0.0,0.20028,0.26306,1.31346,303.82,231.312716,0.26306,0.20028,8.158678367
1116.16,0.0,1905.63,8.32709,8.77455,8.75469,0.285758,0.39736,0.0,0.0,1.39055,1116.16,802.6752005,0.39736,0.285758,5.382570194
2373.04,0.0,5905.84,4.74286,5.87719,5.87719,0.455295,0.59242,0.0,0.0,1.30118,2373.04,1823.759972,0.59242,0.455295,5.156164154
784.985,0.0,7401.91,3.93402,5.25288,5.25288,0.159711,0.25568,0.0,0.0,1.60089,784.985,490.3428718,0.25568,0.159711,4.817614219
532.346,257.304,3213.65,3.90302,5.3362,5.22967,0.147595,0.17422,0.0890549,0.10512,1.1804,789.65,668.9681464,0.27934,0.2366499,6.759392753
0.0,29.4106,3030.22,3.12942,4.17054,4.16906,0.0,0.0,0.0215816,0.04676,2.16666,29.4106,13.57416484,0.04676,0.0215816,1.792634282
3252.12,0.0,938.356,4.71209,5.41322,5.39604,0.990314,0.76102,0.0,0.0,0.768464,3252.12,4231.974432,0.76102,0.990314,17.4259595
1270.58,0.0,3216.87,3.85425,5.76939,5.57935,0.43481,0.45126,0.0,0.0,1.03783,1270.58,1224.266017,0.45126,0.43481,9.294750016
1382.35,0.0,2590.86,6.74832,6.89787,6.89787,0.431374,0.45806,0.0,0.0,1.06186,1382.35,1301.819449,0.45806,0.431374,11.18457094
432.027,0.0,17478.7,4.31707,5.20433,5.20433,0.0699246,0.14122,0.0,0.0,2.0196,432.027,213.9171123,0.14122,0.0699246,1.519352377
0.0,219.685,4230.76,2.72589,4.84074,4.80971,0.0,0.0,0.0860473,0.11188,1.30022,219.685,168.9598683,0.11188,0.0860473,2.351233795
0.0,158.552,2468.92,3.50951,4.19945,4.19839,0.0,0.0,0.0689946,0.08924,1.29344,158.552,122.5816428,0.08924,0.0689946,2.986595232
1982.86,0.0,2515.41,6.6386,8.05766,7.77412,0.835584,0.59228,0.0,0.0,0.708821,1982.86,2797.405833,0.59228,0.835584,17.2065588
865.313,0.0,3625.33,4.38571,5.73292,5.54624,0.248141,0.30426,0.0,0.0,1.22616,865.313,705.7096953,0.30426,0.248141,6.206197889
1030.72,0.0,2402.49,4.88245,5.24171,5.22892,0.281514,0.34098,0.0,0.0,1.21123,1030.72,850.9696755,0.34098,0.281514,7.017287806
0.0,284.312,397.677,3.27623,4.36233,4.35234,0.0,0.0,0.14487,0.2226,1.53655,284.312,185.0327031,0.2226,0.14487,6.150864302
843.852,0.0,8488.56,3.79599,7.05519,7.05519,0.209883,0.27604,0.0,0.0,1.31521,843.852,641.6100851,0.27604,0.209883,4.44423155
1516.07,54.7924,11697.4,6.36524,9.30232,9.14367,0.520007,0.46348,0.0299564,0.0267,0.891296,1570.8624,1762.447492,0.49018,0.5499634,11.46565287
1241.79,0.0,3978.57,4.12997,5.91912,5.83809,0.397315,0.4141,0.0,0.0,1.04225,1241.79,1191.451187,0.4141,0.397315,8.202451762
0.0,764.531,3034.14,3.64175,4.49445,4.49445,0.0,0.0,0.30207,0.34658,1.14735,764.531,666.345056,0.34658,0.30207,7.337206421
857.764,0.0,8886.7,4.01567,6.15469,6.15002,0.20787,0.25862,0.0,0.0,1.24414,857.764,689.4433102,0.25862,0.20787,5.000587386
450.174,84.0845,2792.13,4.36591,4.84717,4.84717,0.0990412,0.17154,0.0427366,0.07402,1.73201,534.2585,308.4615562,0.24556,0.1417778,6.218533681
1549.82,0.0,1217.29,8.58806,9.25038,9.24893,0.524378,0.56634,0.0,0.0,1.08002,1549.82,1434.991945,0.56634,0.524378,6.148156592
1403.63,0.0,1556.26,5.77209,6.26764,6.22951,0.423952,0.4555,0.0,0.0,1.07441,1403.63,1306.419337,0.4555,0.423952,11.31904803
1781.31,0.0,16699.8,5.10727,8.08,6.0898,0.700364,0.53012,0.0,0.0,0.75692,1781.31,2353.366274,0.53012,0.700364,15.75593305
1198.59,0.0,5293.62,4.27284,7.8305,7.79516,0.267457,0.39976,0.0,0.0,1.49467,1198.59,801.9094516,0.39976,0.267457,6.741382555
1470.12,0.0,11311.4,4.26017,6.05718,6.04665,0.409859,0.3976,0.0,0.0,0.970091,1470.12,1515.445458,0.3976,0.409859,9.730383202
0.0,14.0636,4142.9,3.17345,3.9076,3.9076,0.0,0.0,0.00941943,0.01832,1.94492,14.0636,7.23094009,0.01832,0.00941943,1.147227598
0.0,806.279,3723.89,3.42715,4.8082,4.52912,0.0,0.0,0.266934,0.36506,1.36761,806.279,589.5533083,0.36506,0.266934,6.8485618
2164.54,0.0,1564.53,4.91247,6.39792,6.39792,0.662963,0.65582,0.0,0.0,0.989226,2164.54,2188.114748,0.65582,0.662963,7.687300877
0.0,508.047,1513.12,3.25603,5.17401,5.17401,0.0,0.0,0.144466,0.2094,1.44948,508.047,350.502939,0.2094,0.144466,2.938632294
939.554,0.0,1519.55,5.14101,5.30731,5.30608,0.136084,0.31796,0.0,0.0,2.3365,939.554,402.1202654,0.31796,0.136084,2.829122418
0.0,385.777,3104.07,3.06586,7.10624,7.10624,0.0,0.0,0.10118,0.16156,1.59676,385.777,241.5998647,0.16156,0.10118,4.638691962
0.0,43.2678,1038.44,2.78489,3.9617,3.95919,0.0,0.0,0.0669483,0.11518,1.72043,43.2678,25.14941032,0.11518,0.0669483,2.951979153
587.515,0.0,2499.65,3.86989,5.72446,5.72446,0.149128,0.2557,0.0,0.0,1.71463,587.515,342.6482681,0.2557,0.149128,3.355815192
1094.46,0.0,1293.12,5.7142,5.99071,5.99071,0.319831,0.37296,0.0,0.0,1.16612,1094.46,938.5483484,0.37296,0.319831,5.418452578
595.37,0.0,2311.03,3.9125,4.92581,4.92581,0.16702,0.23474,0.0,0.0,1.40546,595.37,423.6121981,0.23474,0.16702,3.087369052
0.0,44.2733,1055.74,2.78525,3.98984,3.98984,0.0,0.0,0.0607571,0.12894,2.12222,44.2733,20.86178624,0.12894,0.0607571,1.866173671
2078.26,0.0,9413.36,9.65699,13.90455,13.90455,1.84851,0.78378,0.0,0.0,0.424006,2078.26,4901.487243,0.78378,1.84851,31.96159785
478.664,0.0,1184.11,6.807,7.01875,7.01875,0.0655379,0.1619,0.0,0.0,2.47032,478.664,193.7659898,0.1619,0.0655379,1.577249544
0.0,425.053,1934.62,3.14053,5.95588,5.93808,0.0,0.0,0.101424,0.19774,1.94964,425.053,218.0161466,0.19774,0.101424,2.80561479
0.0,351.325,2376.73,2.41312,4.8731,4.8731,0.0,0.0,0.0871488,0.15274,1.75263,351.325,200.4558863,0.15274,0.0871488,3.192619421
1466.39,0.0,31651.2,13.37911,18.755,18.68884,1.84662,0.78656,0.0,0.0,0.425946,1466.39,3442.666441,0.78656,1.84662,12.44145487
1866.56,0.0,37072.9,4.35513,9.85392,9.85392,0.579412,0.49434,0.0,0.0,0.853176,1866.56,2187.778372,0.49434,0.579412,13.06974336
0.0,576.242,4747.58,2.91199,5.83443,5.76943,0.0,0.0,0.150186,0.1928,1.28374,576.242,448.8774986,0.1928,0.150186,3.816361735
0.0,5.42934,1788.08,2.41479,3.88028,3.87702,0.0,0.0,0.0,0.0,1.9435,5.42934,2.793588886,0.0,0.0,2.573701355
989.606,2.60425,6034.54,3.76182,5.81331,5.80948,0.295821,0.35172,0.0,0.0,1.18896,992.21025,834.519454,0.35172,0.295821,7.15009775
0.0,238.659,858.572,3.57802,4.3281,4.3281,0.0,0.0,0.130801,0.18854,1.44142,238.659,165.5721441,0.18854,0.130801,3.771856322
2118.29,0.0,21119.8,16.87545,19.11149,19.11149,1.0342,0.71344,0.0,0.0,0.689845,2118.29,3070.675297,0.71344,1.0342,19.84734536
1100.99,0.0,3871.53,4.921,6.52238,6.52175,0.224192,0.32764,0.0,0.0,1.46143,1100.99,753.364855,0.32764,0.224192,5.147465982
1767.23,0.0,6081.01,3.84836,5.62483,5.59786,0.447055,0.47574,0.0,0.0,1.06417,1767.23,1660.665119,0.47574,0.447055,10.6649283
0.0,562.962,2261.87,3.34196,5.88797,5.11644,0.0,0.0,0.21763,0.24308,1.11694,562.962,504.0217022,0.24308,0.21763,6.6515184
0.0,656.954,1107.91,3.2343,5.69296,5.69177,0.0,0.0,0.233436,0.31484,1.34872,656.954,487.0944303,0.31484,0.233436,3.028028065
1015.93,0.287065,3328.75,4.30508,5.47258,5.46713,0.311828,0.37168,0.0,0.0,1.19194,1016.217065,852.5740096,0.37168,0.311828,7.183685726
1371.98,36.1376,13531.8,9.52295,10.82294,10.82294,0.453921,0.48538,0.0220891,0.02362,1.0693,1408.1176,1316.859254,0.509,0.4760101,10.40326724
835.426,0.0,4182.64,3.80696,7.01702,7.00767,0.211345,0.28206,0.0,0.0,1.33459,835.426,625.9795143,0.28206,0.211345,4.18230181
1456.49,0.0,2948.74,7.33479,7.46558,7.46558,0.364537,0.48436,0.0,0.0,1.3287,1456.49,1096.176714,0.48436,0.364537,8.611800461
0.0,718.569,2638.35,2.87926,5.05393,5.05393,0.0,0.0,0.384106,0.3243,0.844299,718.569,851.0835616,0.3243,0.384106,7.918426363
1116.99,1.82738,7194.62,4.05835,6.98637,6.98637,0.253657,0.33442,0.00282162,0.00372,1.31839,1118.81738,848.6239883,0.33814,0.25647862,7.216006282
0.0,55.6889,2803.24,3.43492,4.94676,4.94676,0.0,0.0,0.033559,0.05802,1.7289,55.6889,32.21059633,0.05802,0.033559,2.597109476
0.0,104.474,2618.17,2.78539,4.15914,4.15149,0.0,0.0,0.0475706,0.10238,2.15217,104.474,48.54356301,0.10238,0.0475706,2.304991757
513.865,0.0,2882.59,5.78969,7.43383,7.30816,0.110169,0.17464,0.0,0.0,1.58521,513.865,324.1620984,0.17464,0.110169,3.448708454
518.895,0.0,2080.59,5.92233,6.03338,6.03037,0.104449,0.18106,0.0,0.0,1.73347,518.895,299.3388983,0.18106,0.104449,1.851207477
1806.44,0.0,21153.0,16.29058,16.85961,16.85961,0.60601,0.59828,0.0,0.0,0.987245,1806.44,1829.778829,0.59828,0.60601,11.35762427
1170.29,1.66645,20139.2,4.89033,7.62122,7.17666,0.246323,0.31372,0.00106783,0.00136,1.27361,1171.95645,920.1847112,0.31508,0.24739083,6.524425995
746.048,0.0,7987.92,4.95704,6.0526,6.0412,0.218547,0.23936,0.0,0.0,1.09523,746.048,681.1792957,0.23936,0.218547,5.817247027
1534.24,0.0,5014.96,4.21804,11.05462,11.05462,0.554202,0.52318,0.0,0.0,0.944025,1534.24,1625.211197,0.52318,0.554202,10.92730187
1396.71,0.55952,8160.73,4.84816,6.85522,6.83832,0.39896,0.38766,0.0,0.0,0.971676,1397.26952,1437.999415,0.38766,0.39896,8.907253425
1674.5,0.0,4906.64,5.65574,8.03848,8.03848,0.469836,0.5009,0.0,0.0,1.06612,1674.5,1570.648707,0.5009,0.469836,9.587024211
0.0,206.165,4568.5,2.50204,5.88664,5.88664,0.0,0.0,0.0647456,0.11508,1.77742,206.165,115.9911557,0.11508,0.0647456,1.880669833
0.0,20.4725,1963.49,3.12024,3.87406,3.87311,0.0,0.0,0.0416778,0.08764,2.1028,20.4725,9.735828419,0.08764,0.0416778,3.333671554
669.113,0.0,2810.04,3.87624,5.87412,5.87412,0.122728,0.2804,0.0,0.0,2.28472,669.113,292.8643335,0.2804,0.122728,2.897789643
0.0,472.178,3746.23,3.55075,4.96868,4.83088,0.0,0.0,0.175764,0.2516,1.43147,472.178,329.8553235,0.2516,0.175764,3.866127264
1908.01,0.0,2891.26,4.88825,6.97329,6.97329,0.542883,0.50562,0.0,0.0,0.93136,1908.01,2048.627813,0.50562,0.542883,10.34213618
930.797,0.0,1593.97,5.95893,6.57096,6.55565,0.227328,0.30478,0.0,0.0,1.3407,930.797,694.2619527,0.30478,0.227328,3.707065537
0.0,120.837,1417.24,3.68809,4.43579,4.4295,0.0,0.0,0.102644,0.13932,1.35731,120.837,89.02682512,0.13932,0.102644,4.084438863
0.0,743.927,1039.49,3.3006,5.23747,5.22183,0.0,0.0,0.207671,0.35958,1.73149,743.927,429.6455654,0.35958,0.207671,7.000101159
1667.0,0.0,699.457,4.63209,5.64735,5.64735,0.330283,0.50226,0.0,0.0,1.5207,1667.0,1096.205695,0.50226,0.330283,6.9371766
1607.04,0.0,4552.38,5.82511,8.22407,8.22407,0.555811,0.4686,0.0,0.0,0.843093,1607.04,1906.124235,0.4686,0.555811,11.51547304
1735.91,0.0,4174.64,4.79223,6.23329,6.23329,0.543186,0.51956,0.0,0.0,0.956504,1735.91,1814.848657,0.51956,0.543186,10.29809381
1598.54,0.0,8775.49,6.49977,8.08211,8.07086,0.297496,0.47806,0.0,0.0,1.60695,1598.54,994.7664831,0.47806,0.297496,5.86448347
908.151,0.0,3750.81,3.90662,6.7023,6.7023,0.276,0.31212,0.0,0.0,1.13087,908.151,803.0551699,0.31212,0.276,6.6756044
1216.61,0.0,22236.3,4.06015,6.69548,6.67985,0.330618,0.34126,0.0,0.0,1.03219,1216.61,1178.668656,0.34126,0.330618,8.870063298
0.0,305.733,4359.16,3.23595,5.06549,5.05633,0.0,0.0,0.107837,0.13474,1.24948,305.733,244.6881903,0.13474,0.107837,3.548334939
1096.71,0.0,3476.32,4.33779,5.28957,5.28957,0.38979,0.37298,0.0,0.0,0.956875,1096.71,1146.137165,0.37298,0.38979,9.871751061
0.0,181.327,5652.14,2.44433,4.41881,4.39589,0.0,0.0,0.078625,0.1138,1.44738,181.327,125.2794705,0.1138,0.078625,3.582928855
1863.63,0.0,1716.21,4.40026,5.67314,5.67231,0.386729,0.55812,0.0,0.0,1.44318,1863.63,1291.3358,0.55812,0.386729,10.35340475
2174.29,0.0,4461.53,4.79581,7.46662,7.42523,0.570439,0.5762,0.0,0.0,1.0101,2174.29,2152.549253,0.5762,0.570439,11.75304443
2258.87,0.0,11507.3,6.58506,9.14342,9.14342,0.475183,0.61884,0.0,0.0,1.30232,2258.87,1734.496898,0.61884,0.475183,9.725244185
1987.03,0.0,10413.4,7.87011,11.02675,11.02675,0.762895,0.61326,0.0,0.0,0.803859,1987.03,2471.863847,0.61326,0.762895,14.68522953
0.0,45.9353,800.086,3.03737,4.22366,4.22366,0.0,0.0,0.0356146,0.0975,2.73764,45.9353,16.77916015,0.0975,0.0356146,1.47714872
1790.69,0.0,10851.6,8.75374,11.11495,11.11495,0.878406,0.61744,0.0,0.0,0.70291,1790.69,2547.538092,0.61744,0.878406,16.68083056
844.024,0.0,2916.84,5.74044,6.18649,6.18649,0.206243,0.26842,0.0,0.0,1.30148,844.024,648.510926,0.26842,0.206243,3.889839118
235.251,256.179,6519.54,3.85633,5.12079,4.1425,0.0504161,0.08074,0.0665262,0.10654,1.60147,491.43,306.8618207,0.18728,0.1169423,4.550409014
2482.83,0.0,4689.51,5.51406,8.44,8.32877,1.12224,0.68176,0.0,0.0,0.6075,2482.83,4086.962963,0.68176,1.12224,20.93725946
1630.29,0.0,2708.09,5.04258,6.74773,6.74039,0.439847,0.55814,0.0,0.0,1.26894,1630.29,1284.765237,0.55814,0.439847,5.175796771
0.0,8.82205,1269.31,2.57906,3.82559,3.82559,0.0,0.0,0.025546,0.06566,2.57026,8.82205,3.432357038,0.06566,0.025546,1.930498567
839.141,71.8616,2659.89,4.24661,6.31656,6.29795,0.194669,0.31166,0.0364279,0.05832,1.60097,911.0026,569.0316496,0.36998,0.2310969,7.806343722
0.0,946.831,4011.5,3.65176,6.80539,6.80539,0.0,0.0,0.283039,0.3797,1.34151,946.831,705.7949624,0.3797,0.283039,7.852855726
460.756,0.0,3683.23,6.08402,7.19047,7.19047,0.0923016,0.1454,0.0,0.0,1.57527,460.756,292.4933503,0.1454,0.0923016,2.679165135
0.0,141.596,640.81,3.1227,4.25457,4.24508,0.0,0.0,0.241124,0.27958,1.15949,141.596,122.1192076,0.27958,0.241124,6.18910514
1656.7,0.0,23724.5,8.71548,11.04439,11.04439,0.743461,0.53776,0.0,0.0,0.72332,1656.7,2290.410883,0.53776,0.743461,13.68644381
1655.57,0.0,2969.7,4.8111,6.00527,5.6775,0.538676,0.5176,0.0,0.0,0.960875,1655.57,1722.981657,0.5176,0.538676,9.843826684
1976.38,0.0,8702.12,7.22908,9.73279,9.72647,0.785395,0.61352,0.0,0.0,0.781161,1976.38,2530.054624,0.61352,0.785395,16.2046442
842.801,0.0,2392.04,4.44965,5.66371,5.65976,0.208948,0.26104,0.0,0.0,1.24931,842.801,674.6131865,0.26104,0.208948,5.135722316
0.0,322.467,2842.55,3.59591,4.63572,4.50441,0.0,0.0,0.104976,0.16642,1.58532,322.467,203.4081447,0.16642,0.104976,2.214356701
0.0,423.123,1426.31,2.79989,4.72338,4.49578,0.0,0.0,0.181378,0.22516,1.24139,423.123,340.8461483,0.22516,0.181378,4.653566794
0.0,4.28485,509.836,2.90906,3.78929,3.78929,0.0,0.0,0.0,0.0,1.90405,4.28485,2.250387332,0.0,0.0,6.291133285
526.515,234.282,2134.3,3.8372,5.3049,5.30439,0.186115,0.18244,0.147533,0.14462,0.980252,760.797,776.1238947,0.32706,0.333648,7.817153987
1984.13,0.0,9927.45,4.65647,6.68041,6.65888,0.577432,0.48988,0.0,0.0,0.848377,1984.13,2338.736199,0.48988,0.577432,12.11025243
1881.46,0.0,3986.99,4.69494,6.47036,6.47036,0.456944,0.53902,0.0,0.0,1.17962,1881.46,1594.971262,0.53902,0.456944,8.895685092
1403.65,0.0,4548.2,6.13055,7.34002,7.33722,0.377157,0.46136,0.0,0.0,1.22326,1403.65,1147.466606,0.46136,0.377157,7.778162194
3233.09,0.0,926.654,4.66585,5.36533,5.36296,0.976087,0.75956,0.0,0.0,0.778168,3233.09,4154.745505,0.75956,0.976087,17.25060134
0.0,324.594,2716.02,3.06398,4.47562,4.45084,0.0,0.0,0.10316,0.14702,1.42516,324.594,227.7596901,0.14702,0.10316,4.258242271
0.0,43.9888,1225.84,3.21093,4.28187,4.24486,0.0,0.0,0.0634628,0.09304,1.46606,43.9888,30.0047747,0.09304,0.0634628,3.478188519
159.625,127.878,831.156,3.79299,4.51501,4.16091,0.0810111,0.09656,0.0740644,0.08828,1.19194,287.503,241.2059332,0.18484,0.1550755,3.71810577
600.107,0.0,2602.59,4.06893,4.80529,4.80529,0.133609,0.23884,0.0,0.0,1.7876,600.107,335.7054151,0.23884,0.133609,4.408125238
1354.97,0.0,3541.08,6.54227,7.42586,7.42586,0.346376,0.43668,0.0,0.0,1.26071,1354.97,1074.767393,0.43668,0.346376,8.882533147
1671.18,0.0,1805.53,4.29128,6.55703,6.55703,0.443259,0.52104,0.0,0.0,1.17548,1671.18,1421.700071,0.52104,0.443259,9.731952318
2067.89,0.0,2798.72,4.42782,6.51824,6.29573,0.491099,0.54332,0.0,0.0,1.10634,2067.89,1869.127031,0.54332,0.491099,10.69310813
1983.25,0.0,15993.8,8.2906,12.65101,12.63941,1.70117,0.7675,0.0,0.0,0.451159,1983.25,4395.900337,0.7675,1.70117,27.65467196
0.0,309.827,1989.98,3.41581,4.49346,4.49346,0.0,0.0,0.190736,0.23824,1.24906,309.827,248.0481322,0.23824,0.190736,5.15134928
672.296,13.9497,5424.95,4.17789,5.07875,5.06297,0.222044,0.24286,0.00916118,0.01002,1.09375,686.2457,627.42464,0.25288,0.23120518,6.610081383
0.0,32.1105,2730.21,2.70917,4.06904,4.03702,0.0,0.0,0.0350454,0.0442,1.26122,32.1105,25.45987219,0.0442,0.0350454,1.868255552
341.096,0.0,3187.7,3.91438,4.74057,4.73173,0.157446,0.1772,0.0,0.0,1.12547,341.096,303.0698286,0.1772,0.157446,3.618209126
2032.03,0.0,3065.97,5.01887,5.47859,5.46655,0.513892,0.48926,0.0,0.0,0.952067,2032.03,2134.335084,0.48926,0.513892,10.0031991
0.0,362.341,1021.09,2.67312,4.3857,4.3857,0.0,0.0,0.200882,0.31162,1.55126,362.341,233.5785104,0.31162,0.200882,2.110349553
1569.26,0.0,5096.44,3.81807,8.31671,7.22341,0.595228,0.51688,0.0,0.0,0.868373,1569.26,1807.126661,0.51688,0.595228,12.33555286
0.0,197.015,17828.7,2.40592,5.79654,5.79654,0.0,0.0,0.0482713,0.09748,2.01942,197.015,97.56019055,0.09748,0.0482713,0.860139397
0.0,114.512,1476.38,2.94968,4.62036,4.54474,0.0,0.0,0.0685138,0.12966,1.89246,114.512,60.50960126,0.12966,0.0685138,2.205177078
0.0,445.5,1660.95,3.02415,5.25441,5.25441,0.0,0.0,0.163101,0.23828,1.46093,445.5,304.942742,0.23828,0.163101,3.518531442
1566.02,0.0,3087.39,3.76503,6.36153,6.35661,0.508978,0.48902,0.0,0.0,0.960789,1566.02,1629.931234,0.48902,0.508978,11.7136942
1082.38,0.0,3915.9,4.2672,5.25446,5.25048,0.276587,0.30878,0.0,0.0,1.11639,1082.38,969.5357357,0.30878,0.276587,6.706008967
0.0,838.359,764.692,3.54583,5.75389,5.75389,0.0,0.0,0.208205,0.348,1.67143,838.359,501.581879,0.348,0.208205,6.220744675
695.425,0.0,1485.04,4.69214,5.21245,4.9752,0.111726,0.2066,0.0,0.0,1.84917,695.425,376.0741306,0.2066,0.111726,3.464289126
1703.43,0.0,6737.18,4.92598,7.45171,7.05573,0.472072,0.50446,0.0,0.0,1.06861,1703.43,1594.061444,0.50446,0.472072,9.982697882
0.0,105.979,6231.06,2.90221,4.28685,4.28685,0.0,0.0,0.0567296,0.08202,1.44581,105.979,73.30077949,0.08202,0.0567296,3.355496891
829.765,0.0,8348.02,3.78553,7.0091,6.96501,0.203013,0.2715,0.0,0.0,1.33735,829.765,620.4546304,0.2715,0.203013,4.238005689
1476.73,0.0,4334.02,9.68892,10.81251,10.81251,0.485574,0.56746,0.0,0.0,1.16864,1476.73,1263.631229,0.56746,0.485574,11.93729784
0.0,397.412,2530.23,3.57988,5.01625,4.9968,0.0,0.0,0.157368,0.2087,1.32619,397.412,299.6644523,0.2087,0.157368,5.759533356
503.217,0.0,1233.86,3.74879,5.05238,4.99149,0.139523,0.2087,0.0,0.0,1.49581,503.217,336.4177269,0.2087,0.139523,3.745643259
2453.19,0.0,3047.77,5.26913,6.18287,6.18287,0.63134,0.6733,0.0,0.0,1.06646,2453.19,2300.31131,0.6733,0.63134,8.777566913
609.704,0.0,988.567,4.0299,5.17293,5.17293,0.158668,0.24314,0.0,0.0,1.53238,609.704,397.8804213,0.24314,0.158668,3.120651763
903.771,0.0,1196.59,5.13094,6.957,6.957,0.195622,0.30886,0.0,0.0,1.57886,903.771,572.4199739,0.30886,0.195622,4.598843074
0.0,489.61,6733.25,3.09234,4.82757,4.77297,0.0,0.0,0.135373,0.24152,1.78411,489.61,274.4281462,0.24152,0.135373,4.07971337
0.0,1251.72,2430.02,3.3255,11.37946,11.37946,0.0,0.0,0.513569,0.47922,0.933117,1251.72,1341.439498,0.47922,0.513569,8.853023539
2788.79,0.0,22345.5,5.29557,10.43104,10.43104,1.2477,0.7058,0.0,0.0,0.565681,2788.79,4929.969364,0.7058,1.2477,22.38946806
1141.06,0.0,2928.88,3.74488,6.73345,6.72117,0.297606,0.38286,0.0,0.0,1.28647,1141.06,886.96977,0.38286,0.297606,6.745203478
308.715,0.0,1595.32,4.22522,4.65845,4.64209,0.0768823,0.14992,0.0,0.0,1.94999,308.715,158.3161965,0.14992,0.0768823,1.682789257
2047.58,0.0,71318.8,0.0,0.0,0.0,1.12995,0.6586,0.0,0.0,0.582855,2047.58,3513.017817,0.6586,1.12995,22.52193943
0.0,606.809,7015.06,3.65442,6.16235,6.15987,0.0,0.0,0.140929,0.24116,1.71122,606.809,354.6060705,0.24116,0.140929,3.872639228
1603.22,0.0,8996.73,3.80615,8.07783,8.07783,0.597469,0.4833,0.0,0.0,0.808912,1603.22,1981.94612,0.4833,0.597469,12.92146711
1588.07,0.0,2086.13,5.31352,6.19077,6.18884,0.522036,0.5096,0.0,0.0,0.976178,1588.07,1626.824206,0.5096,0.522036,10.93553134
1052.63,0.0,1246.22,4.28089,6.80431,6.76896,0.264473,0.3806,0.0,0.0,1.43909,1052.63,731.4552947,0.3806,0.264473,5.497982224
0.0,279.715,2490.44,3.53304,4.39347,4.39347,0.0,0.0,0.107629,0.1406,1.30634,279.715,214.1211323,0.1406,0.107629,3.042695551
0.0,454.689,4253.19,2.49006,5.13877,5.0865,0.0,0.0,0.181992,0.22684,1.24643,454.689,364.7930489,0.22684,0.181992,3.045004976
941.945,0.0,2860.15,4.21324,5.5757,5.5757,0.352436,0.29616,0.0,0.0,0.840322,941.945,1120.933404,0.29616,0.352436,6.69764766
0.0,36.85,2803.94,2.63435,4.15862,4.09466,0.0,0.0,0.0333344,0.0491,1.47296,36.85,25.01765153,0.0491,0.0333344,1.531639457
0.0,215.957,1828.88,3.40597,4.20661,4.15918,0.0,0.0,0.0933227,0.22762,2.43906,215.957,88.5410773,0.22762,0.0933227,3.20231657
575.521,0.0,1365.41,3.76546,4.77549,4.77268,0.180326,0.25326,0.0,0.0,1.40445,575.521,409.7839012,0.25326,0.180326,5.176349024
0.0,848.863,5588.42,3.65733,4.78648,4.78648,0.0,0.0,0.252207,0.33268,1.31907,848.863,643.5314274,0.33268,0.252207,7.975153305
1046.26,0.0,1398.01,4.80567,5.5413,5.5333,0.280794,0.33578,0.0,0.0,1.19582,1046.26,874.9310097,0.33578,0.280794,6.901411269
0.0,452.751,2339.7,3.42627,4.88259,4.87229,0.0,0.0,0.219351,0.30058,1.37031,452.751,330.4004203,0.30058,0.219351,6.23451735
2159.23,0.0,4439.03,9.67035,12.29704,12.2571,1.42217,0.74298,0.0,0.0,0.522428,2159.23,4133.06714,0.74298,1.42217,21.69075314
0.0,1.87119,7993.08,2.45764,3.80555,3.79698,0.0,0.0,0.0,0.0,1.85069,1.87119,1.01107695,0.0,0.0,3.617639631
1882.28,0.0,7697.15,7.09924,9.33636,9.33362,0.725343,0.5623,0.0,0.0,0.775219,1882.28,2428.062264,0.5623,0.725343,14.00032758
0.0,560.483,3136.53,3.67927,5.49135,5.47427,0.0,0.0,0.122389,0.25094,2.05035,560.483,273.3596703,0.25094,0.122389,4.06675091
0.0,1283.6,4905.2,3.40894,11.39286,11.39286,0.0,0.0,0.505872,0.48012,0.949095,1283.6,1352.446278,0.48012,0.505872,11.74177514
1497.51,0.0,1600.49,6.81408,8.80212,8.79682,0.472933,0.50116,0.0,0.0,1.05969,1497.51,1413.158565,0.50116,0.472933,10.29504207
1581.62,0.0,9162.31,5.5004,7.22153,7.20678,0.48942,0.4549,0.0,0.0,0.929467,1581.62,1701.641909,0.4549,0.48942,10.49860811
673.702,0.0,4116.0,3.86066,5.60421,5.60126,0.157429,0.23456,0.0,0.0,1.48994,673.702,452.1672014,0.23456,0.157429,3.952177662
0.0,158.361,1320.38,2.4972,4.45543,4.40653,0.0,0.0,0.0847512,0.12924,1.52493,158.361,103.8480455,0.12924,0.0847512,1.659597551
525.734,0.0,2553.55,3.80073,4.65952,4.61652,0.125409,0.24098,0.0,0.0,1.92155,525.734,273.5989175,0.24098,0.125409,3.584451265
1147.0,0.0,9421.61,9.75442,11.1144,11.1107,0.435686,0.4296,0.0,0.0,0.986032,1147.0,1163.248252,0.4296,0.435686,8.611997024
0.0,475.696,3726.15,3.18412,5.49128,4.97136,0.0,0.0,0.21272,0.24104,1.13313,475.696,419.807083,0.24104,0.21272,6.916270247
2348.37,0.0,12642.1,7.96955,9.30653,8.40209,1.08855,0.69604,0.0,0.0,0.639421,2348.37,3672.650726,0.69604,1.08855,20.17482855
1937.45,0.0,9783.13,5.22924,16.36508,16.36508,0.862561,0.62162,0.0,0.0,0.720668,1937.45,2688.408532,0.62162,0.862561,16.82583291
0.0,468.441,22528.4,3.59203,5.54414,5.50949,0.0,0.0,0.108987,0.13662,1.25354,468.441,373.6944972,0.13662,0.108987,4.350970959
1413.99,0.0,5663.78,5.97974,6.81493,6.81375,0.32657,0.45194,0.0,0.0,1.3839,1413.99,1021.7429,0.45194,0.32657,8.49594229
0.0,193.907,1941.17,3.54093,4.11781,4.10826,0.0,0.0,0.0901406,0.19386,2.15064,193.907,90.16246327,0.19386,0.0901406,2.933596248
1800.99,84.0405,8224.53,6.57358,10.73095,10.72652,0.71023,0.5958,0.0512587,0.043,0.838883,1885.0305,2247.071999,0.6388,0.7614887,15.22319807
667.343,0.0,1971.21,4.35413,5.10968,5.09224,0.184656,0.2546,0.0,0.0,1.37878,667.343,484.0097768,0.2546,0.184656,4.209125916
0.0,419.168,4173.91,3.71197,4.70975,4.69989,0.0,0.0,0.15516,0.23698,1.52733,419.168,274.4449464,0.23698,0.15516,3.705771707
694.982,0.0,1515.37,3.8726,4.55228,4.49338,0.186824,0.30854,0.0,0.0,1.6515,694.982,420.8186497,0.30854,0.186824,7.498915246
1387.88,0.0,1510.52,6.48147,6.85652,6.85652,0.280644,0.46914,0.0,0.0,1.67165,1387.88,830.2455658,0.46914,0.280644,6.054066113
1300.9,0.0,1762.36,4.35313,5.86223,5.84737,0.250486,0.39032,0.0,0.0,1.55825,1300.9,834.8467833,0.39032,0.250486,5.874356484
0.0,97.7908,676.349,3.22631,4.22559,4.03111,0.0,0.0,0.0924326,0.13968,1.51116,97.7908,64.71240636,0.13968,0.0924326,3.198333166
1907.45,0.0,1690.0,6.78537,7.50015,7.50015,0.661539,0.57986,0.0,0.0,0.876532,1907.45,2176.13276,0.57986,0.661539,13.27224317
1254.81,0.0,13083.4,5.53893,7.3243,7.31909,0.287756,0.38004,0.0,0.0,1.3207,1254.81,950.1097903,0.38004,0.287756,7.790338273
1598.12,0.0,7999.42,6.03917,8.96134,8.96134,0.362414,0.47614,0.0,0.0,1.3138,1598.12,1216.410413,0.47614,0.362414,6.755267717
698.823,0.0,3306.75,4.63991,5.22472,5.21267,0.0915119,0.22792,0.0,0.0,2.49061,698.823,280.58307,0.22792,0.0915119,2.781956556
1550.22,0.0,4891.12,4.28228,6.38612,6.36726,0.424812,0.48704,0.0,0.0,1.14648,1550.22,1352.156165,0.48704,0.424812,10.21400815
0.0,940.235,9394.82,3.37218,12.38452,12.38452,0.0,0.0,0.320759,0.32294,1.0068,940.235,933.8845848,0.32294,0.320759,7.351346779
2188.31,0.0,4297.08,7.9821,15.02646,15.02646,1.30489,0.77646,0.0,0.0,0.595037,2188.31,3677.603241,0.77646,1.30489,22.84099535
363.73,0.225202,2828.77,3.74563,4.89247,4.89153,0.108271,0.17248,0.0,0.0,1.59304,363.955202,228.4658276,0.17248,0.108271,2.29016935
2252.06,0.0,12577.7,13.34789,13.64097,13.63908,1.22271,0.7389,0.0,0.0,0.604316,2252.06,3726.626467,0.7389,1.22271,22.57564515
1560.07,0.0,2963.3,7.91506,8.41453,8.41453,0.735761,0.5356,0.0,0.0,0.727953,1560.07,2143.091656,0.5356,0.735761,19.03476645
2069.82,0.0,5727.71,8.47748,10.22208,10.22208,0.872318,0.73298,0.0,0.0,0.840267,2069.82,2463.288455,0.73298,0.872318,10.5081653
0.0,278.755,402.002,3.29154,4.38198,4.3617,0.0,0.0,0.155274,0.23602,1.52002,278.755,183.3890344,0.23602,0.155274,7.131220506
0.0,6.35281,1284.62,3.19147,3.82607,3.81562,0.0,0.0,0.0,0.0,1.47931,6.35281,4.294441327,0.0,0.0,3.482052152
2212.42,0.0,6323.57,5.25494,7.33047,6.98774,0.659358,0.57994,0.0,0.0,0.879553,2212.42,2515.391341,0.57994,0.659358,14.25308123
523.612,0.0,2118.1,3.96262,5.78407,5.7827,0.0978418,0.18644,0.0,0.0,1.90553,523.612,274.7854928,0.18644,0.0978418,2.533082328
1518.77,0.0,3265.47,4.85724,7.6574,7.65488,0.213131,0.45998,0.0,0.0,2.1582,1518.77,703.7206932,0.45998,0.213131,3.992478451
1346.84,0.0,1739.38,3.79148,5.77631,5.77631,0.318322,0.46946,0.0,0.0,1.4748,1346.84,913.235693,0.46946,0.318322,7.610531614
220.533,78.0746,1304.41,3.85775,4.39053,4.38747,0.0803051,0.12714,0.0781575,0.12374,1.58321,298.6076,188.6089653,0.25088,0.1584626,3.397763326
338.017,337.046,5079.12,3.72256,5.3952,5.38437,0.0823398,0.12108,0.0802589,0.11802,1.47049,675.063,459.0735061,0.2391,0.1625987,5.25964173
968.088,0.242565,6311.8,8.60913,9.27008,9.21935,0.294682,0.33026,0.0,0.0,1.12073,968.330565,864.0177072,0.33026,0.294682,8.180645245
0.0,3.91073,1659.41,2.96104,3.81421,3.78648,0.0,0.0,0.0,0.0,1.8271,3.91073,2.140402824,0.0,0.0,3.058804326
0.0,19.665,778.699,2.61776,3.84426,3.84187,0.0,0.0,0.0838613,0.11966,1.42688,19.665,13.78181767,0.11966,0.0838613,4.171757561
1826.94,0.0,3816.53,7.12488,8.36656,8.36656,0.506582,0.55226,0.0,0.0,1.09017,1826.94,1675.830375,0.55226,0.506582,9.717470267
1471.47,0.0,5870.33,3.83096,5.21247,5.21247,0.361894,0.45444,0.0,0.0,1.25573,1471.47,1171.804448,0.45444,0.361894,8.692757166
0.0,1111.59,8195.35,3.05204,8.21325,8.20901,0.0,0.0,0.293628,0.37574,1.27965,1111.59,868.6672137,0.37574,0.293628,7.079174741
0.0,597.26,1584.91,3.58603,5.2876,5.2765,0.0,0.0,0.197038,0.292,1.48195,597.26,403.023044,0.292,0.197038,4.943284757
1342.59,1.84559,6251.04,4.73774,6.46497,6.45982,0.428013,0.40312,0.00392848,0.0037,0.941841,1344.43559,1427.454942,0.40682,0.43194148,10.16218401
0.0,177.989,1968.35,3.21404,4.2499,4.2499,0.0,0.0,0.117088,0.15328,1.30911,177.989,135.9618367,0.15328,0.117088,7.413828239
1030.85,0.0,5934.46,7.06696,9.51714,9.50886,0.333291,0.35134,0.0,0.0,1.05415,1030.85,977.8968837,0.35134,0.333291,6.464679868
0.0,313.658,1485.19,3.52352,4.68805,4.66923,0.0,0.0,0.142892,0.2281,1.59631,313.658,196.4894037,0.2281,0.142892,3.859230605
708.648,0.0,25948.5,53.2643,53.57674,53.57674,3.51361,0.8244,0.0,0.0,0.23463,708.648,3020.278737,0.8244,3.51361,14.47390928
0.0,700.98,3680.79,2.93741,5.17369,5.17369,0.0,0.0,0.271077,0.38068,1.40432,700.98,499.1597357,0.38068,0.271077,2.086216997
1539.02,0.0,3040.73,4.70685,5.80282,5.79578,0.136788,0.46912,0.0,0.0,3.42955,1539.02,448.7527518,0.46912,0.136788,2.003976118
561.318,0.0,1413.34,3.9894,4.88877,4.88281,0.122899,0.23726,0.0,0.0,1.93052,561.318,290.7600025,0.23726,0.122899,2.53645689
0.0,855.602,13102.5,3.46699,12.98786,12.98786,0.0,0.0,0.234049,0.3352,1.43218,855.602,597.4123364,0.3352,0.234049,3.689323961
728.957,0.0,7104.67,4.04722,6.44081,6.44081,0.218798,0.23932,0.0,0.0,1.09379,728.957,666.4505984,0.23932,0.218798,5.42522405
1584.66,0.0,2042.79,7.33404,8.20229,8.17219,0.611013,0.54752,0.0,0.0,0.896085,1584.66,1768.425986,0.54752,0.611013,12.93981331
847.887,0.0,2197.07,4.05839,6.64459,6.64459,0.263713,0.28344,0.0,0.0,1.0748,847.887,788.8788612,0.28344,0.263713,5.952746866
0.0,366.184,1431.85,3.27789,4.60449,4.37551,0.0,0.0,0.124322,0.15308,1.23132,366.184,297.3914173,0.15308,0.124322,4.738214483
1241.59,0.0,1693.65,3.9622,5.05926,4.49661,0.360215,0.4359,0.0,0.0,1.21011,1241.59,1026.014164,0.4359,0.360215,8.026561199
1339.24,0.0,1862.36,6.82741,7.37109,7.37109,0.331767,0.46646,0.0,0.0,1.40599,1339.24,952.5245557,0.46646,0.331767,6.423259463
179.701,174.037,1704.95,4.24381,5.23174,5.21951,0.0496672,0.09274,0.0608281,0.11358,1.86723,353.738,189.4453281,0.20632,0.1104953,2.05771011
0.0,130.733,2162.87,2.81232,4.522,4.46146,0.0,0.0,0.0781206,0.12308,1.57551,130.733,82.97821023,0.12308,0.0781206,1.656167149
0.0,36.5018,1562.6,3.26113,4.00306,3.99382,0.0,0.0,0.0347554,0.04878,1.40352,36.5018,26.00732444,0.04878,0.0347554,3.02390636
0.0,78.6725,1715.33,2.53369,3.96651,3.96651,0.0,0.0,0.0327169,0.06146,1.87854,78.6725,41.87959799,0.06146,0.0327169,2.643127781
1366.46,0.0,7295.91,4.07419,6.75392,6.69614,0.421516,0.37842,0.0,0.0,0.89776,1366.46,1522.07717,0.37842,0.421516,9.990509052
0.0,1574.38,4788.52,2.61902,10.69455,10.69455,0.0,0.0,0.469907,0.57592,1.2256,1574.38,1284.578982,0.57592,0.469907,11.58663574
2393.41,0.0,2055.07,5.65004,6.99143,6.99143,0.662702,0.68736,0.0,0.0,1.03721,2393.41,2307.546206,0.68736,0.662702,7.772415322
0.0,615.353,6745.76,3.57491,5.04484,5.04484,0.0,0.0,0.243141,0.29876,1.22875,615.353,500.7959308,0.29876,0.243141,6.321849419
2271.46,0.0,11675.7,6.23061,11.28347,11.22729,0.939574,0.69442,0.0,0.0,0.73908,2271.46,3073.361476,0.69442,0.939574,18.69652467
0.0,929.028,10275.9,2.80966,8.53121,8.44805,0.0,0.0,0.18211,0.31496,1.7295,929.028,537.1656548,0.31496,0.18211,3.876220527
0.0,592.151,1579.65,3.57986,5.27207,5.2523,0.0,0.0,0.187829,0.27928,1.48689,592.151,398.248021,0.27928,0.187829,4.773363271
0.0,419.599,1930.69,3.68918,4.90223,4.90223,0.0,0.0,0.164108,0.21606,1.31657,419.599,318.7061835,0.21606,0.164108,3.468355086
1316.71,0.0,5029.93,4.47073,5.37051,5.34725,0.309579,0.39664,0.0,0.0,1.28123,1316.71,1027.69214,0.39664,0.309579,7.695751857
1985.51,7.9097,9512.23,7.17077,16.15521,16.15521,1.41922,0.70764,0.020898,0.01042,0.498613,1993.4197,3997.929657,0.71806,1.440118,27.66363124
669.384,0.0,4113.89,5.55881,7.01349,7.01349,0.172638,0.20918,0.0,0.0,1.21167,669.384,552.4474486,0.20918,0.172638,3.697233813
1530.65,0.0,847.046,4.4572,5.65215,5.65215,0.562847,0.48642,0.0,0.0,0.864214,1530.65,1771.146961,0.48642,0.562847,14.88468968
1864.55,0.0,1957.42,5.09996,5.98818,5.98666,0.450721,0.55984,0.0,0.0,1.2421,1864.55,1501.127123,0.55984,0.450721,10.63431133
1682.09,0.0,4903.02,8.17839,9.69532,9.6883,0.809987,0.5863,0.0,0.0,0.723839,1682.09,2323.845496,0.5863,0.809987,15.90867095
1605.69,0.0,8314.45,4.72038,9.52504,9.52504,0.393901,0.4979,0.0,0.0,1.26402,1605.69,1270.304267,0.4979,0.393901,7.448814419
1662.29,0.0,2696.67,4.77854,5.93872,5.93164,0.437161,0.55708,0.0,0.0,1.27431,1662.29,1304.462807,0.55708,0.437161,5.696723296
0.0,150.659,2084.46,2.59644,4.30674,4.22483,0.0,0.0,0.0556995,0.09562,1.71671,150.659,87.76030896,0.09562,0.0556995,1.903662245
370.386,6.48337,15474.1,3.80885,6.55769,6.52189,0.089734,0.12152,0.00490318,0.00664,1.35422,376.86937,278.2925743,0.12816,0.09463718,2.347065335
520.494,0.0,1640.95,3.78928,4.73753,4.73753,0.187778,0.26072,0.0,0.0,1.38845,520.494,374.8741402,0.26072,0.187778,3.532996991
1173.27,0.0,1483.46,3.9072,6.54942,6.54694,0.321389,0.38896,0.0,0.0,1.21025,1173.27,969.4443297,0.38896,0.321389,8.325365115
0.0,389.982,11355.3,3.13712,5.40241,5.16406,0.0,0.0,0.0927467,0.17168,1.85106,389.982,210.6803669,0.17168,0.0927467,2.005115166
1393.46,0.0,2704.83,7.07954,7.22558,7.22145,0.415879,0.46988,0.0,0.0,1.12985,1393.46,1233.314157,0.46988,0.415879,9.345355786
0.0,11.6835,6075.57,2.94764,3.94518,3.91854,0.0,0.0,0.00719493,0.00916,1.27312,11.6835,9.177061078,0.00916,0.00719493,3.806852195
1962.76,0.0,21557.9,6.77607,13.04357,13.04357,0.648768,0.58366,0.0,0.0,0.899644,1962.76,2181.707431,0.58366,0.648768,13.87085136
0.0,364.658,1251.61,2.65379,4.31258,4.3124,0.0,0.0,0.340404,0.34014,0.999225,364.658,364.9408291,0.34014,0.340404,3.794048281
1299.73,0.0,17117.3,3.84026,12.82141,12.81393,0.217479,0.4759,0.0,0.0,2.18826,1299.73,593.9559285,0.4759,0.217479,5.245095651
1272.36,0.0,1243.69,4.15643,4.73064,4.73064,0.241872,0.3901,0.0,0.0,1.61284,1272.36,788.8941246,0.3901,0.241872,5.101449115
0.0,761.253,3024.14,3.60555,4.51961,4.51961,0.0,0.0,0.308157,0.35064,1.13786,761.253,669.0216723,0.35064,0.308157,6.971721636
1964.48,0.0,6270.32,5.85197,7.42434,7.17817,0.526506,0.55122,0.0,0.0,1.04694,1964.48,1876.401704,0.55122,0.526506,10.19035363
300.687,0.0,4465.75,3.75238,4.77881,4.76637,0.103387,0.14824,0.0,0.0,1.43383,300.687,209.7089613,0.14824,0.103387,3.198841444
0.0,191.578,1913.2,2.46616,4.61762,4.61012,0.0,0.0,0.0589959,0.09204,1.56011,191.578,122.7977514,0.09204,0.0589959,2.388341415
2277.54,0.0,7377.42,7.97439,9.62468,9.62468,1.11917,0.74764,0.0,0.0,0.668028,2277.54,3409.348111,0.74764,1.11917,9.90345424
1524.06,0.0,2479.48,5.20074,5.91075,5.90935,0.413634,0.51936,0.0,0.0,1.2556,1524.06,1213.810131,0.51936,0.413634,11.33204454
0.0,309.255,5934.07,3.26125,4.89022,4.80829,0.0,0.0,0.10046,0.12616,1.25583,309.255,246.2554645,0.12616,0.10046,3.77913575
0.0,121.808,4065.37,2.94986,4.09266,4.09117,0.0,0.0,0.0728641,0.09804,1.34552,121.808,90.52856888,0.09804,0.0728641,3.093454537
1969.77,75.9808,9225.87,7.20033,10.01475,10.00686,1.13727,0.62204,0.0693653,0.03794,0.546959,2045.7508,3740.226964,0.65998,1.2066353,23.33800567
0.0,13.7077,1346.61,2.57144,3.92332,3.92332,0.0,0.0,0.0115891,0.02208,1.90524,13.7077,7.194736621,0.02208,0.0115891,2.564778608
0.0,250.158,2791.62,3.53615,5.32267,5.32267,0.0,0.0,0.0733101,0.12292,1.67671,250.158,149.1957464,0.12292,0.0733101,2.886075283
0.0,1574.99,4767.59,2.50626,10.39467,10.39467,0.0,0.0,0.55031,0.57296,1.04116,1574.99,1512.72619,0.57296,0.55031,12.00500249
0.0,270.649,916.559,2.66625,4.73547,4.73547,0.0,0.0,0.118137,0.19518,1.65215,270.649,163.8162394,0.19518,0.118137,3.099522764
1946.66,0.0,20689.5,6.27881,13.99523,13.99522,0.554506,0.62762,0.0,0.0,1.13186,1946.66,1719.877017,0.62762,0.554506,12.10488124
1297.65,0.0,37877.0,14.45488,18.43382,18.43382,1.05933,0.70264,0.0,0.0,0.66329,1297.65,1956.384085,0.70264,1.05933,9.930660165
2448.44,0.0,28518.3,6.80096,12.03938,12.03938,1.41324,0.75412,0.0,0.0,0.533609,2448.44,4588.453343,0.75412,1.41324,26.14751411
894.835,0.0,3366.96,4.37702,5.82311,5.76138,0.253911,0.3266,0.0,0.0,1.28628,894.835,695.67668,0.3266,0.253911,5.638296564
1014.48,0.0,5415.65,5.30461,6.57621,6.57621,0.238541,0.31996,0.0,0.0,1.34132,1014.48,756.3295858,0.31996,0.238541,5.414038045
0.0,274.77,2822.95,3.41338,4.51109,4.48101,0.0,0.0,0.107064,0.17256,1.61175,274.77,170.4792927,0.17256,0.107064,2.777344635
681.214,0.0,1293.99,3.79878,5.1368,5.1368,0.249039,0.30156,0.0,0.0,1.2109,681.214,562.5683376,0.30156,0.249039,6.299338698
2240.6,0.0,19812.0,5.49783,8.35126,8.35073,0.983928,0.61662,0.0,0.0,0.626692,2240.6,3575.280999,0.61662,0.983928,20.58736863
0.0,32.7063,4154.53,2.70419,4.38937,4.38937,0.0,0.0,0.0141107,0.03076,2.1799,32.7063,15.00357815,0.03076,0.0141107,0.66126189
0.0,189.722,4379.98,2.40259,5.79194,5.79194,0.0,0.0,0.0526056,0.10876,2.06746,189.722,91.76574154,0.10876,0.0526056,1.010472431
1094.99,0.0,3516.06,4.28987,6.58218,6.50926,0.293126,0.39698,0.0,0.0,1.3543,1094.99,808.5283911,0.39698,0.293126,6.799240483
0.0,440.851,8122.27,3.352,6.36133,6.36133,0.0,0.0,0.142784,0.17724,1.24131,440.851,355.1498014,0.17724,0.142784,4.915680402
0.0,252.724,1986.41,3.05176,4.46465,4.42162,0.0,0.0,0.146064,0.25206,1.72569,252.724,146.4480874,0.25206,0.146064,3.841513477
1910.08,0.0,12788.4,7.33998,8.23485,8.22968,0.513665,0.55588,0.0,0.0,1.08218,1910.08,1765.029847,0.55588,0.513665,11.61157849
1128.23,0.0,1481.33,5.85477,6.5257,6.5257,0.326536,0.37938,0.0,0.0,1.16183,1128.23,971.0801064,0.37938,0.326536,6.005620164
1758.39,0.0,6530.5,4.49755,14.06271,14.06271,0.631531,0.58812,0.0,0.0,0.931261,1758.39,1888.181723,0.58812,0.631531,15.22654529
1570.43,0.0,1031.67,5.85025,6.15808,6.15808,0.230923,0.50014,0.0,0.0,2.16583,1570.43,725.0938439,0.50014,0.230923,5.545836551
927.033,0.0,3274.39,4.88733,5.63983,5.6271,0.271531,0.31122,0.0,0.0,1.14617,927.033,808.8093389,0.31122,0.271531,5.36748092
0.0,1053.98,3331.8,3.56551,8.36948,8.36948,0.0,0.0,0.282632,0.41228,1.45872,1053.98,722.5375672,0.41228,0.282632,8.057893112
1539.18,0.0,3169.54,4.09157,5.80501,5.4799,0.434687,0.50668,0.0,0.0,1.16562,1539.18,1320.481804,0.50668,0.434687,6.16128692
1536.63,0.0,8690.16,3.98,8.05472,7.82449,0.419265,0.47594,0.0,0.0,1.13518,1536.63,1353.644356,0.47594,0.419265,10.83688715
0.0,262.973,4944.84,3.12542,5.41709,5.41709,0.0,0.0,0.0710817,0.12184,1.71408,262.973,153.419327,0.12184,0.0710817,1.331645036
1411.12,0.0,1423.81,6.81979,7.13372,7.13372,0.499223,0.47292,0.0,0.0,0.947313,1411.12,1489.602697,0.47292,0.499223,11.54736523
945.238,0.0,2601.57,4.91539,5.9099,5.73695,0.266098,0.34298,0.0,0.0,1.28892,945.238,733.3566086,0.34298,0.266098,5.254539571
0.0,877.306,7696.03,2.84267,5.97101,5.9634,0.0,0.0,0.202643,0.27938,1.37868,877.306,636.3376563,0.27938,0.202643,5.160498342
727.621,0.0,2525.26,3.90767,5.34449,5.34449,0.197769,0.23686,0.0,0.0,1.19766,727.621,607.5355276,0.23686,0.197769,4.513977232
1439.45,0.0444793,6455.29,4.67756,6.59501,6.50224,0.124762,0.3938,0.0,0.0,3.15641,1439.494479,456.05434,0.3938,0.124762,3.662030491
497.745,0.0,2465.4,4.38637,7.10673,7.10673,0.0924126,0.20204,0.0,0.0,2.18628,497.745,227.6675449,0.20204,0.0924126,3.78387012
0.0,19.0324,3768.33,3.0061,4.05075,3.40988,0.0,0.0,0.0144205,0.01888,1.30924,19.0324,14.53698329,0.01888,0.0144205,1.89480394
1657.53,0.0,7938.6,7.66741,9.38658,9.38512,0.532619,0.52898,0.0,0.0,0.993168,1657.53,1668.932144,0.52898,0.532619,12.15188558
632.32,0.0,16254.3,3.78902,6.38674,6.37563,0.153864,0.20962,0.0,0.0,1.36238,632.32,464.1289508,0.20962,0.153864,3.824441316
1103.53,0.0,5180.37,5.47634,6.55951,6.55951,0.263975,0.3477,0.0,0.0,1.31717,1103.53,837.8037763,0.3477,0.263975,7.050797075
994.445,0.0,6518.56,4.48624,6.11281,6.11281,0.271348,0.31826,0.0,0.0,1.17289,994.445,847.858708,0.31826,0.271348,7.871531203
0.0,384.467,6460.8,3.51233,4.98627,4.87634,0.0,0.0,0.0835104,0.1662,1.99017,384.467,193.1829944,0.1662,0.0835104,3.589019868
1844.61,0.0,10374.9,7.2596,9.97681,9.95755,0.652398,0.60918,0.0,0.0,0.933756,1844.61,1975.47325,0.60918,0.652398,15.03078133
0.0,25.4995,664.344,3.21832,4.03021,4.02236,0.0,0.0,0.0251834,0.05284,2.09821,25.4995,12.15297801,0.05284,0.0251834,2.405711827
2075.88,0.0,1903.79,5.0342,5.97505,5.95251,0.624398,0.57906,0.0,0.0,0.92739,2075.88,2238.411024,0.57906,0.624398,11.29953495
0.0,340.45,427.355,2.75196,4.22419,4.20945,0.0,0.0,0.115223,0.247,2.14367,340.45,158.8164223,0.247,0.115223,4.38948116
1951.78,0.0,4425.26,7.52574,10.57455,10.57455,0.706967,0.58196,0.0,0.0,0.823179,1951.78,2371.027444,0.58196,0.706967,15.509546
1540.38,0.0,15729.4,6.98844,7.70472,7.7017,0.404063,0.44372,0.0,0.0,1.09814,1540.38,1402.717322,0.44372,0.404063,8.97353986
690.759,0.0,4615.92,4.08202,6.52252,6.52162,0.216037,0.24082,0.0,0.0,1.11472,690.759,619.6704105,0.24082,0.216037,4.339206755
1634.5,0.0,3535.6,7.16835,7.6136,7.6136,0.398753,0.50914,0.0,0.0,1.27683,1634.5,1280.123431,0.50914,0.398753,8.488618189
0.0,162.991,4887.21,2.49623,5.13258,5.01619,0.0,0.0,0.0520974,0.08398,1.61198,162.991,101.1122967,0.08398,0.0520974,1.868918281
1876.58,0.0,30086.0,11.53361,23.49364,23.48524,1.90773,0.80984,0.0,0.0,0.424505,1876.58,4420.631088,0.80984,1.90773,24.31343084
0.0,154.475,2365.53,3.31132,4.60365,4.19274,0.0,0.0,0.0925455,0.15536,1.67874,154.475,92.01841858,0.15536,0.0925455,5.025243558
1257.01,0.073462,5954.58,4.41641,6.48379,6.4829,0.367905,0.3806,0.0,0.0,1.03451,1257.083462,1215.148681,0.3806,0.367905,9.964594129
0.0,144.747,3783.72,3.5008,4.69926,4.58086,0.0,0.0,0.0482823,0.09042,1.87274,144.747,77.2915621,0.09042,0.0482823,2.780519508
708.62,0.0,2184.31,4.03957,5.29331,5.2812,0.267234,0.31832,0.0,0.0,1.19117,708.62,594.8940957,0.31832,0.267234,5.130393308
0.0,418.12,2839.82,2.43229,5.17097,5.17097,0.0,0.0,0.159541,0.1783,1.11758,418.12,374.1298162,0.1783,0.159541,5.006658066
1477.33,42.3414,23673.3,4.28201,11.05011,11.03981,0.373104,0.48042,0.0155946,0.02008,1.28763,1519.6714,1180.208134,0.5005,0.3886986,9.372590159
386.761,0.0,1051.18,3.80022,4.69642,4.68366,0.122917,0.16794,0.0,0.0,1.36629,386.761,283.0738716,0.16794,0.122917,2.29445476
449.608,0.0,2980.38,3.77666,4.5617,4.56065,0.0999664,0.23708,0.0,0.0,2.3716,449.608,189.5800304,0.23708,0.0999664,3.579103263
1433.41,0.0,4708.01,4.88113,7.54049,7.54049,0.352609,0.41356,0.0,0.0,1.17286,1433.41,1222.149276,0.41356,0.352609,7.50435581
1812.03,0.0,2693.85,5.48309,9.63216,9.63216,0.728943,0.5883,0.0,0.0,0.807059,1812.03,2245.226185,0.5883,0.728943,15.13984943
1323.43,0.0,2407.15,8.96526,9.81405,9.81405,0.268086,0.45278,0.0,0.0,1.68894,1323.43,783.5861546,0.45278,0.268086,5.501093748
1250.79,0.0,3457.3,5.75134,6.79615,6.79615,0.331948,0.36768,0.0,0.0,1.10764,1250.79,1129.238742,0.36768,0.331948,7.067611771
0.0,740.612,1917.9,3.48947,5.58663,5.56914,0.0,0.0,0.263403,0.3575,1.35723,740.612,545.6790669,0.3575,0.263403,8.060140197
902.573,2.25057,2519.16,3.87203,5.63872,5.63872,0.315658,0.3371,0.00803426,0.00858,1.06793,904.82357,847.2686131,0.34568,0.32369226,8.697823252
2299.81,0.0,12832.5,5.2994,7.79568,7.79517,0.710618,0.585,0.0,0.0,0.823227,2299.81,2793.652298,0.585,0.710618,13.1568288
507.056,0.0,1025.48,3.7868,4.87031,4.87031,0.0964193,0.20694,0.0,0.0,2.14625,507.056,236.2520676,0.20694,0.0964193,3.215789909
0.0,503.023,3413.45,3.18226,5.26687,4.90891,0.0,0.0,0.152183,0.20948,1.3765,503.023,365.4362514,0.20948,0.152183,5.9501928
0.0,442.701,6820.02,3.02335,4.96943,4.9628,0.0,0.0,0.151392,0.17358,1.14656,442.701,386.1123709,0.17358,0.151392,3.481383114
0.0,1574.33,4713.49,2.52524,10.40343,10.40343,0.0,0.0,0.600917,0.57514,0.957104,1574.33,1644.889166,0.57514,0.600917,12.08750209
2103.45,0.118033,2432.6,4.39582,5.60157,5.5618,0.559599,0.59766,0.0,0.0,1.06802,2103.568033,1969.596106,0.59766,0.559599,8.271241131
829.886,0.0,2142.33,4.08543,5.13222,5.13222,0.141423,0.2382,0.0,0.0,1.68431,829.886,492.7157115,0.2382,0.141423,2.944430148
0.0,655.11,1260.68,3.65365,5.70014,5.70014,0.0,0.0,0.179972,0.29456,1.6367,655.11,400.2627238,0.29456,0.179972,5.527679984
0.0,194.009,3540.12,2.47884,4.47714,4.47703,0.0,0.0,0.0624184,0.10794,1.7293,194.009,112.1893252,0.10794,0.0624184,3.315269143
0.0,62.3458,4276.98,2.83947,4.04841,4.00192,0.0,0.0,0.0363386,0.04376,1.20423,62.3458,51.77233585,0.04376,0.0363386,3.329622182
530.749,0.0,5905.95,4.40085,5.10073,5.10073,0.186242,0.22524,0.0,0.0,1.20939,530.749,438.856779,0.22524,0.186242,3.525970227
2480.17,0.0,2034.37,4.81909,6.30676,6.30369,0.637206,0.66764,0.0,0.0,1.04776,2480.17,2367.116515,0.66764,0.637206,10.64260392
0.0,393.951,5238.16,2.92387,4.97833,4.97205,0.0,0.0,0.107496,0.15454,1.43764,393.951,274.0261818,0.15454,0.107496,3.000337269
1511.1,0.0,2477.78,4.18708,5.75366,5.75366,0.394058,0.44128,0.0,0.0,1.11983,1511.1,1349.401248,0.44128,0.394058,7.566490775
1972.87,0.0,36733.1,11.42638,13.73802,13.39901,1.78534,0.7742,0.0,0.0,0.433642,1972.87,4549.536253,0.7742,1.78534,27.03041602
1395.04,151.961,11760.0,11.96507,14.83524,14.83524,0.416493,0.52594,0.0511885,0.06464,1.26278,1547.001,1225.075627,0.59058,0.4676815,8.213059959
0.0,261.532,3468.99,2.56403,4.71706,4.71398,0.0,0.0,0.0763111,0.15782,2.06811,261.532,126.4594243,0.15782,0.0763111,2.823364195
2385.93,0.0,3054.47,5.93464,8.49333,8.49333,0.589435,0.6662,0.0,0.0,1.13024,2385.93,2110.994125,0.6662,0.589435,11.72761605
0.0,181.111,5802.48,3.34716,4.55135,4.55135,0.0,0.0,0.0593368,0.08446,1.4234,181.111,127.2383027,0.08446,0.0593368,2.934045778
1756.97,0.0,10409.8,6.70705,8.56248,8.55013,0.600324,0.5063,0.0,0.0,0.843378,1756.97,2083.253298,0.5063,0.600324,12.33548887
0.0,190.655,1907.56,2.60006,4.3435,4.3435,0.0,0.0,0.0662786,0.14428,2.17687,190.655,87.58217073,0.14428,0.0662786,2.379282109
1462.12,0.0,7649.13,5.40152,7.73062,7.60787,0.459493,0.43838,0.0,0.0,0.954052,1462.12,1532.537011,0.43838,0.459493,10.27341005
0.0,796.058,3031.24,2.8574,6.5631,6.5631,0.0,0.0,0.188724,0.32616,1.72824,796.058,460.6177383,0.32616,0.188724,6.023205901
0.0,44.0716,2457.13,3.26465,4.27065,4.26875,0.0,0.0,0.0447088,0.0654,1.4628,44.0716,30.1282472,0.0654,0.0447088,3.380853938
1165.89,0.0,16676.0,14.77034,14.8276,14.8276,0.563146,0.49956,0.0,0.0,0.887088,1165.89,1314.289,0.49956,0.563146,10.22582432
0.0,1.75159,1997.89,2.80345,3.78,3.76584,0.0,0.0,0.0,0.0,1.43873,1.75159,1.217455673,0.0,0.0,2.181518602
622.972,206.283,9432.45,3.74676,5.1465,5.14199,0.269754,0.25188,0.105468,0.09848,0.93374,829.255,888.1005419,0.35036,0.375222,9.237606271
0.0,688.531,8113.4,3.53622,6.86582,6.72322,0.0,0.0,0.213445,0.23764,1.11335,688.531,618.43176,0.23764,0.213445,6.275458525
1355.66,0.0,7789.2,4.93619,7.04175,7.01576,0.361355,0.42232,0.0,0.0,1.16871,1355.66,1159.962694,0.42232,0.361355,8.224138681
1657.23,0.0,3859.03,4.68,6.64639,6.63159,0.456827,0.47494,0.0,0.0,1.03965,1657.23,1594.026836,0.47494,0.456827,10.72518605
0.0,475.829,2062.79,3.71858,4.78803,4.78803,0.0,0.0,0.233848,0.27996,1.19719,475.829,397.4548735,0.27996,0.233848,5.747289979
2156.03,0.0,15493.0,6.83219,13.78566,13.73519,1.24198,0.7266,0.0,0.0,0.585033,2156.03,3685.313478,0.7266,1.24198,23.59331038
1597.87,0.0,3815.42,9.13273,10.62623,10.62623,0.640096,0.5853,0.0,0.0,0.914395,1597.87,1747.461436,0.5853,0.640096,13.76574272
0.0,465.025,2924.34,3.50509,4.99101,4.98216,0.0,0.0,0.0972439,0.1757,1.8068,465.025,257.374917,0.1757,0.0972439,2.058983994
0.0,1.89702,763.897,3.47286,3.77576,3.77576,0.0,0.0,0.0,0.0,1.73065,1.89702,1.096131511,0.0,0.0,3.506245132
1938.85,0.0,3052.14,5.99671,8.21752,8.17631,0.753969,0.57014,0.0,0.0,0.756185,1938.85,2563.988971,0.57014,0.753969,14.08657467
1608.03,0.0,2838.07,4.1628,7.20254,7.20254,0.551204,0.48888,0.0,0.0,0.886931,1608.03,1813.027169,0.48888,0.551204,12.57883295
0.0,335.333,4710.7,2.96369,5.17601,5.14098,0.0,0.0,0.110596,0.15026,1.35864,335.333,246.8151976,0.15026,0.110596,2.644109583
2225.06,0.0,2110.0,8.10066,8.61957,8.61957,0.810031,0.66254,0.0,0.0,0.817919,2225.06,2720.391628,0.66254,0.810031,14.83945269
1103.79,0.0,2243.08,4.16129,6.81689,6.80143,0.247928,0.3328,0.0,0.0,1.34232,1103.79,822.3001967,0.3328,0.247928,5.749573292
848.431,0.0,978.512,3.90859,5.03981,5.01601,0.202531,0.30116,0.0,0.0,1.48698,848.431,570.5732424,0.30116,0.202531,5.025119599
1648.48,0.0,4117.17,5.11285,5.96917,5.74626,0.405973,0.49048,0.0,0.0,1.20816,1648.48,1364.455039,0.49048,0.405973,9.640076907
730.625,0.0,7027.49,3.95539,5.63153,5.61978,0.227703,0.26744,0.0,0.0,1.17451,730.625,622.0679262,0.26744,0.227703,4.863936818
0.0,237.418,4822.93,2.54562,4.62664,4.62664,0.0,0.0,0.0650037,0.115,1.76913,237.418,134.2004262,0.115,0.0650037,3.266670724
0.0,447.352,1971.43,3.22793,6.00256,5.9849,0.0,0.0,0.107755,0.20216,1.87611,447.352,238.446573,0.20216,0.107755,2.849928435
1595.84,0.0,19389.2,5.24821,8.73636,8.73636,0.382946,0.4428,0.0,0.0,1.1563,1595.84,1380.126265,0.4428,0.382946,7.959213531
0.0,397.765,5849.41,3.07382,5.26427,5.26427,0.0,0.0,0.117018,0.15948,1.36287,397.765,291.8583577,0.15948,0.117018,3.162466437
1860.54,0.0,5044.75,5.96302,8.91532,8.34435,0.734546,0.57018,0.0,0.0,0.776235,1860.54,2396.877234,0.57018,0.734546,14.76869524
2350.2,0.0,2033.08,5.62583,6.95041,6.95041,0.656394,0.68818,0.0,0.0,1.04842,2350.2,2241.658877,0.68818,0.656394,7.677845992
1099.14,0.0,8681.79,30.14408,30.70055,30.70055,2.10221,0.76146,0.0,0.0,0.362219,1099.14,3034.462577,0.76146,2.10221,14.97767805
0.0,1.47461,834.396,3.49285,3.78989,3.78989,0.0,0.0,0.0,0.0,1.48867,1.47461,0.990555328,0.0,0.0,5.121156063
0.0,350.059,1562.52,3.16942,4.33227,4.27766,0.0,0.0,0.140119,0.2494,1.77992,350.059,196.6711987,0.2494,0.140119,4.936436907
1712.02,0.0,4222.99,5.29768,6.80795,6.78405,0.388515,0.51288,0.0,0.0,1.3201,1712.02,1296.8866,0.51288,0.388515,9.169695879
1502.0,0.0,3577.3,4.20407,5.70656,5.70656,0.367465,0.50434,0.0,0.0,1.37248,1502.0,1094.369317,0.50434,0.367465,5.992587059
1719.08,0.0,46399.9,13.2696,17.52243,17.52243,2.26614,0.80134,0.0,0.0,0.353615,1719.08,4861.445357,0.80134,2.26614,33.76675577
1190.42,0.0,1839.47,3.92573,5.86312,5.85006,0.315647,0.37514,0.0,0.0,1.18848,1190.42,1001.632337,0.37514,0.315647,6.807217114
0.0,236.315,1727.74,3.06466,4.41091,4.40246,0.0,0.0,0.197087,0.26288,1.33382,236.315,177.1715824,0.26288,0.197087,5.743024731
453.046,251.343,10881.3,5.48299,6.79559,6.79559,0.110385,0.13828,0.0648354,0.08122,1.25271,704.389,562.2921506,0.2195,0.1752204,4.268502822
2168.39,45.2643,3972.8,6.22561,7.93112,7.92562,0.917155,0.60554,0.0297166,0.01962,0.660237,2213.6543,3352.8177,0.62516,0.9468716,20.0188043
0.0,614.362,2160.77,3.23803,5.10703,5.10703,0.0,0.0,0.152193,0.28634,1.88143,614.362,326.5399191,0.28634,0.152193,6.750269082
0.0,381.044,1261.93,3.14713,4.68881,4.68677,0.0,0.0,0.202164,0.28248,1.39728,381.044,272.7041108,0.28248,0.202164,5.059156804
2055.3,0.0,11030.0,7.88152,17.08225,11.63664,1.03683,0.75636,0.0,0.0,0.729494,2055.3,2817.432357,0.75636,1.03683,19.73913106
1502.04,0.0,4802.56,4.97897,7.89565,7.87662,0.467072,0.42376,0.0,0.0,0.907269,1502.04,1655.561912,0.42376,0.467072,9.259879558
0.0,553.066,6040.43,3.62914,4.77876,4.77812,0.0,0.0,0.147071,0.2773,1.88548,553.066,293.3290197,0.2773,0.147071,3.713775193
2059.58,0.0,16318.3,5.93207,8.14469,8.14469,0.607535,0.5476,0.0,0.0,0.901348,2059.58,2284.9998,0.5476,0.607535,13.10274906
1429.77,0.0,5287.16,4.66417,8.19821,8.1974,0.450876,0.43136,0.0,0.0,0.956716,1429.77,1494.456035,0.43136,0.450876,9.632784577
1557.73,0.0,1534.52,6.99185,7.37662,7.37662,0.52,0.52244,0.0,0.0,1.00469,1557.73,1550.45835,0.52244,0.52,10.2820301
1493.44,0.0,4784.4,4.20233,6.29331,6.28823,0.401676,0.47302,0.0,0.0,1.17761,1493.44,1268.195752,0.47302,0.401676,10.07645775
1859.32,0.0,3550.0,8.55613,10.88811,10.38381,0.855331,0.6005,0.0,0.0,0.702067,1859.32,2648.351226,0.6005,0.855331,15.71835005
1584.36,0.0365498,17429.5,7.79803,8.41278,8.41278,0.386281,0.46584,0.0,0.0,1.20596,1584.39655,1313.805226,0.46584,0.386281,8.418531627
1359.63,0.0,4367.3,4.72641,8.69313,8.31387,0.45942,0.40946,0.0,0.0,0.891254,1359.63,1525.52471,0.40946,0.45942,9.633059801
0.0,281.069,2432.0,3.26666,4.83353,4.7875,0.0,0.0,0.134363,0.15648,1.16461,281.069,241.3417367,0.15648,0.134363,4.385844148
1214.16,0.0,2725.87,10.23127,10.36311,10.36311,0.510613,0.4546,0.0,0.0,0.890303,1214.16,1363.760428,0.4546,0.510613,10.27325292
0.0,456.34,4018.94,2.69161,4.86136,4.85098,0.0,0.0,0.165093,0.20748,1.25674,456.34,363.1140888,0.20748,0.165093,4.747982144
474.512,0.0,2914.26,3.84468,5.04569,4.80961,0.135096,0.2089,0.0,0.0,1.54631,474.512,306.8673164,0.2089,0.135096,2.484383125
1622.56,0.0,17742.2,7.97366,8.72478,8.7184,0.404641,0.47938,0.0,0.0,1.18471,1622.56,1369.584118,0.47938,0.404641,8.698958171
1238.69,0.0,3564.94,4.9327,5.99775,5.97758,0.404959,0.41334,0.0,0.0,1.0207,1238.69,1213.569119,0.41334,0.404959,10.07309536
1588.28,0.0,11710.8,9.17095,11.52321,11.02494,0.574506,0.59714,0.0,0.0,1.0394,1588.28,1528.073889,0.59714,0.574506,12.41560795
1134.21,258.99,30520.5,4.75487,14.23268,14.09788,0.690238,0.43996,0.148885,0.0949,0.637403,1393.2,2185.744341,0.53486,0.839123,13.16737109
2229.27,0.0,4023.8,7.45633,8.75515,8.75515,0.704045,0.62236,0.0,0.0,0.883978,2229.27,2521.861404,0.62236,0.704045,16.03461911
0.0,20.2733,1762.7,3.06474,3.93503,3.93016,0.0,0.0,0.024635,0.05496,2.23097,20.2733,9.087213185,0.05496,0.024635,1.679282811
0.0,368.155,3999.17,3.22982,5.23544,5.01332,0.0,0.0,0.106889,0.1392,1.30229,368.155,282.6981701,0.1392,0.106889,3.342424754
0.0,35.8286,889.29,2.87434,3.93056,3.93056,0.0,0.0,0.071688,0.09856,1.37485,35.8286,26.06000655,0.09856,0.071688,3.626490173
682.203,520.255,6784.69,3.87575,8.13442,8.10204,0.212524,0.2223,0.172352,0.18028,1.046,1202.458,1149.577438,0.40258,0.384876,8.806775744
1337.46,0.0,1317.51,4.68558,5.32542,5.30456,0.270677,0.4121,0.0,0.0,1.52248,1337.46,878.4745941,0.4121,0.270677,5.493935805
1611.77,0.0,24059.0,7.18297,17.06774,17.06774,0.760689,0.59304,0.0,0.0,0.779609,1611.77,2067.408149,0.59304,0.760689,13.65232926
0.0,232.133,1226.3,3.39347,5.2745,5.0113,0.0,0.0,0.0762671,0.16166,2.11965,232.133,109.5147784,0.16166,0.0762671,2.78936346
745.403,0.0,1628.96,3.80174,4.97933,4.64142,0.18325,0.29034,0.0,0.0,1.58439,745.403,470.4668674,0.29034,0.18325,5.183208715
1318.25,0.0,3607.95,5.98736,7.21513,7.21361,0.328608,0.42058,0.0,0.0,1.27988,1318.25,1029.979373,0.42058,0.328608,7.458192345
1632.96,321.92,12425.9,5.48027,9.63173,9.50266,0.751647,0.50102,0.160375,0.1069,0.666563,1954.88,2932.776047,0.60792,0.912022,18.15416167
0.0,298.118,1193.63,3.53239,4.67398,4.41116,0.0,0.0,0.147983,0.20342,1.37462,298.118,216.8730267,0.20342,0.147983,5.230428862
0.0,522.521,1164.3,2.75672,5.04432,4.76799,0.0,0.0,0.247796,0.29484,1.18985,522.521,439.1486322,0.29484,0.247796,6.241179123
0.0,61.9221,3162.36,2.96381,3.94581,3.94581,0.0,0.0,0.0507837,0.07992,1.57373,61.9221,39.34734675,0.07992,0.0507837,2.504548858
2063.91,0.0,4142.43,9.37645,12.42053,12.42053,0.857112,0.6262,0.0,0.0,0.730593,2063.91,2824.979161,0.6262,0.857112,15.55104782
1693.74,0.0,2647.73,4.35849,9.62394,9.62394,0.337141,0.52964,0.0,0.0,1.57097,1693.74,1078.149169,0.52964,0.337141,6.216903021
954.257,0.0,3542.69,3.79107,5.30819,5.29306,0.332112,0.37258,0.0,0.0,1.12185,954.257,850.6101529,0.37258,0.332112,8.335307137
2286.73,0.0,7920.0,7.58963,8.58626,8.4695,1.6117,0.72352,0.0,0.0,0.448917,2286.73,5093.881497,0.72352,1.6117,30.63811108
499.771,0.0,11831.9,4.33378,5.79025,5.79025,0.104834,0.15068,0.0,0.0,1.43733,499.771,347.7079028,0.15068,0.104834,2.75505842
1699.26,0.0,14108.2,8.33336,9.56221,9.56221,0.798473,0.56316,0.0,0.0,0.705297,1699.26,2409.282898,0.56316,0.798473,15.86953234
2260.23,0.0,3631.67,8.23246,8.54513,8.54513,1.02607,0.74096,0.0,0.0,0.722133,2260.23,3129.935898,0.74096,1.02607,10.28116402
0.0,250.949,3848.34,2.59503,4.92403,4.70441,0.0,0.0,0.0942032,0.15702,1.66682,250.949,150.5555489,0.15702,0.0942032,3.284587347
0.0,3.14488,625.925,3.07376,3.77611,3.77611,0.0,0.0,0.0,0.0,1.78243,3.14488,1.764377844,0.0,0.0,2.358687153
379.937,0.0,1150.09,4.08974,4.44244,4.44244,0.0837276,0.20356,0.0,0.0,2.43122,379.937,156.2742162,0.20356,0.0837276,2.4113522
0.0,466.199,5095.88,3.45443,4.75518,4.66797,0.0,0.0,0.158092,0.2247,1.42132,466.199,328.0042496,0.2247,0.158092,3.959382981
1180.7,0.0,5257.36,4.9888,6.47723,6.46954,0.277101,0.38302,0.0,0.0,1.38224,1180.7,854.1931937,0.38302,0.277101,6.275107324
1487.58,0.0,19772.2,14.64846,24.61262,24.61262,3.62257,0.8724,0.0,0.0,0.240823,1487.58,6177.067805,0.8724,3.62257,16.05427871
816.527,0.0,843.855,4.39323,4.98641,4.97616,0.221418,0.33972,0.0,0.0,1.53429,816.527,532.1855712,0.33972,0.221418,5.289100973
1340.89,0.0,2730.01,4.13005,6.0819,6.0819,0.448268,0.44026,0.0,0.0,0.982136,1340.89,1365.27935,0.44026,0.448268,11.43306597
1853.79,0.0,2765.11,5.27516,7.10231,7.10043,0.592088,0.52292,0.0,0.0,0.883179,1853.79,2098.996919,0.52292,0.592088,12.04696719
998.924,0.0,2252.08,5.10341,5.73499,5.72616,0.310675,0.37448,0.0,0.0,1.20537,998.924,828.7281084,0.37448,0.310675,5.368692873
0.0,344.607,2024.6,3.43974,4.52056,4.50577,0.0,0.0,0.120989,0.18302,1.5127,344.607,227.8092153,0.18302,0.120989,4.61993845
1043.06,0.0,3360.23,4.15013,5.10165,5.10165,0.240193,0.34822,0.0,0.0,1.44975,1043.06,719.4757717,0.34822,0.240193,4.998135085
0.0,430.131,2943.51,2.49626,5.17349,5.17113,0.0,0.0,0.156811,0.20938,1.33524,430.131,322.1375932,0.20938,0.156811,4.29707409
0.0,30.8636,4706.56,2.90509,4.16458,4.16458,0.0,0.0,0.0185554,0.02382,1.28372,30.8636,24.04231452,0.02382,0.0185554,3.711485877
0.0,207.033,2050.62,2.97843,4.43594,4.0093,0.0,0.0,0.103973,0.15054,1.44788,207.033,142.9904412,0.15054,0.103973,5.522123075
1005.75,12.4033,18728.2,3.97712,7.7972,7.7972,0.244824,0.28456,0.00259829,0.00302,1.1623,1018.1533,875.9815022,0.28758,0.24742229,7.824904995
495.002,0.0,1377.66,3.72145,4.59495,4.53376,0.174555,0.212,0.0,0.0,1.21451,495.002,407.5734247,0.212,0.174555,5.923986031
1191.58,0.0,18232.5,4.04603,10.42908,10.42903,0.234958,0.362,0.0,0.0,1.5407,1191.58,773.4017005,0.362,0.234958,5.4740503
0.0,971.617,2092.07,3.52881,5.36181,5.36181,0.0,0.0,0.364641,0.48592,1.3326,971.617,729.1137626,0.48592,0.364641,4.496460288
564.378,0.0,3781.27,4.77538,5.5251,5.51126,0.161172,0.20706,0.0,0.0,1.28472,564.378,439.3003923,0.20706,0.161172,3.079493501
1214.31,0.0,2556.69,5.87111,6.88083,6.87535,0.297318,0.41174,0.0,0.0,1.38485,1214.31,876.8530888,0.41174,0.297318,6.532203844
1247.61,0.0,2479.78,4.08998,6.56646,6.54784,0.322221,0.40778,0.0,0.0,1.26553,1247.61,985.8399248,0.40778,0.322221,7.336337591
338.634,0.0,1919.28,3.85906,4.62011,4.62011,0.0863161,0.13714,0.0,0.0,1.58881,338.634,213.136876,0.13714,0.0863161,4.185987609
0.0,796.243,3005.99,3.46612,6.18002,6.18002,0.0,0.0,0.210886,0.29482,1.398,796.243,569.5586552,0.29482,0.210886,5.697153209
1607.89,0.0,5053.04,5.05908,6.01885,5.99018,0.553379,0.49294,0.0,0.0,0.890782,1607.89,1805.031983,0.49294,0.553379,12.06234301
2302.56,0.0,11494.8,8.31604,10.41333,10.41316,1.81568,0.79496,0.0,0.0,0.437831,2302.56,5259.015465,0.79496,1.81568,30.85680518
0.0,19.7585,6276.87,3.0193,4.02107,3.77135,0.0,0.0,0.0215534,0.02656,1.23229,19.7585,16.03396928,0.02656,0.0215534,4.429063874
0.0,97.7307,1929.62,2.48146,4.0009,3.99232,0.0,0.0,0.0614126,0.14942,2.43305,97.7307,40.16797846,0.14942,0.0614126,2.855827143
1384.14,0.0,5097.09,6.10595,6.92762,6.92762,0.309387,0.44498,0.0,0.0,1.43826,1384.14,962.3711985,0.44498,0.309387,8.071756454
0.0,1.2477,3057.01,2.70818,3.78954,3.78954,0.0,0.0,0.0,0.0,1.56228,1.2477,0.798640449,0.0,0.0,2.646591698
1418.0,0.0,2925.36,4.78818,6.33471,6.33036,0.474786,0.44526,0.0,0.0,0.937811,1418.0,1512.031742,0.44526,0.474786,10.717789
0.0,1246.77,9299.98,3.63338,7.10918,7.10142,0.0,0.0,0.331201,0.41052,1.23949,1246.77,1005.873383,0.41052,0.331201,9.260209876
470.017,0.0,3845.85,3.73408,4.95925,4.95925,0.170907,0.21472,0.0,0.0,1.25635,470.017,374.1131054,0.21472,0.170907,4.58084079
0.0,252.471,11998.8,3.68585,5.40649,5.39971,0.0,0.0,0.0885769,0.1054,1.18993,252.471,212.172985,0.1054,0.0885769,3.105547693
1604.65,0.0,3783.66,5.10134,8.66462,8.65703,0.632363,0.52498,0.0,0.0,0.830188,1604.65,1932.875445,0.52498,0.632363,13.87113047
2287.11,0.0,7929.6,8.21137,10.58889,10.58889,1.21903,0.75764,0.0,0.0,0.621509,2287.11,3679.93062,0.75764,1.21903,12.81122844
1029.29,0.0,1263.88,4.80157,5.26106,5.24412,0.313632,0.3465,0.0,0.0,1.1048,1029.29,931.6527878,0.3465,0.313632,8.737423425
946.61,0.0,3531.87,5.08562,5.50168,5.49191,0.306407,0.331,0.0,0.0,1.08026,946.61,876.2797845,0.331,0.306407,6.510707079
0.0,692.954,7765.57,2.98755,5.46594,5.46361,0.0,0.0,0.177188,0.28832,1.62719,692.954,425.8593035,0.28832,0.177188,7.326086753
1932.24,0.0,4973.54,6.03558,10.21454,10.21454,0.775985,0.59314,0.0,0.0,0.764371,1932.24,2527.882403,0.59314,0.775985,16.03753196
0.0,147.377,930.554,2.5247,4.35249,4.35249,0.0,0.0,0.153852,0.20864,1.35611,147.377,108.6762873,0.20864,0.153852,4.222447862
975.032,0.348487,1828.03,4.8064,6.5379,6.53406,0.319224,0.34842,0.0,0.0,1.09146,975.380487,893.6474878,0.34842,0.319224,7.516986072
0.0,1212.88,3500.11,2.75399,9.2054,9.2054,0.0,0.0,0.485062,0.43396,0.894648,1212.88,1355.706378,0.43396,0.485062,11.78411698
1261.79,0.0,14587.3,12.38023,13.08079,13.06205,0.769472,0.53154,0.0,0.0,0.690785,1261.79,1826.603068,0.53154,0.769472,15.99810117
295.72,16.2774,2837.41,3.82938,4.58192,4.58192,0.108843,0.12618,0.0247566,0.0287,1.15929,311.9974,269.1280008,0.15488,0.1335996,3.993439703
0.0,688.634,2592.04,3.57576,5.1448,5.11859,0.0,0.0,0.0693728,0.26558,3.8283,688.634,179.8798422,0.26558,0.0693728,1.806178848
1249.55,0.0,2581.14,8.01633,8.64993,8.63141,0.405821,0.43362,0.0,0.0,1.0685,1249.55,1169.443145,0.43362,0.405821,8.175957399
0.0,427.042,6064.65,3.50575,4.47276,4.47276,0.0,0.0,0.119083,0.22698,1.90606,427.042,224.0443638,0.22698,0.119083,3.339264622
1204.84,0.0,4959.77,3.81671,5.85131,5.85131,0.315243,0.43458,0.0,0.0,1.37856,1204.84,873.9844475,0.43458,0.315243,7.005837385
0.0,1022.05,5323.72,3.08649,7.0124,7.0124,0.0,0.0,0.295365,0.37996,1.28641,1022.05,794.4978662,0.37996,0.295365,5.140191502
1538.02,0.0,5110.41,4.03954,6.93984,6.93984,0.554988,0.4797,0.0,0.0,0.864343,1538.02,1779.409332,0.4797,0.554988,12.38254507
2979.75,0.0,4270.18,6.61136,7.63453,7.60767,1.26952,0.73028,0.0,0.0,0.575241,2979.75,5180.002816,0.73028,1.26952,23.12048537
1304.83,1.66111,1973.29,6.81795,9.17407,9.17407,0.406505,0.42352,0.0,0.0,1.04186,1306.49111,1253.998723,0.42352,0.406505,10.9247845
0.0,1189.44,8886.09,3.27382,7.67266,7.67266,0.0,0.0,0.289564,0.38758,1.3385,1189.44,888.6365334,0.38758,0.289564,6.29903146
0.0,294.723,2809.2,3.01821,4.8567,4.84744,0.0,0.0,0.0849525,0.16514,1.94391,294.723,151.6135006,0.16514,0.0849525,3.24826284
1207.19,0.0,1615.24,5.72919,6.94119,6.85845,0.267417,0.40012,0.0,0.0,1.49624,1207.19,806.8157515,0.40012,0.267417,5.942258173
671.618,79.1171,5088.12,4.32231,5.58633,5.37322,0.143328,0.20266,0.0387,0.05472,1.41396,750.7351,530.9450762,0.25738,0.182028,4.513112962
274.747,0.0,2882.89,3.75356,4.40667,4.40321,0.0975297,0.21208,0.0,0.0,2.17452,274.747,126.3483435,0.21208,0.0975297,3.413651285
0.0,403.163,2118.96,3.6681,4.94875,4.74718,0.0,0.0,0.156045,0.20624,1.32167,403.163,305.0405926,0.20624,0.156045,4.443878936
0.0,654.379,3190.53,3.53352,4.74191,4.74191,0.0,0.0,0.223724,0.25352,1.13318,654.379,577.4713638,0.25352,0.223724,6.557379783
1394.46,505.879,10579.0,5.64581,10.39878,7.91914,0.455971,0.40932,0.196126,0.17606,0.897688,1900.339,2116.925925,0.58538,0.652097,13.46446777
2202.76,0.0,8195.86,5.17607,10.63994,10.63994,0.683669,0.6469,0.0,0.0,0.946218,2202.76,2327.962478,0.6469,0.683669,14.33766509
1262.01,0.0,11008.0,6.38948,7.06064,7.05132,0.190343,0.38128,0.0,0.0,2.00312,1262.01,630.0221654,0.38128,0.190343,5.100441994
1283.56,0.0,1984.83,4.78268,5.87796,5.87796,0.199113,0.34126,0.0,0.0,1.71391,1283.56,748.9074689,0.34126,0.199113,7.315067684
258.157,231.325,3274.72,3.7344,4.50943,4.50943,0.10223,0.1268,0.0936198,0.11612,1.24034,489.482,394.6353419,0.24292,0.1958498,5.654773925
1306.64,0.0,4072.6,5.09154,6.55313,6.45158,0.39623,0.41898,0.0,0.0,1.05742,1306.64,1235.68686,0.41898,0.39623,9.254827816
1679.66,3.00495,1965.22,7.31478,8.33992,8.33992,0.897806,0.57036,0.0435397,0.02766,0.635282,1682.66495,2648.689794,0.59802,0.9413457,17.00844983
1075.65,0.0,5045.16,4.28567,5.96735,5.96735,0.28779,0.32336,0.0,0.0,1.1236,1075.65,957.3246707,0.32336,0.28779,6.016545765
1645.75,0.0,1843.6,6.02919,6.96079,6.95596,0.55741,0.54726,0.0,0.0,0.981792,1645.75,1676.271552,0.54726,0.55741,10.88636248
0.0,114.098,7280.18,3.3718,4.27353,4.25894,0.0,0.0,0.0476204,0.08316,1.74631,114.098,65.33662408,0.08316,0.0476204,2.660213122
0.0,1223.2,2460.66,3.15216,11.36441,11.36441,0.0,0.0,0.520957,0.48006,0.921497,1223.2,1327.405298,0.48006,0.520957,8.535991355
853.333,0.0,1296.58,4.15949,4.41725,4.41175,0.245215,0.284,0.0,0.0,1.15817,853.333,736.794253,0.284,0.245215,5.370598866
1728.34,0.0,13618.6,6.69779,16.53276,16.53276,0.814833,0.6383,0.0,0.0,0.78335,1728.34,2206.344546,0.6383,0.814833,16.21940834
759.452,70.3206,15654.2,4.30885,5.76264,5.7542,0.160343,0.23182,0.0231156,0.03342,1.44577,829.7726,573.9312615,0.26524,0.1834586,5.517367768
0.0,3.29001,6304.33,2.92219,3.9388,3.9388,0.0,0.0,0.00305785,0.00508,1.6613,3.29001,1.980382833,0.00508,0.00305785,1.091381702
0.0,75.9417,2031.57,2.70907,4.12175,4.10052,0.0,0.0,0.0633707,0.07584,1.19677,75.9417,63.45555119,0.07584,0.0633707,4.156304955
0.0,291.477,2149.2,3.33732,4.42847,4.39206,0.0,0.0,0.149274,0.21954,1.47072,291.477,198.1866025,0.21954,0.149274,5.592224989
0.0,477.533,5742.2,2.88567,5.34448,5.14751,0.0,0.0,0.175197,0.22082,1.26041,477.533,378.871161,0.22082,0.175197,5.41413182
2185.13,3.85431,129332.0,6.93986,11.04769,11.04769,0.549712,0.56002,0.000490797,0.0005,1.01875,2188.98431,2148.696255,0.56052,0.550202797,13.18358944
0.0,129.924,923.756,2.49505,4.31215,4.31215,0.0,0.0,0.145451,0.1987,1.36609,129.924,95.10647176,0.1987,0.145451,4.016059624
548.432,0.0,1921.78,4.56978,6.46234,6.46234,0.13852,0.18312,0.0,0.0,1.32198,548.432,414.8565031,0.18312,0.13852,2.550759931
636.223,127.844,10196.9,4.05301,5.61648,5.61199,0.14202,0.18656,0.0419909,0.05516,1.31362,764.067,581.6499444,0.24172,0.1840109,4.788484287
0.0,567.828,3513.3,3.54871,5.33632,5.31165,0.0,0.0,0.219783,0.29636,1.34842,567.828,421.1061835,0.29636,0.219783,5.834114297
1263.47,0.0,1703.14,3.95879,5.07683,4.81355,0.364244,0.43832,0.0,0.0,1.20337,1263.47,1049.943077,0.43832,0.364244,7.999660715
0.0,108.374,2972.5,3.02862,4.89851,4.89691,0.0,0.0,0.0395885,0.06282,1.58683,108.374,68.29591072,0.06282,0.0395885,1.843852738
1601.9,0.0,32147.9,12.35689,13.08435,13.04237,0.82895,0.66476,0.0,0.0,0.80193,1601.9,1997.555896,0.66476,0.82895,15.91860015
2178.45,0.0,5698.15,5.07389,6.64754,6.16433,0.730074,0.58006,0.0,0.0,0.794522,2178.45,2741.83723,0.58006,0.730074,14.92879766
0.0,132.529,286.183,2.64193,4.39358,4.39358,0.0,0.0,0.0648498,0.19662,3.03193,132.529,43.71110151,0.19662,0.0648498,2.303281137
1561.08,96.1912,7182.31,6.59544,9.78266,9.74874,0.415952,0.49834,0.0443046,0.05308,1.19807,1657.2712,1383.284115,0.55142,0.4602566,9.607202843
0.0,760.199,3312.38,3.41736,5.51517,5.00993,0.0,0.0,0.123893,0.29512,2.38206,760.199,319.1351183,0.29512,0.123893,4.328342986
2249.82,0.0234211,13599.8,7.3846,9.12367,9.12367,1.16041,0.69728,0.0,0.0,0.60089,2249.843421,3744.185161,0.69728,1.16041,21.5126682
0.0,27.7806,3022.41,3.4972,4.02229,4.02229,0.0,0.0,0.019161,0.03948,2.06043,27.7806,13.48291376,0.03948,0.019161,1.86333673
0.0,290.633,1481.9,2.54064,4.34442,4.34442,0.0,0.0,0.106638,0.21226,1.99047,290.633,146.0122484,0.21226,0.106638,3.122077514
229.275,0.0,8504.28,3.74612,5.58117,5.58117,0.0588264,0.07254,0.0,0.0,1.23312,229.275,185.9308097,0.07254,0.0588264,1.184267366
0.0,636.341,1290.61,3.34125,4.75623,4.75623,0.0,0.0,0.186843,0.31064,1.66257,636.341,382.7453882,0.31064,0.186843,6.322101973
588.375,0.0,1625.15,3.79015,5.00675,4.86504,0.192521,0.2524,0.0,0.0,1.31103,588.375,448.7883572,0.2524,0.192521,4.614994629
1393.88,0.0,17636.4,8.12832,10.55406,10.54801,0.383302,0.44394,0.0,0.0,1.1582,1393.88,1203.488171,0.44394,0.383302,7.162054647
2497.41,0.0,943.609,4.41216,5.60602,5.60244,0.586564,0.6625,0.0,0.0,1.12946,2497.41,2211.154003,0.6625,0.586564,8.487112584
2179.01,0.0,12136.3,6.50644,14.29727,14.29727,1.04682,0.70406,0.0,0.0,0.67257,2179.01,3239.826338,0.70406,1.04682,19.64866598
2128.21,0.0,17890.7,6.71346,18.07262,18.07262,1.14825,0.72528,0.0,0.0,0.63164,2128.21,3369.34013,0.72528,1.14825,22.51219234
0.0,219.309,2974.4,3.26956,4.54615,4.38676,0.0,0.0,0.0871066,0.11434,1.31264,219.309,167.0747501,0.11434,0.0871066,3.054798121
844.537,0.0,3964.62,5.82364,6.50043,6.50043,0.235705,0.27362,0.0,0.0,1.16086,844.537,727.5097772,0.27362,0.235705,5.867336786
1756.59,0.0,8701.61,4.58543,5.90318,5.60032,0.579209,0.49244,0.0,0.0,0.850194,1756.59,2066.104913,0.49244,0.579209,13.93287602
2341.14,0.0,13351.1,7.52711,9.02632,9.02632,0.9495,0.70098,0.0,0.0,0.738263,2341.14,3171.146326,0.70098,0.9495,10.82503671
1108.21,0.0,1188.1,5.05463,5.90205,5.89889,0.260158,0.3749,0.0,0.0,1.44105,1108.21,769.0295271,0.3749,0.260158,5.821984131
1689.79,0.0,10115.8,6.78307,8.49651,8.47146,0.336321,0.4709,0.0,0.0,1.40015,1689.79,1206.86355,0.4709,0.336321,6.415241182
1658.66,0.0,2547.25,5.48586,6.80616,6.79539,0.445395,0.50988,0.0,0.0,1.14478,1658.66,1448.889743,0.50988,0.445395,10.33698649
0.0,801.898,8328.27,3.22959,6.28259,6.28259,0.0,0.0,0.143882,0.25812,1.79397,801.898,446.9963266,0.25812,0.143882,3.681007701
0.0,607.478,2552.49,3.38592,5.90315,5.90315,0.0,0.0,0.180598,0.23912,1.32404,607.478,458.8063805,0.23912,0.180598,3.963669118
0.0,306.694,1495.4,2.90368,4.80366,4.80033,0.0,0.0,0.120602,0.16468,1.36548,306.694,224.605267,0.16468,0.120602,3.348099361
1115.21,0.0,3264.37,5.56749,6.68967,6.68967,0.309474,0.33952,0.0,0.0,1.09709,1115.21,1016.516421,0.33952,0.309474,5.778493237
1299.39,0.0,3142.46,7.79614,8.64297,8.57936,0.399152,0.4089,0.0,0.0,1.02442,1299.39,1268.415298,0.4089,0.399152,7.195011109
2345.64,0.0,3485.63,5.23642,6.50104,6.50104,0.612423,0.5869,0.0,0.0,0.958325,2345.64,2447.645632,0.5869,0.612423,11.62336139
870.104,0.0,1930.9,4.14038,4.96285,4.9303,0.198143,0.3717,0.0,0.0,1.87592,870.104,463.8278818,0.3717,0.198143,3.706440281
1844.2,0.0,17393.6,5.01799,7.63034,6.05656,0.642652,0.50126,0.0,0.0,0.779987,1844.2,2364.398381,0.50126,0.642652,14.66722486
733.328,0.0,2268.94,4.28704,4.9863,4.9863,0.270716,0.27064,0.0,0.0,0.999721,733.328,733.5326556,0.27064,0.270716,7.772541328
0.0,502.151,1527.86,3.57647,4.91034,4.78103,0.0,0.0,0.275582,0.28922,1.04949,502.151,478.471448,0.28922,0.275582,7.401866308
0.0,1.0702,1190.52,2.51848,3.81265,3.80052,0.0,0.0,0.0,0.0,1.54037,1.0702,0.69476814,0.0,0.0,2.780878863
846.545,0.0,2576.37,4.40879,4.74355,4.74355,0.203484,0.26552,0.0,0.0,1.30487,846.545,648.7581138,0.26552,0.203484,3.897312685
2171.06,0.0,7441.24,6.14756,11.14892,11.14892,0.97613,0.68028,0.0,0.0,0.696915,2171.06,3115.243609,0.68028,0.97613,18.86577991
2204.62,0.0,5377.89,5.47534,6.37556,6.04574,0.578391,0.59724,0.0,0.0,1.03259,2204.62,2135.039076,0.59724,0.578391,12.21380709
1402.81,0.0,1421.32,6.82592,7.16075,7.16075,0.495318,0.47004,0.0,0.0,0.948967,1402.81,1478.249507,0.47004,0.495318,11.24517259
2018.34,0.0,10190.8,5.73353,10.937,10.937,0.852212,0.6446,0.0,0.0,0.756384,2018.34,2668.406524,0.6446,0.852212,17.1459396
899.604,0.0,829.694,4.45617,4.94603,4.94603,0.212101,0.33098,0.0,0.0,1.56048,899.604,576.4918487,0.33098,0.212101,5.935669165
2333.92,0.0,6221.25,6.47199,8.31266,8.20556,1.03123,0.7004,0.0,0.0,0.679186,2333.92,3436.348806,0.7004,1.03123,19.49725378
265.198,1.22852,2927.25,4.01581,5.06603,5.06032,0.0797555,0.11626,0.0,0.0,1.4577,266.42652,182.7718461,0.11626,0.0797555,2.826095185
2123.92,0.0,38558.6,7.96401,18.83938,18.83938,1.4476,0.7635,0.0,0.0,0.527426,2123.92,4026.953544,0.7635,1.4476,25.4058116
0.0,88.0888,852.316,2.46864,4.27899,4.27352,0.0,0.0,0.0651169,0.09302,1.42851,88.0888,61.66481159,0.09302,0.0651169,5.95641654
0.0,181.164,2822.82,2.87938,4.38811,4.38811,0.0,0.0,0.136868,0.17568,1.28358,181.164,141.1396251,0.17568,0.136868,3.543187933
0.0,175.48,3195.01,2.90353,4.78685,4.74891,0.0,0.0,0.082734,0.1111,1.34286,175.48,130.6763177,0.1111,0.082734,2.046664806
392.446,0.0,3727.66,4.18445,4.53887,4.52808,0.0868981,0.15178,0.0,0.0,1.74664,392.446,224.6862548,0.15178,0.0868981,2.132405353
2417.32,0.0,6479.61,5.01622,7.94342,7.94342,0.727333,0.63792,0.0,0.0,0.877067,2417.32,2756.140637,0.63792,0.727333,14.45518806
1924.72,0.0,8511.76,6.72932,10.711,10.68633,0.79245,0.6469,0.0,0.0,0.81633,1924.72,2357.771979,0.6469,0.79245,17.01586511
0.0,427.696,2924.14,3.27172,5.02045,4.77527,0.0,0.0,0.197363,0.21562,1.09251,427.696,391.4801695,0.21562,0.197363,5.093397422
0.0,92.3355,2951.86,3.71104,4.49067,4.4722,0.0,0.0,0.0469165,0.0877,1.86928,92.3355,49.39629162,0.0877,0.0469165,1.429479447
1062.14,0.0,2414.33,7.42103,8.4295,8.42697,0.362561,0.3669,0.0,0.0,1.01197,1062.14,1049.576568,0.3669,0.362561,6.786421588
643.361,64.1933,838.576,4.35574,4.79892,4.79892,0.0764206,0.21312,0.03636,0.1014,2.78878,707.5543,253.7146351,0.31452,0.1127806,2.414225782
610.077,0.0,1135.12,4.86254,5.27845,5.27845,0.150573,0.20922,0.0,0.0,1.3895,610.077,439.0622526,0.20922,0.150573,3.016496054
1428.4,0.130415,6708.34,4.01215,7.09135,7.09135,0.40362,0.43276,0.0,0.0,1.0722,1428.530415,1332.335772,0.43276,0.40362,8.713512315
896.929,0.0,3136.46,4.62948,5.58846,5.58392,0.17656,0.3097,0.0,0.0,1.75407,896.929,511.3416226,0.3097,0.17656,4.314524463
1825.93,0.0,7863.38,4.26108,9.59156,9.59156,0.565294,0.58066,0.0,0.0,1.02718,1825.93,1777.61444,0.58066,0.565294,14.83708063
1225.22,0.0,1392.93,5.38349,5.80792,5.79441,0.355653,0.40188,0.0,0.0,1.12998,1225.22,1084.284678,0.40188,0.355653,6.392945046
749.298,0.0,5025.61,4.28444,5.65806,5.64037,0.209446,0.25184,0.0,0.0,1.20241,749.298,623.16348,0.25184,0.209446,4.411318575
643.514,0.0,1215.35,4.72459,5.3269,5.3269,0.0973925,0.2074,0.0,0.0,2.12953,643.514,302.1859284,0.2074,0.0973925,1.919225393
0.0,10.2659,1330.26,2.54566,3.89478,3.89055,0.0,0.0,0.0114691,0.02212,1.92866,10.2659,5.322814804,0.02212,0.0114691,2.557456151
0.0,179.481,2317.73,2.93509,4.66008,4.66008,0.0,0.0,0.0964459,0.13454,1.39498,179.481,128.6620597,0.13454,0.0964459,2.4074126
0.0,204.208,4023.98,2.80978,4.38063,4.37199,0.0,0.0,0.0929696,0.12068,1.29806,204.208,157.3178436,0.12068,0.0929696,5.161937061
1350.64,0.0,1403.49,4.79138,6.89128,6.89128,0.353419,0.43532,0.0,0.0,1.23174,1350.64,1096.530112,0.43532,0.353419,8.130947675
1127.83,0.0,4722.71,5.71973,9.11595,9.11595,0.228243,0.3679,0.0,0.0,1.61188,1127.83,699.6984887,0.3679,0.228243,4.721057481
0.0,266.678,1156.21,2.83069,4.5976,4.5976,0.0,0.0,0.145158,0.16132,1.11134,266.678,239.9607681,0.16132,0.145158,3.465321797
0.0,237.459,2687.36,3.08623,4.70148,4.70148,0.0,0.0,0.105868,0.12224,1.15464,237.459,205.6563085,0.12224,0.105868,5.329423228
0.0,590.786,1688.31,3.64857,4.39424,4.38802,0.0,0.0,0.312211,0.37488,1.20073,590.786,492.0223531,0.37488,0.312211,10.20980646
567.479,0.0,4662.23,5.6341,6.97151,6.94032,0.133201,0.17764,0.0,0.0,1.33363,567.479,425.514573,0.17764,0.133201,2.705577401
862.684,0.0,4561.92,4.73321,7.16113,7.10699,0.236486,0.27216,0.0,0.0,1.15085,862.684,749.6059434,0.27216,0.236486,6.145962786
1067.78,0.0,1283.4,3.92497,4.8742,4.87073,0.215639,0.3776,0.0,0.0,1.75108,1067.78,609.7836764,0.3776,0.215639,6.051928937
1276.92,0.0,1008.22,3.9272,4.89671,4.87864,0.324335,0.431,0.0,0.0,1.32887,1276.92,960.906635,0.431,0.324335,7.191644438
1736.39,0.0,10747.7,4.72909,10.62231,10.62231,0.622339,0.52278,0.0,0.0,0.840025,1736.39,2067.069432,0.52278,0.622339,13.12763337
0.0,789.672,5426.03,3.59083,5.2601,5.25053,0.0,0.0,0.241328,0.27744,1.14964,789.672,686.8863296,0.27744,0.241328,4.757495611
1908.28,0.0,757.156,4.00151,4.84223,4.8302,0.743745,0.70832,0.0,0.0,0.952369,1908.28,2003.719147,0.70832,0.743745,17.8045147
0.0,181.6,5710.33,3.41508,4.73361,4.65301,0.0,0.0,0.028659,0.10384,3.6233,181.6,50.1200563,0.10384,0.028659,1.208322128
1639.85,0.0,43403.7,14.17026,15.50229,15.50014,2.78441,0.83848,0.0,0.0,0.301134,1639.85,5445.582365,0.83848,2.78441,21.50962369
1210.16,0.0,2603.0,4.86589,5.73576,5.73576,0.246759,0.41306,0.0,0.0,1.67394,1210.16,722.9410851,0.41306,0.246759,6.172509747
1423.47,1.40021,14695.3,5.24839,8.7496,8.73677,0.369,0.43262,0.00150118,0.00176,1.17241,1424.87021,1215.334405,0.43438,0.37050118,7.414354024
1757.96,0.0,2884.63,4.79422,6.27069,6.26455,0.587683,0.5542,0.0,0.0,0.943025,1757.96,1864.171151,0.5542,0.587683,12.61925309
0.0,999.428,3685.61,2.50843,6.30774,6.28555,0.0,0.0,0.315374,0.33964,1.07694,999.428,928.0257025,0.33964,0.315374,6.958012669
1620.11,0.0,1553.25,7.4129,7.85155,7.84422,0.52869,0.52238,0.0,0.0,0.988066,1620.11,1639.677916,0.52238,0.52869,10.64034551
0.0,209.522,2682.74,3.40149,5.25291,5.01155,0.0,0.0,0.0475912,0.08506,1.7873,209.522,117.2282213,0.08506,0.0475912,2.509821463
442.201,0.0,1853.04,4.48576,4.82967,4.82967,0.105523,0.17904,0.0,0.0,1.6967,442.201,260.6241528,0.17904,0.105523,1.884825944
2184.23,0.0,17337.8,7.9585,15.1002,15.1002,1.29664,0.7649,0.0,0.0,0.589907,2184.23,3702.668387,0.7649,1.29664,22.14604641
0.0,541.181,5308.34,3.35731,4.76441,4.72961,0.0,0.0,0.201544,0.2369,1.17543,541.181,460.4110836,0.2369,0.201544,5.286493438
1049.73,0.0,2102.36,5.38811,5.97222,5.95841,0.31722,0.352,0.0,0.0,1.10964,1049.73,946.0095166,0.352,0.31722,6.171595423
2070.74,0.0,2051.2,4.55432,5.48557,5.48442,0.346541,0.54778,0.0,0.0,1.58071,2070.74,1310.006263,0.54778,0.346541,6.090584192
0.0,11.6526,18327.8,2.99488,4.09763,3.84584,0.0,0.0,0.00251166,0.00318,1.2661,11.6526,9.203538425,0.00318,0.00251166,3.782603908
833.346,0.0,8382.07,3.83288,7.03275,6.97007,0.210058,0.27978,0.0,0.0,1.33192,833.346,625.6727131,0.27978,0.210058,4.227517674
0.0,352.175,2753.98,2.71489,4.96309,4.94306,0.0,0.0,0.109733,0.22198,2.02292,352.175,174.0924011,0.22198,0.109733,2.966930627
744.579,16.7093,2874.96,3.78444,5.22026,5.12438,0.145904,0.32002,0.00221577,0.00486,2.19337,761.2883,347.0861277,0.32488,0.14811977,4.458200946
937.701,2.63091,2508.39,3.8792,5.64298,5.64298,0.31175,0.33818,0.00851787,0.00924,1.08478,940.33191,866.8411199,0.34742,0.32026787,8.514026091
1824.11,31.6917,7703.42,5.35492,7.83792,7.81768,0.590437,0.50432,0.0243284,0.02078,0.854147,1855.8017,2172.695918,0.5251,0.6147654,13.41386843
1632.92,0.177487,17354.1,7.78516,8.39896,8.38426,0.394913,0.47832,0.0,0.0,1.2112,1633.097487,1348.330158,0.47832,0.394913,8.528505299
718.26,0.0,1937.63,5.06628,5.31376,5.30265,0.169636,0.25434,0.0,0.0,1.49933,718.26,479.0539774,0.25434,0.169636,4.405863689
570.114,0.0,2071.61,3.97762,6.22868,6.13994,0.174011,0.25168,0.0,0.0,1.44635,570.114,394.1743008,0.25168,0.174011,4.485308856
738.363,0.0,5158.49,4.40654,5.75711,5.75688,0.174778,0.23036,0.0,0.0,1.31802,738.363,560.2062184,0.23036,0.174778,3.727716702
0.0,189.241,1476.3,3.28559,4.77617,4.77565,0.0,0.0,0.0614371,0.09966,1.62215,189.241,116.6606048,0.09966,0.0614371,3.052411582
0.0,316.673,2672.96,3.69157,5.75252,5.65377,0.0,0.0,0.103261,0.1225,1.18631,316.673,266.9395015,0.1225,0.103261,3.452169026
1433.25,0.0,3646.8,10.61593,11.31709,11.31663,0.434206,0.56794,0.0,0.0,1.308,1433.25,1095.756881,0.56794,0.434206,8.636574131
0.0,1328.0,9455.5,2.646,11.64628,11.64628,0.0,0.0,0.545286,0.4942,0.906314,1328.0,1465.275832,0.4942,0.545286,11.54339466
1012.15,16.0071,7727.43,8.87116,9.8373,9.8373,0.317163,0.34052,0.0163555,0.01756,1.07364,1028.1571,957.6367311,0.35808,0.3335185,8.102544809
0.0,109.041,1326.62,3.36745,4.07203,4.05688,0.0,0.0,0.081341,0.13054,1.60485,109.041,67.94466773,0.13054,0.081341,5.524411223
658.853,0.0,3130.73,5.33186,7.49679,7.49524,0.119146,0.22518,0.0,0.0,1.88994,658.853,348.6105379,0.22518,0.119146,2.320034688
2109.98,0.0,43096.3,7.36184,19.48655,19.2806,1.1969,0.71072,0.0,0.0,0.593799,2109.98,3553.357281,0.71072,1.1969,19.74499071
1124.95,0.0,2607.07,5.38954,5.90692,5.89965,0.378037,0.37342,0.0,0.0,0.987787,1124.95,1138.858884,0.37342,0.378037,7.482638993
0.0,167.605,2114.92,2.80937,4.72341,4.71665,0.0,0.0,0.0619734,0.13682,2.20772,167.605,75.91768884,0.13682,0.0619734,2.668432647
1387.62,0.0,2690.67,6.9712,7.09237,7.09237,0.372795,0.45984,0.0,0.0,1.23349,1387.62,1124.954398,0.45984,0.372795,9.332206959
1337.8,0.0,3627.88,6.73339,7.9286,7.71334,0.35162,0.44936,0.0,0.0,1.27797,1337.8,1046.816435,0.44936,0.35162,7.693444653
0.0,77.3235,1183.35,2.90462,3.95995,3.90339,0.0,0.0,0.0375998,0.05966,1.58671,77.3235,48.7319674,0.05966,0.0375998,3.00322837
1426.21,0.0,2130.96,4.21738,5.80403,5.66585,0.435183,0.44286,0.0,0.0,1.01764,1426.21,1401.487756,0.44286,0.435183,8.946883186
2142.56,0.469791,2444.72,4.42901,5.62745,5.626,0.566602,0.60214,0.0,0.0,1.06272,2143.029791,2016.55167,0.60214,0.566602,8.328524237
2142.92,0.0,3500.27,9.07717,10.66695,10.66695,0.74352,0.72508,0.0,0.0,0.975199,2142.92,2197.418168,0.72508,0.74352,13.62219314
1791.64,0.0,26182.7,15.78984,16.05314,16.02867,1.41261,0.6968,0.0,0.0,0.493271,1791.64,3632.161631,0.6968,1.41261,20.85247773
0.0,520.321,7602.38,2.93401,9.22567,4.70696,0.0,0.0,0.176894,0.23344,1.31966,520.321,394.2841338,0.23344,0.176894,4.702321992
2140.03,0.0,1994.71,7.75871,10.01013,10.01013,1.06882,0.71776,0.0,0.0,0.671545,2140.03,3186.726132,0.71776,1.06882,18.87176595
0.0,331.713,3060.84,3.05568,4.81247,4.78767,0.0,0.0,0.118854,0.17432,1.46668,331.713,226.1658985,0.17432,0.118854,2.93079442
0.0,54.7617,578.388,3.62056,3.96779,3.96779,0.0,0.0,0.0641618,0.12448,1.9401,54.7617,28.22622545,0.12448,0.0641618,3.547503332
0.0,350.026,1804.81,3.16132,4.41553,4.41553,0.0,0.0,0.141365,0.29642,2.09685,350.026,166.9294418,0.29642,0.141365,2.855887999
401.324,0.0,3314.32,4.95411,5.58641,5.5297,0.0799305,0.13732,0.0,0.0,1.71799,401.324,233.6008941,0.13732,0.0799305,2.308504408
1019.06,0.0,3318.79,4.29561,5.4678,5.44556,0.308814,0.37246,0.0,0.0,1.2061,1019.06,844.9216483,0.37246,0.308814,7.053426798
1037.94,0.0,4518.16,4.03039,5.07969,4.98773,0.341993,0.39614,0.0,0.0,1.15833,1037.94,896.065888,0.39614,0.341993,9.50271632
1909.45,0.0,3035.81,4.91381,6.10211,6.0286,0.579285,0.5445,0.0,0.0,0.939951,1909.45,2031.435681,0.5445,0.579285,10.31579347
0.0,1237.18,8979.97,3.32229,7.56589,7.55065,0.0,0.0,0.300081,0.3906,1.30165,1237.18,950.4705566,0.3906,0.300081,6.615140478
0.0,566.827,1173.46,2.79499,5.14819,5.12861,0.0,0.0,0.224068,0.31788,1.41868,566.827,399.545352,0.31788,0.224068,5.414366617
0.0,149.855,4575.39,2.78001,5.64584,5.60907,0.0,0.0,0.0631802,0.06866,1.08673,149.855,137.8953374,0.06866,0.0631802,5.150356289
1268.86,0.0,3571.25,9.74979,10.7374,10.73708,0.484191,0.50424,0.0,0.0,1.04141,1268.86,1218.405815,0.50424,0.484191,10.57875356
0.0,690.917,2014.07,2.56323,5.24488,5.22808,0.0,0.0,0.212972,0.2741,1.28702,690.917,536.8347034,0.2741,0.212972,6.519474654
0.0,338.037,1658.3,3.39649,4.42734,4.40945,0.0,0.0,0.187777,0.24276,1.29281,338.037,261.4746173,0.24276,0.187777,4.805842054
2429.83,0.0,5128.91,5.48765,6.91176,6.90699,0.652833,0.69178,0.0,0.0,1.05966,2429.83,2293.027952,0.69178,0.652833,7.766453988
381.613,0.0,2138.41,3.99598,4.7722,4.7722,0.118307,0.1856,0.0,0.0,1.5688,381.613,243.2515298,0.1856,0.118307,2.594906521
580.19,553.068,3298.64,5.5234,6.36601,6.1979,0.156116,0.18212,0.161208,0.18806,1.16657,1133.258,971.4444911,0.37018,0.317324,7.779617851
0.0,50.5067,4159.34,3.10567,4.14187,4.13974,0.0,0.0,0.0535414,0.06718,1.25473,50.5067,40.25304249,0.06718,0.0535414,3.367437413
684.636,0.0,2107.07,4.05594,6.19427,6.15323,0.194606,0.2315,0.0,0.0,1.18958,684.636,575.5274971,0.2315,0.194606,4.743595197
0.0,4.57111,1463.81,3.01234,3.81467,3.81432,0.0,0.0,0.0,0.0,1.4477,4.57111,3.1574981,0.0,0.0,3.80416434
0.0,489.894,2086.51,3.45057,4.71553,4.62826,0.0,0.0,0.197334,0.3242,1.6429,489.894,298.188569,0.3242,0.197334,4.298503369
1637.13,35.2532,45620.2,13.87931,17.45826,17.45826,1.84858,0.7457,0.0303429,0.01224,0.40339,1672.3832,4145.822157,0.75794,1.8789229,28.18700269
1104.92,0.0,1249.19,4.54083,6.0596,6.0596,0.345909,0.40064,0.0,0.0,1.15823,1104.92,953.9728724,0.40064,0.345909,8.074267244
0.0,94.4207,671.377,3.207,4.20642,4.1966,0.0,0.0,0.0951688,0.14488,1.52235,94.4207,62.02299077,0.14488,0.0951688,3.169903952
676.231,0.0,4648.15,3.80044,4.84557,4.84248,0.224385,0.25818,0.0,0.0,1.15061,676.231,587.7152119,0.25818,0.224385,4.963456735
1245.1,0.0,5366.24,5.45282,6.21836,6.15162,0.340458,0.40516,0.0,0.0,1.19004,1245.1,1046.267352,0.40516,0.340458,8.345630602
1564.45,0.0,16672.3,8.26719,11.36736,11.16554,0.691962,0.53828,0.0,0.0,0.777904,1564.45,2011.10934,0.53828,0.691962,13.60544469
0.0,16.0219,2437.61,2.90565,3.97561,3.97561,0.0,0.0,0.0129095,0.02144,1.6608,16.0219,9.647097784,0.02144,0.0129095,1.677536996
0.0,142.738,819.91,2.8499,4.28794,4.28081,0.0,0.0,0.061897,0.1089,1.75938,142.738,81.12971615,0.1089,0.061897,1.408734722
721.794,0.0,1070.39,4.26145,5.15227,5.12644,0.116895,0.27374,0.0,0.0,2.34175,721.794,308.2284616,0.27374,0.116895,3.034013228
0.0,404.372,1637.85,3.65018,4.7247,4.71583,0.0,0.0,0.135136,0.23984,1.7748,404.372,227.8408835,0.23984,0.135136,2.291258584
1264.67,0.0,4464.78,12.02225,12.86501,12.84969,0.312639,0.5191,0.0,0.0,1.66038,1264.67,761.6750382,0.5191,0.312639,6.011184349
0.0,568.468,5753.36,2.94571,5.58453,4.54434,0.0,0.0,0.193325,0.24052,1.24413,568.468,456.9200968,0.24052,0.193325,6.376652589
1521.82,72.9865,18104.2,6.70311,11.79938,11.79938,0.673577,0.4946,0.0565173,0.0415,0.734288,1594.8065,2171.908706,0.5361,0.7300943,15.49400698
2482.91,0.0,10838.7,6.3118,9.38886,6.70875,0.979915,0.64888,0.0,0.0,0.66218,2482.91,3749.599807,0.64888,0.979915,22.70752313
0.0,336.92,2444.29,3.40648,4.37827,4.37827,0.0,0.0,0.120197,0.20922,1.74065,336.92,193.5598771,0.20922,0.120197,4.806462427
1054.64,334.435,5822.03,6.78202,8.52958,8.32402,0.259475,0.33856,0.0934557,0.12194,1.30479,1389.075,1064.596602,0.4605,0.3529307,9.41308259
0.0,958.489,3540.85,3.31169,7.94214,7.94155,0.0,0.0,0.294716,0.34612,1.17442,958.489,816.1381788,0.34612,0.294716,7.437080838
0.0,25.7435,1762.49,3.09375,3.94211,3.92173,0.0,0.0,0.0248069,0.0552,2.22519,25.7435,11.56912443,0.0552,0.0248069,1.68409345
1747.88,0.0,3783.45,6.11185,6.70042,6.67865,0.56642,0.54196,0.0,0.0,0.956816,1747.88,1826.767111,0.54196,0.56642,11.23350622
1108.29,49.5306,9692.38,4.53903,7.47107,7.43631,0.318579,0.34874,0.0176674,0.01934,1.09467,1157.8206,1057.689167,0.36808,0.3362464,7.434284905
0.0,78.3309,670.661,3.03659,3.90772,3.90772,0.0,0.0,0.0927459,0.14522,1.56578,78.3309,50.02675983,0.14522,0.0927459,3.586336884
1895.91,0.0,13997.0,4.97186,7.04903,7.04895,0.529834,0.53894,0.0,0.0,1.01719,1895.91,1863.870073,0.53894,0.529834,8.625198344
2009.73,0.0,770.103,4.90836,6.17779,6.17779,0.646585,0.6326,0.0,0.0,0.978371,2009.73,2054.159414,0.6326,0.646585,9.187385284
0.0,191.331,4275.12,3.02634,4.94412,4.84665,0.0,0.0,0.0745593,0.09496,1.27362,191.331,150.2261271,0.09496,0.0745593,1.796086186
2085.05,0.0,20901.4,6.88163,13.37731,13.37731,0.830707,0.66812,0.0,0.0,0.804279,2085.05,2592.446154,0.66812,0.830707,16.52929324
0.0,2.02428,1152.77,3.23476,3.80268,3.7954,0.0,0.0,0.0,0.0,1.46145,2.02428,1.38511752,0.0,0.0,3.433140796
0.0,146.421,3774.65,3.67658,4.59148,4.57699,0.0,0.0,0.0386907,0.09404,2.43056,146.421,60.2416727,0.09404,0.0386907,1.13132107
0.0,736.119,1722.34,3.6203,4.517,4.517,0.0,0.0,0.358974,0.40936,1.14036,736.119,645.5145743,0.40936,0.358974,9.024275813
0.0,12.5878,1337.4,2.5592,3.90986,3.90789,0.0,0.0,0.0114368,0.02194,1.91836,12.5878,6.561750662,0.02194,0.0114368,2.559121419
896.971,28.689,1528.38,5.76871,6.55328,6.55328,0.258627,0.2887,0.0160175,0.01788,1.11628,925.66,829.2363923,0.30658,0.2746445,7.358363323
1754.73,0.0,12623.5,11.86635,18.76086,18.76086,1.92845,0.80972,0.0,0.0,0.419881,1754.73,4179.112653,0.80972,1.92845,26.75690017
548.235,0.0,2166.2,4.10207,5.41924,5.41262,0.139818,0.21574,0.0,0.0,1.543,548.235,355.3046014,0.21574,0.139818,3.120923173
1399.74,0.0,1417.41,6.64625,7.0434,7.0434,0.490887,0.47402,0.0,0.0,0.965639,1399.74,1449.547916,0.47402,0.490887,11.34668722
1348.4,89.2668,34210.6,10.38181,17.46562,17.46523,0.633173,0.4977,0.0326192,0.02564,0.786041,1437.6668,1828.997215,0.52334,0.6657922,12.08646094
1032.9,0.0,6532.22,3.99784,6.52615,6.52615,0.336655,0.33822,0.0,0.0,1.00465,1032.9,1028.119246,0.33822,0.336655,7.670721907
2229.46,0.0,17180.1,5.16048,6.75364,6.74991,0.670986,0.53592,0.0,0.0,0.798706,2229.46,2791.339992,0.53592,0.670986,14.00482504
1910.37,0.0,14386.6,7.94571,10.66058,10.64148,0.877475,0.66544,0.0,0.0,0.758358,1910.37,2519.087291,0.66544,0.877475,14.44780961
532.195,32.4726,1647.59,3.90943,5.58364,5.58364,0.196957,0.24424,0.0297402,0.03688,1.24007,564.6676,455.3513915,0.28112,0.2266972,5.410842487
1285.04,0.0,3427.18,9.76034,10.78109,10.78095,0.512523,0.4891,0.0,0.0,0.954298,1285.04,1346.581466,0.4891,0.512523,11.13444228
0.0,16.1403,1727.24,3.03628,3.89793,3.89557,0.0,0.0,0.0,0.0,2.03428,16.1403,7.934158523,0.0,0.0,1.879441745
2116.87,0.0,16952.0,9.07611,10.5421,10.5421,1.00004,0.6321,0.0,0.0,0.632077,2116.87,3349.069813,0.6321,1.00004,18.39901325
0.0,821.882,3417.02,3.06967,5.06056,5.03691,0.0,0.0,0.232906,0.27902,1.19799,821.882,686.0508018,0.27902,0.232906,5.897343942
0.0,46.9237,747.508,3.56035,4.11746,4.11746,0.0,0.0,0.0417791,0.09222,2.20732,46.9237,21.25822264,0.09222,0.0417791,1.020262256
2309.49,0.0,3657.89,5.1049,7.01898,7.00748,0.659094,0.60188,0.0,0.0,0.913193,2309.49,2529.02727,0.60188,0.659094,12.37281619
1353.41,0.0,3501.69,3.87772,6.60273,6.60273,0.448984,0.44318,0.0,0.0,0.987073,1353.41,1371.134658,0.44318,0.448984,11.1845635
1447.75,0.0,2151.71,3.96609,4.63469,4.63178,0.443424,0.405,0.0,0.0,0.913347,1447.75,1585.104019,0.405,0.443424,9.588505484
1001.26,0.0,1790.47,4.37273,5.88391,5.87004,0.291272,0.35348,0.0,0.0,1.21357,1001.26,825.053355,0.35348,0.291272,5.556630045
0.0,1002.51,2388.33,2.85406,6.6623,6.6623,0.0,0.0,0.186665,0.39756,2.12981,1002.51,470.7039595,0.39756,0.186665,3.84123121
0.0,336.26,1718.37,2.56482,4.31873,4.31873,0.0,0.0,0.313827,0.30454,0.970407,336.26,346.5144007,0.30454,0.313827,5.422822015
0.0,649.991,3920.73,3.28396,5.88721,5.7446,0.0,0.0,0.159464,0.23834,1.49463,649.991,434.8842188,0.23834,0.159464,5.594518837
1569.92,0.0,5210.47,4.58605,7.47672,7.47672,0.497696,0.46926,0.0,0.0,0.942864,1569.92,1665.054557,0.46926,0.497696,11.17146148
579.71,0.0,7678.51,4.2611,5.76653,5.71921,0.167873,0.19566,0.0,0.0,1.16552,579.71,497.3831423,0.19566,0.167873,4.490153732
0.0,242.514,2314.44,2.56022,4.17585,4.17135,0.0,0.0,0.095075,0.1215,1.27794,242.514,189.7694727,0.1215,0.095075,4.015850506
1932.1,0.0,77387.5,0.0,0.0,0.0,1.38196,0.6757,0.0,0.0,0.488942,1932.1,3951.593441,0.6757,1.38196,24.7806972
1297.77,0.0,3756.9,4.30728,6.57238,6.57238,0.304396,0.38384,0.0,0.0,1.26099,1297.77,1029.167559,0.38384,0.304396,6.866141905
1430.87,0.0,4717.64,4.88065,7.55965,7.45386,0.321769,0.41644,0.0,0.0,1.29422,1430.87,1105.584831,0.41644,0.321769,6.330445164
1788.77,0.0,8792.33,4.41521,10.6324,10.62639,0.682545,0.54778,0.0,0.0,0.802555,1788.77,2228.844129,0.54778,0.682545,14.69504165
0.0,41.3816,1024.98,2.69886,3.94473,3.94473,0.0,0.0,0.0410435,0.09238,2.25078,41.3816,18.3854486,0.09238,0.0410435,1.338729728
1370.65,0.0,3993.94,6.76685,7.56046,7.56046,0.428198,0.4145,0.0,0.0,0.96801,1370.65,1415.946116,0.4145,0.428198,9.578814373
813.715,0.0,7816.15,5.65873,6.72021,6.72021,0.22777,0.23046,0.0,0.0,1.01181,813.715,804.2171949,0.23046,0.22777,5.656779762
0.0,491.197,4761.62,2.6083,5.08249,4.77531,0.0,0.0,0.138375,0.17132,1.23808,491.197,396.7409214,0.17132,0.138375,3.416239796
0.0,117.494,1067.1,3.20856,3.94859,3.91188,0.0,0.0,0.0548786,0.11922,2.17243,117.494,54.0841362,0.11922,0.0548786,3.580100443
0.0,37.926,1021.06,2.56819,4.03121,3.64374,0.0,0.0,0.0849291,0.12738,1.49984,37.926,25.28669725,0.12738,0.0849291,0.238616522
1458.61,0.0,34012.9,4.06846,18.4936,18.48482,0.60018,0.5988,0.0,0.0,0.9977,1458.61,1461.972537,0.5988,0.60018,15.05086402
0.0,863.647,3057.25,3.69835,4.52093,4.50827,0.0,0.0,0.320179,0.36458,1.13868,863.647,758.4633084,0.36458,0.320179,7.365782651
0.0,2.40835,1362.25,2.92703,3.81435,3.81435,0.0,0.0,0.0,0.0,1.63514,2.40835,1.472870825,0.0,0.0,2.968406417
0.0,325.613,1612.94,3.54686,4.56807,4.56807,0.0,0.0,0.119853,0.216,1.80221,325.613,180.6742832,0.216,0.119853,2.192429972
1701.07,0.0,7786.97,10.84338,15.26084,15.26084,0.738233,0.6162,0.0,0.0,0.834696,1701.07,2037.951542,0.6162,0.738233,13.24219933
1937.89,0.0,18317.3,6.50431,13.16154,11.00128,0.753579,0.65454,0.0,0.0,0.868575,1937.89,2231.114181,0.65454,0.753579,13.71117085
768.541,0.0,1340.9,4.03631,5.08695,5.08655,0.24404,0.31324,0.0,0.0,1.28356,768.541,598.7573623,0.31324,0.24404,5.715834785
515.624,0.0,2167.75,4.04124,5.81423,5.79708,0.126895,0.1725,0.0,0.0,1.35939,515.624,379.3054238,0.1725,0.126895,3.285722244
0.0,692.953,2032.62,3.20327,4.91536,4.9116,0.0,0.0,0.207136,0.33062,1.59615,692.953,434.140275,0.33062,0.207136,4.447363933
99.8275,0.0,3742.39,3.7824,4.22955,4.22684,0.0363954,0.06196,0.0,0.0,1.70241,99.8275,58.63892952,0.06196,0.0363954,1.079308957
1646.76,30.6351,4359.66,5.00942,6.97459,6.97459,0.524575,0.47952,0.019013,0.01738,0.914112,1677.3951,1834.999541,0.4969,0.543588,11.37037204
1897.05,0.0,11996.7,9.68617,10.72389,10.71469,0.96846,0.66618,0.0,0.0,0.687876,1897.05,2757.837168,0.66618,0.96846,18.79597992
1721.17,0.0,4294.26,5.70379,7.95789,7.949,0.509417,0.52014,0.0,0.0,1.02105,1721.17,1685.686303,0.52014,0.509417,11.40552086
873.056,104.949,4777.01,4.59611,5.74039,5.66519,0.18369,0.2424,0.0513027,0.0677,1.31962,978.005,741.1262333,0.3101,0.2349927,5.584579098
0.0,1099.24,1416.71,3.48658,5.8422,5.82075,0.0,0.0,0.206063,0.39722,1.92767,1099.24,570.242832,0.39722,0.206063,3.602193951
0.0,532.735,2339.26,3.59919,4.74076,4.72141,0.0,0.0,0.190445,0.27884,1.46415,532.735,363.8527473,0.27884,0.190445,4.206460072
959.371,0.0,1544.38,4.22431,4.76043,4.76043,0.171819,0.27888,0.0,0.0,1.6231,959.371,591.0732549,0.27888,0.171819,4.882898834
1351.58,0.0,4194.97,6.25728,8.85064,8.83155,0.467581,0.42202,0.0,0.0,0.902561,1351.58,1497.494352,0.42202,0.467581,10.61877325
0.0,4.14224,1560.99,3.02184,3.88897,3.62207,0.0,0.0,0.0,0.0,1.23879,4.14224,3.34377901,0.0,0.0,3.311506606
666.718,0.0,1313.33,3.79801,4.28323,4.28323,0.212476,0.27734,0.0,0.0,1.30528,666.718,510.7854253,0.27734,0.212476,7.613737343
1628.67,0.0,2731.67,7.43469,9.28653,9.28653,0.429154,0.57798,0.0,0.0,1.34679,1628.67,1209.297663,0.57798,0.429154,8.869161225
729.439,0.0,1400.9,3.84032,5.33017,5.33017,0.242798,0.3026,0.0,0.0,1.2463,729.439,585.2836396,0.3026,0.242798,5.223653461
1722.39,0.0,22275.3,9.75466,14.27976,14.27887,0.647766,0.56704,0.0,0.0,0.875377,1722.39,1967.597961,0.56704,0.647766,11.99921546
1006.66,0.0,32212.7,4.86083,12.64784,12.64784,0.338134,0.33504,0.0,0.0,0.990851,1006.66,1015.954972,0.33504,0.338134,5.338737188
2035.14,0.0,3541.18,6.43493,8.99031,8.98641,0.929731,0.63482,0.0,0.0,0.682799,2035.14,2980.58433,0.63482,0.929731,18.74391367
1176.39,0.0,6897.96,4.59261,7.82021,7.82021,0.342131,0.36568,0.0,0.0,1.06883,1176.39,1100.633403,0.36568,0.342131,7.943620091
0.0,151.524,6408.51,3.11892,4.57477,4.57457,0.0,0.0,0.105094,0.14312,1.36183,151.524,111.264989,0.14312,0.105094,3.372240381
1112.94,0.0,7320.8,7.69355,8.14869,8.14119,0.379069,0.37444,0.0,0.0,0.987789,1112.94,1126.698111,0.37444,0.379069,8.407774577
0.0,344.566,2020.73,3.37465,4.88241,4.70735,0.0,0.0,0.0891404,0.20658,2.31747,344.566,148.6819678,0.20658,0.0891404,2.565537105
0.0,386.201,1344.92,2.84048,4.98803,4.98788,0.0,0.0,0.124949,0.20614,1.64979,386.201,234.0910055,0.20614,0.124949,4.003624896
2177.7,0.0,2823.61,4.65771,6.51326,6.51326,0.323053,0.55868,0.0,0.0,1.72938,2177.7,1259.237415,0.55868,0.323053,7.451500484
1610.55,0.0,7563.7,5.27423,7.40163,7.39913,0.472441,0.48528,0.0,0.0,1.02718,1610.55,1567.933566,0.48528,0.472441,9.180025008
824.606,0.0,977.447,3.82439,5.08767,5.07588,0.231567,0.34412,0.0,0.0,1.48605,824.606,554.8978837,0.34412,0.231567,6.311702345
0.0,265.744,2050.46,2.87757,4.29836,4.29317,0.0,0.0,0.0875018,0.17386,1.98693,265.744,133.7460303,0.17386,0.0875018,1.608660554
1326.71,0.0,5029.22,3.82654,11.61381,11.61381,0.521022,0.46982,0.0,0.0,0.901728,1326.71,1471.297331,0.46982,0.521022,10.18687105
0.0,168.643,4160.58,2.44331,5.01316,5.01316,0.0,0.0,0.0571108,0.07994,1.39973,168.643,120.4825216,0.07994,0.0571108,2.704541982
510.074,0.0,2215.26,4.2919,4.6846,4.67468,0.170913,0.22542,0.0,0.0,1.31892,510.074,386.7361174,0.22542,0.170913,3.771311364
1125.09,0.0,6099.96,6.25675,7.52328,7.49475,0.37371,0.37706,0.0,0.0,1.00896,1125.09,1115.098716,0.37706,0.37371,8.659814078
0.0,711.021,2045.67,3.6907,5.82661,5.8266,0.0,0.0,0.150454,0.32182,2.13899,711.021,332.4096887,0.32182,0.150454,4.25504189
1217.43,0.0,4295.78,9.72546,10.31182,10.31182,0.341638,0.44676,0.0,0.0,1.3077,1217.43,930.9704061,0.44676,0.341638,7.864820061
479.606,0.0,1813.6,4.51055,5.18677,5.17631,0.12423,0.18922,0.0,0.0,1.52314,479.606,314.8797878,0.18922,0.12423,2.351433471
0.0,586.696,2736.38,3.37051,5.39247,5.39247,0.0,0.0,0.135933,0.26678,1.96258,586.696,298.9411897,0.26678,0.135933,3.688223341
1854.35,0.0,2990.72,4.97275,7.27986,7.26799,0.585737,0.55032,0.0,0.0,0.939534,1854.35,1973.691213,0.55032,0.585737,11.70211143
1505.76,0.0,1486.15,6.55778,6.89591,6.89518,0.440466,0.45892,0.0,0.0,1.0419,1505.76,1445.205874,0.45892,0.440466,9.087978283
1764.85,0.0,10879.0,6.80117,8.82584,8.82584,0.637889,0.53468,0.0,0.0,0.838203,1764.85,2105.516206,0.53468,0.637889,13.03571756
921.193,71.4885,1547.43,4.16141,4.92252,4.92016,0.313473,0.3224,0.0526798,0.05418,1.02848,992.6815,965.1928088,0.37658,0.3661528,10.38256802
1120.06,25.789,6061.06,3.93297,6.34635,6.34076,0.394546,0.35142,0.00711804,0.00634,0.890694,1145.849,1286.467631,0.35776,0.40166404,10.69082434
1666.05,0.0,4336.55,4.90262,7.14969,7.14969,0.571519,0.46604,0.0,0.0,0.81544,1666.05,2043.130089,0.46604,0.571519,13.51536388
0.0,305.656,3251.19,3.71466,5.06435,5.06435,0.0,0.0,0.111968,0.19336,1.72692,305.656,176.9948811,0.19336,0.111968,4.668815895
1725.22,0.0,7485.8,6.97386,8.21663,8.21458,0.473833,0.52672,0.0,0.0,1.11162,1725.22,1551.98719,0.52672,0.473833,9.349906008
1423.27,0.0,9316.4,5.14447,6.30554,6.28047,0.281668,0.37112,0.0,0.0,1.31758,1423.27,1080.215243,0.37112,0.281668,5.825085587
0.0,445.697,6369.36,3.25724,4.50158,4.48514,0.0,0.0,0.164231,0.23854,1.45246,445.697,306.8566432,0.23854,0.164231,6.452068804
2347.13,0.0,2498.48,4.60029,5.73555,5.7012,0.597007,0.6208,0.0,0.0,1.03985,2347.13,2257.181324,0.6208,0.597007,8.702326465
2276.48,0.0,6097.73,5.8427,7.7433,7.73869,0.82119,0.63262,0.0,0.0,0.770369,2276.48,2955.05141,0.63262,0.82119,18.71298167
456.136,0.0,3441.48,6.18576,6.7419,6.7419,0.0863998,0.146,0.0,0.0,1.68982,456.136,269.9317087,0.146,0.0863998,2.35302081
569.258,0.0,17099.5,3.86113,5.42383,5.42383,0.144802,0.18674,0.0,0.0,1.28962,569.258,441.4153006,0.18674,0.144802,3.637894764
2541.89,0.0,29140.4,5.54909,9.80506,9.77983,0.823602,0.64266,0.0,0.0,0.780304,2541.89,3257.563719,0.64266,0.823602,16.94908613
0.0,227.51,2388.94,3.34539,5.05037,5.04992,0.0,0.0,0.0961383,0.14272,1.48453,227.51,153.2538918,0.14272,0.0961383,2.027580133
1460.45,0.0,8196.76,6.86874,8.97021,8.97014,0.441678,0.45106,0.0,0.0,1.02124,1460.45,1430.075203,0.45106,0.441678,10.17981397
1397.9,0.0,2743.02,7.15837,7.31075,7.31075,0.418661,0.46848,0.0,0.0,1.119,1397.9,1249.240393,0.46848,0.418661,9.580314995
728.529,0.0,1191.81,4.22902,4.41727,4.41727,0.205194,0.26984,0.0,0.0,1.31505,728.529,553.9933843,0.26984,0.205194,4.322853737
1052.24,0.0,7393.78,6.21149,7.55824,7.55824,0.243769,0.3241,0.0,0.0,1.32954,1052.24,791.431623,0.3241,0.243769,5.794359671
2143.74,0.0,19242.7,5.64839,11.74533,11.71293,0.861927,0.6709,0.0,0.0,0.778372,2143.74,2754.132985,0.6709,0.861927,18.51561091
702.745,0.0,2244.6,5.05276,7.19025,7.19025,0.130485,0.25002,0.0,0.0,1.91608,702.745,366.7618262,0.25002,0.130485,2.758244188
0.0,887.41,3823.23,3.45605,6.31603,6.31603,0.0,0.0,0.272458,0.32294,1.18528,887.41,748.6922921,0.32294,0.272458,5.922479455
652.085,0.0,3357.19,4.5372,5.192,5.18708,0.133877,0.23026,0.0,0.0,1.71994,652.085,379.1324116,0.23026,0.133877,2.675679944
589.557,0.0,403.497,4.08311,4.62887,4.62887,0.165614,0.32106,0.0,0.0,1.93861,589.557,304.1132564,0.32106,0.165614,3.725928066
622.1,0.0,1293.87,4.0904,4.87799,4.87799,0.246328,0.29474,0.0,0.0,1.19653,622.1,519.9201023,0.29474,0.246328,4.921223933
0.0,186.69,2214.57,3.60434,4.61767,4.60806,0.0,0.0,0.0759202,0.12434,1.63777,186.69,113.9903649,0.12434,0.0759202,4.445122058
0.0,227.783,1311.79,3.13816,4.60423,4.50897,0.0,0.0,0.0764096,0.15752,2.06152,227.783,110.4927432,0.15752,0.0764096,3.494744824
2183.94,0.0,7574.63,5.47476,7.19373,7.19162,0.77973,0.57974,0.0,0.0,0.743514,2183.94,2937.32196,0.57974,0.77973,18.39450903
0.0,110.553,3708.78,2.75013,4.31985,4.31985,0.0,0.0,0.083737,0.12812,1.53003,110.553,72.25544597,0.12812,0.083737,3.566364977
0.0,485.444,1047.96,2.7309,5.06379,5.05324,0.0,0.0,0.282,0.33958,1.20418,485.444,403.1324221,0.33958,0.282,4.948078668
1295.76,0.0,3801.6,8.12377,8.81658,8.8037,0.3696,0.43468,0.0,0.0,1.17608,1295.76,1101.761785,0.43468,0.3696,8.587642209
0.0,205.981,2608.85,2.79267,4.6486,4.63894,0.0,0.0,0.110145,0.14718,1.33624,205.981,154.1497036,0.14718,0.110145,3.377676528
0.0,653.119,777.587,3.16302,5.14755,5.14755,0.0,0.0,0.455159,0.43492,0.955535,653.119,683.5113313,0.43492,0.455159,8.198440172
913.456,0.0,1962.6,6.70407,7.25727,7.25727,0.253882,0.31164,0.0,0.0,1.2275,913.456,744.1596741,0.31164,0.253882,6.330107569
620.248,112.256,5985.16,4.40862,5.69388,5.69388,0.158031,0.19878,0.0474298,0.05966,1.25786,732.504,582.341437,0.25844,0.2054608,4.694205359
0.0,325.329,4822.87,2.6714,5.90423,5.70028,0.0,0.0,0.111813,0.14668,1.31183,325.329,247.9963105,0.14668,0.111813,2.495960614
0.0,130.686,2180.36,2.5965,4.70587,4.70195,0.0,0.0,0.0383648,0.0671,1.749,130.686,74.72041166,0.0671,0.0383648,0.825365925
1274.74,5.64025,4527.15,8.10678,8.92408,8.90273,0.455092,0.42372,0.00614351,0.00572,0.931064,1280.38025,1375.179633,0.42944,0.46123551,10.14653223
0.0,1026.43,5985.34,2.96242,10.23147,10.21001,0.0,0.0,0.382685,0.38234,0.999099,1026.43,1027.355647,0.38234,0.382685,8.161304478
1568.29,0.0,17131.3,7.52386,8.16009,8.14429,0.36999,0.45396,0.0,0.0,1.22695,1568.29,1278.202046,0.45396,0.36999,8.14981857
0.0,747.84,1211.25,3.46056,5.75425,5.70539,0.0,0.0,0.237215,0.29122,1.22766,747.84,609.1588876,0.29122,0.237215,6.307168525
0.0,375.624,1598.63,3.62649,4.6258,4.60025,0.0,0.0,0.125601,0.23322,1.85684,375.624,202.2920661,0.23322,0.125601,2.31001998
662.609,0.0,2660.75,5.99081,7.63868,7.63868,0.137324,0.22602,0.0,0.0,1.64589,662.609,402.5840123,0.22602,0.137324,3.374497417
1165.53,0.0,971.571,3.79637,4.80272,4.65712,0.289132,0.41432,0.0,0.0,1.43298,1165.53,813.3609681,0.41432,0.289132,6.593848315
1404.25,0.0,5304.56,4.77619,6.50652,6.38844,0.373858,0.39696,0.0,0.0,1.06179,1404.25,1322.530821,0.39696,0.373858,8.332623851
1285.36,0.0,4625.58,3.84056,5.79638,5.66635,0.359916,0.44184,0.0,0.0,1.22762,1285.36,1047.034098,0.44184,0.359916,9.680759634
1092.11,2.64533,3224.55,8.2459,9.03257,9.03257,0.313621,0.37752,0.0,0.0,1.20375,1094.75533,909.4540644,0.37752,0.313621,8.033327488
1201.74,0.0,4825.66,4.05552,6.24874,6.23411,0.362083,0.3608,0.0,0.0,0.996458,1201.74,1206.011693,0.3608,0.362083,8.536609409
1989.65,6.87577,17186.7,5.61744,8.07179,8.07179,0.3259,0.56884,0.00383856,0.0067,1.74544,1996.52577,1143.852421,0.57554,0.32973856,8.789645738
0.0,145.583,2300.88,2.59719,4.49028,4.45508,0.0,0.0,0.0553555,0.09242,1.66957,145.583,87.19790126,0.09242,0.0553555,1.379202359
2174.36,129.698,3572.43,4.98443,6.38657,6.37951,0.655484,0.5339,0.0700788,0.05708,0.814512,2304.058,2828.758815,0.59098,0.7255628,13.32455393
1891.37,0.0,7128.55,13.174,14.83913,14.83913,2.2569,0.82826,0.0,0.0,0.366991,1891.37,5153.723116,0.82826,2.2569,27.51719159
0.0,323.249,6573.04,2.49428,4.84375,4.83711,0.0,0.0,0.15638,0.17242,1.10257,323.249,293.1777574,0.17242,0.15638,3.958995379
1054.1,3.05693,6008.69,8.58193,8.78437,8.78437,0.216743,0.35848,0.0,0.0,1.65394,1057.15693,639.1748975,0.35848,0.216743,8.187578543
0.0,638.788,2950.3,2.90422,5.45393,5.45393,0.0,0.0,0.145755,0.2537,1.74059,638.788,366.9950994,0.2537,0.145755,7.548319425
1367.85,0.0,5065.06,6.33455,7.14824,7.14824,0.317709,0.42568,0.0,0.0,1.33984,1367.85,1020.905481,0.42568,0.317709,6.717805908
0.0,32.455,2953.05,2.77841,4.03895,4.03895,0.0,0.0,0.0263441,0.06044,2.29425,32.455,14.14623515,0.06044,0.0263441,1.684788861
0.0,207.468,3095.39,3.3179,4.4873,4.4873,0.0,0.0,0.0684591,0.1338,1.95445,207.468,106.1516028,0.1338,0.0684591,3.000125338
0.0,53.1341,2072.36,2.56836,4.06158,4.04741,0.0,0.0,0.0534965,0.0823,1.53842,53.1341,34.53809753,0.0823,0.0534965,1.158488938
2303.56,0.0,6620.48,6.21194,8.83143,8.83143,1.14971,0.68104,0.0,0.0,0.592358,2303.56,3888.796978,0.68104,1.14971,19.59789774
1759.08,0.0,22056.2,6.75209,14.38752,13.20549,0.769224,0.61094,0.0,0.0,0.794229,1759.08,2214.82721,0.61094,0.769224,15.90286236
1472.64,0.0,966.699,5.27198,6.2294,6.22457,0.399899,0.4581,0.0,0.0,1.14554,1472.64,1285.54219,0.4581,0.399899,8.228674341
2225.16,0.0,2110.03,8.10074,8.61965,8.61965,0.810043,0.66254,0.0,0.0,0.817908,2225.16,2720.550478,0.66254,0.810043,14.75535869
1202.19,0.0,3948.29,4.24768,8.85312,8.85312,0.466128,0.3953,0.0,0.0,0.848051,1202.19,1417.591631,0.3953,0.466128,10.54905523
1312.95,0.0,2097.78,5.85542,7.66591,7.65461,0.425575,0.43818,0.0,0.0,1.02962,1312.95,1275.179192,0.43818,0.425575,9.903846802
0.0,294.196,1390.48,2.64138,4.91469,4.91469,0.0,0.0,0.103534,0.1835,1.77237,294.196,165.9901714,0.1835,0.103534,2.584140834
691.552,0.0,3647.73,3.98518,5.28754,5.28525,0.249891,0.32454,0.0,0.0,1.29873,691.552,532.4832721,0.32454,0.249891,5.583625279
1848.41,0.0,2808.87,5.19998,7.26534,7.26225,0.642332,0.53234,0.0,0.0,0.828762,1848.41,2230.32668,0.53234,0.642332,12.23495888
1233.31,0.0,3939.75,4.98598,6.73488,6.69979,0.350771,0.39044,0.0,0.0,1.11309,1233.31,1108.005642,0.39044,0.350771,6.163485521
0.0,650.765,1887.62,3.27064,5.39035,5.39035,0.0,0.0,0.168103,0.25128,1.4948,650.765,435.3525555,0.25128,0.168103,4.761630471
0.0,24.7747,3807.27,2.65439,4.06394,4.06394,0.0,0.0,0.00977962,0.02332,2.38455,24.7747,10.3896752,0.02332,0.00977962,0.849445809
0.0,341.085,10152.5,3.21984,4.72277,4.36436,0.0,0.0,0.133899,0.16454,1.22883,341.085,277.568907,0.16454,0.133899,4.961337413
300.76,0.0,10421.2,3.80751,4.67375,4.66389,0.113123,0.14964,0.0,0.0,1.32281,300.76,227.3644741,0.14964,0.113123,2.922674313
1113.78,0.0,2755.94,4.38969,5.29805,5.29805,0.300126,0.34266,0.0,0.0,1.14172,1113.78,975.5281505,0.34266,0.300126,6.998738839
1437.26,0.0,3440.23,4.16027,5.043,5.043,0.395749,0.42414,0.0,0.0,1.07174,1437.26,1341.052867,0.42414,0.395749,7.304488838
0.0,427.901,3188.63,3.11475,7.24143,7.23975,0.0,0.0,0.117178,0.18068,1.54193,427.901,277.5100037,0.18068,0.117178,4.770800663
503.174,0.0,2632.84,5.79697,6.29142,6.29055,0.133978,0.1829,0.0,0.0,1.36514,503.174,368.5878371,0.1829,0.133978,2.910880764
2313.2,0.0,6902.77,7.89385,9.01955,9.01955,1.01933,0.72776,0.0,0.0,0.713962,2313.2,3239.948345,0.72776,1.01933,10.38389826
683.48,0.0,1831.05,4.20229,5.16583,5.10629,0.214742,0.25044,0.0,0.0,1.16624,683.48,586.0543284,0.25044,0.214742,4.176121298
2443.86,0.0,18197.3,6.44061,9.59326,9.30682,1.14723,0.67456,0.0,0.0,0.587991,2443.86,4156.288106,0.67456,1.14723,21.33520883
1744.2,0.0,3385.49,5.37524,8.34188,8.34188,0.450648,0.54452,0.0,0.0,1.20831,1744.2,1443.503737,0.54452,0.450648,10.56514869
0.0,864.047,4396.35,3.42365,5.6026,5.59275,0.0,0.0,0.191961,0.29878,1.55646,864.047,555.1360138,0.29878,0.191961,6.578024021
771.84,0.0,8034.08,4.55995,6.17589,6.17109,0.192429,0.23956,0.0,0.0,1.24493,771.84,619.9866659,0.23956,0.192429,3.712641958
693.565,0.0,1817.65,4.03284,5.13844,5.13064,0.184686,0.29352,0.0,0.0,1.58929,693.565,436.3992726,0.29352,0.184686,2.797595934
1386.49,0.0,1383.07,5.9824,6.26548,6.25328,0.449262,0.449,0.0,0.0,0.999416,1386.49,1387.300183,0.449,0.449262,10.23823142
929.586,0.0,2966.78,7.26741,8.52073,8.52073,0.214011,0.30888,0.0,0.0,1.44329,929.586,644.0743025,0.30888,0.214011,5.188992504
2221.87,0.0,12286.2,6.15688,9.97626,9.95158,0.867156,0.67884,0.0,0.0,0.782835,2221.87,2838.235388,0.67884,0.867156,17.18137914
1737.57,0.0,719.603,4.67382,5.86599,5.86599,0.337662,0.51938,0.0,0.0,1.53817,1737.57,1129.634566,0.51938,0.337662,6.457064756
0.0,457.166,1884.47,3.57694,4.71954,4.71245,0.0,0.0,0.175884,0.2773,1.57661,457.166,289.9677155,0.2773,0.175884,5.188303349
1385.14,506.988,42717.5,5.70866,10.15584,7.95557,0.439807,0.3911,0.182895,0.16264,0.889254,1892.128,2127.770018,0.55374,0.622702,13.44584131
726.537,0.0,10067.7,4.16971,6.79778,6.53454,0.142609,0.22564,0.0,0.0,1.58223,726.537,459.1854534,0.22564,0.142609,3.879880727
2632.18,0.0,5792.36,8.73453,9.18286,9.17611,1.66565,0.8248,0.0,0.0,0.495184,2632.18,5315.559469,0.8248,1.66565,30.90776594
0.0,209.511,2329.31,3.32948,4.93969,4.93889,0.0,0.0,0.0903759,0.14018,1.55108,209.511,135.0742708,0.14018,0.0903759,1.975084196
1380.87,0.0,2578.39,6.86151,6.99773,6.99773,0.42808,0.45676,0.0,0.0,1.067,1380.87,1294.1612,0.45676,0.42808,11.25797181
1189.72,0.0,674.599,5.56044,5.83858,5.83858,0.321137,0.39658,0.0,0.0,1.23493,1189.72,963.3906375,0.39658,0.321137,7.577629188
1797.01,0.0,14841.1,6.64584,19.52135,19.52135,0.539324,0.6805,0.0,0.0,1.26176,1797.01,1424.209041,0.6805,0.539324,9.239152257
923.434,0.0,3268.85,4.22176,5.94415,5.94415,0.28304,0.34,0.0,0.0,1.20125,923.434,768.7275754,0.34,0.28304,7.974284653
1908.31,0.0,4542.28,5.83185,7.9794,7.9636,0.587289,0.52474,0.0,0.0,0.893496,1908.31,2135.779007,0.52474,0.587289,12.85131738
2132.57,0.0,7213.8,5.8507,10.41989,10.41891,0.842786,0.65894,0.0,0.0,0.781859,2132.57,2727.56341,0.65894,0.842786,18.45527561
0.0,737.178,5022.32,3.09493,5.90828,5.89365,0.0,0.0,0.217792,0.27574,1.26607,737.178,582.2569052,0.27574,0.217792,4.669606253
1457.88,0.0,2515.73,4.31073,5.25592,5.18518,0.331318,0.42588,0.0,0.0,1.28541,1457.88,1134.175088,0.42588,0.331318,7.513442996
1357.32,0.0,1850.28,5.83008,6.35635,6.34586,0.447314,0.44892,0.0,0.0,1.00359,1357.32,1352.464652,0.44892,0.447314,9.501626879
0.0,181.788,4031.67,3.63902,4.59282,4.53366,0.0,0.0,0.0685118,0.09904,1.44559,181.788,125.7534986,0.09904,0.0685118,2.5747835
0.0,134.564,2538.09,2.84713,5.02477,3.58468,0.0,0.0,0.0676518,0.09098,1.34483,134.564,100.0602307,0.09098,0.0676518,2.362512743
0.0,1298.99,2470.85,3.43062,11.42842,10.43338,0.0,0.0,0.553626,0.49456,0.893311,1298.99,1454.129637,0.49456,0.553626,7.734065041
747.346,0.0,2315.87,4.91036,7.23942,7.23942,0.144024,0.2592,0.0,0.0,1.7997,747.346,415.2614325,0.2592,0.144024,2.965161836
1871.35,0.0,70922.0,5.0609,12.13124,12.13124,0.574655,0.5222,0.0,0.0,0.908718,1871.35,2059.329737,0.5222,0.574655,12.28780193
0.0,396.312,1916.84,3.53828,4.81179,4.81179,0.0,0.0,0.160216,0.21246,1.32608,396.312,298.8597973,0.21246,0.160216,3.680027114
0.0,380.136,1612.94,2.858,5.05755,5.05755,0.0,0.0,0.102504,0.15132,1.47624,380.136,257.5028451,0.15132,0.102504,3.264272497
2133.17,0.0,22271.0,6.28286,20.17115,20.17115,1.20524,0.72122,0.0,0.0,0.598403,2133.17,3564.771567,0.72122,1.20524,19.34702026
852.059,0.0,3952.52,4.00901,4.97539,4.96475,0.115431,0.3073,0.0,0.0,2.66219,852.059,320.0594248,0.3073,0.115431,2.429490205
0.0,115.221,8808.27,2.69196,5.44276,5.4088,0.0,0.0,0.0365839,0.0552,1.50886,115.221,76.36294951,0.0552,0.0365839,0.664187254
1748.16,0.0,9985.99,11.20267,15.42527,15.42527,0.77396,0.61486,0.0,0.0,0.794433,1748.16,2200.512819,0.61486,0.77396,15.96472571
863.939,0.0,4163.91,6.74867,8.34589,8.34589,0.13091,0.29044,0.0,0.0,2.21863,863.939,389.4020184,0.29044,0.13091,2.650255677
1350.24,0.0,1107.12,6.57252,7.30893,7.30893,0.478237,0.44444,0.0,0.0,0.92933,1350.24,1452.917693,0.44444,0.478237,9.932430847
452.279,0.0,2873.97,3.88434,5.00396,5.00066,0.123305,0.19334,0.0,0.0,1.56799,452.279,288.4450794,0.19334,0.123305,2.326037452
1646.26,0.0,2662.27,4.54282,6.30784,6.29619,0.429431,0.5543,0.0,0.0,1.29078,1646.26,1275.399371,0.5543,0.429431,4.997814101
1007.32,0.0,1761.13,5.11703,5.87678,5.87678,0.285608,0.35394,0.0,0.0,1.23925,1007.32,812.8464797,0.35394,0.285608,6.287764034
2204.88,0.0,9321.01,8.00204,10.0936,10.0936,1.21263,0.75234,0.0,0.0,0.620421,2204.88,3553.844889,0.75234,1.21263,27.53035492
0.0,213.88,832.325,3.09313,4.81565,4.81565,0.0,0.0,0.0673736,0.1375,2.04086,213.88,104.7989573,0.1375,0.0673736,1.46399338
1150.16,146.649,9157.82,4.32331,6.8392,6.8392,0.321457,0.36724,0.0520648,0.05948,1.14242,1296.809,1135.142067,0.42672,0.3735218,8.310557366
1321.69,56.5865,9052.13,8.68741,10.25144,10.25144,0.535657,0.45422,0.039176,0.03322,0.847968,1378.2765,1625.387397,0.48744,0.574833,11.63496513
0.0,930.208,2930.98,3.09255,5.98594,5.53932,0.0,0.0,0.303686,0.33024,1.08744,930.208,855.4108732,0.33024,0.303686,6.892384274
0.0,1316.72,4900.7,3.61918,11.21755,11.21755,0.0,0.0,0.513759,0.47542,0.925375,1316.72,1422.904228,0.47542,0.513759,10.140542
0.0,7.45459,2464.56,2.4016,3.8504,3.8504,0.0,0.0,0.0,0.0,1.4053,7.45459,5.304625347,0.0,0.0,1.179523669
0.0,262.634,1790.73,2.51608,4.87135,4.87135,0.0,0.0,0.147472,0.19374,1.31374,262.634,199.9132248,0.19374,0.147472,2.795525068
1423.87,0.0,1465.51,6.29787,6.62997,6.59524,0.442962,0.46388,0.0,0.0,1.04722,1423.87,1359.666546,0.46388,0.442962,9.077911847
725.627,35.2167,3466.98,3.97105,5.13693,5.11342,0.28068,0.27566,0.0318497,0.03128,0.982113,760.8437,774.7007727,0.30694,0.3125297,8.214946255
2417.35,0.0,3485.22,4.66056,5.67785,5.67015,0.543154,0.54868,0.0,0.0,1.01017,2417.35,2393.013057,0.54868,0.543154,11.71881384
0.0,298.711,23448.2,2.69308,4.87761,4.44858,0.0,0.0,0.0829346,0.1129,1.36131,298.711,219.4290793,0.1129,0.0829346,3.598695793
1020.05,0.0,1459.24,4.8012,5.39589,5.38542,0.251296,0.33526,0.0,0.0,1.33412,1020.05,764.586394,0.33526,0.251296,5.403601554
2071.64,0.0,13085.1,5.12822,7.40162,7.38112,0.567012,0.53038,0.0,0.0,0.935395,2071.64,2214.722123,0.53038,0.567012,10.74903339
1257.86,0.0,4188.12,9.19443,9.81819,9.81819,0.322513,0.43204,0.0,0.0,1.3396,1257.86,938.9817856,0.43204,0.322513,7.646584848
1544.11,98.8632,7178.28,6.63764,9.89745,9.861,0.41355,0.49574,0.0444299,0.05326,1.19874,1642.9732,1370.583446,0.549,0.4579799,9.583980602
1451.56,0.0,4198.33,4.21694,6.93935,6.93935,0.467506,0.4415,0.0,0.0,0.944373,1451.56,1537.062157,0.4415,0.467506,10.31110905
0.0,236.576,1296.9,2.96698,4.73791,4.59269,0.0,0.0,0.0889126,0.15802,1.77725,236.576,133.1135181,0.15802,0.0889126,3.948270072
0.0,295.43,9403.96,3.52189,4.96455,4.96455,0.0,0.0,0.0908979,0.11704,1.2876,295.43,229.4423734,0.11704,0.0908979,3.352077151
0.0,36.2384,958.715,3.18451,4.00073,3.73972,0.0,0.0,0.0380139,0.0846,2.2255,36.2384,16.28326219,0.0846,0.0380139,3.069773621
1754.97,1.54578,6650.2,10.36441,10.69406,10.68203,0.903552,0.56332,0.00635174,0.00396,0.623451,1756.51578,2817.407912,0.56728,0.90990374,17.80847811
686.802,0.0,4174.05,5.70931,7.08216,7.08216,0.177775,0.2123,0.0,0.0,1.19421,686.802,575.1099053,0.2123,0.177775,3.874961615
0.0,599.27,3019.67,3.58556,5.6311,5.50351,0.0,0.0,0.143633,0.20554,1.43101,599.27,418.7741525,0.20554,0.143633,2.97516713
2082.77,0.0,13442.7,7.21043,8.1309,8.08032,0.880042,0.63002,0.0,0.0,0.715898,2082.77,2909.311103,0.63002,0.880042,16.42466994
0.0,456.127,31966.8,0.0,0.0,0.0,0.0,0.0,0.0815737,0.10258,1.25751,456.127,362.722364,0.10258,0.0815737,3.083522992
0.0,554.355,4387.65,3.01509,5.08175,5.0656,0.0,0.0,0.283253,0.3167,1.11808,554.355,495.8097811,0.3167,0.283253,7.812575905
1589.58,0.0,15732.5,6.01818,8.71773,8.7094,0.348072,0.46504,0.0,0.0,1.33605,1589.58,1189.760862,0.46504,0.348072,6.36119605
1370.62,0.0,2888.74,5.74338,7.37329,7.35934,0.478856,0.45444,0.0,0.0,0.949012,1370.62,1444.259925,0.45444,0.478856,10.93259049
0.0,165.468,1066.59,3.26762,4.19485,4.19316,0.0,0.0,0.0774071,0.15858,2.04865,165.468,80.76928709,0.15858,0.0774071,3.018230712
2238.01,0.0,29351.2,10.75924,12.72726,12.72726,1.23626,0.69904,0.0,0.0,0.565447,2238.01,3957.948313,0.69904,1.23626,23.9246366
0.0,510.215,1594.19,3.54073,4.6487,4.5523,0.0,0.0,0.184402,0.3217,1.74456,510.215,292.4605631,0.3217,0.184402,4.690420192
1377.53,0.0,1557.03,6.64177,6.98757,6.98757,0.307613,0.47814,0.0,0.0,1.55436,1377.53,886.2361358,0.47814,0.307613,6.575099745
2263.81,0.0,4767.64,7.52617,8.234,8.234,0.733223,0.62914,0.0,0.0,0.858047,2263.81,2638.32867,0.62914,0.733223,15.41933299
1508.83,0.0,8974.33,5.9349,7.26408,7.24141,0.498579,0.46296,0.0,0.0,0.928559,1508.83,1624.915595,0.46296,0.498579,10.53390047
2047.36,0.0,4257.27,4.63482,6.28804,6.27649,0.603201,0.55842,0.0,0.0,0.925761,2047.36,2211.54272,0.55842,0.603201,13.20274119
1428.18,0.0,14901.6,3.87519,6.75931,6.75562,0.334572,0.41542,0.0,0.0,1.24165,1428.18,1150.22752,0.41542,0.334572,7.858281047
369.147,6.2327,3316.27,3.818,4.40498,4.37558,0.100095,0.21626,0.00188842,0.00408,2.16054,375.3797,173.7434623,0.22034,0.10198342,2.23615976
0.0,18.2835,1357.96,2.59885,3.94696,3.94696,0.0,0.0,0.0119937,0.02266,1.88932,18.2835,9.677291301,0.02266,0.0119937,2.569079987
1607.81,0.0,2324.44,4.31294,9.52683,9.52683,0.189124,0.51132,0.0,0.0,2.70363,1607.81,594.6856633,0.51132,0.189124,2.0889314
0.0,1104.06,3705.22,3.43588,6.20415,6.19684,0.0,0.0,0.355463,0.40598,1.14211,1104.06,966.68447,0.40598,0.355463,7.915150142
0.0,8.37183,1551.69,2.53052,3.82758,3.81942,0.0,0.0,0.0,0.0,1.88051,8.37183,4.451893369,0.0,0.0,2.058469446
1921.67,1.32416,5936.84,8.38587,10.29567,10.08643,0.754398,0.63566,0.00567288,0.00478,0.842606,1922.99416,2282.198513,0.64044,0.76007088,15.55915352
0.0,174.894,17975.7,3.41984,5.8274,5.71403,0.0,0.0,0.0390318,0.05992,1.53516,174.894,113.9255843,0.05992,0.0390318,1.167703589
1716.64,0.0,9126.15,6.59075,10.72258,10.6151,0.596275,0.5667,0.0,0.0,0.950401,1716.64,1806.227056,0.5667,0.596275,12.14597508
1809.88,0.0,2128.24,4.25931,7.74379,7.73545,0.577574,0.55424,0.0,0.0,0.9596,1809.88,1886.077532,0.55424,0.577574,10.97748003
1109.26,0.0,2934.16,4.02613,6.8646,6.8646,0.315608,0.38122,0.0,0.0,1.20789,1109.26,918.3452136,0.38122,0.315608,6.932749853
0.0,1135.14,2942.1,3.71981,6.73085,6.7271,0.0,0.0,0.30038,0.38062,1.26713,1135.14,895.8354707,0.38062,0.30038,6.86585516
1250.7,0.0,4377.52,9.16125,10.14478,10.14478,0.271495,0.44754,0.0,0.0,1.64843,1250.7,758.7219354,0.44754,0.271495,6.136268812
1917.85,0.0,6178.47,4.63591,6.9167,6.73101,0.578718,0.54208,0.0,0.0,0.936691,1917.85,2047.4735,0.54208,0.578718,13.38583852
1278.92,0.0,3863.76,5.39567,7.38904,7.38902,0.365348,0.40152,0.0,0.0,1.09901,1278.92,1163.701877,0.40152,0.365348,8.285319197
1818.02,0.0,60328.6,0.0,0.0,0.0,1.02056,0.6486,0.0,0.0,0.635531,1818.02,2860.631503,0.6486,1.02056,20.77147063
0.0,106.508,2441.82,2.61552,4.43325,4.42646,0.0,0.0,0.0753114,0.10464,1.38943,106.508,76.65589486,0.10464,0.0753114,3.192102743
399.133,0.0,10590.0,4.65862,6.14369,6.13811,0.0899888,0.13776,0.0,0.0,1.53086,399.133,260.7246907,0.13776,0.0899888,2.304441002
0.0,1.84881,2821.81,2.70576,3.94407,3.76015,0.0,0.0,0.00617863,0.00946,1.53108,1.84881,1.207520182,0.00946,0.00617863,4.262360908
0.0,126.089,4189.46,2.45528,4.19276,4.19194,0.0,0.0,0.0723606,0.13252,1.83138,126.089,68.84917385,0.13252,0.0723606,4.148489672
0.0,158.391,2949.31,3.51099,4.37543,4.35985,0.0,0.0,0.0672301,0.11618,1.7281,158.391,91.65615416,0.11618,0.0672301,1.464943672
0.0,556.117,3775.71,3.11695,5.56191,5.55591,0.0,0.0,0.15587,0.28858,1.85142,556.117,300.373227,0.28858,0.15587,4.194741335
777.768,0.0,827.312,4.05224,4.49594,4.48031,0.292884,0.30344,0.0,0.0,1.03604,777.768,750.7123277,0.30344,0.292884,5.381695815
2085.27,0.0,4899.24,5.08332,6.50752,6.49522,0.500015,0.54676,0.0,0.0,1.09349,2085.27,1906.985889,0.54676,0.500015,11.17989003
1014.5,0.0,4837.55,4.13588,5.91398,5.88727,0.266145,0.35864,0.0,0.0,1.34754,1014.5,752.8533476,0.35864,0.266145,8.346603366
1283.51,0.0,4938.68,4.48233,5.32077,5.32077,0.294747,0.39338,0.0,0.0,1.33464,1283.51,961.6900438,0.39338,0.294747,7.514006779
2101.34,0.0,12550.5,6.53331,13.51443,13.51443,1.05523,0.68972,0.0,0.0,0.653619,2101.34,3214.931023,0.68972,1.05523,19.69914869
649.852,0.0,1970.06,5.17369,5.39694,5.38654,0.103553,0.23326,0.0,0.0,2.25257,649.852,288.4935873,0.23326,0.103553,2.749293842
1903.59,0.0,40285.5,9.77849,20.32202,20.3055,1.96098,0.82406,0.0,0.0,0.420228,1903.59,4529.898055,0.82406,1.96098,28.7333614
1838.47,10.1836,2462.53,4.17509,6.99656,6.73263,0.490204,0.56496,0.0183948,0.0212,1.1525,1848.6536,1604.037831,0.58616,0.5085988,9.27791504
3061.65,0.0,2263.76,6.18035,6.5178,6.5178,1.02536,0.66906,0.0,0.0,0.652513,3061.65,4692.090426,0.66906,1.02536,20.87106023
0.0,351.917,3018.15,3.6754,4.16596,4.15153,0.0,0.0,0.223512,0.2519,1.12701,351.917,312.2572116,0.2519,0.223512,7.320614653
1449.59,0.0,7773.34,6.68911,7.56745,7.56745,0.368895,0.39698,0.0,0.0,1.07613,1449.59,1347.039856,0.39698,0.368895,9.843989531
0.0,145.113,9991.78,2.94614,4.99199,4.97757,0.0,0.0,0.0416846,0.05646,1.35446,145.113,107.1371617,0.05646,0.0416846,0.998550878
1708.61,0.0,9119.24,5.1093,8.2386,8.2386,0.48514,0.472,0.0,0.0,0.972915,1708.61,1756.176028,0.472,0.48514,11.25490287
2163.96,0.0,9729.66,11.62964,13.1918,13.1918,1.00083,0.6915,0.0,0.0,0.690929,2163.96,3131.957119,0.6915,1.00083,17.26823652
1506.81,0.0,12021.4,4.70156,5.98836,5.95362,0.356756,0.40518,0.0,0.0,1.13574,1506.81,1326.720904,0.40518,0.356756,6.843924474
1061.64,0.0,2410.23,5.15091,6.16839,6.16839,0.243363,0.3575,0.0,0.0,1.469,1061.64,722.6957114,0.3575,0.243363,5.524168443
0.0,584.232,2124.95,2.71042,5.2681,5.2681,0.0,0.0,0.31634,0.37198,1.17588,584.232,496.846617,0.37198,0.31634,3.26225835
1707.99,0.0,8079.81,7.54223,9.43031,9.43031,0.530455,0.55472,0.0,0.0,1.04574,1707.99,1633.283608,0.55472,0.530455,10.92403818
1188.57,0.0,1597.52,5.69177,6.87611,6.87611,0.257903,0.39304,0.0,0.0,1.52398,1188.57,779.9118099,0.39304,0.257903,5.761612655
0.0,228.968,948.715,2.64482,4.19154,4.16139,0.0,0.0,0.145268,0.20542,1.41408,228.968,161.9201177,0.20542,0.145268,5.980278965
976.212,0.0,20930.0,4.17287,9.86717,7.8684,0.252685,0.27498,0.0,0.0,1.08823,976.212,897.0640398,0.27498,0.252685,6.87916463
1722.89,0.0,19207.3,11.55698,14.24395,14.2332,1.64189,0.78004,0.0,0.0,0.475086,1722.89,3626.480258,0.78004,1.64189,22.23997806
0.0,690.191,5830.97,2.93597,5.88596,5.88596,0.0,0.0,0.221712,0.23986,1.08185,690.191,637.9729168,0.23986,0.221712,5.969647786
0.0,372.086,2340.83,2.98328,4.27677,4.27198,0.0,0.0,0.105838,0.22814,2.15555,372.086,172.6176614,0.22814,0.105838,2.616785996
0.0,238.294,536.639,3.3625,4.24556,4.2354,0.0,0.0,0.219094,0.26986,1.23171,238.294,193.4659944,0.26986,0.219094,7.756577161
1745.67,0.0,45862.7,13.36465,17.46459,17.46459,2.10726,0.8015,0.0,0.0,0.380351,1745.67,4589.629053,0.8015,2.10726,28.99664332
0.0,160.321,1527.67,3.04859,4.32056,4.3059,0.0,0.0,0.132156,0.1624,1.22885,160.321,130.4642552,0.1624,0.132156,6.299322498
1314.42,0.0,14357.9,7.5095,12.14021,12.14021,0.499606,0.4459,0.0,0.0,0.892504,1314.42,1472.732895,0.4459,0.499606,9.657950543
2284.11,0.0,1999.49,4.62938,7.37601,6.94847,0.482352,0.60256,0.0,0.0,1.24921,2284.11,1828.443576,0.60256,0.482352,10.84824159
2726.45,0.0,23396.7,5.34376,11.13019,10.99109,1.33345,0.72042,0.0,0.0,0.540267,2726.45,5046.486274,0.72042,1.33345,23.86032974
1304.97,0.0,5860.29,7.98957,9.17489,9.06653,0.452861,0.42112,0.0,0.0,0.92991,1304.97,1403.329354,0.42112,0.452861,10.9216451
1604.96,0.0,17216.5,7.11073,8.11816,8.1106,0.390472,0.47672,0.0,0.0,1.22088,1604.96,1314.592753,0.47672,0.390472,8.449297554
1948.48,0.0,7385.01,8.40599,9.05788,9.04804,0.871907,0.61616,0.0,0.0,0.706681,1948.48,2757.227094,0.61616,0.871907,17.39235541
0.0,209.077,3072.38,3.22485,4.81299,4.81299,0.0,0.0,0.0803766,0.14622,1.81919,209.077,114.9286221,0.14622,0.0803766,2.22116929
0.0,410.951,5839.31,3.66161,5.4668,5.4668,0.0,0.0,0.141217,0.176,1.24631,410.951,329.7341753,0.176,0.141217,3.991890913
0.0,1562.05,4624.66,2.52325,10.41764,10.41764,0.0,0.0,0.632056,0.57292,0.906439,1562.05,1723.281986,0.57292,0.632056,12.51780644
1041.75,0.0,1778.7,5.19329,6.01552,6.01552,0.29576,0.3629,0.0,0.0,1.22701,1041.75,849.0150855,0.3629,0.29576,6.546317697
402.631,0.0,2948.95,4.77124,5.17559,5.17559,0.0791122,0.14996,0.0,0.0,1.89554,402.631,212.4096564,0.14996,0.0791122,1.281676195
1313.32,0.0,6575.96,7.26317,9.68542,9.22388,0.38726,0.4517,0.0,0.0,1.1664,1313.32,1125.960219,0.4517,0.38726,8.789155588
0.0,5.86986,1809.87,3.04978,3.96425,3.96425,0.0,0.0,0.0,0.0,2.41965,5.86986,2.425912839,0.0,0.0,1.2544964
0.0,146.0,3780.62,3.03191,4.68506,4.68506,0.0,0.0,0.0536543,0.08672,1.61627,146.0,90.33144215,0.08672,0.0536543,3.811496963
1294.88,0.0,2785.35,4.07448,5.66843,5.66811,0.397036,0.44074,0.0,0.0,1.11008,1294.88,1166.474488,0.44074,0.397036,9.903624952
0.0,20.6588,652.857,2.97043,3.89064,3.89064,0.0,0.0,0.0297922,0.04336,1.45541,20.6588,14.19448815,0.04336,0.0297922,3.488353305
0.0,2.82608,1219.19,2.64133,3.81524,3.81524,0.0,0.0,0.0,0.0,2.00982,2.82608,1.406135873,0.0,0.0,0.866101011
1843.52,0.014459,15126.8,4.16479,5.65368,5.64778,0.448267,0.46858,0.0,0.0,1.04531,1843.534459,1763.624627,0.46858,0.448267,9.222855843
0.0,531.205,9004.48,3.71554,4.75742,4.75064,0.0,0.0,0.133017,0.19088,1.43501,531.205,370.1751207,0.19088,0.133017,4.520186699
1589.59,0.0,3820.28,7.19033,9.102,9.102,0.586549,0.56608,0.0,0.0,0.965103,1589.59,1647.067722,0.56608,0.586549,11.68048636
533.467,0.0,2350.08,4.09312,4.73605,4.70436,0.131097,0.1691,0.0,0.0,1.28989,533.467,413.5755762,0.1691,0.131097,3.255499397
1167.84,0.0,2783.65,5.50308,6.7427,6.71088,0.266129,0.38512,0.0,0.0,1.44712,1167.84,807.009785,0.38512,0.266129,5.473409014
0.0,785.701,4644.98,3.53855,6.1178,6.08833,0.0,0.0,0.24095,0.29932,1.24225,785.701,632.4821896,0.29932,0.24095,5.698817919
1668.13,39.0879,17526.5,5.36069,8.55642,8.35991,0.68168,0.4818,0.0239395,0.01692,0.706783,1707.2179,2415.476745,0.49872,0.7056195,13.56956299
1083.29,0.0,3258.86,8.27985,8.50423,8.50423,0.327807,0.36738,0.0,0.0,1.12072,1083.29,966.6018274,0.36738,0.327807,6.660594079
954.845,0.0,3228.8,5.35243,5.88152,5.87056,0.24681,0.31392,0.0,0.0,1.27191,954.845,750.717425,0.31392,0.24681,5.35197848
0.0,684.04,6117.74,3.6458,4.6363,4.21821,0.0,0.0,0.329374,0.35156,1.06736,684.04,640.8709339,0.35156,0.329374,8.627888791
1986.69,0.0,2810.39,4.21478,6.1095,5.89063,0.490463,0.52064,0.0,0.0,1.06153,1986.69,1871.534483,0.52064,0.490463,10.67786296
0.0,157.598,1633.17,3.15828,4.40429,4.40429,0.0,0.0,0.0632776,0.15676,2.47734,157.598,63.61581374,0.15676,0.0632776,2.59919587
548.122,0.0,1707.04,3.78432,5.01891,5.01891,0.158979,0.27072,0.0,0.0,1.70287,548.122,321.8812945,0.27072,0.158979,2.512114715
1011.72,0.0,9942.11,3.79797,4.46757,4.46575,0.230023,0.30824,0.0,0.0,1.34004,1011.72,754.9923883,0.30824,0.230023,6.756083071
918.064,0.0,1421.84,4.92009,5.54513,5.54513,0.237732,0.31948,0.0,0.0,1.34386,918.064,683.1544953,0.31948,0.237732,5.867398922
1878.54,0.0,10830.9,9.54542,10.30385,10.30385,0.820643,0.64954,0.0,0.0,0.791501,1878.54,2373.389295,0.64954,0.820643,14.13981337
0.0,525.601,1304.21,2.86562,5.4506,5.4506,0.0,0.0,0.163437,0.2311,1.414,525.601,371.7121641,0.2311,0.163437,4.00374317
0.0,672.026,20381.5,2.45482,6.55458,6.54804,0.0,0.0,0.152976,0.2319,1.51592,672.026,443.312312,0.2319,0.152976,4.309888258
546.872,0.0,3185.81,3.76472,4.97897,4.96668,0.0938403,0.22562,0.0,0.0,2.4043,546.872,227.4558083,0.22562,0.0938403,2.100682192
1302.01,0.0,3548.52,3.75665,6.78948,6.78948,0.456323,0.44448,0.0,0.0,0.974046,1302.01,1336.702784,0.44448,0.456323,11.3068118
1491.58,0.787507,3911.01,4.05672,6.08119,5.74775,0.476112,0.45266,0.00727851,0.00692,0.950744,1492.367507,1569.683855,0.45958,0.48339051,10.82573232
936.677,0.0,2617.06,3.96612,4.22005,4.21245,0.195582,0.3685,0.0,0.0,1.88412,936.677,497.1429633,0.3685,0.195582,5.193666354
0.0,20.4457,1355.88,2.5601,3.96173,3.95762,0.0,0.0,0.0356303,0.06742,1.89221,20.4457,10.80519604,0.06742,0.0356303,2.561097491
0.0,77.7532,2515.69,3.00612,4.46131,4.46131,0.0,0.0,0.0448436,0.08658,1.93071,77.7532,40.2718171,0.08658,0.0448436,2.600925123
1799.57,0.0,7103.98,5.04769,6.41217,5.92617,0.494729,0.48402,0.0,0.0,0.978354,1799.57,1839.385335,0.48402,0.494729,9.780949587
2253.4,0.0,6215.22,8.23796,9.47139,9.47139,1.10464,0.7366,0.0,0.0,0.666821,2253.4,3379.317688,0.7366,1.10464,15.82761933
0.0,145.113,927.414,2.50886,4.33476,4.33476,0.0,0.0,0.150569,0.20488,1.3607,145.113,106.6458441,0.20488,0.150569,4.059398778
0.0,273.045,2390.67,2.49516,5.14656,5.14494,0.0,0.0,0.0649084,0.13256,2.04226,273.045,133.6974724,0.13256,0.0649084,1.519538771
1890.85,22.2622,8541.74,6.87066,11.37189,11.36953,0.788307,0.64126,0.0130307,0.0106,0.813465,1913.1122,2351.806408,0.65186,0.8013377,17.20103796
2367.68,0.0,3616.54,5.81909,7.45351,7.11831,0.900126,0.63866,0.0,0.0,0.709523,2367.68,3337.002465,0.63866,0.900126,18.41887864
0.0,532.67,2726.7,3.34547,5.61758,5.51958,0.0,0.0,0.167619,0.2181,1.30116,532.67,409.3808602,0.2181,0.167619,4.464472036
0.0,98.5735,3265.69,2.61069,4.92199,4.92199,0.0,0.0,0.0360078,0.05112,1.41969,98.5735,69.43311568,0.05112,0.0360078,0.837549247
1919.02,0.0,26680.0,7.22422,12.70758,12.62908,0.762629,0.64134,0.0,0.0,0.840959,1919.02,2281.942401,0.64134,0.762629,15.00170833
0.0,257.699,1824.96,3.42869,4.66852,4.24306,0.0,0.0,0.142299,0.2049,1.43993,257.699,178.9663386,0.2049,0.142299,4.797627217
0.0,834.006,3932.66,3.32165,5.60901,5.60901,0.0,0.0,0.207412,0.31854,1.53578,834.006,543.0504369,0.31854,0.207412,5.070251441
671.312,0.0,1582.52,4.84283,7.29476,7.29476,0.176776,0.23974,0.0,0.0,1.35618,671.312,495.0021384,0.23974,0.176776,3.669152983
1208.98,0.0,5177.74,4.44321,6.05222,5.98107,0.310803,0.4333,0.0,0.0,1.39413,1208.98,867.1931599,0.4333,0.310803,3.620214844
0.0,217.289,4614.57,2.52303,5.91185,5.90749,0.0,0.0,0.0661868,0.1161,1.75413,217.289,123.872803,0.1161,0.0661868,2.236782343
0.0,309.589,2386.92,3.49017,5.85435,5.85435,0.0,0.0,0.100152,0.14164,1.41425,309.589,218.9068411,0.14164,0.100152,1.79683279
0.0,642.749,2474.22,3.07469,5.06102,5.02911,0.0,0.0,0.267481,0.28042,1.04837,642.749,613.0936597,0.28042,0.267481,6.408303399
379.359,0.0,1558.12,3.92708,4.58512,4.57664,0.123384,0.22794,0.0,0.0,1.84741,379.359,205.3464039,0.22794,0.123384,3.44640306
0.0,5.5065,1339.04,3.08347,3.88603,3.88603,0.0,0.0,0.0145919,0.02068,1.41723,5.5065,3.88539616,0.02068,0.0145919,4.602453799
877.41,0.0,815.497,4.14656,5.22313,5.21824,0.212411,0.31662,0.0,0.0,1.4906,877.41,588.6287401,0.31662,0.212411,6.739248187
1044.09,0.0,2595.96,5.77662,7.72615,7.72615,0.283162,0.33384,0.0,0.0,1.17897,1044.09,885.5950533,0.33384,0.283162,7.001761102
1800.94,0.0,1807.83,4.60331,5.44704,5.44667,0.379425,0.5219,0.0,0.0,1.3755,1800.94,1309.298437,0.5219,0.379425,9.274308658
1203.17,0.0,2156.81,5.53211,6.09101,6.09101,0.26778,0.36192,0.0,0.0,1.35156,1203.17,890.2083518,0.36192,0.26778,6.06365704
0.0,36.2051,983.39,3.34792,3.78774,3.78774,0.0,0.0,0.0310684,0.08344,2.68569,36.2051,13.48074424,0.08344,0.0310684,1.875911178
0.0,234.817,2535.73,2.81869,4.92925,4.91729,0.0,0.0,0.0664447,0.11334,1.70578,234.817,137.6596044,0.11334,0.0664447,1.66618963
1015.48,0.0,2426.77,4.98611,5.88903,5.88903,0.336316,0.33332,0.0,0.0,0.991092,1015.48,1024.607201,0.33332,0.336316,12.65789119
1064.83,0.0,9397.57,9.44256,10.30257,10.2197,0.350867,0.38126,0.0,0.0,1.08662,1064.83,979.9469916,0.38126,0.350867,7.669765115
658.429,0.0,3675.27,4.77382,5.2265,5.2265,0.167802,0.22788,0.0,0.0,1.35803,658.429,484.8412774,0.22788,0.167802,3.011395144
675.434,0.0,3185.29,3.77144,4.79446,4.77823,0.196327,0.3013,0.0,0.0,1.53468,675.434,440.1139,0.3013,0.196327,5.726381836
0.0,345.388,4477.99,3.05634,4.71353,4.55826,0.0,0.0,0.121481,0.14732,1.2127,345.388,284.8091037,0.14732,0.121481,4.119373154
2481.56,0.0,2898.12,5.74584,8.10283,7.78942,0.771266,0.66098,0.0,0.0,0.857006,2481.56,2895.615667,0.66098,0.771266,14.69993509
1844.5,0.0,14717.5,6.98056,7.99116,7.99116,0.675038,0.577,0.0,0.0,0.854766,1844.5,2157.900525,0.577,0.675038,12.65151635
0.0,405.448,928.879,2.80039,4.7082,4.7082,0.0,0.0,0.303948,0.33978,1.11789,405.448,362.6904257,0.33978,0.303948,6.237414742
1754.58,0.0,4542.55,5.04848,6.66002,6.62254,0.521145,0.50286,0.0,0.0,0.964914,1754.58,1818.379669,0.50286,0.521145,10.81209911
885.523,0.0,1629.34,4.98966,6.78942,6.77665,0.220367,0.30846,0.0,0.0,1.39975,885.523,632.6293981,0.30846,0.220367,4.900896472
0.0,151.301,13673.6,3.70815,4.14172,4.13635,0.0,0.0,0.036997,0.0673,1.81907,151.301,83.17491905,0.0673,0.036997,2.403310856
1669.07,0.0,3054.66,4.84778,6.6565,6.65444,0.279909,0.4883,0.0,0.0,1.74449,1669.07,956.7667341,0.4883,0.279909,5.202993821
1559.09,0.0,7926.39,5.00672,5.61373,5.60841,0.467047,0.48382,0.0,0.0,1.03591,1559.09,1505.043874,0.48382,0.467047,8.533054184
0.0,181.877,553.397,3.23786,4.25391,4.23073,0.0,0.0,0.0999187,0.17734,1.77484,181.877,102.4751527,0.17734,0.0999187,3.078956196
1110.56,0.0,7251.69,4.96364,6.78187,6.78187,0.160338,0.29494,0.0,0.0,1.83949,1110.56,603.7325563,0.29494,0.160338,3.796175722
0.0,526.325,1626.11,2.68275,5.08961,5.0839,0.0,0.0,0.149556,0.20174,1.34893,526.325,390.1796239,0.20174,0.149556,3.836565787
0.0,1.13331,699.696,2.62,3.78574,3.78054,0.0,0.0,0.0,0.0,1.92919,1.13331,0.587453802,0.0,0.0,2.128305256
1066.91,0.0,9250.34,6.13717,6.95842,6.94512,0.229741,0.32154,0.0,0.0,1.39957,1066.91,762.3127103,0.32154,0.229741,6.613866554
0.0,893.554,6952.88,3.03325,6.65565,6.58277,0.0,0.0,0.24551,0.37954,1.54592,893.554,578.0079176,0.37954,0.24551,5.989985101
728.548,0.0,1140.21,3.85843,5.24683,5.23776,0.223786,0.27334,0.0,0.0,1.22144,728.548,596.4664658,0.27334,0.223786,6.330339974
1211.57,0.0,4885.59,3.8135,5.18429,5.13547,0.350234,0.41046,0.0,0.0,1.17196,1211.57,1033.798082,0.41046,0.350234,7.79208912
0.0,842.147,4351.31,3.41902,5.55555,5.54549,0.0,0.0,0.184108,0.29252,1.58885,842.147,530.0355603,0.29252,0.184108,6.494095649
1178.12,0.0,1884.92,5.00967,5.99031,5.99031,0.221009,0.3816,0.0,0.0,1.72662,1178.12,682.3273216,0.3816,0.221009,5.875573406
0.0,832.562,5234.15,3.37729,5.63933,5.63933,0.0,0.0,0.228228,0.30658,1.34331,832.562,619.7839665,0.30658,0.228228,5.501441785
1187.3,0.0,2541.17,5.78928,6.78739,6.78739,0.290016,0.40408,0.0,0.0,1.3933,1187.3,852.149573,0.40408,0.290016,6.297881471
2218.64,0.0,10723.4,7.20147,9.69113,9.69113,1.06444,0.70296,0.0,0.0,0.660405,2218.64,3359.514237,0.70296,1.06444,21.23922012
1441.19,0.0,1456.04,3.75437,7.03622,6.89995,0.468622,0.45794,0.0,0.0,0.977205,1441.19,1474.808254,0.45794,0.468622,12.38989832
0.0,1043.56,4899.46,3.57969,6.28851,6.27024,0.0,0.0,0.335979,0.39264,1.16864,1043.56,892.9696057,0.39264,0.335979,7.670185906
711.433,0.0,3143.33,4.06199,4.93531,4.92703,0.213564,0.25874,0.0,0.0,1.21153,711.433,587.2186409,0.25874,0.213564,4.689869936
0.0,129.814,5507.3,3.05558,4.64077,4.2956,0.0,0.0,0.0388889,0.0579,1.48886,129.814,87.19019921,0.0579,0.0388889,2.43190501
1231.18,256.237,30520.5,9.842,15.09176,15.08919,0.877677,0.49292,0.16862,0.0947,0.561619,1487.417,2648.444942,0.58762,1.046297,16.77237379
0.0,2.79607,625.786,3.07694,3.75593,3.75593,0.0,0.0,0.0,0.0,1.78283,2.79607,1.56833237,0.0,0.0,2.317032035
0.0,10.1975,1745.71,3.18469,4.00153,4.00153,0.0,0.0,0.0142047,0.03054,2.15,10.1975,4.743023256,0.03054,0.0142047,1.346353863
458.001,0.0,3826.11,3.74227,4.92905,4.92865,0.167131,0.21092,0.0,0.0,1.262,458.001,362.9167987,0.21092,0.167131,4.549997714
0.0,764.064,1197.47,3.30602,4.82643,4.82551,0.0,0.0,0.351753,0.42708,1.21415,764.064,629.2995099,0.42708,0.351753,5.858725895
1477.95,0.0,37043.1,4.08035,8.60996,8.60996,0.458287,0.40886,0.0,0.0,0.892149,1477.95,1656.617897,0.40886,0.458287,11.12106401
1661.63,0.0,5791.21,6.10267,8.76574,8.29797,0.481946,0.5201,0.0,0.0,1.07917,1661.63,1539.729607,0.5201,0.481946,11.14974702
1266.41,0.0,2538.95,7.40132,8.01945,8.00563,0.346738,0.42878,0.0,0.0,1.23661,1266.41,1024.098139,0.42878,0.346738,6.863235049
0.0,460.194,29093.4,3.46864,6.09623,4.58597,0.0,0.0,0.18447,0.17936,0.972297,460.194,473.305996,0.17936,0.18447,6.665693973
434.163,0.0,3547.42,3.93383,4.68396,4.68242,0.0981555,0.16608,0.0,0.0,1.69201,434.163,256.5960012,0.16608,0.0981555,2.805584771
1321.12,0.0,2889.86,13.09101,13.27563,13.27563,0.376719,0.5773,0.0,0.0,1.53244,1321.12,862.1022683,0.5773,0.376719,6.572442437
0.0,429.861,2252.9,3.2469,4.82669,4.82669,0.0,0.0,0.131075,0.169,1.28934,429.861,333.3961562,0.169,0.131075,2.813235421
0.0,372.633,1384.71,3.54074,4.65727,4.65727,0.0,0.0,0.184652,0.21436,1.16089,372.633,320.9890687,0.21436,0.184652,3.819440454
0.0,141.755,1216.67,3.71246,4.30684,4.30684,0.0,0.0,0.10261,0.13384,1.30435,141.755,108.6786522,0.13384,0.10261,2.438840603
442.977,0.0,2225.31,4.20041,4.96656,4.96656,0.121202,0.1818,0.0,0.0,1.49997,442.977,295.3239065,0.1818,0.121202,2.569830715
0.0,272.487,3410.07,3.21758,5.35062,5.35062,0.0,0.0,0.0808582,0.09644,1.19271,272.487,228.4603969,0.09644,0.0808582,2.110028872
2389.13,0.0,2056.62,5.65806,6.99053,6.99052,0.66353,0.6877,0.0,0.0,1.03643,2389.13,2305.153267,0.6877,0.66353,7.634678683
1540.5,0.0,3505.16,4.30959,5.07245,5.07245,0.3897,0.42766,0.0,0.0,1.09741,1540.5,1403.759762,0.42766,0.3897,7.317511625
1028.32,0.0,3687.69,8.35297,9.54316,9.54316,0.328287,0.3845,0.0,0.0,1.17123,1028.32,877.9829752,0.3845,0.328287,7.272560497
742.894,0.0,2100.25,4.96809,5.35034,5.33586,0.178512,0.26166,0.0,0.0,1.46578,742.894,506.8250351,0.26166,0.178512,3.152512527
1808.6,0.0,11922.8,5.49968,7.40097,7.39892,0.593283,0.49992,0.0,0.0,0.842634,1808.6,2146.364851,0.49992,0.593283,12.7083954
318.396,160.24,6910.74,4.56726,5.90739,5.89705,0.0899176,0.11532,0.0695357,0.08918,1.28251,478.636,373.2025481,0.2045,0.1594533,3.909266353
1564.68,0.0,2587.91,4.53541,6.46265,6.46076,0.433779,0.4461,0.0,0.0,1.0284,1564.68,1521.470245,0.4461,0.433779,9.06723168
0.0,681.482,3484.91,2.98336,6.94351,6.93711,0.0,0.0,0.177059,0.2652,1.4978,681.482,454.98865,0.2652,0.177059,4.143034885
0.0,503.354,7462.06,3.67896,5.7048,5.62232,0.0,0.0,0.210661,0.24322,1.15456,503.354,435.970413,0.24322,0.210661,4.672133871
0.0,294.439,3733.82,3.71651,4.52799,4.48929,0.0,0.0,0.153075,0.17952,1.17276,294.439,251.065009,0.17952,0.153075,6.288915715
877.02,0.0,5115.08,4.48945,5.4044,5.38726,0.197863,0.26456,0.0,0.0,1.33709,877.02,655.916954,0.26456,0.197863,5.322635846
0.0,330.686,1804.07,3.27838,4.87392,4.86712,0.0,0.0,0.0994493,0.21166,2.12832,330.686,155.3741919,0.21166,0.0994493,3.952477154
1463.05,0.0,8360.61,9.40181,10.39839,10.39839,0.440778,0.46024,0.0,0.0,1.04415,1463.05,1401.187569,0.46024,0.440778,9.023846019
1114.62,0.0,1315.28,4.04567,4.97649,4.52041,0.236235,0.39766,0.0,0.0,1.68332,1114.62,662.1557398,0.39766,0.236235,6.251640986
2190.25,0.0,10379.4,4.56253,10.55409,10.55409,0.804481,0.61232,0.0,0.0,0.761137,2190.25,2877.602849,0.61232,0.804481,16.94796923
1892.93,0.0,9609.04,5.16023,7.49377,7.49377,0.764066,0.55106,0.0,0.0,0.72122,1892.93,2624.622168,0.55106,0.764066,15.55575435
1730.52,0.0,16425.7,7.89064,8.70869,8.69934,0.637407,0.5062,0.0,0.0,0.794155,1730.52,2179.070836,0.5062,0.637407,13.15085028
2166.55,0.0,5380.99,8.46338,9.84183,9.78525,0.830174,0.74358,0.0,0.0,0.895692,2166.55,2418.856035,0.74358,0.830174,14.92361577
0.0,16.9341,1814.24,3.15918,4.05747,4.05747,0.0,0.0,0.0174628,0.04866,2.78649,16.9341,6.077215422,0.04866,0.0174628,0.89934336
0.0,1158.32,7998.01,3.67142,6.60468,6.60468,0.0,0.0,0.394754,0.37602,0.952542,1158.32,1216.030369,0.37602,0.394754,8.133083536
1592.95,0.0,3833.87,9.07282,10.68647,10.64358,0.74911,0.58302,0.0,0.0,0.778283,1592.95,2046.749062,0.58302,0.74911,15.87944903
926.354,0.0,1512.36,4.23676,5.6172,5.6163,0.143769,0.27772,0.0,0.0,1.93171,926.354,479.5512784,0.27772,0.143769,4.055185795
2145.19,0.0,16327.1,8.70819,10.15021,10.15021,0.941292,0.61774,0.0,0.0,0.656268,2145.19,3268.771295,0.61774,0.941292,18.25338892
0.0,389.263,3176.52,3.15378,7.16071,7.16071,0.0,0.0,0.106407,0.1623,1.52527,389.263,255.2092416,0.1623,0.106407,4.729441474
0.0,28.0312,4563.34,3.00931,3.96205,3.91963,0.0,0.0,0.00733634,0.02078,2.83247,28.0312,9.896380191,0.02078,0.00733634,3.047136516
0.0,169.165,7062.68,3.61303,4.66285,4.65217,0.0,0.0,0.0546283,0.10604,1.94112,169.165,87.14814128,0.10604,0.0546283,1.379649343
0.0,3.29991,2969.97,2.88368,3.82744,3.79812,0.0,0.0,0.0,0.0,1.90195,3.29991,1.735014065,0.0,0.0,3.512880305
687.688,0.0,3158.52,5.4959,5.83216,5.8074,0.0949383,0.22952,0.0,0.0,2.41757,687.688,284.4542247,0.22952,0.0949383,3.165549464
2180.15,0.0,3114.43,8.29526,9.08968,9.08968,0.929838,0.67016,0.0,0.0,0.720728,2180.15,3024.927573,0.67016,0.929838,17.45290464
830.077,0.0,8352.74,3.80896,7.01042,7.01042,0.207871,0.27784,0.0,0.0,1.3366,830.077,621.0362113,0.27784,0.207871,4.168246727
1484.03,0.0,1332.73,10.74209,11.51419,11.51419,0.514329,0.58788,0.0,0.0,1.143,1484.03,1298.363955,0.58788,0.514329,11.39507002
0.0,222.588,4584.29,3.33924,5.06109,5.05032,0.0,0.0,0.105906,0.12272,1.15876,222.588,192.0915461,0.12272,0.105906,4.9437468
0.0,1005.56,18856.7,3.6325,7.22635,7.22635,0.0,0.0,0.258193,0.28992,1.12288,1005.56,895.5186663,0.28992,0.258193,10.08696904
0.0,413.005,5790.48,2.96304,5.58283,4.98558,0.0,0.0,0.143784,0.17114,1.19026,413.005,346.9872129,0.17114,0.143784,4.405747511
0.0,161.824,3074.55,2.84619,5.16363,5.16363,0.0,0.0,0.0573567,0.08382,1.46138,161.824,110.7336901,0.08382,0.0573567,4.757790878
1510.0,0.0,4187.64,7.37416,8.79938,8.78205,0.178205,0.51056,0.0,0.0,2.86501,1510.0,527.0487712,0.51056,0.178205,1.763587688
1460.57,0.0,2955.52,7.28781,7.41619,7.41619,0.364803,0.4836,0.0,0.0,1.32565,1460.57,1101.776487,0.4836,0.364803,8.560846051
2206.89,0.0,9936.34,7.2387,10.9331,10.84031,0.705241,0.72332,0.0,0.0,1.02563,2206.89,2151.740881,0.72332,0.705241,6.344132587
664.175,0.0,1966.43,5.20998,6.82532,6.82532,0.166745,0.21134,0.0,0.0,1.26745,664.175,524.0246164,0.21134,0.166745,3.169538816
1439.42,0.0,474.544,4.38458,5.19153,5.1913,0.337564,0.48578,0.0,0.0,1.43907,1439.42,1000.243213,0.48578,0.337564,6.890216826
2674.92,0.0,23710.6,5.36113,10.95537,10.95537,1.35799,0.72396,0.0,0.0,0.533113,2674.92,5017.547874,0.72396,1.35799,24.57507988
0.0,393.182,5583.94,3.47646,4.53154,4.53046,0.0,0.0,0.12066,0.2461,2.03962,393.182,192.7721831,0.2461,0.12066,3.510179366
0.0,1010.21,2429.29,3.06642,6.79694,6.79694,0.0,0.0,0.274512,0.4119,1.50048,1010.21,673.2578908,0.4119,0.274512,7.435002733
0.0,464.542,5935.08,2.64369,5.30487,5.2651,0.0,0.0,0.152045,0.21036,1.38354,464.542,335.7633317,0.21036,0.152045,5.463844955
865.841,0.0,5296.35,6.37447,7.11031,7.11031,0.216563,0.2735,0.0,0.0,1.26291,865.841,685.5920058,0.2735,0.216563,4.702187914
1729.19,0.0,16691.3,6.96534,8.92635,8.92635,0.64748,0.51772,0.0,0.0,0.799593,1729.19,2162.587717,0.51772,0.64748,13.90656545
1470.97,0.0,4227.92,10.95857,11.78987,11.78969,0.551221,0.59228,0.0,0.0,1.07449,1470.97,1368.993662,0.59228,0.551221,12.46179503
1429.03,0.0,2626.1,3.7841,6.03659,6.03659,0.415125,0.4853,0.0,0.0,1.16905,1429.03,1222.385698,0.4853,0.415125,9.929610366
1113.77,0.0,1307.6,5.07173,5.44312,5.44201,0.353831,0.37784,0.0,0.0,1.06786,1113.77,1042.992527,0.37784,0.353831,10.27361135
1955.12,0.0,7785.92,4.22407,8.85655,8.85397,0.556416,0.60202,0.0,0.0,1.08196,1955.12,1807.016895,0.60202,0.556416,13.10449766
1472.11,0.0,2332.49,4.39499,5.39399,5.39399,0.408081,0.40908,0.0,0.0,1.00245,1472.11,1468.512145,0.40908,0.408081,8.318343467
2038.9,0.0,10017.1,6.77118,11.03662,11.03522,0.675801,0.65712,0.0,0.0,0.972357,2038.9,2096.863601,0.65712,0.675801,15.31069976
774.327,0.0,961.689,3.73339,4.97213,4.97213,0.186729,0.29094,0.0,0.0,1.55809,774.327,496.9719336,0.29094,0.186729,4.957336111
0.0,110.171,1970.96,2.77875,4.20139,4.20113,0.0,0.0,0.0764848,0.14276,1.86651,110.171,59.02513247,0.14276,0.0764848,3.870268881
0.0,315.346,1112.81,3.1058,4.81568,4.79324,0.0,0.0,0.124456,0.16676,1.33991,315.346,235.3486428,0.16676,0.124456,2.323408678
1662.3,0.336848,1891.2,4.02741,6.41256,6.16651,0.501063,0.52472,0.0,0.0,1.04721,1662.636848,1587.682364,0.52472,0.501063,11.22956009
0.0,5.85494,8621.38,3.2084,3.90059,3.90059,0.0,0.0,0.00264854,0.0034,1.28373,5.85494,4.560881182,0.0034,0.00264854,1.366936426
1411.51,43.5013,5787.64,4.59087,5.82556,5.81673,0.419661,0.41578,0.0238203,0.0236,0.990751,1455.0113,1468.594329,0.43938,0.4434813,11.03327564
0.0,818.332,2874.96,3.42226,5.43064,5.43064,0.0,0.0,0.233373,0.3439,1.47361,818.332,555.3246788,0.3439,0.233373,7.503767939
872.389,15.6469,8081.67,4.97206,6.85219,6.75958,0.201154,0.28502,0.0131694,0.01866,1.41693,888.0359,626.7323721,0.30368,0.2143234,5.71580453
0.0,272.355,669.072,2.59583,4.69826,4.69808,0.0,0.0,0.0868877,0.17656,2.03205,272.355,134.0296745,0.17656,0.0868877,2.587660901
1863.2,0.0,19303.7,10.48172,15.53234,15.53234,1.62107,0.74534,0.0,0.0,0.459782,1863.2,4052.355247,0.74534,1.62107,24.00470302
660.21,0.0,2050.52,4.10664,5.114,5.114,0.198458,0.23364,0.0,0.0,1.17728,660.21,560.7926746,0.23364,0.198458,5.614222701
869.947,0.0,4704.47,4.04656,4.94653,4.93794,0.233533,0.32716,0.0,0.0,1.40091,869.947,620.9870727,0.32716,0.233533,6.430097192
1318.6,0.0,2838.44,3.92462,4.53725,4.47478,0.383822,0.40754,0.0,0.0,1.06179,1318.6,1241.865152,0.40754,0.383822,8.973660697
1372.64,0.0,1387.18,4.73515,6.86808,6.86808,0.344934,0.4342,0.0,0.0,1.25879,1372.64,1090.443998,0.4342,0.344934,7.949575159
1419.88,594.916,11578.5,5.50716,11.53586,8.36402,0.400446,0.40698,0.204149,0.20748,1.01632,2014.796,1982.442538,0.61446,0.604595,14.41535167
0.0,53.053,2424.27,3.10596,4.06811,4.05147,0.0,0.0,0.0462191,0.06418,1.3886,53.053,38.20610687,0.06418,0.0462191,2.332454076
1844.56,0.0,7201.69,7.05859,8.05298,8.05298,0.711584,0.55576,0.0,0.0,0.781018,1844.56,2361.738142,0.55576,0.711584,13.73495646
913.235,0.0,1557.16,6.47995,7.26238,7.26238,0.24628,0.31386,0.0,0.0,1.2744,913.235,716.5999686,0.31386,0.24628,4.224108348
1152.49,0.0,2812.23,4.85158,6.32023,6.32023,0.271629,0.38984,0.0,0.0,1.4352,1152.49,803.0170011,0.38984,0.271629,6.568817949
0.0,210.536,666.433,2.94138,4.46708,4.46708,0.0,0.0,0.0648289,0.17196,2.65252,210.536,79.37206883,0.17196,0.0648289,1.870877029
739.461,0.0,882.686,3.9606,4.38835,4.38835,0.236152,0.28626,0.0,0.0,1.21218,739.461,610.0257388,0.28626,0.236152,6.228397991
1620.88,0.0,15457.6,6.46344,12.37009,12.37009,0.244118,0.54102,0.0,0.0,2.21622,1620.88,731.3714342,0.54102,0.244118,2.93219529
0.0,40.2168,1041.64,3.20816,3.98794,3.86657,0.0,0.0,0.0485213,0.08478,1.74728,40.2168,23.01680326,0.08478,0.0485213,3.46140657
0.0,570.533,1907.45,3.20989,4.96663,4.95574,0.0,0.0,0.161412,0.3101,1.92117,570.533,296.9716371,0.3101,0.161412,3.837012821
1569.61,0.0,17068.6,7.41537,8.18288,8.15939,0.368326,0.45358,0.0,0.0,1.23146,1569.61,1274.59276,0.45358,0.368326,8.114932876
1128.56,0.0,3136.87,5.84385,6.41454,6.41454,0.341741,0.36264,0.0,0.0,1.06115,1128.56,1063.525421,0.36264,0.341741,6.32159971
0.0,477.746,884.737,2.40576,6.18404,5.14695,0.0,0.0,0.12074,0.22642,1.87526,477.746,254.7625396,0.22642,0.12074,4.480981303
1079.19,0.0,1674.79,4.05764,4.96518,4.96518,0.13096,0.36314,0.0,0.0,2.7729,1079.19,389.1918208,0.36314,0.13096,2.646340557
501.604,68.3851,4290.13,3.91944,5.59426,5.59426,0.182503,0.19512,0.0434369,0.04644,1.06914,569.9891,533.1285893,0.24156,0.2259399,4.966103653
2254.86,0.0,11507.3,6.57962,9.14865,8.64921,0.474876,0.61844,0.0,0.0,1.30232,2254.86,1731.417778,0.61844,0.474876,9.770085769
2264.42,3.7281,8849.44,9.32321,11.60468,11.60468,1.31163,0.71902,0.00777106,0.00426,0.548188,2268.1481,4137.53694,0.72328,1.31940106,24.48723427
2709.13,0.0,23288.1,5.30741,9.29709,9.29709,1.17803,0.68628,0.0,0.0,0.582563,2709.13,4650.363995,0.68628,1.17803,20.98504308
1668.53,0.0,8966.74,4.63845,8.04365,8.04358,0.437674,0.47186,0.0,0.0,1.07811,1668.53,1547.643561,0.47186,0.437674,9.951087913
1547.78,0.0,1851.94,4.7264,5.41735,5.40719,0.38223,0.48654,0.0,0.0,1.2729,1547.78,1215.947836,0.48654,0.38223,8.419487705
622.115,284.016,3260.89,3.79672,5.10915,5.10915,0.182553,0.22212,0.108799,0.13238,1.21674,906.131,744.7203182,0.3545,0.291352,6.381658503
692.087,0.0,1333.96,4.59869,5.36745,5.35848,0.18698,0.26264,0.0,0.0,1.40464,692.087,492.7148593,0.26264,0.18698,3.60022265
626.231,0.0,6890.3,4.01613,4.72865,4.71178,0.172846,0.23254,0.0,0.0,1.34536,626.231,465.4746685,0.23254,0.172846,4.671275833
1452.57,0.0,2957.24,7.28396,7.42387,7.42387,0.365151,0.48378,0.0,0.0,1.32488,1452.57,1096.37854,0.48378,0.365151,8.442118424
1656.16,3.65564,5710.19,5.36674,8.47974,8.47974,0.485508,0.47778,0.00955204,0.0094,0.984083,1659.81564,1686.662243,0.48718,0.49506004,10.79373686
471.635,0.0,1202.52,3.96927,4.76853,4.66022,0.210466,0.27096,0.0,0.0,1.28743,471.635,366.338364,0.27096,0.210466,4.426852222
2238.54,0.0,16139.1,7.5272,10.12518,10.08895,0.843891,0.6545,0.0,0.0,0.775574,2238.54,2886.300985,0.6545,0.843891,18.12236793
619.008,0.0,7068.18,3.95274,5.2439,4.46811,0.0687877,0.21586,0.0,0.0,3.13806,619.008,197.2581786,0.21586,0.0687877,2.029545526
0.0,364.985,2021.78,3.53731,4.4734,4.46972,0.0,0.0,0.129989,0.19648,1.51151,364.985,241.4704501,0.19648,0.129989,4.556823792
2117.01,0.353449,2437.07,4.40385,5.61357,5.61357,0.56271,0.59988,0.0,0.0,1.06606,2117.363449,1986.157861,0.59988,0.56271,8.261610059
0.0,694.132,2858.91,3.52882,4.9495,4.93295,0.0,0.0,0.183116,0.3147,1.71859,694.132,403.8962172,0.3147,0.183116,6.303781359
0.0,117.181,964.659,3.35122,3.95461,3.95461,0.0,0.0,0.0785129,0.1664,2.1194,117.181,55.28970463,0.1664,0.0785129,1.754336807
1996.83,0.0,5418.27,6.03401,7.32998,7.3267,0.687002,0.56474,0.0,0.0,0.822036,1996.83,2429.127192,0.56474,0.687002,15.82618498
2310.33,0.0,7605.9,7.19467,8.0995,8.07953,0.75177,0.64072,0.0,0.0,0.852282,2310.33,2710.757707,0.64072,0.75177,13.52654652
1770.85,0.0,1812.71,4.72277,6.44925,6.43616,0.497815,0.52652,0.0,0.0,1.05766,1770.85,1674.309324,0.52652,0.497815,11.55107989
1969.83,0.0,2753.51,4.31969,6.19267,6.19,0.47541,0.52822,0.0,0.0,1.11108,1969.83,1772.896641,0.52822,0.47541,10.41232496
2075.52,0.0,2985.76,4.76477,5.98461,5.96493,0.308032,0.57578,0.0,0.0,1.86922,2075.52,1110.366891,0.57578,0.308032,7.865697587
0.0,245.859,1145.5,2.85609,4.60058,4.60058,0.0,0.0,0.137519,0.15426,1.12174,245.859,219.176458,0.15426,0.137519,3.210819563
0.0,60.8734,2528.43,3.31679,4.28122,4.27688,0.0,0.0,0.0571671,0.0773,1.35218,60.8734,45.01871053,0.0773,0.0571671,4.371706626
0.0,134.405,1475.74,2.97326,4.62241,4.62241,0.0,0.0,0.0609366,0.11682,1.91707,134.405,70.10959433,0.11682,0.0609366,2.146462914
2381.77,0.0,2428.23,4.8832,5.87388,5.87388,0.602059,0.66062,0.0,0.0,1.09727,2381.77,2170.63257,0.66062,0.602059,8.548150427
282.038,281.7,2328.15,3.72441,4.5925,4.55253,0.084482,0.12294,0.0890861,0.12964,1.45522,563.738,387.3902228,0.25258,0.1735681,5.762555445
0.0,153.405,827.142,2.72277,4.14099,4.14099,0.0,0.0,0.0991835,0.15534,1.56619,153.405,97.94788627,0.15534,0.0991835,6.40208796
0.0,565.374,953.036,3.13825,5.07804,4.96712,0.0,0.0,0.166457,0.29936,1.79842,565.374,314.372616,0.29936,0.166457,3.387302596
1453.7,0.0,4153.06,4.99676,6.24531,6.24531,0.21061,0.42506,0.0,0.0,2.01823,1453.7,720.2846058,0.42506,0.21061,6.298005906
1533.17,0.0,10848.3,4.36461,6.06205,6.04226,0.37212,0.45746,0.0,0.0,1.22934,1533.17,1247.148877,0.45746,0.37212,8.086124902
980.794,0.0,6008.68,5.70271,8.06325,8.06325,0.291748,0.3091,0.0,0.0,1.05948,980.794,925.7314909,0.3091,0.291748,5.802806722
128.915,0.0,3765.21,3.83614,4.41857,4.34351,0.0548056,0.07752,0.0,0.0,1.41445,128.915,91.14143307,0.07752,0.0548056,1.309634649
1356.58,0.0,17113.0,6.50203,8.0106,7.98579,0.377557,0.40854,0.0,0.0,1.08206,1356.58,1253.701273,0.40854,0.377557,8.27682478
1497.49,205.934,30526.7,4.92572,9.88966,9.88966,0.317729,0.41164,0.0479172,0.06208,1.29557,1703.424,1314.80661,0.47372,0.3656462,7.958897753
513.841,41.7746,2033.6,3.91416,5.30344,5.17667,0.203303,0.24146,0.0379225,0.04504,1.18769,555.6156,467.8119711,0.2865,0.2412255,5.830444291
1793.4,0.0,5512.95,9.1911,9.95246,9.95246,0.633061,0.5759,0.0,0.0,0.909707,1793.4,1971.40398,0.5759,0.633061,13.29577116
1020.25,0.0,225978.0,0.0,0.0,0.0,5.54411,0.90988,0.0,0.0,0.164116,1020.25,6216.63945,0.90988,5.54411,20.58866179
1903.33,0.0,5972.75,5.8597,6.79191,6.78782,0.547694,0.51932,0.0,0.0,0.948194,1903.33,2007.321287,0.51932,0.547694,10.46127486
680.631,1.74293,1118.43,4.04304,5.72411,5.72411,0.213068,0.24436,0.0,0.0,1.14687,682.37393,594.988037,0.24436,0.213068,6.055123493
1262.56,0.0,6772.25,5.48487,6.45449,6.42215,0.496828,0.42764,0.0,0.0,0.86074,1262.56,1466.830866,0.42764,0.496828,12.54745998
1344.16,0.0,1417.95,7.0927,7.39622,7.39622,0.482725,0.46596,0.0,0.0,0.96527,1344.16,1392.522299,0.46596,0.482725,10.98791574
1375.91,0.0,17578.0,14.25357,15.49369,15.47411,1.72845,0.79288,0.0,0.0,0.458724,1375.91,2999.42885,0.79288,1.72845,17.42527545
767.577,0.0,1385.71,3.78414,4.79715,4.66858,0.210035,0.38814,0.0,0.0,1.84797,767.577,415.3622624,0.38814,0.210035,5.445418364
969.748,0.0,833.647,4.10445,5.76724,5.76724,0.267178,0.33756,0.0,0.0,1.26343,969.748,767.5518232,0.33756,0.267178,5.617326983
0.0,545.894,2221.63,2.67474,5.09432,5.09432,0.0,0.0,0.336482,0.34528,1.02615,545.894,531.9826536,0.34528,0.336482,3.555544132
860.84,0.0,4946.46,3.87482,5.2589,5.25696,0.243538,0.26822,0.0,0.0,1.10135,860.84,781.6225541,0.26822,0.243538,5.734995949
2144.36,0.0,5373.54,8.65457,9.94292,9.91903,0.825298,0.74568,0.0,0.0,0.903529,2144.36,2373.316186,0.74568,0.825298,15.21396823
1977.04,0.0,1359.05,5.28288,6.97799,6.97799,0.569902,0.57044,0.0,0.0,1.00094,1977.04,1975.183328,0.57044,0.569902,11.06348639
0.0,770.444,2306.26,3.71955,4.98437,4.67631,0.0,0.0,0.186336,0.35298,1.89432,770.444,406.712699,0.35298,0.186336,3.924203345
235.574,0.0,2695.58,3.80283,4.42154,4.41884,0.0758865,0.11466,0.0,0.0,1.51094,235.574,155.9122136,0.11466,0.0758865,2.929323739
2239.54,0.0,27037.8,5.99724,16.37538,16.37538,1.3368,0.6968,0.0,0.0,0.521247,2239.54,4296.504344,0.6968,1.3368,22.91256608
2232.39,0.0,8195.49,5.8011,10.18784,10.17435,0.736827,0.66352,0.0,0.0,0.90051,2232.39,2479.02855,0.66352,0.736827,15.38949347
656.265,16.3193,5401.18,4.11286,5.03837,5.03612,0.212588,0.23354,0.0203175,0.02232,1.09856,672.5843,612.2417528,0.25586,0.2329055,6.46152993
1939.84,0.0,6412.41,5.99994,7.59116,7.59116,0.555157,0.55332,0.0,0.0,0.996691,1939.84,1946.280241,0.55332,0.555157,10.56948119
1414.05,0.0,14393.2,26.1509,27.73699,27.73699,2.35581,0.83572,0.0,0.0,0.354749,1414.05,3986.057748,0.83572,2.35581,21.31137849
496.396,0.0,2900.95,4.00596,4.68166,4.68147,0.132766,0.20624,0.0,0.0,1.55341,496.396,319.5524684,0.20624,0.132766,2.182159701
0.0,215.941,1458.07,3.3887,4.90478,4.90478,0.0,0.0,0.0482958,0.13654,2.82716,215.941,76.38089107,0.13654,0.0482958,1.69006717
0.0,330.393,3086.57,3.35138,4.85913,4.70736,0.0,0.0,0.110029,0.1684,1.53051,330.393,215.8711802,0.1684,0.110029,3.527327098
642.895,0.0,3079.58,5.14701,6.92307,6.92307,0.141301,0.19572,0.0,0.0,1.38513,642.895,464.14055,0.19572,0.141301,3.144514432
2089.19,0.0,11537.0,6.59467,11.54376,10.64285,0.912485,0.64664,0.0,0.0,0.708658,2089.19,2948.093439,0.64664,0.912485,15.95205663
1464.71,0.0,4067.22,10.95208,11.66235,11.6607,0.522496,0.58708,0.0,0.0,1.12361,1464.71,1303.575084,0.58708,0.522496,11.75483894
0.0,211.596,1396.55,3.25481,4.77005,4.64812,0.0,0.0,0.113518,0.13872,1.22201,211.596,173.1540658,0.13872,0.113518,3.433481122
0.0,54.5839,421.063,2.65637,4.13453,4.13022,0.0,0.0,0.120717,0.1847,1.53002,54.5839,35.67528529,0.1847,0.120717,4.887720479
1133.3,424.336,7182.91,5.38602,15.93969,15.93969,0.286326,0.44388,0.100177,0.1553,1.55026,1557.636,1004.757912,0.59918,0.386503,9.830231347
1616.31,0.0,3112.06,5.28876,7.04459,6.99806,0.208029,0.46608,0.0,0.0,2.24046,1616.31,721.4188158,0.46608,0.208029,5.399855396
0.0,467.598,8738.75,3.28393,6.32785,4.81084,0.0,0.0,0.195121,0.21984,1.12669,467.598,415.0192156,0.21984,0.195121,5.35275803
1053.52,0.0,6778.93,4.62581,5.66684,5.62433,0.286428,0.3362,0.0,0.0,1.17377,1053.52,897.5523314,0.3362,0.286428,6.597906496
0.0,165.008,1547.19,2.68849,4.44401,4.42876,0.0,0.0,0.110966,0.14542,1.31049,165.008,125.913208,0.14542,0.110966,3.519294252
1293.85,0.0,14872.0,3.97085,13.71017,13.71017,0.339663,0.41824,0.0,0.0,1.23134,1293.85,1050.765832,0.41824,0.339663,7.655471694
0.0,217.183,3096.44,3.46938,4.18455,4.126,0.0,0.0,0.148406,0.18246,1.22946,217.183,176.649098,0.18246,0.148406,8.019755081
0.0,999.73,11940.3,3.2912,9.95042,9.95042,0.0,0.0,0.388404,0.34168,0.879702,999.73,1136.441659,0.34168,0.388404,9.399933091
1379.98,0.0,738.381,5.30597,5.75412,5.75185,0.497954,0.4483,0.0,0.0,0.900285,1379.98,1532.825716,0.4483,0.497954,12.46261238
1108.7,0.0,9230.83,9.26028,10.75813,10.75813,0.409147,0.41648,0.0,0.0,1.01792,1108.7,1089.181861,0.41648,0.409147,8.154875875
0.0,827.849,8516.61,3.67099,7.07208,6.8397,0.0,0.0,0.210363,0.27576,1.31088,827.849,631.5215733,0.27576,0.210363,4.43533877
0.0,550.655,2264.55,2.69402,5.15072,5.13044,0.0,0.0,0.342205,0.34836,1.01799,550.655,540.9237812,0.34836,0.342205,3.992440573
1246.98,0.0,5280.86,3.99073,5.98845,5.97686,0.400919,0.41316,0.0,0.0,1.03053,1246.98,1210.037553,0.41316,0.400919,10.38097061
0.0,444.284,1598.65,2.57022,5.21835,5.21835,0.0,0.0,0.147493,0.21194,1.43695,444.284,309.1854275,0.21194,0.147493,2.822748327
1242.15,0.0,3350.82,8.01604,8.32687,8.32687,0.340904,0.4276,0.0,0.0,1.25431,1242.15,990.3054269,0.4276,0.340904,7.612620883
1152.12,0.0,3506.4,4.56825,5.44132,5.41816,0.285453,0.3197,0.0,0.0,1.11997,1152.12,1028.706126,0.3197,0.285453,7.265572701
2663.03,0.0,22649.6,5.24933,11.33302,11.33302,1.26837,0.70786,0.0,0.0,0.558087,2663.03,4771.711221,0.70786,1.26837,23.15463089
1243.65,0.0,3585.95,5.68671,7.29901,7.29887,0.155782,0.4236,0.0,0.0,2.71918,1243.65,457.3621459,0.4236,0.155782,3.197575385
902.329,0.0,1680.92,3.81053,4.41097,4.41097,0.285322,0.35364,0.0,0.0,1.23944,902.329,728.0134577,0.35364,0.285322,5.468816215
0.0,159.543,525.197,3.25892,4.08097,4.06963,0.0,0.0,0.210672,0.26482,1.25703,159.543,126.9205986,0.26482,0.210672,6.966831956
0.0,852.414,2306.75,3.5666,5.07264,5.05989,0.0,0.0,0.289077,0.42958,1.48604,852.414,573.6144384,0.42958,0.289077,5.967499269
1719.72,0.0,19779.9,5.55883,8.84838,8.83355,0.551275,0.48826,0.0,0.0,0.885692,1719.72,1941.66821,0.48826,0.551275,12.23276354
1655.7,0.0376195,16933.9,7.50788,8.35741,8.32473,0.396807,0.49254,0.0,0.0,1.24126,1655.73762,1333.916842,0.49254,0.396807,8.443146541
2315.33,0.0,4536.84,4.24913,6.54289,6.41069,0.521902,0.61606,0.0,0.0,1.18041,2315.33,1961.462543,0.61606,0.521902,8.752498568
1997.21,0.0,53354.7,10.60987,16.88394,16.88394,1.73299,0.77432,0.0,0.0,0.446812,1997.21,4469.911283,0.77432,1.73299,25.23789168
1489.31,0.0,3880.18,10.59979,11.41407,11.41389,0.490853,0.58888,0.0,0.0,1.19971,1489.31,1241.39167,0.58888,0.490853,10.97587756
0.0,1014.14,18098.3,3.48006,8.93435,8.93366,0.0,0.0,0.361267,0.3423,0.947498,1014.14,1070.334713,0.3423,0.361267,10.23060068
2390.24,0.0,3700.36,5.43231,6.88401,6.88401,0.667802,0.62062,0.0,0.0,0.929347,2390.24,2571.956438,0.62062,0.667802,14.0477765
0.0,152.759,3871.63,2.40322,4.35747,4.35747,0.0,0.0,0.0751611,0.0973,1.29455,152.759,118.0016222,0.0973,0.0751611,2.657083733
1485.65,0.0,2318.71,7.91059,8.35756,8.35756,0.522403,0.4906,0.0,0.0,0.939122,1485.65,1581.956338,0.4906,0.522403,12.23030284
1375.83,0.0,3421.55,5.239,5.90493,5.89411,0.186454,0.4192,0.0,0.0,2.24827,1375.83,611.950522,0.4192,0.186454,3.506264548
993.761,0.0,3632.37,4.81167,6.11189,6.0651,0.221471,0.35244,0.0,0.0,1.59136,993.761,624.472778,0.35244,0.221471,5.061776212
0.0,321.535,7214.56,2.4011,5.5829,5.58284,0.0,0.0,0.151613,0.18822,1.24145,321.535,258.999557,0.18822,0.151613,2.902175835
1455.99,0.0,1547.1,5.48184,6.02005,6.00129,0.505027,0.47792,0.0,0.0,0.946326,1455.99,1538.571275,0.47792,0.505027,12.42608033
1740.73,0.0,2679.09,5.24744,6.57194,6.52017,0.480512,0.5027,0.0,0.0,1.04618,1740.73,1663.891491,0.5027,0.480512,9.980378188
0.0,988.733,6446.09,2.67025,13.52669,13.52669,0.0,0.0,0.413177,0.3827,0.926237,988.733,1067.473012,0.3827,0.413177,10.0655489
298.197,21.0678,11017.6,5.68051,6.04963,6.04963,0.0507808,0.08218,0.00782288,0.01266,1.61833,319.2648,197.2804063,0.09484,0.05860368,2.757013695
2019.0,0.0,11788.1,5.80016,11.6475,11.64729,0.893498,0.6564,0.0,0.0,0.734641,2019.0,2748.281133,0.6564,0.893498,18.01981205
479.174,0.0,1941.56,4.51832,6.32934,6.29239,0.116975,0.17714,0.0,0.0,1.51434,479.174,316.4243169,0.17714,0.116975,3.414385139
0.0,860.865,4575.53,3.70327,5.23023,5.22427,0.0,0.0,0.267517,0.40084,1.49837,860.865,574.5343273,0.40084,0.267517,5.562340859
1333.38,20.1628,6066.12,5.20665,6.15746,6.13872,0.570679,0.42626,0.0312477,0.02334,0.746935,1353.5428,1812.129302,0.4496,0.6019267,13.58277934
913.446,0.0,11871.1,4.4136,4.79937,4.79679,0.275434,0.29116,0.0,0.0,1.0571,913.446,864.1055718,0.29116,0.275434,7.124364271
1897.08,0.0,25182.1,6.8566,12.38417,12.3754,0.694836,0.62756,0.0,0.0,0.903178,1897.08,2100.449745,0.62756,0.694836,13.94166277
1064.17,4.0302,2507.98,3.93225,5.91307,5.91307,0.383072,0.36292,0.0111253,0.01054,0.947393,1068.2002,1127.515403,0.37346,0.3941973,10.35910515
0.0,96.5629,4974.78,3.38148,4.50692,4.50092,0.0,0.0,0.0356976,0.06254,1.75194,96.5629,55.11769809,0.06254,0.0356976,1.960414002
1391.25,0.0,7367.63,4.17052,10.48256,10.46235,0.374969,0.46138,0.0,0.0,1.23045,1391.25,1130.683896,0.46138,0.374969,10.04202937
2175.22,1.17049,2453.04,4.46761,5.64072,5.621,0.571459,0.60524,0.0,0.0,1.05911,2176.39049,2054.923936,0.60524,0.571459,8.426732408
586.407,12.3377,372.279,3.74704,5.56832,5.56832,0.404066,0.39448,0.0808582,0.07894,0.976277,598.7447,613.2938705,0.47342,0.4849242,11.28415305
1054.4,2.52592,3112.61,5.00118,7.04018,6.73681,0.290293,0.3248,0.0,0.0,1.11887,1056.92592,944.6369283,0.3248,0.290293,6.942380612
1151.48,0.0,587.217,4.19849,4.88485,4.88485,0.312883,0.36754,0.0,0.0,1.17469,1151.48,980.2415957,0.36754,0.312883,6.3638474
2343.03,0.0,5957.39,6.85181,9.50075,9.50075,1.84882,0.7749,0.0,0.0,0.419132,2343.03,5590.195929,0.7749,1.84882,31.34050238
0.0,192.719,1831.29,3.55017,4.19377,4.10153,0.0,0.0,0.112576,0.16192,1.43831,192.719,133.9898909,0.16192,0.112576,5.292159105
1071.44,0.0,2969.34,4.1656,5.96918,5.96918,0.350733,0.36178,0.0,0.0,1.0315,1071.44,1038.72031,0.36178,0.350733,5.625439183
961.336,0.0,7245.23,3.95895,5.38689,5.38689,0.139296,0.30888,0.0,0.0,2.21744,961.336,433.5341655,0.30888,0.139296,4.805680081
2452.87,0.0,5213.21,8.17399,9.60031,9.60031,1.39738,0.7348,0.0,0.0,0.525842,2452.87,4664.65212,0.7348,1.39738,24.36021925
0.0,279.041,1409.73,2.58962,4.58851,4.12659,0.0,0.0,0.113263,0.15964,1.40946,279.041,197.9772395,0.15964,0.113263,2.600015074
957.975,2.12887,6284.04,3.91645,4.99022,4.98963,0.242937,0.33734,0.00211726,0.00294,1.38859,960.10387,691.4235808,0.34028,0.24505426,5.652856072
0.0,4.25538,513.366,2.90303,3.79357,3.79357,0.0,0.0,0.0,0.0,1.85676,4.25538,2.291830931,0.0,0.0,6.528950759
0.0,22.9968,1964.87,3.36573,3.98128,3.89185,0.0,0.0,0.0101153,0.01642,1.62328,22.9968,14.16687201,0.01642,0.0101153,3.965120235
0.0,764.613,2744.74,3.30533,7.1997,7.1962,0.0,0.0,0.26433,0.3005,1.13684,764.613,672.5774955,0.3005,0.26433,4.993485502
0.0,77.8544,1442.42,2.4209,4.31047,4.31047,0.0,0.0,0.0334346,0.0656,1.96204,77.8544,39.68033271,0.0656,0.0334346,2.718279219
1467.26,0.0,3098.95,4.38111,6.44243,6.43204,0.459814,0.44916,0.0,0.0,0.976829,1467.26,1502.064333,0.44916,0.459814,10.65459511
0.0,268.461,7059.31,3.62145,5.7329,5.72476,0.0,0.0,0.0695327,0.10156,1.46061,268.461,183.8006039,0.10156,0.0695327,2.285948929
1441.56,0.0,14513.1,13.20205,15.8929,15.79897,0.916504,0.62236,0.0,0.0,0.679059,1441.56,2122.878866,0.62236,0.916504,14.15123088
0.0,369.13,5651.6,2.76061,5.03723,5.01256,0.0,0.0,0.207646,0.23814,1.14685,369.13,321.8642368,0.23814,0.207646,6.09053346
787.309,0.0,3876.73,3.89522,4.62845,4.6169,0.269055,0.31616,0.0,0.0,1.17508,787.309,670.0045954,0.31616,0.269055,6.793538396
1622.87,0.0,16430.2,5.56329,10.27364,10.24469,0.381235,0.48764,0.0,0.0,1.27911,1622.87,1268.749365,0.48764,0.381235,6.96523291
1677.64,0.0,8966.74,4.66596,8.11285,8.11285,0.439696,0.47404,0.0,0.0,1.07811,1677.64,1556.093534,0.47404,0.439696,9.933202032
2326.87,0.0,49807.6,8.0633,15.68052,15.63997,1.57737,0.7466,0.0,0.0,0.473321,2326.87,4916.050629,0.7466,1.57737,24.42172494
0.0,217.336,6340.96,2.51784,5.2665,5.24522,0.0,0.0,0.0328002,0.09616,2.93169,217.336,74.13334971,0.09616,0.0328002,1.018179545
0.0,644.139,6125.6,3.67908,4.85942,4.85942,0.0,0.0,0.157632,0.29308,1.85926,644.139,346.4491249,0.29308,0.157632,3.810189358
895.422,0.0,4623.43,5.12409,6.24947,6.24249,0.201031,0.26264,0.0,0.0,1.30647,895.422,685.3750947,0.26264,0.201031,5.313422575
1815.5,0.0,8580.6,6.18953,7.62791,7.62791,0.750829,0.5022,0.0,0.0,0.66886,1815.5,2714.319888,0.5022,0.750829,17.98438668
1351.53,0.0,8050.27,9.51593,10.23983,10.22611,0.371027,0.4805,0.0,0.0,1.29505,1351.53,1043.612216,0.4805,0.371027,8.613812071
470.507,11.1139,2738.51,3.88697,4.64383,4.63782,0.0828852,0.18324,0.00513849,0.01136,2.21077,481.6209,217.8521058,0.1946,0.08802369,3.239178748
1734.22,0.0,7568.15,7.27261,10.2361,10.14502,0.847757,0.58708,0.0,0.0,0.69251,1734.22,2504.252646,0.58708,0.847757,16.26681262
695.0,0.0,1174.25,5.41792,5.90162,5.90162,0.135359,0.23854,0.0,0.0,1.76228,695.0,394.3754681,0.23854,0.135359,3.361857041
1571.79,0.0,17141.5,7.45425,8.13608,8.13237,0.368888,0.45234,0.0,0.0,1.22623,1571.79,1281.806839,0.45234,0.368888,8.154854718
662.175,0.0,3682.53,5.85474,7.33038,7.1866,0.130691,0.20586,0.0,0.0,1.57516,662.175,420.3858656,0.20586,0.130691,2.638134081
1890.99,0.0,4487.09,6.61787,13.11018,13.11018,0.74833,0.67004,0.0,0.0,0.895381,1890.99,2111.93894,0.67004,0.74833,14.37840156
1333.17,0.0,3120.89,6.68696,7.80785,7.80785,0.467748,0.42652,0.0,0.0,0.911859,1333.17,1462.035249,0.42652,0.467748,9.894404937
0.0,327.889,1588.51,3.36486,4.56325,4.5467,0.0,0.0,0.11748,0.18698,1.59158,327.889,206.0147778,0.18698,0.11748,3.080402951
1422.33,0.0,6381.89,4.68827,6.48524,6.48524,0.122198,0.3917,0.0,0.0,3.20545,1422.33,443.7224103,0.3917,0.122198,3.541365379
0.0,83.1599,1892.58,2.90837,4.00641,3.89874,0.0,0.0,0.0604778,0.10954,1.81124,83.1599,45.91324176,0.10954,0.0604778,3.912645664
1805.85,88.3396,8357.91,6.61419,10.79495,10.65383,0.723905,0.59758,0.051242,0.0423,0.825495,1894.1896,2294.610628,0.63988,0.775147,15.40819993
1783.7,106.77,4149.51,6.26863,10.02209,9.82831,0.709198,0.57566,0.0680296,0.05522,0.811705,1890.47,2329.011156,0.63088,0.7772276,16.38419202
1444.83,0.0,28646.7,14.56862,19.86541,19.86541,3.20058,0.87912,0.0,0.0,0.274675,1444.83,5260.143806,0.87912,3.20058,22.52420676
0.0,216.911,12555.0,3.57141,4.40246,4.39113,0.0,0.0,0.0781869,0.09496,1.21453,216.911,178.5966588,0.09496,0.0781869,4.025284935
0.0,47.4954,658.944,2.75639,3.89915,3.89915,0.0,0.0,0.0413865,0.1118,2.70136,47.4954,17.58203275,0.1118,0.0413865,1.73874253
0.0,679.056,7982.37,2.54695,6.07687,6.07687,0.0,0.0,0.186962,0.28564,1.5278,679.056,444.4665532,0.28564,0.186962,8.077087076
0.0,244.012,1325.68,3.18674,4.64776,4.48578,0.0,0.0,0.0812766,0.16366,2.01362,244.012,121.180759,0.16366,0.0812766,3.494583092
1465.8,0.0,4069.14,10.87887,11.61446,11.61282,0.52228,0.58656,0.0,0.0,1.12308,1465.8,1305.160808,0.58656,0.52228,11.89231142
1198.18,21.578,6818.49,4.94176,5.64031,5.6321,0.278171,0.34856,0.00719849,0.00902,1.25304,1219.758,973.4389964,0.35758,0.28536949,7.951902311
724.44,0.0,1333.31,4.65491,5.38914,5.38091,0.193914,0.27228,0.0,0.0,1.40413,724.44,515.9351342,0.27228,0.193914,3.576200151
935.487,0.0,3946.66,3.97595,6.03525,5.98504,0.316717,0.34922,0.0,0.0,1.10262,935.487,848.4219405,0.34922,0.316717,6.794968021
0.0,193.747,1880.61,2.86879,4.83603,4.81583,0.0,0.0,0.0955695,0.15948,1.66873,193.747,116.1044627,0.15948,0.0955695,3.694665373
2112.01,0.0,11988.3,6.49016,12.63938,12.62405,1.01627,0.68864,0.0,0.0,0.677616,2112.01,3116.824278,0.68864,1.01627,19.38144074
0.0,2.40904,1561.07,2.95905,3.85223,3.61217,0.0,0.0,0.0,0.0,1.23872,2.40904,1.94478171,0.0,0.0,3.211769114
1815.95,0.0,1818.13,4.61623,5.47631,5.47631,0.485365,0.5249,0.0,0.0,1.08146,1815.95,1679.165203,0.5249,0.485365,12.40513346
0.0,16.3623,1754.8,2.94299,3.96956,3.96779,0.0,0.0,0.0184568,0.04938,2.67544,16.3623,6.11574171,0.04938,0.0184568,2.464579051
0.0,75.9803,2198.92,3.26763,4.09177,4.07647,0.0,0.0,0.0854575,0.12676,1.48331,75.9803,51.22347992,0.12676,0.0854575,4.047029953
997.058,0.0,2369.44,5.87073,6.27741,6.27741,0.22182,0.329,0.0,0.0,1.48318,997.058,672.2434229,0.329,0.22182,5.268604327
1001.22,3.16089,5013.03,3.9227,5.87047,5.87047,0.365337,0.34632,0.0,0.0,0.947947,1004.38089,1059.532748,0.34632,0.365337,10.42684634
0.0,318.556,3377.17,3.03513,4.8185,4.73512,0.0,0.0,0.0906389,0.20254,2.23458,318.556,142.5574381,0.20254,0.0906389,3.280110257
2756.32,0.0,22745.2,5.82104,10.92239,10.1736,1.3571,0.72918,0.0,0.0,0.537309,2756.32,5129.860099,0.72918,1.3571,23.92899904
494.214,0.0,2782.18,3.80654,5.28786,5.2803,0.121543,0.1788,0.0,0.0,1.47108,494.214,335.9531773,0.1788,0.121543,3.222967968
0.0,52.0149,1113.87,3.03382,4.09843,4.09843,0.0,0.0,0.0444809,0.0631,1.41859,52.0149,36.66661967,0.0631,0.0444809,2.382225742
313.804,0.0,1387.49,3.90831,4.44036,4.43859,0.0641353,0.1443,0.0,0.0,2.24993,313.804,139.4727836,0.1443,0.0641353,1.30384345
0.0,1224.09,2461.71,3.1317,11.42301,11.42301,0.0,0.0,0.519138,0.47818,0.921103,1224.09,1328.939326,0.47818,0.519138,8.413915494
1369.69,0.0,1544.28,6.57314,6.93182,6.93182,0.299163,0.4756,0.0,0.0,1.58977,1369.69,861.5648805,0.4756,0.299163,6.483806505
1156.26,0.0,6906.69,4.65074,5.66299,5.65798,0.273343,0.35708,0.0,0.0,1.30634,1156.26,885.1141357,0.35708,0.273343,6.300576604
1752.28,0.0,29566.9,11.00764,15.75075,15.73754,2.13944,0.77234,0.0,0.0,0.361001,1752.28,4853.947773,0.77234,2.13944,24.21042449
0.0,77.1881,798.6,2.42814,4.3561,4.3561,0.0,0.0,0.0611264,0.0866,1.41674,77.1881,54.48289736,0.0866,0.0611264,1.851251663
0.0,86.797,2783.2,2.55446,4.22963,4.21972,0.0,0.0,0.0203509,0.05718,2.80971,86.797,30.89180022,0.05718,0.0203509,0.864989349
1353.61,0.0,28935.6,7.7526,12.16156,11.87507,0.50656,0.44168,0.0,0.0,0.87192,1353.61,1552.447472,0.44168,0.50656,10.4096807
906.467,0.0,1224.12,3.90326,6.09533,6.09533,0.244284,0.34346,0.0,0.0,1.40599,906.467,644.7179567,0.34346,0.244284,5.426437724
0.0,59.8784,3375.59,2.59819,4.01632,4.00607,0.0,0.0,0.0428355,0.06064,1.41565,59.8784,42.29746053,0.06064,0.0428355,2.756477171
1604.85,0.0,32262.0,12.35732,13.08518,13.03987,0.845222,0.66572,0.0,0.0,0.787627,1604.85,2037.576162,0.66572,0.845222,16.35915894
1235.9,0.0,4757.88,5.2805,6.90717,6.90717,0.273108,0.39158,0.0,0.0,1.43379,1235.9,861.9811827,0.39158,0.273108,8.566929501
2028.61,0.0,5650.63,9.49767,11.24994,11.24883,1.35647,0.75216,0.0,0.0,0.554498,2028.61,3658.462249,0.75216,1.35647,23.28102582
0.0,249.816,1516.75,3.08533,4.34401,4.22396,0.0,0.0,0.158262,0.2249,1.42106,249.816,175.7955329,0.2249,0.158262,5.730214379
0.0,91.4111,4423.38,2.43151,4.37373,4.37373,0.0,0.0,0.046588,0.07636,1.63905,91.4111,55.77078186,0.07636,0.046588,2.759489957
0.0,47.9877,1723.34,3.06016,3.98232,3.97183,0.0,0.0,0.0497337,0.07588,1.52573,47.9877,31.45228841,0.07588,0.0497337,5.710672655
1452.72,0.0,4040.59,10.84114,11.21149,11.20988,0.51156,0.57858,0.0,0.0,1.13101,1452.72,1284.444877,0.57858,0.51156,11.70536075
0.0,103.114,2840.81,3.10309,4.05433,3.94052,0.0,0.0,0.0592507,0.07284,1.22935,103.114,83.87684549,0.07284,0.0592507,5.636763234
1770.74,0.0,7602.14,4.09783,9.48211,9.48211,0.51731,0.57034,0.0,0.0,1.10251,1770.74,1606.098811,0.57034,0.51731,13.88811377
0.0,5.71071,1207.08,2.93079,3.82163,3.80757,0.0,0.0,0.0113424,0.02372,2.09127,5.71071,2.730737781,0.02372,0.0113424,3.729272314
1491.07,0.0,12628.6,7.98484,8.96483,8.95338,0.450152,0.4848,0.0,0.0,1.07697,1491.07,1384.504675,0.4848,0.450152,10.05503947
0.0,215.659,2422.67,3.27288,4.37317,4.28606,0.0,0.0,0.125779,0.15886,1.26301,215.659,170.7500336,0.15886,0.125779,5.078658957
2341.48,0.0,2015.08,5.60013,6.91936,6.91936,0.649032,0.68654,0.0,0.0,1.05779,2341.48,2213.558457,0.68654,0.649032,7.590282226
1580.73,0.0,4516.15,5.22417,5.68466,5.68466,0.378928,0.46962,0.0,0.0,1.23934,1580.73,1275.461133,0.46962,0.378928,8.433617127
1377.69,0.0,2508.04,5.71785,7.73482,7.72321,0.425301,0.41656,0.0,0.0,0.979448,1377.69,1406.598411,0.41656,0.425301,9.712100479
0.0,848.317,1512.82,3.26538,5.77964,5.77964,0.0,0.0,0.509025,0.49208,0.966711,848.317,877.529065,0.49208,0.509025,3.989859774
0.0,1226.94,3556.83,2.71801,8.78801,8.60772,0.0,0.0,0.466708,0.43304,0.927862,1226.94,1322.33026,0.43304,0.466708,10.88451959
0.0,177.167,17975.7,3.42755,5.84706,5.78872,0.0,0.0,0.0394486,0.06056,1.53516,177.167,115.4062117,0.06056,0.0394486,1.175809184
0.0,733.181,3712.32,3.68593,5.11588,5.09821,0.0,0.0,0.24805,0.3144,1.26749,733.181,578.451112,0.3144,0.24805,6.034479612
190.926,125.71,7130.55,4.03616,4.67624,4.54961,0.056303,0.06748,0.0473753,0.05678,1.19852,316.636,264.1891666,0.12426,0.1036783,3.639971622
576.881,0.0,4488.75,3.88604,5.43906,5.43797,0.197614,0.25304,0.0,0.0,1.28048,576.881,450.5193365,0.25304,0.197614,4.311764253
1464.14,0.0,2851.57,7.20173,9.5586,9.50846,0.573156,0.4953,0.0,0.0,0.864162,1464.14,1694.288802,0.4953,0.573156,11.25603901
0.0,825.435,1729.72,3.487,4.72876,4.72876,0.0,0.0,0.243433,0.34924,1.43464,825.435,575.3603692,0.34924,0.243433,5.684460417
1558.8,10.3642,5837.16,5.22128,7.77112,7.77112,0.433246,0.4439,0.0134883,0.01382,1.02459,1569.1642,1531.504504,0.45772,0.4467343,9.775565543
1044.77,0.0,1827.07,4.39548,5.98081,5.98081,0.307037,0.3617,0.0,0.0,1.17803,1044.77,886.878942,0.3617,0.307037,5.661168238
1578.32,0.0,4755.64,8.06777,8.57419,8.57419,0.44533,0.43556,0.0,0.0,0.978062,1578.32,1613.721829,0.43556,0.44533,8.454262093
0.0,10.679,1127.8,2.95907,3.89004,3.88208,0.0,0.0,0.0372016,0.04878,1.31123,10.679,8.144261495,0.04878,0.0372016,3.985063018
2307.96,0.0,19366.9,6.40889,9.10111,9.10064,1.17645,0.68196,0.0,0.0,0.579676,2307.96,3981.465508,0.68196,1.17645,24.17045449
692.173,0.0,3558.59,4.39635,4.69319,4.67513,0.103359,0.24482,0.0,0.0,2.36864,692.173,292.2238078,0.24482,0.103359,2.397669576
1334.0,0.0,3090.57,4.35345,9.36738,9.36738,0.387544,0.46588,0.0,0.0,1.20213,1334.0,1109.696955,0.46588,0.387544,7.347407358
0.0,506.723,1494.98,3.22682,5.15965,5.15642,0.0,0.0,0.140272,0.20766,1.48041,506.723,342.285583,0.20766,0.140272,2.964475895
0.0,631.282,1137.17,2.65259,4.51725,4.48348,0.0,0.0,0.209451,0.30656,1.46364,631.282,431.3096117,0.30656,0.209451,5.499852251
0.0,423.287,4143.08,3.15558,5.80097,5.80097,0.0,0.0,0.124289,0.1944,1.5641,423.287,270.6265584,0.1944,0.124289,6.999501411
2450.71,0.0,3760.43,5.90394,6.37918,6.37918,0.722429,0.58102,0.0,0.0,0.804259,2450.71,3047.165155,0.58102,0.722429,14.95470117
0.0,853.22,5721.07,3.65933,5.43724,5.43724,0.0,0.0,0.241149,0.29458,1.22157,853.22,698.4618155,0.29458,0.241149,7.911588306
0.0,309.259,2459.82,3.68277,4.29925,4.29768,0.0,0.0,0.0843637,0.2049,2.42877,309.259,127.33153,0.2049,0.0843637,3.242395049
0.0,15.3041,1841.16,2.49845,4.03148,4.03148,0.0,0.0,0.0341966,0.06246,1.8265,15.3041,8.378921434,0.06246,0.0341966,3.602826926
873.183,0.0,1509.9,4.14319,4.67913,4.67313,0.157432,0.265,0.0,0.0,1.68326,873.183,518.7451731,0.265,0.157432,4.533206726
1423.57,0.0,2992.34,6.68644,6.89356,6.89356,0.45044,0.46406,0.0,0.0,1.03024,1423.57,1381.784827,0.46406,0.45044,8.737012846
0.0,38.5038,1008.98,2.69591,3.92683,3.92683,0.0,0.0,0.0269638,0.06302,2.3372,38.5038,16.47432826,0.06302,0.0269638,1.017737089
699.887,0.0,5432.64,4.49569,5.90641,5.8829,0.194878,0.22602,0.0,0.0,1.1598,699.887,603.454906,0.22602,0.194878,4.429280398
0.0,164.395,1804.25,2.54975,4.51085,4.51085,0.0,0.0,0.0796306,0.10842,1.36154,164.395,120.741954,0.10842,0.0796306,1.395242139
982.097,0.0,2634.79,4.64149,5.57902,5.57902,0.245536,0.3178,0.0,0.0,1.29431,982.097,758.780354,0.3178,0.245536,4.658461403
1311.87,0.0,2165.86,4.11586,5.40379,5.39113,0.353353,0.42712,0.0,0.0,1.20876,1311.87,1085.302293,0.42712,0.353353,7.220364873
1076.08,0.0,3756.28,4.91636,6.60456,6.60456,0.245686,0.37768,0.0,0.0,1.53725,1076.08,700.0032526,0.37768,0.245686,5.782024846
1421.7,0.0,2312.09,7.66858,8.31523,8.31523,0.518045,0.4759,0.0,0.0,0.918646,1421.7,1547.603756,0.4759,0.518045,12.98983414
1624.83,0.0,1534.3,11.56903,11.80846,11.80846,0.967491,0.64324,0.0,0.0,0.664854,1624.83,2443.889937,0.64324,0.967491,18.76422417
0.0,434.529,1842.74,3.04579,4.90036,4.90036,0.0,0.0,0.157626,0.21664,1.3744,434.529,316.1590512,0.21664,0.157626,5.637951825
837.373,0.0,2066.66,4.6547,5.27343,5.27343,0.284532,0.33074,0.0,0.0,1.1624,837.373,720.3828286,0.33074,0.284532,5.239301016
0.0,309.346,1658.75,3.40377,5.22361,5.22361,0.0,0.0,0.107252,0.1498,1.39671,309.346,221.4819111,0.1498,0.107252,2.740708879
0.0,684.583,1433.16,3.12604,5.13273,5.12998,0.0,0.0,0.184833,0.36636,1.98211,684.583,345.3809324,0.36636,0.184833,1.606557793
0.0,177.474,5091.98,3.0106,4.48784,4.231,0.0,0.0,0.0643508,0.10382,1.61335,177.474,110.0034091,0.10382,0.0643508,4.072445431
1409.5,1.37182,3756.83,4.93143,6.97816,6.97816,0.462454,0.41862,0.0,0.0,0.905214,1410.87182,1558.605832,0.41862,0.462454,10.66123262
1636.28,0.0,1626.57,5.8805,6.30976,6.27431,0.50114,0.51086,0.0,0.0,1.0194,1636.28,1605.140279,0.51086,0.50114,11.30642367
1281.15,0.0,11811.9,3.93163,5.85951,5.81156,0.377413,0.37672,0.0,0.0,0.998165,1281.15,1283.505232,0.37672,0.377413,8.224545253
1777.45,0.0,6409.72,5.47786,9.28052,6.97374,0.541883,0.51666,0.0,0.0,0.953453,1777.45,1864.224036,0.51666,0.541883,12.04341872
387.554,0.0,1325.04,3.97053,4.18106,4.18106,0.136524,0.25038,0.0,0.0,1.83396,387.554,211.3208576,0.25038,0.136524,3.40243721
2239.39,0.0,8180.4,6.49901,13.61667,13.37179,1.37169,0.74538,0.0,0.0,0.543402,2239.39,4121.055867,0.74538,1.37169,24.31434117
1051.25,0.0,1749.0,5.49511,6.10412,6.08468,0.296679,0.35282,0.0,0.0,1.18923,1051.25,883.9753454,0.35282,0.296679,6.029431919
0.0,26.1139,22531.4,2.4692,4.10542,4.10542,0.0,0.0,0.00247433,0.00522,2.10966,26.1139,12.37825052,0.00522,0.00247433,1.761957475
1521.71,0.0,9242.82,6.44554,7.56959,7.50387,0.539862,0.48154,0.0,0.0,0.891969,1521.71,1706.012204,0.48154,0.539862,11.69317077
0.0,255.838,3133.15,3.3401,4.51899,4.51631,0.0,0.0,0.103515,0.13232,1.27827,255.838,200.1439446,0.13232,0.103515,4.955242147
1856.22,0.0,1785.37,4.05077,5.68269,5.58356,0.43636,0.52036,0.0,0.0,1.1925,1856.22,1556.578616,0.52036,0.43636,9.571023506
0.0,732.837,946.381,3.65658,4.98078,4.98016,0.0,0.0,0.167517,0.27422,1.63697,732.837,447.6789434,0.27422,0.167517,4.551132179
0.0,666.059,2399.06,3.1685,5.18257,4.9152,0.0,0.0,0.22941,0.28528,1.24354,666.059,535.6152597,0.28528,0.22941,4.684216198
889.671,0.0,3110.78,4.61311,5.63723,5.63723,0.211005,0.31008,0.0,0.0,1.46954,889.671,605.4078147,0.31008,0.211005,5.245821719
928.09,0.0,3934.4,7.71117,7.96043,7.96043,0.316382,0.3215,0.0,0.0,1.01618,928.09,913.3126021,0.3215,0.316382,7.669259868
0.0,411.117,1928.06,3.22574,5.84263,5.70759,0.0,0.0,0.103784,0.19774,1.90531,411.117,215.7743359,0.19774,0.103784,2.896702113
1108.86,0.0,3260.03,9.57688,10.52986,10.52986,0.277775,0.42348,0.0,0.0,1.52454,1108.86,727.340706,0.42348,0.277775,5.626324269
0.0,1305.21,5044.2,3.48934,11.58637,11.58637,0.0,0.0,0.539,0.48888,0.907013,1305.21,1439.020168,0.48888,0.539,10.22181219
816.039,0.0,1690.35,4.41529,5.47061,5.45212,0.317548,0.32204,0.0,0.0,1.01415,816.039,804.6531578,0.32204,0.317548,5.486791017
766.029,0.0,2302.21,5.11822,7.71846,7.71236,0.156252,0.27696,0.0,0.0,1.77252,766.029,432.1694537,0.27696,0.156252,2.311741379
0.0,140.982,1070.75,3.64959,4.16883,4.16883,0.0,0.0,0.172347,0.2016,1.16973,140.982,120.5252494,0.2016,0.172347,6.526902576
2123.24,0.0,21301.2,6.0369,11.27088,11.27088,0.655606,0.54224,0.0,0.0,0.827082,2123.24,2567.1457,0.54224,0.655606,11.53504591
1293.59,0.0,1950.11,4.02494,5.64924,5.64854,0.471028,0.43256,0.0,0.0,0.918331,1293.59,1408.631528,0.43256,0.471028,11.20471782
0.0,379.761,5352.97,3.21122,4.27166,4.2697,0.0,0.0,0.152137,0.19094,1.25505,379.761,302.5863511,0.19094,0.152137,4.85095508
0.0,472.871,3513.64,2.93234,5.31837,4.66391,0.0,0.0,0.134568,0.18152,1.34891,472.871,350.5578578,0.18152,0.134568,5.645795359
0.0,808.667,2521.52,3.57476,6.43529,6.40936,0.0,0.0,0.172801,0.2952,1.70833,808.667,473.3669724,0.2952,0.172801,4.294860609
1479.23,0.0,681.892,5.04943,5.38089,5.38089,0.44711,0.5085,0.0,0.0,1.1373,1479.23,1300.650664,0.5085,0.44711,8.108485227
1843.06,0.0,12820.9,11.13296,15.32333,15.32333,1.60324,0.78362,0.0,0.0,0.488773,1843.06,3770.789303,0.78362,1.60324,26.75031209
0.0,30.7369,1702.2,3.30481,4.08176,3.94024,0.0,0.0,0.0501421,0.074,1.47581,30.7369,20.82713899,0.074,0.0501421,3.297836007
2097.68,0.0,9788.5,7.72143,9.72623,9.71631,0.473542,0.67444,0.0,0.0,1.42425,2097.68,1472.831315,0.67444,0.473542,9.568825198
0.0,430.354,6623.4,3.4809,5.38027,5.38027,0.0,0.0,0.129602,0.16574,1.27884,430.354,336.5190329,0.16574,0.129602,3.73238085
854.12,0.0,2060.76,4.18695,4.90586,4.89799,0.189405,0.31506,0.0,0.0,1.66342,854.12,513.4722439,0.31506,0.189405,4.518250754
0.0,321.263,1385.12,3.64026,4.62174,4.62174,0.0,0.0,0.179176,0.20794,1.16054,321.263,276.8219967,0.20794,0.179176,3.924597932
2357.24,0.0,2046.74,5.64932,6.98557,6.97231,0.661975,0.6894,0.0,0.0,1.04143,2357.24,2263.464659,0.6894,0.661975,7.589350266
684.876,499.681,18174.9,4.11545,14.56645,14.56645,0.305317,0.22906,0.233206,0.17496,0.750237,1184.557,1578.910398,0.40402,0.538523,9.202975187
1426.35,0.0,5313.76,5.9525,8.255,8.24564,0.398525,0.44568,0.0,0.0,1.11832,1426.35,1275.439946,0.44568,0.398525,7.387269622
810.717,0.0,1006.93,4.03981,4.83061,4.83061,0.252875,0.31422,0.0,0.0,1.24259,810.717,652.4412719,0.31422,0.252875,5.660352635
2699.21,0.0,2715.05,5.4008,6.84749,6.84749,0.600483,0.6498,0.0,0.0,1.08213,2699.21,2494.349108,0.6498,0.600483,13.75556111
1888.42,0.0,5229.56,4.85253,5.52925,5.5277,0.620331,0.50084,0.0,0.0,0.807375,1888.42,2338.962688,0.50084,0.620331,14.23860844
1438.95,0.0,25357.3,14.88459,27.51057,27.50898,3.12159,0.87278,0.0,0.0,0.279595,1438.95,5146.551262,0.87278,3.12159,21.22719799
0.0,576.081,1945.23,2.56888,4.69205,4.67084,0.0,0.0,0.180643,0.2787,1.54282,576.081,373.3948225,0.2787,0.180643,5.509057107
2102.58,0.0,2368.14,5.03774,6.35365,6.35365,0.491904,0.57128,0.0,0.0,1.16137,2102.58,1810.430784,0.57128,0.491904,10.61175169
2220.57,0.0,15560.5,6.90793,10.93877,10.8516,1.02769,0.70982,0.0,0.0,0.690693,2220.57,3214.988425,0.70982,1.02769,19.15495507
1772.03,0.0,63613.9,7.8738,20.72686,20.71374,0.710152,0.70158,0.0,0.0,0.987929,1772.03,1793.68153,0.70158,0.710152,13.53876718
1604.88,0.0,2183.91,4.26393,6.53029,6.50771,0.404609,0.48994,0.0,0.0,1.2109,1604.88,1325.361302,0.48994,0.404609,10.19914262
0.0,1216.67,11689.8,3.57347,10.54329,10.46059,0.0,0.0,0.513329,0.40898,0.796722,1216.67,1527.094771,0.40898,0.513329,11.91360899
2149.43,0.0,4193.89,8.72882,14.85288,14.85288,1.56723,0.81384,0.0,0.0,0.519287,2149.43,4139.194704,0.81384,1.56723,14.48733302
0.0,261.745,2019.93,3.51824,5.88281,5.88281,0.0,0.0,0.0855996,0.11664,1.36262,261.745,192.089504,0.11664,0.0855996,1.525893861
0.0,385.844,9319.16,3.28047,4.92369,4.74095,0.0,0.0,0.147836,0.18074,1.22257,385.844,315.6007427,0.18074,0.147836,6.451408462
0.0,20.8125,2379.37,2.57487,4.06765,4.06765,0.0,0.0,0.0222502,0.03244,1.45796,20.8125,14.27508299,0.03244,0.0222502,0.935246561
1021.76,32.4978,2767.39,8.65058,9.77811,9.77811,0.249247,0.35788,0.0279835,0.04018,1.43585,1054.2578,734.2395097,0.39806,0.2772305,7.092559293
2475.93,0.0,20253.2,10.68501,11.21967,10.9966,0.764418,0.73596,0.0,0.0,0.962771,2475.93,2571.67073,0.73596,0.764418,14.9088911
742.377,0.0,2343.2,3.97006,5.55428,5.53082,0.181141,0.25116,0.0,0.0,1.38654,742.377,535.4169371,0.25116,0.181141,4.662420524
0.0,441.419,2589.75,3.45332,5.31191,5.31191,0.0,0.0,0.140187,0.18258,1.3024,441.419,338.9273649,0.18258,0.140187,3.6353578
1867.03,0.0,3630.76,4.3971,6.38142,6.36474,0.436219,0.57714,0.0,0.0,1.32305,1867.03,1411.156041,0.57714,0.436219,6.038427852
568.16,0.0,3638.35,5.50358,5.98148,5.98148,0.131197,0.18248,0.0,0.0,1.39089,568.16,408.4866524,0.18248,0.131197,2.943022987
1787.72,0.0,31702.4,7.84231,9.63817,9.63817,0.573401,0.5552,0.0,0.0,0.968257,1787.72,1846.327989,0.5552,0.573401,10.72092557
1589.39,0.0732974,17382.5,7.40998,8.39033,8.36676,0.402671,0.48692,0.0,0.0,1.20923,1589.463297,1314.442494,0.48692,0.402671,8.572013668
0.0,175.126,4560.5,2.81637,4.40281,4.39884,0.0,0.0,0.0510966,0.07842,1.53474,175.126,114.1079271,0.07842,0.0510966,2.41618118
936.844,0.0,2846.73,4.31451,4.89363,4.87033,0.339632,0.35084,0.0,0.0,1.033,936.844,906.9157793,0.35084,0.339632,9.208153852
0.0,667.19,1518.28,2.82771,5.88357,5.87564,0.0,0.0,0.133084,0.29872,2.2446,667.19,297.2422703,0.29872,0.133084,4.028592414
1445.33,0.0,2133.13,4.84122,7.00262,6.9907,0.426777,0.44992,0.0,0.0,1.05423,1445.33,1370.981664,0.44992,0.426777,9.006891831
1937.61,0.0,965.146,4.16594,6.67917,6.67917,0.705382,0.54832,0.0,0.0,0.777338,1937.61,2492.622257,0.54832,0.705382,14.26974611
1330.83,0.0,2956.07,4.62415,6.46285,6.46285,0.476152,0.44298,0.0,0.0,0.930333,1330.83,1430.487793,0.44298,0.476152,10.49067921
2101.33,0.0,1583.12,6.39708,7.09435,7.09435,0.566244,0.62532,0.0,0.0,1.10433,2101.33,1902.809849,0.62532,0.566244,13.89699508
0.0,162.555,1234.53,3.3323,4.38049,4.38049,0.0,0.0,0.0553818,0.11832,2.13644,162.555,76.08685477,0.11832,0.0553818,2.645633131
727.607,0.0,4165.54,4.28847,5.07066,5.07066,0.20795,0.27114,0.0,0.0,1.30387,727.607,558.0364607,0.27114,0.20795,5.268284425
1429.17,0.0,3664.62,4.27999,7.01256,7.01256,0.369215,0.4028,0.0,0.0,1.09096,1429.17,1310.011366,0.4028,0.369215,7.585863239
1381.32,0.0,13968.6,7.49178,8.31415,8.31031,0.432416,0.41522,0.0,0.0,0.960232,1381.32,1438.527356,0.41522,0.432416,8.903578519
0.0,2.58451,2862.5,2.87742,3.81372,3.81309,0.0,0.0,0.0,0.0,1.78039,2.58451,1.451653851,0.0,0.0,0.990511411
0.0,64.7778,2231.83,3.46877,4.03231,4.03231,0.0,0.0,0.0449475,0.0735,1.63524,64.7778,39.6136347,0.0735,0.0449475,1.72628939
2110.2,0.0,12027.7,9.14993,11.91912,11.91912,1.11944,0.69318,0.0,0.0,0.619221,2110.2,3407.830161,0.69318,1.11944,20.28773018
433.031,0.0,2513.51,3.93713,4.38967,4.357,0.103901,0.17004,0.0,0.0,1.63655,433.031,264.5999206,0.17004,0.103901,2.470627678
2175.61,0.0,5091.17,9.22291,10.78711,10.78576,1.69043,0.78472,0.0,0.0,0.464213,2175.61,4686.663234,0.78472,1.69043,27.05619094
0.0,172.816,5564.69,3.31952,4.93645,4.93645,0.0,0.0,0.091317,0.112,1.2265,172.816,140.901753,0.112,0.091317,6.761277963
0.0,2.30265,1386.4,3.15452,3.83098,3.83091,0.0,0.0,0.00933406,0.0202,2.16412,2.30265,1.064012162,0.0202,0.00933406,1.46067958
0.0,380.872,1054.06,2.56071,4.84675,4.76627,0.0,0.0,0.0941031,0.17498,1.85945,380.872,204.8304606,0.17498,0.0941031,3.339813346
484.53,0.0,1914.45,3.88578,4.84334,4.83342,0.136167,0.23486,0.0,0.0,1.72479,484.53,280.9211556,0.23486,0.136167,3.144830313
0.0,118.722,2987.04,2.84223,4.21184,4.19491,0.0,0.0,0.0708699,0.12606,1.77875,118.722,66.74462403,0.12606,0.0708699,3.631213584
754.639,11.0793,2510.0,6.82075,7.85286,7.85286,0.272775,0.2379,0.0,0.0,0.872148,765.7183,877.9683035,0.2379,0.272775,7.896001621
651.67,0.0,1556.4,3.99682,5.20035,5.20035,0.199193,0.2576,0.0,0.0,1.29322,651.67,503.912714,0.2576,0.199193,3.537019036
1219.47,0.0,2363.33,4.19267,5.26486,5.24985,0.407268,0.49256,0.0,0.0,1.20943,1219.47,1008.301431,0.49256,0.407268,3.957438509
883.619,0.0,1517.29,4.16375,4.69508,4.68969,0.160515,0.26636,0.0,0.0,1.65941,883.619,532.4898609,0.26636,0.160515,4.679836382
1435.72,0.0,8275.48,9.35961,10.33776,10.33776,0.434091,0.45792,0.0,0.0,1.05489,1435.72,1361.013945,0.45792,0.434091,8.860444016
0.0,259.831,1180.6,3.69918,4.42221,4.41972,0.0,0.0,0.115258,0.17386,1.50844,259.831,172.2514651,0.17386,0.115258,2.835358542
0.0,67.6451,1928.28,2.92426,4.11167,4.09819,0.0,0.0,0.0430569,0.07154,1.66152,67.6451,40.71278107,0.07154,0.0430569,3.583458967
1605.16,0.0,20466.4,9.5104,12.17369,12.17369,0.656097,0.53164,0.0,0.0,0.810307,1605.16,1980.928216,0.53164,0.656097,13.40502683
0.0,535.68,863.77,3.17969,5.19236,5.19236,0.0,0.0,0.132065,0.25582,1.93707,535.68,276.5413743,0.25582,0.132065,3.40236245
1542.48,0.0,6069.4,7.4656,9.35136,9.34378,0.647008,0.5098,0.0,0.0,0.787935,1542.48,1957.623408,0.5098,0.647008,12.26226104
0.0,477.565,2235.36,3.57593,4.96245,4.95367,0.0,0.0,0.0958213,0.19618,2.04735,477.565,233.2600679,0.19618,0.0958213,2.850092926
0.0,1089.72,1982.91,3.14545,5.95276,5.75208,0.0,0.0,0.372777,0.45012,1.20748,1089.72,902.4745751,0.45012,0.372777,6.239284853
0.0,51.4177,4265.45,2.79601,3.99648,3.98656,0.0,0.0,0.0357596,0.04246,1.18737,51.4177,43.30385642,0.04246,0.0357596,3.253351788
1819.21,0.0,8390.58,13.61984,15.81495,15.81495,1.25456,0.74156,0.0,0.0,0.591093,1819.21,3077.7052,0.74156,1.25456,23.14293296
0.0,189.972,2330.61,2.87899,4.66531,4.65441,0.0,0.0,0.0648591,0.09838,1.51683,189.972,125.2427761,0.09838,0.0648591,1.720050182
0.0,51.8715,3587.05,2.80662,4.10082,4.0776,0.0,0.0,0.0518839,0.08618,1.66102,51.8715,31.22870285,0.08618,0.0518839,4.926224802
658.025,0.0,2732.18,4.02373,4.68587,4.64539,0.195737,0.30266,0.0,0.0,1.54626,658.025,425.559091,0.30266,0.195737,5.596429403
0.0,460.503,878.807,3.12705,4.87095,4.87095,0.0,0.0,0.138918,0.20976,1.50996,460.503,304.976953,0.20976,0.138918,6.976992573
1139.39,0.0,3972.55,4.889,7.82073,7.82073,0.262298,0.33914,0.0,0.0,1.29296,1139.39,881.226024,0.33914,0.262298,5.08813208
0.0,388.813,1358.85,3.17335,5.11675,5.09396,0.0,0.0,0.106615,0.20832,1.95395,388.813,198.9882034,0.20832,0.106615,3.197842916
0.0,584.771,2322.38,3.20702,6.0679,5.11035,0.0,0.0,0.188246,0.25802,1.37065,584.771,426.6377266,0.25802,0.188246,5.09537589
1411.76,462.29,11345.7,6.73158,9.6783,8.21464,0.52648,0.439,0.183296,0.15284,0.83384,1874.05,2247.493524,0.59184,0.709776,15.63134874
0.0,302.776,1728.34,3.64065,4.34393,4.34393,0.0,0.0,0.103544,0.20048,1.93617,302.776,156.3788304,0.20048,0.103544,3.422460647
0.0,994.557,6757.27,3.63188,10.37997,10.37997,0.0,0.0,0.267113,0.38424,1.43849,994.557,691.3895821,0.38424,0.267113,8.162704306
0.0,345.218,8768.81,2.86394,5.56403,5.56403,0.0,0.0,0.154707,0.1613,1.04262,345.218,331.1062516,0.1613,0.154707,7.059407619
0.0,673.4,3083.41,3.47327,5.19284,4.97211,0.0,0.0,0.220178,0.25868,1.17487,673.4,573.1697975,0.25868,0.220178,5.58127272
1594.97,0.0,3778.58,10.22736,11.1719,11.1719,0.651499,0.5614,0.0,0.0,0.861706,1594.97,1850.944522,0.5614,0.651499,11.25653627
0.0,224.282,2437.86,3.02405,4.86214,4.86214,0.0,0.0,0.0786158,0.10514,1.33739,224.282,167.7012689,0.10514,0.0786158,3.135807058
0.0,1077.47,3106.18,3.48029,6.04901,6.04818,0.0,0.0,0.337821,0.3851,1.13995,1077.47,945.1905785,0.3851,0.337821,10.21112099
1942.09,0.0,5708.15,13.62195,14.21059,14.20905,1.65635,0.77858,0.0,0.0,0.470058,1942.09,4131.596526,0.77858,1.65635,21.07451527
2073.69,0.0,9124.77,9.8037,13.47425,13.46784,1.54957,0.77912,0.0,0.0,0.502799,2073.69,4124.292212,0.77912,1.54957,29.40692092
445.134,0.0,1759.61,3.98746,4.73259,4.60897,0.124884,0.2375,0.0,0.0,1.90177,445.134,234.0630045,0.2375,0.124884,3.628379984
0.0,690.998,1035.49,3.51213,5.20728,5.20728,0.0,0.0,0.291115,0.40646,1.39622,690.998,494.9062469,0.40646,0.291115,5.537008872
2616.98,0.0,3281.26,6.79186,8.90548,8.80947,1.18702,0.72834,0.0,0.0,0.613586,2616.98,4265.058199,0.72834,1.18702,23.06438105
0.0,274.785,4912.92,2.49368,4.90247,4.50196,0.0,0.0,0.0895601,0.14188,1.58419,274.785,173.454573,0.14188,0.0895601,4.014752613
0.0,333.507,872.754,3.23619,4.27979,4.27979,0.0,0.0,0.17552,0.21946,1.25034,333.507,266.7330486,0.21946,0.17552,7.348908542
1955.58,0.0,2145.39,5.5712,7.58429,7.58429,0.456686,0.53452,0.0,0.0,1.17043,1955.58,1670.821835,0.53452,0.456686,10.82901701
0.0,319.385,2819.7,3.1741,4.77028,4.76358,0.0,0.0,0.117608,0.22266,1.89323,319.385,168.6984677,0.22266,0.117608,3.539702246
809.976,0.0,10003.2,4.55241,6.25531,6.24369,0.160753,0.25872,0.0,0.0,1.60942,809.976,503.2719862,0.25872,0.160753,3.217084981
934.668,98.8064,4821.69,4.86283,6.26085,6.24492,0.197637,0.2671,0.0462016,0.06244,1.35147,1033.4744,764.703915,0.32954,0.2438386,5.610337855
1761.31,0.0,3287.55,9.42624,10.78924,10.78325,0.973032,0.6467,0.0,0.0,0.664624,1761.31,2650.08486,0.6467,0.973032,16.88115324
2011.59,0.0,11920.6,9.63813,13.66711,13.66161,1.16533,0.73288,0.0,0.0,0.628902,2011.59,3198.574659,0.73288,1.16533,21.11732784
1152.19,0.0,2796.04,4.83612,6.31608,6.30774,0.266796,0.38852,0.0,0.0,1.45624,1152.19,791.2088667,0.38852,0.266796,6.662499904
660.98,0.0,2059.14,4.0345,4.79083,4.51089,0.203013,0.30236,0.0,0.0,1.48936,660.98,443.8013643,0.30236,0.203013,5.528209579
1370.57,0.0,3416.88,4.71475,6.48201,6.48201,0.380669,0.42154,0.0,0.0,1.10737,1370.57,1237.680269,0.42154,0.380669,8.177839782
1910.89,0.0,21212.8,7.78018,20.42814,20.42814,1.91687,0.78104,0.0,0.0,0.407456,1910.89,4689.806998,0.78104,1.91687,25.88440565
645.592,0.0,20270.0,3.96258,5.96532,5.96532,0.205073,0.22296,0.0,0.0,1.08722,645.592,593.8007027,0.22296,0.205073,5.178016166
1803.18,0.0,10160.0,10.62864,20.93415,20.9324,2.25022,0.84024,0.0,0.0,0.373403,1803.18,4829.045294,0.84024,2.25022,27.45838812
822.219,0.0,2021.63,4.025,5.04706,5.04249,0.260409,0.34142,0.0,0.0,1.31109,822.219,627.1262842,0.34142,0.260409,6.015301723
1553.26,0.0,16857.1,7.23133,8.11684,8.11684,0.373083,0.4652,0.0,0.0,1.24691,1553.26,1245.687339,0.4652,0.373083,8.103146315
452.027,19.2911,12002.1,5.74769,6.3068,6.3068,0.0872677,0.1261,0.0099517,0.01438,1.44498,471.3181,326.1762101,0.14048,0.0972194,4.934654594
1817.03,0.0,5115.43,5.99853,6.38416,6.3841,0.605953,0.52572,0.0,0.0,0.867592,1817.03,2094.336969,0.52572,0.605953,12.87979678
619.686,0.0,2831.02,4.07127,5.3844,5.3844,0.192012,0.24256,0.0,0.0,1.26325,619.686,490.5489808,0.24256,0.192012,5.564459014
1033.12,3.15971,4634.43,7.17292,8.34511,8.34511,0.167044,0.35032,0.0,0.0,2.09717,1036.27971,494.1324308,0.35032,0.167044,5.261725887
1614.18,0.0,16630.3,6.0394,9.46287,9.46287,0.380516,0.48094,0.0,0.0,1.26391,1614.18,1277.132074,0.48094,0.380516,6.997911302
1563.15,0.0,706.726,4.65738,5.67034,5.67034,0.335297,0.50464,0.0,0.0,1.50505,1563.15,1038.603369,0.50464,0.335297,6.646169008
1943.59,0.0,18267.9,6.52783,13.18615,13.17424,0.746557,0.65676,0.0,0.0,0.879718,1943.59,2209.332991,0.65676,0.746557,14.64664535
783.644,0.0,1589.85,4.28777,4.72075,4.72075,0.197726,0.32332,0.0,0.0,1.63519,783.644,479.2372752,0.32332,0.197726,5.866811485
0.0,156.851,1800.55,2.50205,4.5895,4.5895,0.0,0.0,0.0787339,0.14602,1.8546,156.851,84.57403214,0.14602,0.0787339,3.450900614
1517.91,0.0,6849.2,4.01484,6.3909,6.38663,0.482131,0.44684,0.0,0.0,0.926803,1517.91,1637.791418,0.44684,0.482131,12.04007354
0.0,1370.98,2975.03,3.67391,12.69031,12.69031,0.0,0.0,0.579419,0.53286,0.919646,1370.98,1490.769274,0.53286,0.579419,8.910789531
1005.1,0.0,1306.43,8.34107,8.50715,8.50715,0.290291,0.3427,0.0,0.0,1.18054,1005.1,851.3900418,0.3427,0.290291,5.443337884
1583.08,0.0,16107.7,6.34979,8.7673,8.7673,0.364589,0.47576,0.0,0.0,1.30492,1583.08,1213.162493,0.47576,0.364589,6.850097396
1496.4,0.0,8708.89,9.87565,10.83471,10.83471,0.481167,0.48232,0.0,0.0,1.0024,1496.4,1492.817239,0.48232,0.481167,9.400739176
0.0,1049.7,3075.99,3.16932,8.12438,7.7661,0.0,0.0,0.273136,0.37942,1.38913,1049.7,755.6528187,0.37942,0.273136,8.342342604
1162.1,0.0,4539.51,8.86897,9.41867,9.41275,0.374322,0.41176,0.0,0.0,1.10001,1162.1,1056.444941,0.41176,0.374322,7.620162296
0.0,298.886,4048.08,3.29973,5.15935,5.1188,0.0,0.0,0.108128,0.14108,1.30475,298.886,229.0753018,0.14108,0.108128,3.069331913
1407.57,0.0,2754.29,7.1276,7.3057,7.3057,0.422013,0.4703,0.0,0.0,1.11442,1407.57,1263.051632,0.4703,0.422013,9.667834309
0.0,64.6958,3487.37,2.49109,4.4733,4.4733,0.0,0.0,0.041626,0.06258,1.50339,64.6958,43.03327812,0.06258,0.041626,2.574920829
927.242,0.0,4627.88,4.79302,6.85041,6.73681,0.216716,0.27884,0.0,0.0,1.28666,927.242,720.6581381,0.27884,0.216716,5.371251887
0.0,570.071,4013.17,2.73042,4.65638,4.31645,0.0,0.0,0.210333,0.26086,1.24022,570.071,459.6531261,0.26086,0.210333,5.252678074
575.719,0.667144,3604.82,4.6565,6.24665,6.24665,0.12139,0.16938,0.0,0.0,1.39534,576.386144,413.0793527,0.16938,0.12139,3.053950389
1890.73,0.0,21102.4,7.95732,20.39112,20.39112,1.96966,0.79474,0.0,0.0,0.40349,1890.73,4685.940172,0.79474,1.96966,28.83105496
2039.07,0.0,7454.26,5.72246,7.3374,6.07377,0.881072,0.59026,0.0,0.0,0.669934,2039.07,3043.687886,0.59026,0.881072,18.64583127
1309.46,0.0,2840.89,16.84467,16.92569,16.92569,1.07769,0.72168,0.0,0.0,0.669653,1309.46,1955.430648,0.72168,1.07769,17.77160682
186.196,0.0,2320.38,3.84801,4.04864,4.03945,0.130727,0.16164,0.0,0.0,1.23647,186.196,150.586751,0.16164,0.130727,3.232606924
664.745,1.0216,12425.7,4.03539,5.15548,5.14476,0.133739,0.18278,0.0,0.0,1.3667,665.7666,487.1344114,0.18278,0.133739,3.692421036
1991.82,0.0,20553.3,8.73539,10.38015,10.36807,0.504175,0.68396,0.0,0.0,1.35659,1991.82,1468.254963,0.68396,0.504175,9.703359087
0.0,887.335,3884.14,2.87381,5.75578,5.73819,0.0,0.0,0.323457,0.39878,1.23287,887.335,719.7311963,0.39878,0.323457,6.019067531
581.728,0.0,5524.06,4.47146,4.97926,4.91948,0.173105,0.2033,0.0,0.0,1.17443,581.728,495.3279463,0.2033,0.173105,3.472401852
1691.13,0.0,2500.22,4.59937,5.74617,5.73998,0.439741,0.47458,0.0,0.0,1.07923,1691.13,1566.978309,0.47458,0.439741,8.790934173
1796.7,0.0,22767.1,7.26209,12.05091,12.03698,0.539719,0.62484,0.0,0.0,1.15771,1796.7,1551.94306,0.62484,0.539719,10.41305905
0.0,363.516,1296.55,3.16909,4.58826,4.58826,0.0,0.0,0.136087,0.26824,1.97109,363.516,184.4238467,0.26824,0.136087,3.255743921
0.0,10.0937,1204.37,3.14087,3.89085,3.89085,0.0,0.0,0.0,0.0,2.64196,10.0937,3.820534755,0.0,0.0,0.710235348
1970.02,0.0,7152.97,5.48487,10.65116,10.46238,0.761299,0.6399,0.0,0.0,0.840538,1970.02,2343.760782,0.6399,0.761299,15.33918046
1146.11,0.0,3284.85,4.62513,5.76822,5.72988,0.328403,0.36474,0.0,0.0,1.11065,1146.11,1031.92725,0.36474,0.328403,6.810167385
1635.13,0.0,11671.6,4.44127,11.35851,11.35851,0.53451,0.53364,0.0,0.0,0.998372,1635.13,1637.796332,0.53364,0.53451,12.2892533
0.0,912.283,17460.2,2.60203,8.38379,8.37128,0.0,0.0,0.233129,0.28646,1.22876,912.283,742.441974,0.28646,0.233129,5.598224522
0.0,942.645,14240.8,3.55494,8.28708,4.42564,0.0,0.0,0.27195,0.27674,1.01761,942.645,926.3322884,0.27674,0.27195,6.206035026
0.0,51.2459,1491.48,3.34231,4.07158,4.03733,0.0,0.0,0.0645155,0.09992,1.54877,51.2459,33.088128,0.09992,0.0645155,2.854293605
400.076,153.803,2921.81,4.66172,5.75292,5.55476,0.10581,0.13636,0.0496148,0.06394,1.28873,553.879,429.7866892,0.2003,0.1554248,3.534457429
0.0,430.723,1659.63,3.68194,4.72463,4.72463,0.0,0.0,0.139503,0.24434,1.75151,430.723,245.9152389,0.24434,0.139503,2.346532915
2173.78,0.0,4342.52,7.93483,15.09788,15.09788,1.3139,0.77364,0.0,0.0,0.58881,2173.78,3691.819093,0.77364,1.3139,22.08347377
0.0,245.412,3151.28,2.42411,4.91699,4.91433,0.0,0.0,0.0711444,0.16992,2.38838,245.412,102.7524933,0.16992,0.0711444,2.712269306
1322.05,0.0,587.597,4.41402,5.37738,5.37738,0.376744,0.4251,0.0,0.0,1.12835,1322.05,1171.666593,0.4251,0.376744,6.508512921
2275.69,0.0,2022.19,4.63983,7.44488,7.44488,0.498561,0.60926,0.0,0.0,1.22204,2275.69,1862.20582,0.60926,0.498561,11.21805477
861.2,0.0,5067.41,4.47094,5.37118,5.33272,0.195396,0.26372,0.0,0.0,1.34967,861.2,638.0819015,0.26372,0.195396,5.241460482
0.0,34.9361,2424.49,3.10049,3.91255,3.91255,0.0,0.0,0.0219012,0.05522,2.52132,34.9361,13.8562737,0.05522,0.0219012,2.546318911
561.902,0.0,2694.44,3.82643,4.38957,4.38957,0.101815,0.28194,0.0,0.0,2.76914,561.902,202.9157067,0.28194,0.101815,2.793188241
967.569,0.0,3143.39,4.51588,5.7096,5.7096,0.280837,0.33144,0.0,0.0,1.18019,967.569,819.8417204,0.33144,0.280837,5.768121482
0.0,134.664,1409.66,2.74143,4.1185,4.10687,0.0,0.0,0.103148,0.1471,1.42611,134.664,94.42749858,0.1471,0.103148,5.506368575
763.168,0.0,1586.76,4.0897,4.90958,4.90138,0.219599,0.2798,0.0,0.0,1.27414,763.168,598.9671465,0.2798,0.219599,4.928998781
0.0,457.313,971.533,3.07746,4.59351,4.59253,0.0,0.0,0.172709,0.2545,1.47358,457.313,310.3414813,0.2545,0.172709,5.642379524
1310.37,0.0,729.99,4.20794,5.44662,5.39592,0.242388,0.40694,0.0,0.0,1.67888,1310.37,780.5024778,0.40694,0.242388,6.549600929
0.0,411.628,2821.97,3.25769,4.95313,4.87224,0.0,0.0,0.0999962,0.19236,1.92367,411.628,213.9805684,0.19236,0.0999962,3.659786848
0.0,737.984,5587.25,3.57497,6.23289,6.23289,0.0,0.0,0.212106,0.29776,1.40383,737.984,525.693282,0.29776,0.212106,6.178077698
2051.81,0.0,5918.8,4.74384,5.59824,5.59824,0.594718,0.53272,0.0,0.0,0.895752,2051.81,2290.600523,0.53272,0.594718,11.38649713
0.0,413.215,830.874,2.85788,4.7957,4.7957,0.0,0.0,0.134674,0.21432,1.59139,413.215,259.6566524,0.21432,0.134674,5.166085264
0.0,77.3123,3648.86,3.23981,4.13083,4.11249,0.0,0.0,0.0531947,0.0745,1.40052,77.3123,55.20256762,0.0745,0.0531947,2.727614015
1195.35,401.841,6316.44,7.95854,15.2363,15.22375,0.347755,0.48334,0.103462,0.1438,1.38989,1597.191,1149.149213,0.62714,0.451217,11.03255164
1484.16,0.0,1317.81,10.6155,11.39724,11.39724,0.482561,0.59264,0.0,0.0,1.22811,1484.16,1208.491096,0.59264,0.482561,10.56412627
0.0,853.508,5299.69,2.45763,6.90366,6.89498,0.0,0.0,0.283609,0.31402,1.10723,853.508,770.8497783,0.31402,0.283609,6.305500567
