atom a,atom b,lowest distortion,a,b,c,alpha,beta,gamma,vpa,mu_b,metal_or_insulator
Ac,Ac,cubic,4.705,4.705,4.705,90.0,90.0,90.0,20.836,0.0,insulator
Ac,Ag,orthorhombic,5.779,6.077,8.248,90.0,90.0,90.0,14.485,0.0,metal
Ac,Al,cubic,3.858,3.858,3.858,90.0,90.0,90.0,11.487,0.0,insulator
Ac,As,orthorhombic,5.78,6.012,8.262,90.0,90.0,90.0,14.355,0.0,metal
Ac,Au,orthorhombic,5.899,6.75,7.63,90.0,90.0,90.0,15.19,0.0,insulator
Ac,B,cubic,3.693,3.693,3.693,90.0,90.0,90.0,10.075,0.0,insulator
Ac,Ba,orthorhombic,6.315,6.356,10.436,90.0,90.0,90.0,20.944000000000003,0.2,metal
Ac,Be,cubic,3.761,3.761,3.761,90.0,90.0,90.0,10.639000000000001,0.183,metal
Ac,Bi,orthorhombic,6.09,6.415,8.796,90.0,90.0,90.0,17.182000000000002,0.0,insulator
Ac,Ca,orthorhombic,5.994,6.269,8.448,90.0,90.0,90.0,15.873,0.2,metal
Ac,Cd,orthorhombic,5.84,6.199,8.338,90.0,90.0,90.0,15.094000000000001,0.0,metal
Ac,Ce,cubic,4.581,4.581,4.581,90.0,90.0,90.0,19.227999999999998,0.0,insulator
Ac,Co,rhombohedral,5.522,5.522,5.522,60.1,60.1,60.1,11.94,0.592,metal
Ac,Cr,orthorhombic,5.594,5.639,7.925,90.0,90.0,90.0,12.5,0.6,insulator
Ac,Cs,tetragonal,4.179,4.179,5.702,90.0,90.0,90.0,19.919,0.004,metal
Ac,Cu,orthorhombic,5.509,5.528,7.809,90.0,90.0,90.0,11.892000000000001,0.0,metal
Ac,Dy,orthorhombic,5.989,6.176,8.595,90.0,90.0,90.0,15.895,0.0,insulator
Ac,Er,orthorhombic,5.96,6.123,8.521,90.0,90.0,90.0,15.547,0.0,insulator
Ac,Eu,orthorhombic,6.033,6.3,8.784,90.0,90.0,90.0,16.695,0.2,metal
Ac,Fe,orthorhombic,5.63,5.655,7.97,90.0,90.0,90.0,12.687000000000001,1.0,insulator
Ac,Ga,orthorhombic,5.584,5.622,7.895,90.0,90.0,90.0,12.392999999999999,0.0,insulator
Ac,Gd,orthorhombic,6.029,6.225,8.673,90.0,90.0,90.0,16.276,0.0,insulator
Ac,Ge,orthorhombic,5.744,5.816,8.154,90.0,90.0,90.0,13.62,0.0,metal
Ac,Hf,orthorhombic,5.773,5.94,8.324,90.0,90.0,90.0,14.273,0.0,metal
Ac,Hg,orthorhombic,5.817,6.68,8.231,90.0,90.0,90.0,15.992,0.0,metal
Ac,Ho,orthorhombic,5.975,6.152,8.551,90.0,90.0,90.0,15.716,0.0,insulator
Ac,In,orthorhombic,5.857,6.035,8.359,90.0,90.0,90.0,14.775,0.0,insulator
Ac,Ir,orthorhombic,5.616,5.907,8.082,90.0,90.0,90.0,13.405,0.0,insulator
Ac,K,orthorhombic,6.346,6.434,9.682,90.0,90.0,90.0,19.767,0.4,metal
Ac,La,cubic,4.562,4.562,4.562,90.0,90.0,90.0,18.986,0.0,insulator
Ac,Li,cubic,3.874,3.874,3.874,90.0,90.0,90.0,11.628,0.399,metal
Ac,Lu,orthorhombic,5.905,6.047,8.429,90.0,90.0,90.0,15.05,0.0,insulator
Ac,Mn,orthorhombic,5.612,5.655,7.948,90.0,90.0,90.0,12.612,0.8,metal
Ac,Mo,orthorhombic,5.684,5.914,8.143,90.0,90.0,90.0,13.687000000000001,0.403,metal
Ac,Nb,orthorhombic,5.717,5.966,8.201,90.0,90.0,90.0,13.985,0.001,metal
Ac,Nd,cubic,4.503,4.503,4.503,90.0,90.0,90.0,18.259,0.0,insulator
Ac,Ni,orthorhombic,5.505,5.522,7.786,90.0,90.0,90.0,11.833,0.2,metal
Ac,Np,cubic,4.497,4.497,4.497,90.0,90.0,90.0,18.186,0.794,metal
Ac,Os,orthorhombic,5.463,6.091,7.989,90.0,90.0,90.0,13.292,0.109,metal
Ac,Pa,cubic,4.524,4.524,4.524,90.0,90.0,90.0,18.517,0.241,metal
Ac,Pb,orthorhombic,6.034,6.377,8.701,90.0,90.0,90.0,16.738,0.0,metal
Ac,Pd,orthorhombic,5.715,5.924,8.081,90.0,90.0,90.0,13.677999999999999,0.0,metal
Ac,Pm,cubic,4.466,4.466,4.466,90.0,90.0,90.0,17.814,0.0,insulator
Ac,Pr,cubic,4.539,4.539,4.539,90.0,90.0,90.0,18.704,0.0,insulator
Ac,Pt,orthorhombic,5.811,6.177,7.805,90.0,90.0,90.0,14.009,0.0,metal
Ac,Pu,cubic,4.441,4.441,4.441,90.0,90.0,90.0,17.512,0.942,metal
Ac,Rb,orthorhombic,5.98,6.089,11.491,90.0,90.0,90.0,20.923000000000002,0.0,insulator
Ac,Re,orthorhombic,5.556,5.978,8.046,90.0,90.0,90.0,13.360999999999999,0.215,metal
Ac,Rh,orthorhombic,5.635,5.837,8.046,90.0,90.0,90.0,13.23,0.0,insulator
Ac,Ru,orthorhombic,5.619,5.835,8.029,90.0,90.0,90.0,13.161,0.197,metal
Ac,Sb,orthorhombic,5.98,6.327,8.621,90.0,90.0,90.0,16.31,0.0,insulator
Ac,Sc,orthorhombic,5.782,5.844,8.201,90.0,90.0,90.0,13.854000000000001,0.0,insulator
Ac,Si,tetragonal,3.79,3.79,4.442,90.0,90.0,90.0,12.758,0.0,metal
Ac,Sm,orthorhombic,6.08,6.293,8.759,90.0,90.0,90.0,16.756,0.0,insulator
Ac,Sn,orthorhombic,5.942,6.208,8.551,90.0,90.0,90.0,15.772,0.0,metal
Ac,Sr,cubic,4.447,4.447,4.447,90.0,90.0,90.0,17.587,-0.006,metal
Ac,Ta,orthorhombic,5.615,5.983,8.195,90.0,90.0,90.0,13.765,0.0,metal
Ac,Tb,orthorhombic,6.009,6.201,8.63,90.0,90.0,90.0,16.078,0.0,insulator
Ac,Tc,orthorhombic,5.652,5.84,8.095,90.0,90.0,90.0,13.357999999999999,0.397,metal
Ac,Te,cubic,4.346,4.346,4.346,90.0,90.0,90.0,16.423,0.001,metal
Ac,Th,cubic,4.6,4.6,4.6,90.0,90.0,90.0,19.465999999999998,0.002,metal
Ac,Ti,orthorhombic,5.647,5.662,8.007,90.0,90.0,90.0,12.8,0.003,metal
Ac,Tl,orthorhombic,5.937,6.296,8.547,90.0,90.0,90.0,15.972999999999999,0.0,insulator
Ac,Tm,orthorhombic,5.94,6.089,8.494,90.0,90.0,90.0,15.360999999999999,0.0,insulator
Ac,U,cubic,4.466,4.466,4.466,90.0,90.0,90.0,17.809,0.525,metal
Ac,V,orthorhombic,5.664,5.684,7.997,90.0,90.0,90.0,12.873,0.4,insulator
Ac,W,orthorhombic,5.669,5.86,8.07,90.0,90.0,90.0,13.405,0.003,metal
Ac,Y,orthorhombic,5.993,6.183,8.603,90.0,90.0,90.0,15.939,0.0,insulator
Ac,Yb,orthorhombic,5.937,6.214,8.429,90.0,90.0,90.0,15.548,0.2,metal
Ac,Zn,orthorhombic,5.587,5.662,7.928,90.0,90.0,90.0,12.54,0.0,metal
Ac,Zr,orthorhombic,5.84,6.057,8.34,90.0,90.0,90.0,14.751,-0.001,metal
Ag,Ac,orthorhombic,6.008,6.225,8.526,90.0,90.0,90.0,15.943,0.0,metal
Ag,Ag,cubic,4.02,4.02,4.02,90.0,90.0,90.0,12.997,,metal
Ag,Al,orthorhombic,5.094,5.323,7.3,90.0,90.0,90.0,9.898,,metal
Ag,As,tetragonal,3.571,3.571,4.458,90.0,90.0,90.0,11.367,,metal
Ag,Au,cubic,4.046,4.046,4.046,90.0,90.0,90.0,13.242,,metal
Ag,B,cubic,3.439,3.439,3.439,90.0,90.0,90.0,8.138,,metal
Ag,Ba,orthorhombic,6.636,6.739,6.99,90.0,90.0,90.0,15.630999999999998,,insulator
Ag,Be,cubic,3.528,3.528,3.528,90.0,90.0,90.0,8.781,,metal
Ag,Bi,rhombohedral,5.765,5.765,5.765,60.4,60.4,60.4,13.662,,metal
Ag,Ca,rhombohedral,5.884,5.884,5.884,59.4,59.4,59.4,14.204,,metal
Ag,Cd,cubic,4.126,4.126,4.126,90.0,90.0,90.0,14.05,,metal
Ag,Ce,orthorhombic,5.962,6.115,8.3,90.0,90.0,90.0,15.13,0.0,metal
Ag,Cr,orthorhombic,5.357,5.401,7.29,90.0,90.0,90.0,10.545,0.386,metal
Ag,Cs,cubic,4.362,4.362,4.362,90.0,90.0,90.0,16.599,,metal
Ag,Cu,orthorhombic,5.066,5.322,7.583,90.0,90.0,90.0,10.222000000000001,,metal
Ag,Dy,cubic,4.329,4.329,4.329,90.0,90.0,90.0,16.23,0.0,metal
Ag,Er,cubic,4.303,4.303,4.303,90.0,90.0,90.0,15.94,-0.023,metal
Ag,Eu,orthorhombic,5.684,5.956,8.268,90.0,90.0,90.0,13.994000000000002,-0.033,metal
Ag,Ga,orthorhombic,5.13,5.419,7.628,90.0,90.0,90.0,10.602,,metal
Ag,Gd,cubic,4.373,4.373,4.373,90.0,90.0,90.0,16.72,0.0,metal
Ag,Ge,orthorhombic,5.325,5.343,7.31,90.0,90.0,90.0,10.4,,metal
Ag,Hf,orthorhombic,5.376,5.735,7.951,90.0,90.0,90.0,12.255,0.002,metal
Ag,Hg,cubic,4.156,4.156,4.156,90.0,90.0,90.0,14.36,,metal
Ag,Ho,cubic,4.308,4.308,4.308,90.0,90.0,90.0,15.995,0.03,metal
Ag,In,cubic,4.141,4.141,4.141,90.0,90.0,90.0,14.198,,metal
Ag,Ir,rhombohedral,5.367,5.367,5.367,61.6,61.6,61.6,11.312999999999999,0.007,metal
Ag,K,cubic,4.327,4.327,4.327,90.0,90.0,90.0,16.199,,metal
Ag,La,orthorhombic,5.835,6.067,8.48,90.0,90.0,90.0,15.011,0.089,metal
Ag,Li,cubic,3.635,3.635,3.635,90.0,90.0,90.0,9.602,,metal
Ag,Lu,cubic,4.252,4.252,4.252,90.0,90.0,90.0,15.37,-0.4,metal
Ag,Mg,cubic,3.865,3.865,3.865,90.0,90.0,90.0,11.550999999999998,,metal
Ag,Mn,orthorhombic,5.328,5.333,7.356,90.0,90.0,90.0,10.450999999999999,0.596,metal
Ag,Mo,cubic,3.911,3.911,3.911,90.0,90.0,90.0,11.963,0.0,metal
Ag,Na,cubic,4.03,4.03,4.03,90.0,90.0,90.0,13.092,,metal
Ag,Nb,rhombohedral,5.611,5.611,5.611,59.2,59.2,59.2,12.263,0.0,insulator
Ag,Nd,cubic,4.453,4.453,4.453,90.0,90.0,90.0,17.662,0.013,metal
Ag,Ni,orthorhombic,5.118,5.377,7.41,90.0,90.0,90.0,10.196,0.006,metal
Ag,Np,orthorhombic,5.694,6.003,8.356,90.0,90.0,90.0,14.282,0.4,insulator
Ag,Os,rhombohedral,5.379,5.379,5.379,61.0,61.0,61.0,11.258,0.077,metal
Ag,Pa,rhombohedral,6.043,6.043,6.043,58.2,58.2,58.2,14.960999999999999,0.0,insulator
Ag,Pb,orthorhombic,5.484,5.809,8.382,90.0,90.0,90.0,13.353,,metal
Ag,Pd,orthorhombic,5.3,5.526,7.719,90.0,90.0,90.0,11.304,,metal
Ag,Pm,cubic,4.426,4.426,4.426,90.0,90.0,90.0,17.337,-0.025,metal
Ag,Pr,orthorhombic,5.914,6.088,8.241,90.0,90.0,90.0,14.835,-0.001,metal
Ag,Pt,orthorhombic,5.39,5.527,7.702,90.0,90.0,90.0,11.472000000000001,0.185,metal
Ag,Pu,orthorhombic,5.67,5.99,8.343,90.0,90.0,90.0,14.165999999999999,0.6,insulator
Ag,Rb,cubic,4.318,4.318,4.318,90.0,90.0,90.0,16.105999999999998,,metal
Ag,Re,cubic,3.889,3.889,3.889,90.0,90.0,90.0,11.767999999999999,0.0,metal
Ag,Rh,orthorhombic,5.357,5.411,7.617,90.0,90.0,90.0,11.040999999999999,0.038,metal
Ag,Ru,rhombohedral,5.375,5.375,5.375,60.7,60.7,60.7,11.148,0.1,metal
Ag,Sb,orthorhombic,5.539,5.591,7.848,90.0,90.0,90.0,12.152000000000001,,metal
Ag,Sc,orthorhombic,5.276,5.635,7.918,90.0,90.0,90.0,11.772,0.001,metal
Ag,Si,tetragonal,3.32,3.32,4.638,90.0,90.0,90.0,10.221,,metal
Ag,Sm,cubic,4.439,4.439,4.439,90.0,90.0,90.0,17.49,0.054,metal
Ag,Sn,orthorhombic,5.392,5.661,8.03,90.0,90.0,90.0,12.255,,metal
Ag,Sr,orthorhombic,6.337,6.414,7.024,90.0,90.0,90.0,14.274000000000001,,metal
Ag,Ta,rhombohedral,5.584,5.584,5.584,59.3,59.3,59.3,12.114,0.0,insulator
Ag,Tb,cubic,4.351,4.351,4.351,90.0,90.0,90.0,16.469,-0.001,metal
Ag,Tc,rhombohedral,5.442,5.442,5.442,59.8,59.8,59.8,11.35,0.003,metal
Ag,Te,orthorhombic,5.62,5.719,8.01,90.0,90.0,90.0,12.872,,metal
Ag,Th,cubic,4.479,4.479,4.479,90.0,90.0,90.0,17.974,-0.115,metal
Ag,Ti,orthorhombic,5.41,5.418,7.512,90.0,90.0,90.0,11.01,0.006,metal
Ag,Tl,cubic,4.214,4.214,4.214,90.0,90.0,90.0,14.969000000000001,,metal
Ag,Tm,cubic,4.281,4.281,4.281,90.0,90.0,90.0,15.687000000000001,0.0,metal
Ag,U,rhombohedral,6.032,6.032,6.032,57.7,57.7,57.7,14.714,0.2,insulator
Ag,V,tetragonal,3.684,3.684,4.208,90.0,90.0,90.0,11.419,0.0,insulator
Ag,W,cubic,3.917,3.917,3.917,90.0,90.0,90.0,12.02,0.0,metal
Ag,Y,cubic,4.362,4.362,4.362,90.0,90.0,90.0,16.597,0.401,metal
Ag,Yb,orthorhombic,5.8,5.981,7.285,90.0,90.0,90.0,12.637,,metal
Ag,Zn,cubic,3.854,3.854,3.854,90.0,90.0,90.0,11.449000000000002,,metal
Ag,Zr,orthorhombic,5.398,5.783,8.052,90.0,90.0,90.0,12.568,-0.034,metal
Al,Ac,orthorhombic,5.553,5.62,9.501,90.0,90.0,90.0,14.825,0.0,insulator
Al,Ag,orthorhombic,4.913,5.222,8.588,90.0,90.0,90.0,11.015,,metal
Al,Al,cubic,3.591,3.591,3.591,90.0,90.0,90.0,9.258,,metal
Al,As,cubic,3.814,3.814,3.814,90.0,90.0,90.0,11.095,,metal
Al,Au,cubic,4.025,4.025,4.025,90.0,90.0,90.0,13.042,,metal
Al,B,cubic,3.283,3.283,3.283,90.0,90.0,90.0,7.079,,metal
Al,Ba,orthorhombic,5.405,6.293,9.019,90.0,90.0,90.0,15.338,,insulator
Al,Be,cubic,3.365,3.365,3.365,90.0,90.0,90.0,7.62,,metal
Al,Bi,orthorhombic,5.494,5.499,8.657,90.0,90.0,90.0,13.078,,insulator
Al,Ca,orthorhombic,5.18,5.611,8.364,90.0,90.0,90.0,12.155999999999999,,metal
Al,Cd,orthorhombic,5.236,5.506,8.124,90.0,90.0,90.0,11.712,,insulator
Al,Ce,orthorhombic,5.557,5.574,8.786,90.0,90.0,90.0,13.607999999999999,0.0,insulator
Al,Co,cubic,3.604,3.604,3.604,90.0,90.0,90.0,9.363,0.005,metal
Al,Cr,cubic,3.745,3.745,3.745,90.0,90.0,90.0,10.504000000000001,0.541,metal
Al,Cs,cubic,4.426,4.426,4.426,90.0,90.0,90.0,17.34,,metal
Al,Cu,cubic,3.641,3.641,3.641,90.0,90.0,90.0,9.652000000000001,,metal
Al,Dy,rhombohedral,5.993,5.993,5.993,54.1,54.1,54.1,13.125,0.0,insulator
Al,Er,orthorhombic,5.328,5.337,8.281,90.0,90.0,90.0,11.774000000000001,0.0,insulator
Al,Eu,orthorhombic,5.134,5.797,8.578,90.0,90.0,90.0,12.765,0.0,insulator
Al,Fe,cubic,3.744,3.744,3.744,90.0,90.0,90.0,10.495999999999999,0.853,metal
Al,Ga,cubic,3.74,3.74,3.74,90.0,90.0,90.0,10.465,,metal
Al,Gd,rhombohedral,6.086,6.086,6.086,53.8,53.8,53.8,13.622,0.0,insulator
Al,Ge,cubic,3.71,3.71,3.71,90.0,90.0,90.0,10.214,,metal
Al,Hf,cubic,4.056,4.056,4.056,90.0,90.0,90.0,13.345,0.0,metal
Al,Ho,rhombohedral,5.966,5.966,5.966,54.1,54.1,54.1,12.949000000000002,0.0,insulator
Al,In,orthorhombic,5.22,5.226,8.141,90.0,90.0,90.0,11.102,,insulator
Al,Ir,cubic,3.901,3.901,3.901,90.0,90.0,90.0,11.877,0.046,metal
Al,K,orthorhombic,5.624,6.743,7.464,90.0,90.0,90.0,14.152000000000001,,insulator
Al,La,orthorhombic,5.461,5.529,9.137,90.0,90.0,90.0,13.793,0.0,insulator
Al,Li,cubic,3.45,3.45,3.45,90.0,90.0,90.0,8.215,,metal
Al,Lu,rhombohedral,5.786,5.786,5.786,55.1,55.1,55.1,12.134,0.0,insulator
Al,Mg,cubic,3.732,3.732,3.732,90.0,90.0,90.0,10.399000000000001,,metal
Al,Mn,cubic,3.735,3.735,3.735,90.0,90.0,90.0,10.42,0.69,metal
Al,Mo,cubic,3.935,3.935,3.935,90.0,90.0,90.0,12.186,0.0,metal
Al,Na,orthorhombic,5.461,5.978,7.002,90.0,90.0,90.0,11.427,,insulator
Al,Nb,cubic,4.021,4.021,4.021,90.0,90.0,90.0,13.005,-0.001,metal
Al,Nd,orthorhombic,5.495,5.509,8.66,90.0,90.0,90.0,13.107999999999999,0.0,insulator
Al,Ni,cubic,3.613,3.613,3.613,90.0,90.0,90.0,9.43,0.177,metal
Al,Np,orthorhombic,5.448,5.46,9.082,90.0,90.0,90.0,13.507,0.8,insulator
Al,Os,cubic,3.896,3.896,3.896,90.0,90.0,90.0,11.825,0.0,metal
Al,Pa,cubic,4.385,4.385,4.385,90.0,90.0,90.0,16.861,0.0,insulator
Al,Pb,orthorhombic,5.467,5.475,8.47,90.0,90.0,90.0,12.675,,metal
Al,Pd,cubic,3.897,3.897,3.897,90.0,90.0,90.0,11.84,,metal
Al,Pm,orthorhombic,5.469,5.484,8.587,90.0,90.0,90.0,12.876,0.0,insulator
Al,Pr,orthorhombic,5.529,5.537,8.72,90.0,90.0,90.0,13.347000000000001,0.0,insulator
Al,Pt,cubic,3.945,3.945,3.945,90.0,90.0,90.0,12.279000000000002,0.0,metal
Al,Pu,orthorhombic,5.412,5.435,9.086,90.0,90.0,90.0,13.362,1.0,insulator
Al,Rb,cubic,4.296,4.296,4.296,90.0,90.0,90.0,15.860999999999999,,metal
Al,Re,cubic,3.912,3.912,3.912,90.0,90.0,90.0,11.970999999999998,0.0,metal
Al,Rh,cubic,3.872,3.872,3.872,90.0,90.0,90.0,11.614,0.082,metal
Al,Ru,cubic,3.87,3.87,3.87,90.0,90.0,90.0,11.595999999999998,0.212,metal
Al,Sb,cubic,4.019,4.019,4.019,90.0,90.0,90.0,12.982999999999999,,metal
Al,Sc,cubic,3.974,3.974,3.974,90.0,90.0,90.0,12.556,-0.012,metal
Al,Si,cubic,3.53,3.53,3.53,90.0,90.0,90.0,8.794,,metal
Al,Sm,orthorhombic,5.45,5.462,8.551,90.0,90.0,90.0,12.728,0.0,insulator
Al,Sn,cubic,4.006,4.006,4.006,90.0,90.0,90.0,12.859000000000002,,metal
Al,Sr,orthorhombic,5.259,5.926,8.791,90.0,90.0,90.0,13.698,,insulator
Al,Ta,cubic,4.002,4.002,4.002,90.0,90.0,90.0,12.82,0.0,metal
Al,Tb,rhombohedral,6.025,6.025,6.025,54.0,54.0,54.0,13.312000000000001,0.0,insulator
Al,Tc,cubic,3.89,3.89,3.89,90.0,90.0,90.0,11.777000000000001,0.005,metal
Al,Te,cubic,4.107,4.107,4.107,90.0,90.0,90.0,13.852,,metal
Al,Th,cubic,4.525,4.525,4.525,90.0,90.0,90.0,18.528,-0.156,metal
Al,Ti,cubic,3.841,3.841,3.841,90.0,90.0,90.0,11.337,0.0,metal
Al,Tl,orthorhombic,5.285,5.41,8.5,90.0,90.0,90.0,12.152000000000001,,insulator
Al,Tm,rhombohedral,5.828,5.828,5.828,55.1,55.1,55.1,12.404000000000002,0.0,insulator
Al,U,orthorhombic,5.72,5.961,8.125,90.0,90.0,90.0,13.853,0.567,metal
Al,V,orthorhombic,5.004,5.03,7.636,90.0,90.0,90.0,9.609,0.4,insulator
Al,W,cubic,3.941,3.941,3.941,90.0,90.0,90.0,12.242,0.0,metal
Al,Y,rhombohedral,6.003,6.003,6.003,54.1,54.1,54.1,13.18,0.0,insulator
Al,Yb,orthorhombic,5.119,5.58,8.294,90.0,90.0,90.0,11.845,,metal
Al,Zn,cubic,3.732,3.732,3.732,90.0,90.0,90.0,10.398,,metal
Al,Zr,cubic,4.115,4.115,4.115,90.0,90.0,90.0,13.936,0.0,metal
As,Ac,orthorhombic,5.879,6.527,8.653,90.0,90.0,90.0,16.601,0.0,insulator
As,Ag,cubic,3.993,3.993,3.993,90.0,90.0,90.0,12.735,,metal
As,Al,cubic,3.653,3.653,3.653,90.0,90.0,90.0,9.746,,metal
As,As,cubic,3.854,3.854,3.854,90.0,90.0,90.0,11.453,,metal
As,Au,cubic,4.041,4.041,4.041,90.0,90.0,90.0,13.197000000000001,,metal
As,B,cubic,3.377,3.377,3.377,90.0,90.0,90.0,7.706,,insulator
As,Ba,orthorhombic,5.93,6.407,9.549,90.0,90.0,90.0,18.14,,metal
As,Be,cubic,3.477,3.477,3.477,90.0,90.0,90.0,8.407,,metal
As,Bi,cubic,4.231,4.231,4.231,90.0,90.0,90.0,15.152999999999999,,metal
As,Ca,orthorhombic,5.449,5.93,8.52,90.0,90.0,90.0,13.764000000000001,,metal
As,Cd,cubic,4.081,4.081,4.081,90.0,90.0,90.0,13.588,,metal
As,Ce,cubic,4.505,4.505,4.505,90.0,90.0,90.0,18.283,0.021,metal
As,Co,cubic,3.659,3.659,3.659,90.0,90.0,90.0,9.799,-0.004,metal
As,Cr,cubic,3.792,3.792,3.792,90.0,90.0,90.0,10.907,0.591,metal
As,Cs,cubic,4.436,4.436,4.436,90.0,90.0,90.0,17.457,,metal
As,Cu,cubic,3.702,3.702,3.702,90.0,90.0,90.0,10.145,,metal
As,Dy,cubic,4.283,4.283,4.283,90.0,90.0,90.0,15.714,0.038,metal
As,Er,cubic,4.241,4.241,4.241,90.0,90.0,90.0,15.254000000000001,0.014,metal
As,Eu,orthorhombic,5.528,5.937,8.683,90.0,90.0,90.0,14.25,0.0,metal
As,Fe,cubic,3.798,3.798,3.798,90.0,90.0,90.0,10.955,0.911,metal
As,Ga,cubic,3.782,3.782,3.782,90.0,90.0,90.0,10.821,,metal
As,Gd,cubic,4.332,4.332,4.332,90.0,90.0,90.0,16.257,-0.001,metal
As,Ge,cubic,3.757,3.757,3.757,90.0,90.0,90.0,10.602,,metal
As,Hf,cubic,4.068,4.068,4.068,90.0,90.0,90.0,13.462,-0.001,metal
As,Hg,cubic,4.145,4.145,4.145,90.0,90.0,90.0,14.238,,metal
As,Ho,cubic,4.261,4.261,4.261,90.0,90.0,90.0,15.474,0.016,metal
As,In,cubic,4.09,4.09,4.09,90.0,90.0,90.0,13.685,,metal
As,Ir,cubic,3.907,3.907,3.907,90.0,90.0,90.0,11.93,-0.028,metal
As,K,orthorhombic,4.836,5.454,11.449,90.0,90.0,90.0,15.097999999999999,,insulator
As,La,cubic,4.472,4.472,4.472,90.0,90.0,90.0,17.892,-0.002,metal
As,Li,cubic,3.576,3.576,3.576,90.0,90.0,90.0,9.144,,metal
As,Lu,cubic,4.173,4.173,4.173,90.0,90.0,90.0,14.534,0.0,metal
As,Mg,cubic,3.794,3.794,3.794,90.0,90.0,90.0,10.925,,metal
As,Mn,cubic,3.787,3.787,3.787,90.0,90.0,90.0,10.859000000000002,0.734,metal
As,Mo,cubic,3.932,3.932,3.932,90.0,90.0,90.0,12.158,0.003,metal
As,Na,orthorhombic,5.116,5.131,9.824,90.0,90.0,90.0,12.895,,insulator
As,Nb,cubic,4.013,4.013,4.013,90.0,90.0,90.0,12.927,0.0,metal
As,Nd,cubic,4.45,4.45,4.45,90.0,90.0,90.0,17.618,0.015,metal
As,Ni,cubic,3.675,3.675,3.675,90.0,90.0,90.0,9.927,0.203,metal
As,Np,cubic,4.356,4.356,4.356,90.0,90.0,90.0,16.535,0.354,metal
As,Os,cubic,3.901,3.901,3.901,90.0,90.0,90.0,11.876,0.288,metal
As,Pa,cubic,4.361,4.361,4.361,90.0,90.0,90.0,16.587,0.001,metal
As,Pb,orthorhombic,5.617,6.321,8.378,90.0,90.0,90.0,14.870999999999999,,metal
As,Pd,cubic,3.924,3.924,3.924,90.0,90.0,90.0,12.088,,metal
As,Pm,cubic,4.416,4.416,4.416,90.0,90.0,90.0,17.223,0.015,metal
As,Pr,cubic,4.484,4.484,4.484,90.0,90.0,90.0,18.032,0.008,metal
As,Pt,cubic,3.956,3.956,3.956,90.0,90.0,90.0,12.386,-0.009,metal
As,Pu,cubic,4.329,4.329,4.329,90.0,90.0,90.0,16.23,0.687,metal
As,Rb,orthorhombic,4.944,5.705,11.859,90.0,90.0,90.0,16.722,,insulator
As,Re,cubic,3.906,3.906,3.906,90.0,90.0,90.0,11.923,0.05,metal
As,Rh,cubic,3.887,3.887,3.887,90.0,90.0,90.0,11.747,0.001,metal
As,Ru,cubic,3.885,3.885,3.885,90.0,90.0,90.0,11.724,0.248,metal
As,Sb,cubic,4.031,4.031,4.031,90.0,90.0,90.0,13.103,,metal
As,Sc,cubic,3.996,3.996,3.996,90.0,90.0,90.0,12.761,0.0,metal
As,Si,cubic,3.585,3.585,3.585,90.0,90.0,90.0,9.218,,metal
As,Sm,cubic,4.394,4.394,4.394,90.0,90.0,90.0,16.964000000000002,0.092,metal
As,Sn,cubic,4.021,4.021,4.021,90.0,90.0,90.0,13.003,,metal
As,Sr,rhombohedral,6.254,6.254,6.254,57.7,57.7,57.7,16.381,,metal
As,Ta,cubic,3.992,3.992,3.992,90.0,90.0,90.0,12.720999999999998,0.0,metal
As,Tb,cubic,4.307,4.307,4.307,90.0,90.0,90.0,15.982000000000001,0.046,metal
As,Tc,cubic,3.902,3.902,3.902,90.0,90.0,90.0,11.880999999999998,0.361,metal
As,Te,cubic,4.129,4.129,4.129,90.0,90.0,90.0,14.078,,metal
As,Th,cubic,4.539,4.539,4.539,90.0,90.0,90.0,18.699,0.003,metal
As,Ti,cubic,3.865,3.865,3.865,90.0,90.0,90.0,11.550999999999998,0.001,metal
As,Tl,cubic,4.195,4.195,4.195,90.0,90.0,90.0,14.762,,metal
As,Tm,cubic,4.213,4.213,4.213,90.0,90.0,90.0,14.96,0.01,metal
As,U,cubic,4.318,4.318,4.318,90.0,90.0,90.0,16.096,0.04,metal
As,V,cubic,3.805,3.805,3.805,90.0,90.0,90.0,11.019,-0.004,metal
As,W,cubic,3.935,3.935,3.935,90.0,90.0,90.0,12.189,0.0,metal
As,Y,cubic,4.289,4.289,4.289,90.0,90.0,90.0,15.785,0.015,metal
As,Yb,orthorhombic,5.405,5.88,8.406,90.0,90.0,90.0,13.359000000000002,,metal
As,Zn,cubic,3.786,3.786,3.786,90.0,90.0,90.0,10.853,,metal
As,Zr,cubic,4.124,4.124,4.124,90.0,90.0,90.0,14.030999999999999,-0.004,metal
Au,Ac,orthorhombic,6.075,6.367,8.495,90.0,90.0,90.0,16.429000000000002,0.0,metal
Au,Ag,cubic,4.018,4.018,4.018,90.0,90.0,90.0,12.974,,metal
Au,Al,cubic,3.716,3.716,3.716,90.0,90.0,90.0,10.264000000000001,,metal
Au,As,cubic,3.803,3.803,3.803,90.0,90.0,90.0,11.002,,metal
Au,Au,cubic,4.05,4.05,4.05,90.0,90.0,90.0,13.29,,metal
Au,B,cubic,3.465,3.465,3.465,90.0,90.0,90.0,8.321,,metal
Au,Ba,orthorhombic,6.373,6.545,8.831,90.0,90.0,90.0,18.419,,metal
Au,Be,cubic,3.534,3.534,3.534,90.0,90.0,90.0,8.826,,metal
Au,Bi,cubic,4.186,4.186,4.186,90.0,90.0,90.0,14.673,,metal
Au,Ca,cubic,4.272,4.272,4.272,90.0,90.0,90.0,15.594000000000001,,metal
Au,Cd,cubic,4.115,4.115,4.115,90.0,90.0,90.0,13.937000000000001,,metal
Au,Ce,cubic,4.479,4.479,4.479,90.0,90.0,90.0,17.968,0.332,metal
Au,Co,cubic,3.756,3.756,3.756,90.0,90.0,90.0,10.6,-0.009,metal
Au,Cr,cubic,3.811,3.811,3.811,90.0,90.0,90.0,11.067,0.2,metal
Au,Cs,cubic,4.367,4.367,4.367,90.0,90.0,90.0,16.659000000000002,,metal
Au,Cu,cubic,3.762,3.762,3.762,90.0,90.0,90.0,10.652000000000001,,metal
Au,Dy,cubic,4.326,4.326,4.326,90.0,90.0,90.0,16.188,0.006,metal
Au,Er,cubic,4.3,4.3,4.3,90.0,90.0,90.0,15.905999999999999,-0.017,metal
Au,Eu,orthorhombic,5.922,6.083,8.103,90.0,90.0,90.0,14.594000000000001,0.0,metal
Au,Fe,cubic,3.809,3.809,3.809,90.0,90.0,90.0,11.049000000000001,0.6,metal
Au,Ga,cubic,3.843,3.843,3.843,90.0,90.0,90.0,11.354000000000001,,metal
Au,Gd,cubic,4.367,4.367,4.367,90.0,90.0,90.0,16.662,0.409,metal
Au,Ge,cubic,3.774,3.774,3.774,90.0,90.0,90.0,10.754000000000001,,metal
Au,Hf,cubic,4.091,4.091,4.091,90.0,90.0,90.0,13.693,-0.192,metal
Au,Hg,cubic,4.151,4.151,4.151,90.0,90.0,90.0,14.302999999999999,,metal
Au,Ho,cubic,4.316,4.316,4.316,90.0,90.0,90.0,16.076,0.403,metal
Au,In,cubic,4.132,4.132,4.132,90.0,90.0,90.0,14.106,,metal
Au,Ir,cubic,3.915,3.915,3.915,90.0,90.0,90.0,11.997,0.254,metal
Au,K,orthorhombic,6.188,6.317,9.684,90.0,90.0,90.0,18.928,,insulator
Au,La,cubic,4.405,4.405,4.405,90.0,90.0,90.0,17.096,-0.007,metal
Au,Li,cubic,3.629,3.629,3.629,90.0,90.0,90.0,9.561,,metal
Au,Lu,cubic,4.232,4.232,4.232,90.0,90.0,90.0,15.154000000000002,0.004,metal
Au,Mg,cubic,3.848,3.848,3.848,90.0,90.0,90.0,11.395999999999999,,metal
Au,Mn,cubic,3.815,3.815,3.815,90.0,90.0,90.0,11.102,0.399,metal
Au,Mo,rhombohedral,5.616,5.616,5.616,57.5,57.5,57.5,11.789000000000001,0.0,metal
Au,Na,cubic,3.995,3.995,3.995,90.0,90.0,90.0,12.753,,metal
Au,Nb,rhombohedral,5.718,5.718,5.718,57.2,57.2,57.2,12.368,0.0,insulator
Au,Nd,cubic,4.463,4.463,4.463,90.0,90.0,90.0,17.779,-0.083,metal
Au,Ni,cubic,3.764,3.764,3.764,90.0,90.0,90.0,10.664000000000001,0.677,metal
Au,Np,cubic,4.258,4.258,4.258,90.0,90.0,90.0,15.437999999999999,0.382,metal
Au,Os,cubic,3.892,3.892,3.892,90.0,90.0,90.0,11.787,0.0,metal
Au,Pa,rhombohedral,6.121,6.121,6.121,56.9,56.9,56.9,15.048,0.0,insulator
Au,Pb,cubic,4.253,4.253,4.253,90.0,90.0,90.0,15.385,,metal
Au,Pd,cubic,3.948,3.948,3.948,90.0,90.0,90.0,12.312000000000001,,metal
Au,Pm,cubic,4.428,4.428,4.428,90.0,90.0,90.0,17.364,-0.059,metal
Au,Pr,cubic,4.45,4.45,4.45,90.0,90.0,90.0,17.62,-0.004,metal
Au,Pt,cubic,3.975,3.975,3.975,90.0,90.0,90.0,12.562000000000001,0.345,metal
Au,Pu,cubic,4.272,4.272,4.272,90.0,90.0,90.0,15.591,0.588,metal
Au,Rb,cubic,4.314,4.314,4.314,90.0,90.0,90.0,16.055,,metal
Au,Re,cubic,3.902,3.902,3.902,90.0,90.0,90.0,11.88,0.001,metal
Au,Rh,cubic,3.916,3.916,3.916,90.0,90.0,90.0,12.01,0.443,metal
Au,Ru,orthorhombic,5.541,5.588,7.37,90.0,90.0,90.0,11.408,-0.014,metal
Au,Sb,rhombohedral,5.613,5.613,5.613,59.5,59.5,59.5,12.373,,metal
Au,Sc,cubic,4.057,4.057,4.057,90.0,90.0,90.0,13.350999999999999,0.0,metal
Au,Si,cubic,3.619,3.619,3.619,90.0,90.0,90.0,9.482000000000001,,metal
Au,Sm,cubic,4.415,4.415,4.415,90.0,90.0,90.0,17.212,-0.063,metal
Au,Sn,cubic,4.045,4.045,4.045,90.0,90.0,90.0,13.242,,metal
Au,Sr,orthorhombic,6.166,6.182,8.373,90.0,90.0,90.0,15.959000000000001,,metal
Au,Ta,rhombohedral,5.669,5.669,5.669,57.8,57.8,57.8,12.232999999999999,0.0,insulator
Au,Tb,cubic,4.356,4.356,4.356,90.0,90.0,90.0,16.532,0.006,metal
Au,Tc,orthorhombic,5.512,5.556,7.499,90.0,90.0,90.0,11.481,0.199,metal
Au,Te,orthorhombic,5.691,5.773,8.096,90.0,90.0,90.0,13.299000000000001,,metal
Au,Th,cubic,4.485,4.485,4.485,90.0,90.0,90.0,18.042,-0.13,metal
Au,Ti,orthorhombic,5.488,5.517,7.425,90.0,90.0,90.0,11.239,0.0,metal
Au,Tl,cubic,4.2,4.2,4.2,90.0,90.0,90.0,14.819,,metal
Au,Tm,cubic,4.274,4.274,4.274,90.0,90.0,90.0,15.613,0.398,metal
Au,U,orthorhombic,5.813,6.082,8.484,90.0,90.0,90.0,14.995999999999999,0.2,insulator
Au,V,orthorhombic,5.524,5.565,7.194,90.0,90.0,90.0,11.057,0.227,metal
Au,W,cubic,3.928,3.928,3.928,90.0,90.0,90.0,12.120999999999999,0.0,metal
Au,Y,cubic,4.373,4.373,4.373,90.0,90.0,90.0,16.727999999999998,0.401,metal
Au,Yb,cubic,4.161,4.161,4.161,90.0,90.0,90.0,14.409,,metal
Au,Zn,cubic,3.851,3.851,3.851,90.0,90.0,90.0,11.421,,metal
Au,Zr,cubic,4.151,4.151,4.151,90.0,90.0,90.0,14.302,-0.201,metal
B,Ac,cubic,4.488,4.488,4.488,90.0,90.0,90.0,18.084,0.0,metal
B,Ag,cubic,3.959,3.959,3.959,90.0,90.0,90.0,12.409,,metal
B,Al,cubic,3.61,3.61,3.61,90.0,90.0,90.0,9.41,,metal
B,As,cubic,3.658,3.658,3.658,90.0,90.0,90.0,9.791,,metal
B,Au,cubic,3.983,3.983,3.983,90.0,90.0,90.0,12.637,,metal
B,B,cubic,3.23,3.23,3.23,90.0,90.0,90.0,6.7410000000000005,,metal
B,Ba,cubic,4.528,4.528,4.528,90.0,90.0,90.0,18.570999999999998,,metal
B,Be,cubic,3.338,3.338,3.338,90.0,90.0,90.0,7.436,,metal
B,Bi,cubic,4.139,4.139,4.139,90.0,90.0,90.0,14.181,,metal
B,Ca,cubic,4.283,4.283,4.283,90.0,90.0,90.0,15.719000000000001,,metal
B,Cd,cubic,4.096,4.096,4.096,90.0,90.0,90.0,13.744000000000002,,metal
B,Ce,cubic,4.537,4.537,4.537,90.0,90.0,90.0,18.680999999999997,0.001,metal
B,Co,cubic,3.623,3.623,3.623,90.0,90.0,90.0,9.511000000000001,-0.538,metal
B,Cr,cubic,3.699,3.699,3.699,90.0,90.0,90.0,10.118,0.201,metal
B,Cs,cubic,4.336,4.336,4.336,90.0,90.0,90.0,16.308,,metal
B,Cu,cubic,3.638,3.638,3.638,90.0,90.0,90.0,9.627,,metal
B,Dy,cubic,4.322,4.322,4.322,90.0,90.0,90.0,16.144000000000002,-0.007,metal
B,Er,cubic,4.291,4.291,4.291,90.0,90.0,90.0,15.8,-0.006,metal
B,Eu,cubic,4.434,4.434,4.434,90.0,90.0,90.0,17.434,0.597,metal
B,Fe,cubic,3.685,3.685,3.685,90.0,90.0,90.0,10.011000000000001,0.719,metal
B,Ga,cubic,3.781,3.781,3.781,90.0,90.0,90.0,10.807,,metal
B,Gd,cubic,4.364,4.364,4.364,90.0,90.0,90.0,16.624000000000002,-0.009,metal
B,Ge,cubic,3.682,3.682,3.682,90.0,90.0,90.0,9.982000000000001,,metal
B,Hf,cubic,4.079,4.079,4.079,90.0,90.0,90.0,13.578,0.002,metal
B,Hg,cubic,4.119,4.119,4.119,90.0,90.0,90.0,13.972999999999999,,metal
B,Ho,cubic,4.3,4.3,4.3,90.0,90.0,90.0,15.905,0.001,metal
B,In,cubic,4.123,4.123,4.123,90.0,90.0,90.0,14.012,,metal
B,Ir,cubic,3.842,3.842,3.842,90.0,90.0,90.0,11.344000000000001,0.183,metal
B,K,cubic,4.396,4.396,4.396,90.0,90.0,90.0,16.993,,metal
B,La,cubic,4.352,4.352,4.352,90.0,90.0,90.0,16.488,0.001,metal
B,Li,cubic,3.442,3.442,3.442,90.0,90.0,90.0,8.156,,metal
B,Lu,cubic,4.229,4.229,4.229,90.0,90.0,90.0,15.132,0.001,metal
B,Mg,cubic,3.809,3.809,3.809,90.0,90.0,90.0,11.048,,metal
B,Mn,cubic,3.687,3.687,3.687,90.0,90.0,90.0,10.023,0.409,metal
B,Mo,cubic,3.874,3.874,3.874,90.0,90.0,90.0,11.628,0.001,metal
B,Na,cubic,4.017,4.017,4.017,90.0,90.0,90.0,12.965,,metal
B,Nb,cubic,3.968,3.968,3.968,90.0,90.0,90.0,12.499,-0.001,insulator
B,Nd,cubic,4.429,4.429,4.429,90.0,90.0,90.0,17.374000000000002,-0.001,metal
B,Ni,cubic,3.602,3.602,3.602,90.0,90.0,90.0,9.346,0.03,metal
B,Np,cubic,4.245,4.245,4.245,90.0,90.0,90.0,15.3,0.4,metal
B,Os,cubic,3.829,3.829,3.829,90.0,90.0,90.0,11.227,-0.002,metal
B,Pa,cubic,4.344,4.344,4.344,90.0,90.0,90.0,16.389,0.0,insulator
B,Pb,cubic,4.201,4.201,4.201,90.0,90.0,90.0,14.833,,metal
B,Pd,cubic,3.868,3.868,3.868,90.0,90.0,90.0,11.579,,metal
B,Pm,cubic,4.424,4.424,4.424,90.0,90.0,90.0,17.312,-0.008,metal
B,Pr,cubic,4.45,4.45,4.45,90.0,90.0,90.0,17.629,-0.407,metal
B,Pt,cubic,3.892,3.892,3.892,90.0,90.0,90.0,11.79,0.006,metal
B,Pu,cubic,4.261,4.261,4.261,90.0,90.0,90.0,15.467,0.6,metal
B,Rb,cubic,4.323,4.323,4.323,90.0,90.0,90.0,16.155,,metal
B,Re,cubic,3.844,3.844,3.844,90.0,90.0,90.0,11.364,0.0,metal
B,Rh,cubic,3.834,3.834,3.834,90.0,90.0,90.0,11.27,0.223,metal
B,Ru,cubic,3.817,3.817,3.817,90.0,90.0,90.0,11.119000000000002,0.014,metal
B,Sb,cubic,3.906,3.906,3.906,90.0,90.0,90.0,11.918,,metal
B,Sc,cubic,4.058,4.058,4.058,90.0,90.0,90.0,13.367,-0.001,metal
B,Si,cubic,3.47,3.47,3.47,90.0,90.0,90.0,8.357000000000001,,metal
B,Sm,cubic,4.436,4.436,4.436,90.0,90.0,90.0,17.464000000000002,-0.397,metal
B,Sn,cubic,4.031,4.031,4.031,90.0,90.0,90.0,13.100999999999999,,metal
B,Sr,cubic,4.488,4.488,4.488,90.0,90.0,90.0,18.084,,metal
B,Ta,cubic,3.945,3.945,3.945,90.0,90.0,90.0,12.282,0.0,insulator
B,Tb,cubic,4.343,4.343,4.343,90.0,90.0,90.0,16.383,-0.01,metal
B,Tc,cubic,3.83,3.83,3.83,90.0,90.0,90.0,11.232999999999999,-0.002,metal
B,Te,cubic,4.014,4.014,4.014,90.0,90.0,90.0,12.935,,metal
B,Th,cubic,4.468,4.468,4.468,90.0,90.0,90.0,17.835,-0.112,metal
B,Ti,cubic,3.844,3.844,3.844,90.0,90.0,90.0,11.362,-0.005,metal
B,Tl,cubic,4.191,4.191,4.191,90.0,90.0,90.0,14.724,,metal
B,Tm,cubic,4.264,4.264,4.264,90.0,90.0,90.0,15.502,0.002,metal
B,U,cubic,4.289,4.289,4.289,90.0,90.0,90.0,15.777999999999999,0.2,insulator
B,V,cubic,3.716,3.716,3.716,90.0,90.0,90.0,10.263,-0.001,metal
B,W,cubic,3.88,3.88,3.88,90.0,90.0,90.0,11.683,0.0,metal
B,Y,cubic,4.346,4.346,4.346,90.0,90.0,90.0,16.42,0.0,metal
B,Yb,cubic,4.182,4.182,4.182,90.0,90.0,90.0,14.632,,metal
B,Zn,cubic,3.752,3.752,3.752,90.0,90.0,90.0,10.567,,metal
B,Zr,cubic,4.141,4.141,4.141,90.0,90.0,90.0,14.199000000000002,0.001,metal
Ba,Ac,orthorhombic,6.449,6.603,9.198,90.0,90.0,90.0,19.583,0.2,metal
Ba,Ag,rhombohedral,5.838,5.838,5.838,61.0,61.0,61.0,14.380999999999998,,metal
Ba,Al,cubic,3.921,3.921,3.921,90.0,90.0,90.0,12.057,,metal
Ba,As,cubic,4.041,4.041,4.041,90.0,90.0,90.0,13.2,,metal
Ba,Au,orthorhombic,5.852,5.883,8.478,90.0,90.0,90.0,14.591,,metal
Ba,B,cubic,3.73,3.73,3.73,90.0,90.0,90.0,10.375,,metal
Ba,Ba,cubic,4.658,4.658,4.658,90.0,90.0,90.0,20.209,,metal
Ba,Be,cubic,3.829,3.829,3.829,90.0,90.0,90.0,11.231,,metal
Ba,Bi,rhombohedral,6.165,6.165,6.165,60.4,60.4,60.4,16.717,,metal
Ba,Ca,orthorhombic,6.124,6.367,8.705,90.0,90.0,90.0,16.973,,metal
Ba,Cd,orthorhombic,5.953,6.062,8.457,90.0,90.0,90.0,15.259,,metal
Ba,Ce,orthorhombic,6.355,6.496,9.066,90.0,90.0,90.0,18.712,0.2,metal
Ba,Co,orthorhombic,5.642,5.646,8.012,90.0,90.0,90.0,12.761,0.673,metal
Ba,Cr,orthorhombic,5.607,5.607,7.882,90.0,90.0,90.0,12.39,0.4,insulator
Ba,Cs,cubic,4.571,4.571,4.571,90.0,90.0,90.0,19.097,,metal
Ba,Cu,rhombohedral,5.615,5.615,5.615,59.9,59.9,59.9,12.5,,metal
Ba,Dy,orthorhombic,6.177,6.199,8.743,90.0,90.0,90.0,16.739,0.2,metal
Ba,Er,orthorhombic,6.145,6.159,8.689,90.0,90.0,90.0,16.442999999999998,0.2,metal
Ba,Eu,orthorhombic,6.296,6.422,8.729,90.0,90.0,90.0,17.647000000000002,0.4,metal
Ba,Fe,cubic,3.973,3.973,3.973,90.0,90.0,90.0,12.547,0.826,metal
Ba,Ga,cubic,4.023,4.023,4.023,90.0,90.0,90.0,13.026,,metal
Ba,Ge,rhombohedral,5.585,5.585,5.585,60.0,60.0,60.0,12.315999999999999,,metal
Ba,Hf,cubic,4.174,4.174,4.174,90.0,90.0,90.0,14.549000000000001,0.0,insulator
Ba,Hg,orthorhombic,6.004,6.09,8.543,90.0,90.0,90.0,15.617,,metal
Ba,Ho,orthorhombic,6.159,6.171,8.727,90.0,90.0,90.0,16.584,0.2,metal
Ba,In,cubic,4.24,4.24,4.24,90.0,90.0,90.0,15.248,,metal
Ba,Ir,orthorhombic,5.703,5.773,8.106,90.0,90.0,90.0,13.345,0.053,metal
Ba,K,cubic,4.449,4.449,4.449,90.0,90.0,90.0,17.616,,metal
Ba,La,orthorhombic,6.34,6.441,9.017,90.0,90.0,90.0,18.41,0.2,metal
Ba,Li,cubic,3.965,3.965,3.965,90.0,90.0,90.0,12.470999999999998,,metal
Ba,Lu,orthorhombic,6.085,6.087,8.613,90.0,90.0,90.0,15.95,0.2,metal
Ba,Mg,rhombohedral,5.755,5.755,5.755,60.0,60.0,60.0,13.482000000000001,,metal
Ba,Mn,orthorhombic,5.626,5.638,7.972,90.0,90.0,90.0,12.644,0.598,metal
Ba,Mo,cubic,4.056,4.056,4.056,90.0,90.0,90.0,13.347999999999999,0.0,metal
Ba,Na,cubic,4.228,4.228,4.228,90.0,90.0,90.0,15.119000000000002,,metal
Ba,Nb,cubic,4.125,4.125,4.125,90.0,90.0,90.0,14.034,0.0,metal
Ba,Nd,orthorhombic,6.3,6.404,8.959,90.0,90.0,90.0,18.073,0.2,metal
Ba,Ni,orthorhombic,5.625,5.659,7.979,90.0,90.0,90.0,12.698,-0.001,metal
Ba,Np,orthorhombic,6.233,6.273,8.849,90.0,90.0,90.0,17.299,0.6,insulator
Ba,Os,cubic,4.034,4.034,4.034,90.0,90.0,90.0,13.13,0.193,metal
Ba,Pa,orthorhombic,6.316,6.361,8.959,90.0,90.0,90.0,17.997,0.2,insulator
Ba,Pb,orthorhombic,6.088,6.12,8.633,90.0,90.0,90.0,16.081,,insulator
Ba,Pd,orthorhombic,5.733,5.793,8.219,90.0,90.0,90.0,13.648,,metal
Ba,Pm,orthorhombic,6.265,6.366,8.915,90.0,90.0,90.0,17.779,0.2,metal
Ba,Pr,orthorhombic,6.323,6.446,9.008,90.0,90.0,90.0,18.355999999999998,0.2,metal
Ba,Pt,orthorhombic,5.743,5.83,8.218,90.0,90.0,90.0,13.759,0.0,insulator
Ba,Pu,rhombohedral,6.197,6.197,6.197,60.5,60.5,60.5,17.022000000000002,0.8,insulator
Ba,Rb,cubic,4.473,4.473,4.473,90.0,90.0,90.0,17.9,,metal
Ba,Re,cubic,4.038,4.038,4.038,90.0,90.0,90.0,13.167,0.005,metal
Ba,Rh,orthorhombic,5.705,5.751,8.095,90.0,90.0,90.0,13.279000000000002,0.188,metal
Ba,Ru,cubic,4.036,4.036,4.036,90.0,90.0,90.0,13.15,0.389,metal
Ba,Sb,cubic,4.244,4.244,4.244,90.0,90.0,90.0,15.293,,metal
Ba,Sc,cubic,4.179,4.179,4.179,90.0,90.0,90.0,14.6,0.2,metal
Ba,Si,cubic,3.813,3.813,3.813,90.0,90.0,90.0,11.084000000000001,,insulator
Ba,Sm,orthorhombic,6.261,6.335,8.877,90.0,90.0,90.0,17.602999999999998,0.2,metal
Ba,Sn,cubic,4.154,4.154,4.154,90.0,90.0,90.0,14.338,,insulator
Ba,Sr,cubic,4.53,4.53,4.53,90.0,90.0,90.0,18.594,,metal
Ba,Ta,cubic,4.104,4.104,4.104,90.0,90.0,90.0,13.824000000000002,0.0,metal
Ba,Tb,orthorhombic,6.189,6.243,8.773,90.0,90.0,90.0,16.947,0.199,metal
Ba,Tc,rhombohedral,5.699,5.699,5.699,60.0,60.0,60.0,13.075999999999999,0.065,metal
Ba,Te,tetragonal,4.249,4.249,4.483,90.0,90.0,90.0,16.187,,insulator
Ba,Th,orthorhombic,6.369,6.443,9.045,90.0,90.0,90.0,18.557000000000002,0.0,insulator
Ba,Ti,tetragonal,3.987,3.987,4.099,90.0,90.0,90.0,13.029000000000002,0.0,insulator
Ba,Tl,orthorhombic,6.065,6.147,8.63,90.0,90.0,90.0,16.086,,metal
Ba,Tm,orthorhombic,6.128,6.128,8.65,90.0,90.0,90.0,16.243,0.199,metal
Ba,U,orthorhombic,6.256,6.32,8.893,90.0,90.0,90.0,17.58,0.4,insulator
Ba,V,orthorhombic,5.583,5.584,8.142,90.0,90.0,90.0,12.693,0.2,metal
Ba,W,cubic,4.059,4.059,4.059,90.0,90.0,90.0,13.372,0.0,metal
Ba,Y,orthorhombic,6.185,6.242,8.759,90.0,90.0,90.0,16.909000000000002,0.2,metal
Ba,Yb,rhombohedral,6.026,6.026,6.026,61.5,61.5,61.5,15.993,,metal
Ba,Zn,cubic,4.039,4.039,4.039,90.0,90.0,90.0,13.177,,metal
Ba,Zr,cubic,4.225,4.225,4.225,90.0,90.0,90.0,15.082,0.0,insulator
Be,Ac,rhombohedral,6.294,6.294,6.294,52.8,52.8,52.8,14.664000000000001,0.2,metal
Be,Ag,cubic,3.93,3.93,3.93,90.0,90.0,90.0,12.136,,metal
Be,Al,cubic,3.583,3.583,3.583,90.0,90.0,90.0,9.197000000000001,,metal
Be,As,cubic,3.711,3.711,3.711,90.0,90.0,90.0,10.221,,metal
Be,Au,cubic,3.967,3.967,3.967,90.0,90.0,90.0,12.482999999999999,,metal
Be,B,cubic,3.235,3.235,3.235,90.0,90.0,90.0,6.77,,metal
Be,Ba,cubic,4.531,4.531,4.531,90.0,90.0,90.0,18.605,,metal
Be,Be,cubic,3.343,3.343,3.343,90.0,90.0,90.0,7.47,,metal
Be,Bi,cubic,4.17,4.17,4.17,90.0,90.0,90.0,14.502,,metal
Be,Ca,orthorhombic,5.074,5.731,7.168,90.0,90.0,90.0,10.423,,insulator
Be,Cd,cubic,4.017,4.017,4.017,90.0,90.0,90.0,12.96,,metal
Be,Ce,rhombohedral,6.248,6.248,6.248,52.0,52.0,52.0,14.01,0.2,metal
Be,Co,cubic,3.594,3.594,3.594,90.0,90.0,90.0,9.283999999999999,0.465,metal
Be,Cr,cubic,3.689,3.689,3.689,90.0,90.0,90.0,10.041,0.399,metal
Be,Cs,cubic,4.376,4.376,4.376,90.0,90.0,90.0,16.756,,metal
Be,Cu,cubic,3.62,3.62,3.62,90.0,90.0,90.0,9.484,,metal
Be,Dy,cubic,4.243,4.243,4.243,90.0,90.0,90.0,15.280999999999999,0.206,metal
Be,Er,cubic,4.203,4.203,4.203,90.0,90.0,90.0,14.847000000000001,0.205,metal
Be,Eu,orthorhombic,5.065,5.911,7.173,90.0,90.0,90.0,10.738,0.0,insulator
Be,Fe,cubic,3.668,3.668,3.668,90.0,90.0,90.0,9.87,0.8,metal
Be,Ga,cubic,3.738,3.738,3.738,90.0,90.0,90.0,10.448,,metal
Be,Gd,orthorhombic,4.741,5.537,8.056,90.0,90.0,90.0,10.575,0.0,insulator
Be,Ge,cubic,3.641,3.641,3.641,90.0,90.0,90.0,9.656,,metal
Be,Hf,cubic,4.024,4.024,4.024,90.0,90.0,90.0,13.036,0.0,metal
Be,Hg,cubic,4.073,4.073,4.073,90.0,90.0,90.0,13.51,,metal
Be,Ho,cubic,4.222,4.222,4.222,90.0,90.0,90.0,15.049000000000001,0.206,metal
Be,In,cubic,4.04,4.04,4.04,90.0,90.0,90.0,13.187999999999999,,metal
Be,Ir,cubic,3.85,3.85,3.85,90.0,90.0,90.0,11.415,0.06,metal
Be,K,cubic,4.142,4.142,4.142,90.0,90.0,90.0,14.215,,metal
Be,La,orthorhombic,4.859,5.637,8.366,90.0,90.0,90.0,11.458,0.0,insulator
Be,Li,cubic,3.439,3.439,3.439,90.0,90.0,90.0,8.133,,metal
Be,Lu,cubic,4.15,4.15,4.15,90.0,90.0,90.0,14.290999999999999,0.203,metal
Be,Mg,cubic,3.751,3.751,3.751,90.0,90.0,90.0,10.552,,metal
Be,Mn,cubic,3.657,3.657,3.657,90.0,90.0,90.0,9.779,0.618,metal
Be,Mo,cubic,3.873,3.873,3.873,90.0,90.0,90.0,11.622,-0.006,metal
Be,Na,cubic,3.907,3.907,3.907,90.0,90.0,90.0,11.924000000000001,,metal
Be,Nb,cubic,3.965,3.965,3.965,90.0,90.0,90.0,12.464,-0.121,metal
Be,Nd,rhombohedral,5.968,5.968,5.968,54.6,54.6,54.6,13.129000000000001,0.2,metal
Be,Ni,cubic,3.594,3.594,3.594,90.0,90.0,90.0,9.283999999999999,0.007,metal
Be,Np,rhombohedral,5.995,5.995,5.995,51.9,51.9,51.9,12.345,0.6,metal
Be,Os,cubic,3.84,3.84,3.84,90.0,90.0,90.0,11.322000000000001,0.119,metal
Be,Pa,cubic,4.344,4.344,4.344,90.0,90.0,90.0,16.397000000000002,0.001,metal
Be,Pb,cubic,4.13,4.13,4.13,90.0,90.0,90.0,14.091,,metal
Be,Pd,cubic,3.856,3.856,3.856,90.0,90.0,90.0,11.465,,metal
Be,Pm,orthorhombic,4.75,5.662,8.144,90.0,90.0,90.0,10.952,0.0,insulator
Be,Pr,orthorhombic,4.795,5.754,8.187,90.0,90.0,90.0,11.293,0.0,metal
Be,Pt,cubic,3.891,3.891,3.891,90.0,90.0,90.0,11.782,0.063,metal
Be,Pu,cubic,4.279,4.279,4.279,90.0,90.0,90.0,15.673,0.69,metal
Be,Rb,cubic,4.209,4.209,4.209,90.0,90.0,90.0,14.917,,metal
Be,Re,cubic,3.851,3.851,3.851,90.0,90.0,90.0,11.423,0.006,metal
Be,Rh,cubic,3.832,3.832,3.832,90.0,90.0,90.0,11.255,0.246,metal
Be,Ru,cubic,3.828,3.828,3.828,90.0,90.0,90.0,11.219000000000001,0.393,metal
Be,Sb,cubic,3.947,3.947,3.947,90.0,90.0,90.0,12.302,,metal
Be,Sc,cubic,3.981,3.981,3.981,90.0,90.0,90.0,12.616,0.0,metal
Be,Si,cubic,3.446,3.446,3.446,90.0,90.0,90.0,8.185,,insulator
Be,Sm,cubic,4.362,4.362,4.362,90.0,90.0,90.0,16.605,0.213,metal
Be,Sn,cubic,3.968,3.968,3.968,90.0,90.0,90.0,12.497,,metal
Be,Sr,cubic,4.366,4.366,4.366,90.0,90.0,90.0,16.643,,metal
Be,Ta,cubic,3.942,3.942,3.942,90.0,90.0,90.0,12.253,-0.148,metal
Be,Tb,cubic,4.269,4.269,4.269,90.0,90.0,90.0,15.561,0.207,metal
Be,Tc,cubic,3.835,3.835,3.835,90.0,90.0,90.0,11.28,0.006,metal
Be,Te,cubic,4.048,4.048,4.048,90.0,90.0,90.0,13.261,,metal
Be,Th,cubic,4.501,4.501,4.501,90.0,90.0,90.0,18.234,-0.086,metal
Be,Ti,cubic,3.794,3.794,3.794,90.0,90.0,90.0,10.925,0.0,metal
Be,Tl,cubic,4.123,4.123,4.123,90.0,90.0,90.0,14.014000000000001,,metal
Be,Tm,cubic,4.181,4.181,4.181,90.0,90.0,90.0,14.620999999999999,0.204,metal
Be,U,cubic,4.289,4.289,4.289,90.0,90.0,90.0,15.782,0.026,metal
Be,V,cubic,3.706,3.706,3.706,90.0,90.0,90.0,10.176,0.0,metal
Be,W,cubic,3.882,3.882,3.882,90.0,90.0,90.0,11.697000000000001,-0.017,metal
Be,Y,cubic,4.265,4.265,4.265,90.0,90.0,90.0,15.512,0.207,metal
Be,Yb,orthorhombic,5.067,5.659,7.004,90.0,90.0,90.0,10.042,,insulator
Be,Zn,cubic,3.717,3.717,3.717,90.0,90.0,90.0,10.27,,metal
Be,Zr,cubic,4.086,4.086,4.086,90.0,90.0,90.0,13.64,0.0,metal
Bi,Ac,cubic,4.655,4.655,4.655,90.0,90.0,90.0,20.176,0.004,metal
Bi,Ag,orthorhombic,5.78,6.05,7.719,90.0,90.0,90.0,13.495,,insulator
Bi,Al,orthorhombic,5.335,5.391,7.569,90.0,90.0,90.0,10.885,,insulator
Bi,As,orthorhombic,5.546,6.004,8.081,90.0,90.0,90.0,13.453,,insulator
Bi,Au,cubic,4.129,4.129,4.129,90.0,90.0,90.0,14.074000000000002,,metal
Bi,B,cubic,3.556,3.556,3.556,90.0,90.0,90.0,8.995,,insulator
Bi,Ba,orthorhombic,6.365,6.474,9.489,90.0,90.0,90.0,19.55,,metal
Bi,Be,tetragonal,3.443,3.443,4.43,90.0,90.0,90.0,10.501,,metal
Bi,Bi,cubic,4.347,4.347,4.347,90.0,90.0,90.0,16.427,,metal
Bi,Cd,cubic,4.141,4.141,4.141,90.0,90.0,90.0,14.199000000000002,,metal
Bi,Ce,cubic,4.562,4.562,4.562,90.0,90.0,90.0,18.987000000000002,0.042,metal
Bi,Co,orthorhombic,5.349,5.666,7.671,90.0,90.0,90.0,11.625,0.0,insulator
Bi,Cr,orthorhombic,5.43,5.647,7.781,90.0,90.0,90.0,11.927999999999999,0.6,insulator
Bi,Cs,orthorhombic,5.406,6.019,13.142,90.0,90.0,90.0,21.381,,insulator
Bi,Cu,orthorhombic,5.369,5.948,7.408,90.0,90.0,90.0,11.827,,metal
Bi,Dy,cubic,4.307,4.307,4.307,90.0,90.0,90.0,15.975999999999999,0.0,metal
Bi,Er,cubic,4.266,4.266,4.266,90.0,90.0,90.0,15.533,0.0,metal
Bi,Eu,orthorhombic,5.923,6.115,8.628,90.0,90.0,90.0,15.624,0.0,metal
Bi,Fe,orthorhombic,5.447,5.675,7.808,90.0,90.0,90.0,12.067,1.0,insulator
Bi,Ga,tetragonal,3.687,3.687,4.642,90.0,90.0,90.0,12.617,,insulator
Bi,Gd,cubic,4.366,4.366,4.366,90.0,90.0,90.0,16.64,0.0,metal
Bi,Ge,tetragonal,3.832,3.832,4.607,90.0,90.0,90.0,13.527000000000001,,metal
Bi,Hf,orthorhombic,5.725,5.77,8.328,90.0,90.0,90.0,13.754000000000001,0.003,metal
Bi,Hg,orthorhombic,5.63,5.983,8.983,90.0,90.0,90.0,15.127,,metal
Bi,Ho,cubic,4.287,4.287,4.287,90.0,90.0,90.0,15.754000000000001,0.0,metal
Bi,In,orthorhombic,5.644,6.039,8.144,90.0,90.0,90.0,13.878,,insulator
Bi,Ir,cubic,3.995,3.995,3.995,90.0,90.0,90.0,12.755,0.0,metal
Bi,K,orthorhombic,4.63,5.553,12.894,90.0,90.0,90.0,16.576,,insulator
Bi,La,cubic,4.533,4.533,4.533,90.0,90.0,90.0,18.63,0.045,metal
Bi,Li,cubic,3.737,3.737,3.737,90.0,90.0,90.0,10.440999999999999,,metal
Bi,Lu,orthorhombic,5.682,6.059,8.243,90.0,90.0,90.0,14.19,0.0,insulator
Bi,Mg,orthorhombic,5.348,5.67,7.811,90.0,90.0,90.0,11.843,,metal
Bi,Mn,orthorhombic,5.432,5.786,7.714,90.0,90.0,90.0,12.120999999999999,0.8,metal
Bi,Mo,orthorhombic,5.56,5.911,7.944,90.0,90.0,90.0,13.054,0.6,metal
Bi,Na,orthorhombic,5.133,5.479,9.717,90.0,90.0,90.0,13.664000000000001,,insulator
Bi,Nb,orthorhombic,5.64,5.71,8.246,90.0,90.0,90.0,13.277999999999999,0.001,metal
Bi,Nd,cubic,4.491,4.491,4.491,90.0,90.0,90.0,18.116,0.01,metal
Bi,Ni,orthorhombic,5.33,5.671,7.666,90.0,90.0,90.0,11.585,0.394,metal
Bi,Np,cubic,4.408,4.408,4.408,90.0,90.0,90.0,17.125999999999998,0.56,metal
Bi,Os,orthorhombic,5.322,6.009,7.759,90.0,90.0,90.0,12.405999999999999,0.107,metal
Bi,Pa,rhombohedral,5.886,5.886,5.886,65.6,65.6,65.6,16.166,0.144,metal
Bi,Pb,orthorhombic,5.809,6.235,8.321,90.0,90.0,90.0,15.069,,metal
Bi,Pd,orthorhombic,5.512,5.954,7.781,90.0,90.0,90.0,12.769,,metal
Bi,Pm,cubic,4.456,4.456,4.456,90.0,90.0,90.0,17.691,0.006,metal
Bi,Pr,cubic,4.526,4.526,4.526,90.0,90.0,90.0,18.538,0.02,metal
Bi,Pt,cubic,4.049,4.049,4.049,90.0,90.0,90.0,13.273,0.0,metal
Bi,Pu,cubic,4.378,4.378,4.378,90.0,90.0,90.0,16.778,0.776,metal
Bi,Rb,orthorhombic,5.115,5.768,12.79,90.0,90.0,90.0,18.866,,insulator
Bi,Re,cubic,3.996,3.996,3.996,90.0,90.0,90.0,12.764000000000001,0.02,metal
Bi,Rh,orthorhombic,5.403,5.865,7.783,90.0,90.0,90.0,12.332,0.0,insulator
Bi,Ru,orthorhombic,5.398,5.847,7.825,90.0,90.0,90.0,12.35,0.192,metal
Bi,Sb,orthorhombic,5.783,6.291,8.413,90.0,90.0,90.0,15.300999999999998,,metal
Bi,Sc,orthorhombic,5.56,5.855,8.033,90.0,90.0,90.0,13.075,0.0,insulator
Bi,Si,cubic,3.772,3.772,3.772,90.0,90.0,90.0,10.735999999999999,,metal
Bi,Sm,cubic,4.427,4.427,4.427,90.0,90.0,90.0,17.358,0.001,metal
Bi,Sn,orthorhombic,5.71,6.189,8.283,90.0,90.0,90.0,14.635,,metal
Bi,Sr,orthorhombic,6.059,6.233,8.952,90.0,90.0,90.0,16.905,,metal
Bi,Ta,orthorhombic,5.638,5.732,8.179,90.0,90.0,90.0,13.215,0.0,metal
Bi,Tb,cubic,4.341,4.341,4.341,90.0,90.0,90.0,16.361,0.0,metal
Bi,Tc,orthorhombic,5.427,5.884,7.854,90.0,90.0,90.0,12.538,0.4,metal
Bi,Te,cubic,4.249,4.249,4.249,90.0,90.0,90.0,15.345999999999998,,metal
Bi,Th,cubic,4.571,4.571,4.571,90.0,90.0,90.0,19.105999999999998,0.0,metal
Bi,Ti,rhombohedral,5.38,5.38,5.38,64.3,64.3,64.3,12.05,0.005,metal
Bi,Tl,orthorhombic,5.777,6.247,8.241,90.0,90.0,90.0,14.87,,insulator
Bi,Tm,cubic,4.239,4.239,4.239,90.0,90.0,90.0,15.235,0.0,insulator
Bi,U,cubic,4.878,4.878,4.878,90.0,90.0,90.0,23.213,0.245,metal
Bi,V,orthorhombic,5.448,5.75,7.828,90.0,90.0,90.0,12.262,0.4,insulator
Bi,W,cubic,4.019,4.019,4.019,90.0,90.0,90.0,12.987,0.0,metal
Bi,Y,cubic,4.317,4.317,4.317,90.0,90.0,90.0,16.089000000000002,0.0,metal
Bi,Yb,cubic,4.157,4.157,4.157,90.0,90.0,90.0,14.370999999999999,,metal
Bi,Zn,orthorhombic,5.385,5.721,7.867,90.0,90.0,90.0,12.119000000000002,,metal
Bi,Zr,orthorhombic,5.774,5.784,8.422,90.0,90.0,90.0,14.065999999999999,0.0,metal
Ca,Ac,cubic,4.612,4.612,4.612,90.0,90.0,90.0,19.615,0.084,metal
Ca,Ag,orthorhombic,5.507,5.819,7.759,90.0,90.0,90.0,12.431,,metal
Ca,Al,cubic,3.715,3.715,3.715,90.0,90.0,90.0,10.252,,metal
Ca,As,orthorhombic,5.387,5.547,7.695,90.0,90.0,90.0,11.497,,metal
Ca,Au,orthorhombic,5.551,5.878,7.653,90.0,90.0,90.0,12.485,,metal
Ca,B,cubic,3.442,3.442,3.442,90.0,90.0,90.0,8.157,,metal
Ca,Ba,cubic,4.59,4.59,4.59,90.0,90.0,90.0,19.340999999999998,,metal
Ca,Be,orthorhombic,4.712,5.323,7.18,90.0,90.0,90.0,9.003,,metal
Ca,Bi,orthorhombic,5.758,6.015,8.329,90.0,90.0,90.0,14.423,,metal
Ca,Ce,cubic,4.505,4.505,4.505,90.0,90.0,90.0,18.285,0.2,metal
Ca,Co,rhombohedral,5.197,5.197,5.197,61.5,61.5,61.5,10.255,0.576,metal
Ca,Cr,orthorhombic,5.302,5.54,7.536,90.0,90.0,90.0,11.068,0.4,insulator
Ca,Cs,cubic,4.483,4.483,4.483,90.0,90.0,90.0,18.02,,metal
Ca,Cu,rhombohedral,5.306,5.306,5.306,60.2,60.2,60.2,10.605,,metal
Ca,Dy,orthorhombic,5.895,6.119,7.855,90.0,90.0,90.0,14.165999999999999,0.2,metal
Ca,Er,orthorhombic,5.866,6.086,7.791,90.0,90.0,90.0,13.907,0.2,metal
Ca,Eu,cubic,4.215,4.215,4.215,90.0,90.0,90.0,14.975999999999999,0.016,metal
Ca,Fe,rhombohedral,5.287,5.287,5.287,60.9,60.9,60.9,10.664000000000001,0.8,metal
Ca,Ga,rhombohedral,5.292,5.292,5.292,62.8,62.8,62.8,11.139000000000001,,metal
Ca,Gd,cubic,4.334,4.334,4.334,90.0,90.0,90.0,16.276,0.2,metal
Ca,Hf,orthorhombic,5.541,5.724,7.948,90.0,90.0,90.0,12.605,0.0,insulator
Ca,Hg,cubic,4.144,4.144,4.144,90.0,90.0,90.0,14.232000000000001,,metal
Ca,In,orthorhombic,5.763,5.99,7.598,90.0,90.0,90.0,13.113,,metal
Ca,Ir,orthorhombic,5.312,5.64,7.662,90.0,90.0,90.0,11.479000000000001,0.027,metal
Ca,K,cubic,4.24,4.24,4.24,90.0,90.0,90.0,15.249,,metal
Ca,Li,cubic,3.675,3.675,3.675,90.0,90.0,90.0,9.924,,metal
Ca,Lu,orthorhombic,5.798,6.017,7.746,90.0,90.0,90.0,13.51,0.2,metal
Ca,Mg,orthorhombic,3.838,7.126,8.479,90.0,90.0,90.0,11.595999999999998,,metal
Ca,Mn,tetragonal,3.794,3.794,3.943,90.0,90.0,90.0,11.353,0.605,metal
Ca,Mo,orthorhombic,5.41,5.62,7.764,90.0,90.0,90.0,11.802,0.028,metal
Ca,Nd,cubic,4.426,4.426,4.426,90.0,90.0,90.0,17.345,0.2,metal
Ca,Ni,rhombohedral,5.2,5.2,5.2,62.3,62.3,62.3,10.45,0.0,metal
Ca,Np,cubic,4.383,4.383,4.383,90.0,90.0,90.0,16.845,0.6,metal
Ca,Os,orthorhombic,5.324,5.607,7.684,90.0,90.0,90.0,11.469000000000001,0.184,metal
Ca,Pa,rhombohedral,6.124,6.124,6.124,59.4,59.4,59.4,16.035,0.2,insulator
Ca,Pb,orthorhombic,5.675,5.926,8.142,90.0,90.0,90.0,13.69,,insulator
Ca,Pd,orthorhombic,5.347,5.653,7.677,90.0,90.0,90.0,11.604000000000001,,insulator
Ca,Pm,cubic,4.399,4.399,4.399,90.0,90.0,90.0,17.023,0.2,metal
Ca,Pr,cubic,4.46,4.46,4.46,90.0,90.0,90.0,17.748,0.2,metal
Ca,Pt,orthorhombic,5.345,5.692,7.7,90.0,90.0,90.0,11.714,0.0,insulator
Ca,Rb,cubic,4.278,4.278,4.278,90.0,90.0,90.0,15.663,,metal
Ca,Re,orthorhombic,5.343,5.628,7.706,90.0,90.0,90.0,11.585999999999999,0.129,metal
Ca,Rh,orthorhombic,5.347,5.633,7.697,90.0,90.0,90.0,11.592,0.2,metal
Ca,Ru,orthorhombic,5.371,5.61,7.708,90.0,90.0,90.0,11.614,0.397,metal
Ca,Sb,orthorhombic,5.612,5.854,8.085,90.0,90.0,90.0,13.280999999999999,,metal
Ca,Sc,orthorhombic,5.624,5.832,7.652,90.0,90.0,90.0,12.549000000000001,0.2,metal
Ca,Si,rhombohedral,5.054,5.054,5.054,60.1,60.1,60.1,9.158999999999999,,insulator
Ca,Sm,cubic,4.384,4.384,4.384,90.0,90.0,90.0,16.855,0.2,metal
Ca,Sn,orthorhombic,5.529,5.706,7.927,90.0,90.0,90.0,12.503,,insulator
Ca,Sr,cubic,4.406,4.406,4.406,90.0,90.0,90.0,17.11,,metal
Ca,Ta,orthorhombic,5.489,5.651,7.881,90.0,90.0,90.0,12.222999999999999,0.0,metal
Ca,Tb,cubic,4.307,4.307,4.307,90.0,90.0,90.0,15.977,0.2,metal
Ca,Tc,orthorhombic,5.37,5.601,7.731,90.0,90.0,90.0,11.627,0.346,metal
Ca,Te,orthorhombic,5.659,5.946,8.167,90.0,90.0,90.0,13.74,,metal
Ca,Th,cubic,4.558,4.558,4.558,90.0,90.0,90.0,18.935,0.0,insulator
Ca,Ti,orthorhombic,5.355,5.478,7.635,90.0,90.0,90.0,11.199000000000002,0.0,insulator
Ca,Tl,orthorhombic,5.686,6.012,8.109,90.0,90.0,90.0,13.860999999999999,,metal
Ca,Tm,orthorhombic,5.84,6.061,7.775,90.0,90.0,90.0,13.761,0.2,metal
Ca,V,orthorhombic,5.28,5.432,7.594,90.0,90.0,90.0,10.892000000000001,0.2,insulator
Ca,W,orthorhombic,5.408,5.642,7.784,90.0,90.0,90.0,11.873,0.003,metal
Ca,Y,cubic,4.295,4.295,4.295,90.0,90.0,90.0,15.844000000000001,0.2,metal
Ca,Yb,cubic,4.134,4.134,4.134,90.0,90.0,90.0,14.129000000000001,,metal
Ca,Zn,orthorhombic,5.426,5.661,7.588,90.0,90.0,90.0,11.654000000000002,,metal
Ca,Zr,orthorhombic,5.582,5.787,8.025,90.0,90.0,90.0,12.962,0.0,insulator
Cd,Ac,orthorhombic,6.085,6.169,8.756,90.0,90.0,90.0,16.436,0.2,metal
Cd,Ag,orthorhombic,5.448,5.649,7.866,90.0,90.0,90.0,12.103,,metal
Cd,Al,orthorhombic,5.179,5.341,7.366,90.0,90.0,90.0,10.187000000000001,,metal
Cd,As,orthorhombic,5.378,5.52,7.722,90.0,90.0,90.0,11.462,,metal
Cd,Au,orthorhombic,5.454,5.631,8.035,90.0,90.0,90.0,12.338,,metal
Cd,B,cubic,3.464,3.464,3.464,90.0,90.0,90.0,8.316,,metal
Cd,Ba,orthorhombic,6.481,6.492,8.169,90.0,90.0,90.0,17.186,,insulator
Cd,Be,cubic,3.56,3.56,3.56,90.0,90.0,90.0,9.026,,metal
Cd,Bi,orthorhombic,5.758,5.913,8.321,90.0,90.0,90.0,14.164000000000001,,metal
Cd,Ca,cubic,4.207,4.207,4.207,90.0,90.0,90.0,14.897,,metal
Cd,Cd,cubic,4.09,4.09,4.09,90.0,90.0,90.0,13.686,,metal
Cd,Ce,cubic,4.51,4.51,4.51,90.0,90.0,90.0,18.344,0.215,metal
Cd,Co,rhombohedral,5.167,5.167,5.167,61.6,61.6,61.6,10.111,0.195,metal
Cd,Cr,orthorhombic,5.255,5.359,7.514,90.0,90.0,90.0,10.58,0.4,insulator
Cd,Cs,cubic,4.436,4.436,4.436,90.0,90.0,90.0,17.462,,metal
Cd,Cu,orthorhombic,5.213,5.355,7.447,90.0,90.0,90.0,10.392000000000001,,metal
Cd,Dy,cubic,4.285,4.285,4.285,90.0,90.0,90.0,15.738,0.203,metal
Cd,Er,cubic,4.251,4.251,4.251,90.0,90.0,90.0,15.362,0.202,metal
Cd,Eu,orthorhombic,5.858,6.064,8.158,90.0,90.0,90.0,14.49,0.41,metal
Cd,Fe,orthorhombic,5.272,5.348,7.518,90.0,90.0,90.0,10.599,0.799,metal
Cd,Ga,orthorhombic,5.277,5.503,7.581,90.0,90.0,90.0,11.008,,metal
Cd,Gd,cubic,4.332,4.332,4.332,90.0,90.0,90.0,16.256,0.204,metal
Cd,Ge,orthorhombic,5.259,5.32,7.501,90.0,90.0,90.0,10.494000000000002,,insulator
Cd,Hf,rhombohedral,5.665,5.665,5.665,58.9,58.9,58.9,12.535,0.0,insulator
Cd,Hg,cubic,4.133,4.133,4.133,90.0,90.0,90.0,14.116,,metal
Cd,Ho,cubic,4.267,4.267,4.267,90.0,90.0,90.0,15.542,0.203,metal
Cd,In,cubic,4.107,4.107,4.107,90.0,90.0,90.0,13.850999999999999,,metal
Cd,Ir,orthorhombic,5.417,5.443,7.747,90.0,90.0,90.0,11.421,0.169,metal
Cd,K,cubic,4.224,4.224,4.224,90.0,90.0,90.0,15.07,,metal
Cd,La,cubic,4.454,4.454,4.454,90.0,90.0,90.0,17.671,0.211,metal
Cd,Li,cubic,3.676,3.676,3.676,90.0,90.0,90.0,9.937000000000001,,metal
Cd,Lu,cubic,4.199,4.199,4.199,90.0,90.0,90.0,14.805,0.201,metal
Cd,Mg,cubic,3.866,3.866,3.866,90.0,90.0,90.0,11.555,,metal
Cd,Mn,orthorhombic,5.259,5.338,7.478,90.0,90.0,90.0,10.495999999999999,0.6,insulator
Cd,Mo,rhombohedral,5.382,5.382,5.382,62.6,62.6,62.6,11.652000000000001,0.033,metal
Cd,Na,cubic,4.002,4.002,4.002,90.0,90.0,90.0,12.815,,metal
Cd,Nb,orthorhombic,5.562,5.586,7.895,90.0,90.0,90.0,12.265999999999998,0.001,metal
Cd,Nd,cubic,4.441,4.441,4.441,90.0,90.0,90.0,17.518,0.208,metal
Cd,Ni,orthorhombic,5.206,5.372,7.369,90.0,90.0,90.0,10.305,0.0,metal
Cd,Np,cubic,4.316,4.316,4.316,90.0,90.0,90.0,16.076,0.432,metal
Cd,Os,rhombohedral,5.287,5.287,5.287,63.7,63.7,63.7,11.311,0.006,metal
Cd,Pa,rhombohedral,6.159,6.159,6.159,58.0,58.0,58.0,15.767999999999999,0.2,insulator
Cd,Pb,orthorhombic,5.657,5.832,8.19,90.0,90.0,90.0,13.511,,metal
Cd,Pd,orthorhombic,5.374,5.561,7.669,90.0,90.0,90.0,11.46,,metal
Cd,Pm,cubic,4.414,4.414,4.414,90.0,90.0,90.0,17.203,0.207,metal
Cd,Pr,cubic,4.474,4.474,4.474,90.0,90.0,90.0,17.914,0.211,metal
Cd,Pt,orthorhombic,5.418,5.558,7.717,90.0,90.0,90.0,11.619000000000002,0.001,insulator
Cd,Pu,orthorhombic,5.726,5.903,8.408,90.0,90.0,90.0,14.210999999999999,0.8,insulator
Cd,Rb,cubic,4.269,4.269,4.269,90.0,90.0,90.0,15.565,,metal
Cd,Re,rhombohedral,5.281,5.281,5.281,64.3,64.3,64.3,11.399000000000001,0.008,metal
Cd,Rh,orthorhombic,5.385,5.451,7.683,90.0,90.0,90.0,11.276,0.2,metal
Cd,Ru,orthorhombic,5.403,5.455,7.676,90.0,90.0,90.0,11.31,0.4,metal
Cd,Sb,orthorhombic,5.6,5.767,8.095,90.0,90.0,90.0,13.073,,metal
Cd,Sc,orthorhombic,5.46,5.708,7.811,90.0,90.0,90.0,12.169,0.2,metal
Cd,Si,tetragonal,3.371,3.371,4.544,90.0,90.0,90.0,10.33,,metal
Cd,Sn,orthorhombic,5.504,5.636,7.954,90.0,90.0,90.0,12.337,,insulator
Cd,Sr,orthorhombic,6.266,6.309,7.66,90.0,90.0,90.0,15.140999999999998,,insulator
Cd,Ta,rhombohedral,5.507,5.507,5.507,61.9,61.9,61.9,12.3,0.0,metal
Cd,Tb,cubic,4.307,4.307,4.307,90.0,90.0,90.0,15.98,0.204,metal
Cd,Tc,orthorhombic,5.421,5.458,7.767,90.0,90.0,90.0,11.49,0.418,metal
Cd,Te,orthorhombic,5.675,5.844,8.208,90.0,90.0,90.0,13.61,,metal
Cd,Th,cubic,4.537,4.537,4.537,90.0,90.0,90.0,18.683,-0.044,metal
Cd,Ti,orthorhombic,5.299,5.449,7.61,90.0,90.0,90.0,10.987,0.0,insulator
Cd,Tl,cubic,4.18,4.18,4.18,90.0,90.0,90.0,14.607000000000001,,metal
Cd,Tm,cubic,4.231,4.231,4.231,90.0,90.0,90.0,15.144,0.202,metal
Cd,U,orthorhombic,5.794,5.967,8.561,90.0,90.0,90.0,14.798,0.4,insulator
Cd,V,orthorhombic,5.282,5.34,7.661,90.0,90.0,90.0,10.805,0.2,insulator
Cd,W,cubic,3.95,3.95,3.95,90.0,90.0,90.0,12.325,0.001,metal
Cd,Y,cubic,4.307,4.307,4.307,90.0,90.0,90.0,15.979000000000001,0.203,metal
Cd,Yb,cubic,4.126,4.126,4.126,90.0,90.0,90.0,14.045,,metal
Cd,Zn,orthorhombic,5.29,5.523,7.56,90.0,90.0,90.0,11.044,,metal
Cd,Zr,orthorhombic,5.534,5.726,8.05,90.0,90.0,90.0,12.755999999999998,0.0,insulator
Ce,Ac,cubic,4.671,4.671,4.671,90.0,90.0,90.0,20.385,0.0,metal
Ce,Ag,orthorhombic,5.635,6.027,8.062,90.0,90.0,90.0,13.692,0.0,metal
Ce,Al,rhombohedral,5.36,5.36,5.36,60.1,60.1,60.1,10.924000000000001,0.0,insulator
Ce,As,orthorhombic,5.632,5.99,8.113,90.0,90.0,90.0,13.684000000000001,0.0,metal
Ce,Au,orthorhombic,5.756,6.584,7.476,90.0,90.0,90.0,14.164000000000001,0.0,insulator
Ce,B,cubic,3.594,3.594,3.594,90.0,90.0,90.0,9.283,-0.001,insulator
Ce,Ba,orthorhombic,6.203,6.229,10.355,90.0,90.0,90.0,20.007,0.199,metal
Ce,Be,cubic,3.674,3.674,3.674,90.0,90.0,90.0,9.919,0.2,metal
Ce,Bi,cubic,4.408,4.408,4.408,90.0,90.0,90.0,17.131,0.0,metal
Ce,Ca,cubic,4.173,4.173,4.173,90.0,90.0,90.0,14.536,0.2,metal
Ce,Cd,orthorhombic,5.714,6.129,8.207,90.0,90.0,90.0,14.37,0.0,metal
Ce,Ce,cubic,4.56,4.56,4.56,90.0,90.0,90.0,18.959,0.0,insulator
Ce,Co,orthorhombic,5.398,5.475,7.725,90.0,90.0,90.0,11.414000000000001,0.4,metal
Ce,Cr,orthorhombic,5.511,5.597,7.825,90.0,90.0,90.0,12.068,0.6,insulator
Ce,Cu,orthorhombic,5.407,5.476,7.708,90.0,90.0,90.0,11.411,0.0,metal
Ce,Dy,orthorhombic,5.856,6.095,8.488,90.0,90.0,90.0,15.149000000000001,0.0,insulator
Ce,Er,orthorhombic,5.815,6.057,8.411,90.0,90.0,90.0,14.812000000000001,0.0,insulator
Ce,Eu,cubic,4.296,4.296,4.296,90.0,90.0,90.0,15.852,0.158,metal
Ce,Fe,orthorhombic,5.518,5.642,7.847,90.0,90.0,90.0,12.214,1.0,insulator
Ce,Ga,orthorhombic,5.507,5.545,7.802,90.0,90.0,90.0,11.912,0.0,insulator
Ce,Gd,cubic,4.35,4.35,4.35,90.0,90.0,90.0,16.458,0.0,insulator
Ce,Ge,orthorhombic,5.575,5.848,8.015,90.0,90.0,90.0,13.068,0.0,metal
Ce,Hf,orthorhombic,5.613,5.613,8.55,90.0,90.0,90.0,13.468,0.0,metal
Ce,Hg,orthorhombic,5.723,6.5,8.102,90.0,90.0,90.0,15.068,0.0,metal
Ce,Ho,orthorhombic,5.836,6.076,8.456,90.0,90.0,90.0,14.992,0.0,insulator
Ce,In,orthorhombic,5.713,5.985,8.249,90.0,90.0,90.0,14.1,0.0,insulator
Ce,Ir,orthorhombic,5.443,5.938,7.906,90.0,90.0,90.0,12.777000000000001,0.0,insulator
Ce,K,orthorhombic,6.267,6.37,9.772,90.0,90.0,90.0,19.506,0.4,metal
Ce,La,cubic,4.544,4.544,4.544,90.0,90.0,90.0,18.764,0.0,insulator
Ce,Li,orthorhombic,5.269,5.744,7.587,90.0,90.0,90.0,11.48,0.4,metal
Ce,Lu,orthorhombic,5.767,5.994,8.318,90.0,90.0,90.0,14.375,0.0,insulator
Ce,Mg,orthorhombic,5.453,5.793,7.84,90.0,90.0,90.0,12.385,0.2,metal
Ce,Mn,orthorhombic,5.503,5.683,7.816,90.0,90.0,90.0,12.222000000000001,0.8,metal
Ce,Mo,orthorhombic,5.559,5.941,8.009,90.0,90.0,90.0,13.225999999999999,0.518,metal
Ce,Na,cubic,4.016,4.016,4.016,90.0,90.0,90.0,12.950999999999999,0.4,metal
Ce,Nb,orthorhombic,5.583,6.037,7.968,90.0,90.0,90.0,13.427999999999999,0.003,metal
Ce,Nd,cubic,4.479,4.479,4.479,90.0,90.0,90.0,17.971,0.0,insulator
Ce,Ni,orthorhombic,5.387,5.473,7.673,90.0,90.0,90.0,11.311,0.2,metal
Ce,Np,cubic,4.443,4.443,4.443,90.0,90.0,90.0,17.546,0.779,metal
Ce,Os,orthorhombic,5.342,6.053,7.827,90.0,90.0,90.0,12.655,0.103,metal
Ce,Pa,cubic,4.485,4.485,4.485,90.0,90.0,90.0,18.039,0.293,metal
Ce,Pd,orthorhombic,5.589,5.948,7.859,90.0,90.0,90.0,13.064,0.001,metal
Ce,Pm,cubic,4.44,4.44,4.44,90.0,90.0,90.0,17.506,0.0,insulator
Ce,Pr,cubic,4.517,4.517,4.517,90.0,90.0,90.0,18.434,0.0,insulator
Ce,Pt,orthorhombic,5.634,6.128,7.69,90.0,90.0,90.0,13.275,0.0,metal
Ce,Pu,cubic,4.382,4.382,4.382,90.0,90.0,90.0,16.831,0.926,metal
Ce,Rb,orthorhombic,6.588,6.627,9.011,90.0,90.0,90.0,19.672,0.0,insulator
Ce,Re,orthorhombic,5.382,6.051,7.854,90.0,90.0,90.0,12.787,0.284,metal
Ce,Rh,orthorhombic,5.469,5.852,7.893,90.0,90.0,90.0,12.630999999999998,0.0,insulator
Ce,Ru,orthorhombic,5.43,5.9,7.867,90.0,90.0,90.0,12.6,0.198,metal
Ce,Sb,cubic,4.261,4.261,4.261,90.0,90.0,90.0,15.47,0.0,metal
Ce,Sc,orthorhombic,5.638,5.828,8.066,90.0,90.0,90.0,13.251,0.0,insulator
Ce,Si,tetragonal,3.61,3.61,4.523,90.0,90.0,90.0,11.786,0.001,metal
Ce,Sm,cubic,4.415,4.415,4.415,90.0,90.0,90.0,17.21,0.0,insulator
Ce,Sn,orthorhombic,5.801,6.125,8.447,90.0,90.0,90.0,15.004000000000001,0.0,metal
Ce,Sr,cubic,4.404,4.404,4.404,90.0,90.0,90.0,17.087,0.0,metal
Ce,Ta,orthorhombic,5.56,6.017,7.932,90.0,90.0,90.0,13.267999999999999,0.0,metal
Ce,Tb,cubic,4.324,4.324,4.324,90.0,90.0,90.0,16.167,0.0,insulator
Ce,Tc,orthorhombic,5.478,5.903,7.918,90.0,90.0,90.0,12.802999999999999,0.393,metal
Ce,Te,cubic,4.278,4.278,4.278,90.0,90.0,90.0,15.655999999999999,0.0,metal
Ce,Th,cubic,4.566,4.566,4.566,90.0,90.0,90.0,19.04,0.036,metal
Ce,Ti,orthorhombic,5.534,5.66,7.884,90.0,90.0,90.0,12.347000000000001,0.11,metal
Ce,Tl,orthorhombic,5.81,6.185,8.453,90.0,90.0,90.0,15.189,0.0,insulator
Ce,Tm,orthorhombic,5.798,6.03,8.381,90.0,90.0,90.0,14.65,0.0,insulator
Ce,U,cubic,4.413,4.413,4.413,90.0,90.0,90.0,17.184,0.542,metal
Ce,V,orthorhombic,5.528,5.711,7.868,90.0,90.0,90.0,12.42,0.4,insulator
Ce,W,orthorhombic,5.405,6.059,7.889,90.0,90.0,90.0,12.918,0.0,metal
Ce,Y,cubic,4.3,4.3,4.3,90.0,90.0,90.0,15.905,0.0,insulator
Ce,Yb,cubic,4.155,4.155,4.155,90.0,90.0,90.0,14.347000000000001,-0.001,metal
Ce,Zn,orthorhombic,5.484,5.7,7.824,90.0,90.0,90.0,12.229000000000001,0.0,metal
Ce,Zr,orthorhombic,5.746,6.041,8.174,90.0,90.0,90.0,14.185,0.018,metal
Co,Ag,cubic,3.973,3.973,3.973,90.0,90.0,90.0,12.540999999999999,0.679,metal
Co,Al,cubic,3.633,3.633,3.633,90.0,90.0,90.0,9.587,0.785,metal
Co,As,cubic,3.769,3.769,3.769,90.0,90.0,90.0,10.706,0.551,metal
Co,B,cubic,3.324,3.324,3.324,90.0,90.0,90.0,7.343,0.757,metal
Co,Be,cubic,3.433,3.433,3.433,90.0,90.0,90.0,8.095,0.805,metal
Co,Ce,orthorhombic,5.549,6.416,8.943,90.0,90.0,90.0,15.922,0.8,insulator
Co,Co,cubic,3.653,3.653,3.653,90.0,90.0,90.0,9.751,-0.091,metal
Co,Cu,cubic,3.671,3.671,3.671,90.0,90.0,90.0,9.897,0.721,metal
Co,Dy,rhombohedral,5.988,5.988,5.988,55.0,55.0,55.0,13.398,0.799,insulator
Co,Er,cubic,4.209,4.209,4.209,90.0,90.0,90.0,14.911,0.798,metal
Co,Fe,cubic,3.717,3.717,3.717,90.0,90.0,90.0,10.269,1.406,metal
Co,Gd,cubic,4.308,4.308,4.308,90.0,90.0,90.0,15.987,0.801,metal
Co,Ge,cubic,3.69,3.69,3.69,90.0,90.0,90.0,10.046,0.6,insulator
Co,Hf,cubic,4.04,4.04,4.04,90.0,90.0,90.0,13.183,0.599,metal
Co,Li,cubic,3.518,3.518,3.518,90.0,90.0,90.0,8.706,0.597,metal
Co,Lu,cubic,4.164,4.164,4.164,90.0,90.0,90.0,14.436,0.8,metal
Co,Mn,cubic,3.707,3.707,3.707,90.0,90.0,90.0,10.186,0.0,metal
Co,Mo,orthorhombic,5.249,5.25,7.672,90.0,90.0,90.0,10.571,-0.2,metal
Co,Na,rhombohedral,5.75,5.75,5.75,58.1,58.1,58.1,12.852,0.4,insulator
Co,Nb,cubic,3.977,3.977,3.977,90.0,90.0,90.0,12.579,0.502,metal
Co,Ni,cubic,3.644,3.644,3.644,90.0,90.0,90.0,9.677,0.805,metal
Co,Pd,cubic,3.887,3.887,3.887,90.0,90.0,90.0,11.742,0.719,metal
Co,Pt,cubic,3.925,3.925,3.925,90.0,90.0,90.0,12.093,0.675,metal
Co,Re,cubic,3.875,3.875,3.875,90.0,90.0,90.0,11.633,0.505,metal
Co,Sb,cubic,3.986,3.986,3.986,90.0,90.0,90.0,12.663,0.442,metal
Co,Sc,cubic,4.003,4.003,4.003,90.0,90.0,90.0,12.83,0.798,metal
Co,Si,cubic,3.51,3.51,3.51,90.0,90.0,90.0,8.646,0.599,insulator
Co,Sr,rhombohedral,6.583,6.583,6.583,52.0,52.0,52.0,16.352999999999998,0.6,metal
Co,Ta,cubic,3.951,3.951,3.951,90.0,90.0,90.0,12.331,0.482,metal
Co,Tb,rhombohedral,6.025,6.025,6.025,54.8,54.8,54.8,13.606,0.799,insulator
Co,Tc,cubic,3.872,3.872,3.872,90.0,90.0,90.0,11.612,0.528,metal
Co,Th,cubic,4.534,4.534,4.534,90.0,90.0,90.0,18.647000000000002,0.584,metal
Co,Ti,cubic,3.821,3.821,3.821,90.0,90.0,90.0,11.159,0.6,insulator
Co,Tl,rhombohedral,5.829,5.829,5.829,57.3,57.3,57.3,13.149000000000001,0.798,insulator
Co,Tm,cubic,4.196,4.196,4.196,90.0,90.0,90.0,14.777000000000001,0.8,metal
Co,V,cubic,3.74,3.74,3.74,90.0,90.0,90.0,10.467,0.401,metal
Co,Y,rhombohedral,5.999,5.999,5.999,54.9,54.9,54.9,13.470999999999998,0.8,insulator
Co,Zr,cubic,4.099,4.099,4.099,90.0,90.0,90.0,13.777999999999999,0.599,metal
Cr,Ac,rhombohedral,6.388,6.388,6.388,56.1,56.1,56.1,16.754,0.6,insulator
Cr,Ag,cubic,3.985,3.985,3.985,90.0,90.0,90.0,12.66,0.699,metal
Cr,Al,cubic,3.638,3.638,3.638,90.0,90.0,90.0,9.626,0.6,metal
Cr,As,cubic,3.774,3.774,3.774,90.0,90.0,90.0,10.751,0.891,metal
Cr,B,cubic,3.335,3.335,3.335,90.0,90.0,90.0,7.417999999999999,0.6,metal
Cr,Be,cubic,3.424,3.424,3.424,90.0,90.0,90.0,8.027000000000001,0.401,metal
Cr,Cd,cubic,4.088,4.088,4.088,90.0,90.0,90.0,13.665999999999999,0.656,metal
Cr,Ce,rhombohedral,6.225,6.225,6.225,56.2,56.2,56.2,15.568,0.6,insulator
Cr,Co,cubic,3.659,3.659,3.659,90.0,90.0,90.0,9.798,0.505,metal
Cr,Cr,cubic,3.746,3.746,3.746,90.0,90.0,90.0,10.513,1.2,metal
Cr,Cu,cubic,3.684,3.684,3.684,90.0,90.0,90.0,9.999,0.628,metal
Cr,Dy,cubic,4.308,4.308,4.308,90.0,90.0,90.0,15.988,0.817,metal
Cr,Er,cubic,4.273,4.273,4.273,90.0,90.0,90.0,15.600999999999999,0.917,metal
Cr,Eu,orthorhombic,5.536,5.596,8.733,90.0,90.0,90.0,13.527000000000001,0.4,insulator
Cr,Fe,cubic,3.744,3.744,3.744,90.0,90.0,90.0,10.5,1.6,metal
Cr,Ga,cubic,3.788,3.788,3.788,90.0,90.0,90.0,10.869000000000002,0.6,metal
Cr,Gd,rhombohedral,6.077,6.077,6.077,55.1,55.1,55.1,14.075999999999999,0.6,insulator
Cr,Ge,cubic,3.707,3.707,3.707,90.0,90.0,90.0,10.19,0.801,metal
Cr,Hf,cubic,4.057,4.057,4.057,90.0,90.0,90.0,13.357999999999999,0.799,metal
Cr,Hg,cubic,4.129,4.129,4.129,90.0,90.0,90.0,14.08,0.763,metal
Cr,Ho,cubic,4.287,4.287,4.287,90.0,90.0,90.0,15.755,0.776,metal
Cr,In,cubic,4.163,4.163,4.163,90.0,90.0,90.0,14.434000000000001,0.764,metal
Cr,Ir,cubic,3.891,3.891,3.891,90.0,90.0,90.0,11.779000000000002,0.652,metal
Cr,K,cubic,4.446,4.446,4.446,90.0,90.0,90.0,17.573,0.198,metal
Cr,La,rhombohedral,6.264,6.264,6.264,55.6,55.6,55.6,15.593,0.6,insulator
Cr,Li,cubic,3.541,3.541,3.541,90.0,90.0,90.0,8.88,0.199,metal
Cr,Lu,cubic,4.199,4.199,4.199,90.0,90.0,90.0,14.807,0.798,metal
Cr,Mn,cubic,3.737,3.737,3.737,90.0,90.0,90.0,10.437999999999999,1.4,metal
Cr,Mo,orthorhombic,5.227,5.435,7.679,90.0,90.0,90.0,10.908,1.179,metal
Cr,Na,orthorhombic,5.219,5.228,9.089,90.0,90.0,90.0,12.402000000000001,0.199,insulator
Cr,Nb,orthorhombic,5.231,5.566,7.715,90.0,90.0,90.0,11.23,0.88,metal
Cr,Nd,rhombohedral,6.143,6.143,6.143,56.1,56.1,56.1,14.921,0.6,insulator
Cr,Ni,cubic,3.671,3.671,3.671,90.0,90.0,90.0,9.891,0.797,metal
Cr,Np,orthorhombic,5.474,5.787,8.449,90.0,90.0,90.0,13.382,1.4,insulator
Cr,Os,cubic,3.87,3.87,3.87,90.0,90.0,90.0,11.591,0.933,metal
Cr,Pa,rhombohedral,5.985,5.985,5.985,57.9,57.9,57.9,14.44,1.0,insulator
Cr,Pd,cubic,3.926,3.926,3.926,90.0,90.0,90.0,12.1,0.63,metal
Cr,Pm,rhombohedral,6.107,6.107,6.107,56.0,56.0,56.0,14.622,0.6,insulator
Cr,Pr,rhombohedral,6.182,6.182,6.182,56.1,56.1,56.1,15.218,0.6,insulator
Cr,Pt,cubic,3.94,3.94,3.94,90.0,90.0,90.0,12.229000000000001,0.677,metal
Cr,Rb,cubic,4.304,4.304,4.304,90.0,90.0,90.0,15.945,0.726,metal
Cr,Re,cubic,3.881,3.881,3.881,90.0,90.0,90.0,11.696,0.97,metal
Cr,Rh,cubic,3.879,3.879,3.879,90.0,90.0,90.0,11.675,0.526,metal
Cr,Ru,cubic,3.856,3.856,3.856,90.0,90.0,90.0,11.469000000000001,0.82,metal
Cr,Sb,cubic,3.986,3.986,3.986,90.0,90.0,90.0,12.671,0.947,metal
Cr,Sc,cubic,4.019,4.019,4.019,90.0,90.0,90.0,12.979000000000001,0.6,metal
Cr,Si,cubic,3.531,3.531,3.531,90.0,90.0,90.0,8.808,0.8,metal
Cr,Sm,rhombohedral,6.143,6.143,6.143,55.2,55.2,55.2,14.555,0.6,insulator
Cr,Sn,cubic,4.01,4.01,4.01,90.0,90.0,90.0,12.899000000000001,0.8,metal
Cr,Sr,orthorhombic,5.503,5.603,9.517,90.0,90.0,90.0,14.672,0.4,insulator
Cr,Ta,orthorhombic,5.398,5.501,7.732,90.0,90.0,90.0,11.48,0.95,metal
Cr,Tb,orthorhombic,5.492,5.623,8.135,90.0,90.0,90.0,12.562999999999999,0.6,insulator
Cr,Te,cubic,4.078,4.078,4.078,90.0,90.0,90.0,13.564,0.945,metal
Cr,Th,cubic,4.509,4.509,4.509,90.0,90.0,90.0,18.333,0.798,metal
Cr,Ti,orthorhombic,5.067,5.35,7.511,90.0,90.0,90.0,10.181000000000001,0.8,insulator
Cr,Tl,orthorhombic,5.379,5.506,8.35,90.0,90.0,90.0,12.364,0.6,insulator
Cr,Tm,cubic,4.246,4.246,4.246,90.0,90.0,90.0,15.307,0.591,metal
Cr,U,cubic,4.303,4.303,4.303,90.0,90.0,90.0,15.939,1.2,metal
Cr,V,cubic,3.754,3.754,3.754,90.0,90.0,90.0,10.584000000000001,0.89,metal
Cr,W,orthorhombic,5.39,5.397,7.644,90.0,90.0,90.0,11.119000000000002,0.881,metal
Cr,Y,cubic,4.331,4.331,4.331,90.0,90.0,90.0,16.248,1.196,metal
Cr,Yb,orthorhombic,5.434,5.434,8.434,90.0,90.0,90.0,12.452,0.4,insulator
Cr,Zn,cubic,3.795,3.795,3.795,90.0,90.0,90.0,10.93,0.557,metal
Cr,Zr,cubic,4.118,4.118,4.118,90.0,90.0,90.0,13.972000000000001,0.801,metal
Cs,Ac,cubic,4.634,4.634,4.634,90.0,90.0,90.0,19.906,0.0,metal
Cs,Ag,cubic,4.217,4.217,4.217,90.0,90.0,90.0,15.002,,metal
Cs,Al,cubic,3.948,3.948,3.948,90.0,90.0,90.0,12.302999999999999,,metal
Cs,As,cubic,4.036,4.036,4.036,90.0,90.0,90.0,13.147,,metal
Cs,Au,tetragonal,3.941,3.941,5.779,90.0,90.0,90.0,17.95,,metal
Cs,B,cubic,3.697,3.697,3.697,90.0,90.0,90.0,10.107000000000001,,metal
Cs,Ba,cubic,4.708,4.708,4.708,90.0,90.0,90.0,20.866999999999997,,metal
Cs,Be,cubic,3.8,3.8,3.8,90.0,90.0,90.0,10.975999999999999,,metal
Cs,Bi,cubic,4.365,4.365,4.365,90.0,90.0,90.0,16.633,,metal
Cs,Ca,cubic,4.535,4.535,4.535,90.0,90.0,90.0,18.657,,metal
Cs,Cd,cubic,4.36,4.36,4.36,90.0,90.0,90.0,16.579,,metal
Cs,Ce,cubic,4.715,4.715,4.715,90.0,90.0,90.0,20.968000000000004,0.4,metal
Cs,Cs,cubic,4.538,4.538,4.538,90.0,90.0,90.0,18.689,,metal
Cs,Cu,cubic,3.983,3.983,3.983,90.0,90.0,90.0,12.642000000000001,,metal
Cs,Dy,cubic,4.523,4.523,4.523,90.0,90.0,90.0,18.51,0.4,metal
Cs,Er,cubic,4.483,4.483,4.483,90.0,90.0,90.0,18.012999999999998,0.399,metal
Cs,Eu,cubic,4.593,4.593,4.593,90.0,90.0,90.0,19.375,0.6,metal
Cs,Ga,cubic,4.064,4.064,4.064,90.0,90.0,90.0,13.427999999999999,,metal
Cs,Gd,rhombohedral,6.452,6.452,6.452,60.0,60.0,60.0,18.986,0.4,metal
Cs,Ge,tetragonal,3.628,3.628,5.906,90.0,90.0,90.0,15.546,,metal
Cs,Hf,cubic,4.242,4.242,4.242,90.0,90.0,90.0,15.262,0.2,metal
Cs,Hg,cubic,4.355,4.355,4.355,90.0,90.0,90.0,16.515,,metal
Cs,In,orthorhombic,6.137,6.147,8.685,90.0,90.0,90.0,16.38,,metal
Cs,Ir,tetragonal,3.841,3.841,5.455,90.0,90.0,90.0,16.099,0.002,metal
Cs,K,cubic,4.782,4.782,4.782,90.0,90.0,90.0,21.871,,metal
Cs,La,rhombohedral,6.582,6.582,6.582,60.0,60.0,60.0,20.151,0.4,metal
Cs,Li,cubic,4.018,4.018,4.018,90.0,90.0,90.0,12.975,,metal
Cs,Lu,cubic,4.413,4.413,4.413,90.0,90.0,90.0,17.185,0.401,metal
Cs,Mg,cubic,4.142,4.142,4.142,90.0,90.0,90.0,14.209000000000001,,metal
Cs,Mo,tetragonal,3.904,3.904,5.304,90.0,90.0,90.0,16.169,0.028,metal
Cs,Na,cubic,4.406,4.406,4.406,90.0,90.0,90.0,17.112000000000002,,metal
Cs,Nb,tetragonal,3.95,3.95,5.431,90.0,90.0,90.0,16.947,0.0,insulator
Cs,Nd,cubic,4.647,4.647,4.647,90.0,90.0,90.0,20.070999999999998,0.4,metal
Cs,Np,rhombohedral,6.238,6.238,6.238,59.6,59.6,59.6,17.012,0.4,insulator
Cs,Pa,orthorhombic,6.308,6.309,8.919,90.0,90.0,90.0,17.747,0.0,insulator
Cs,Pb,rhombohedral,6.253,6.253,6.253,60.0,60.0,60.0,17.288,,metal
Cs,Pd,tetragonal,3.925,3.925,5.171,90.0,90.0,90.0,15.932,,metal
Cs,Pm,cubic,4.616,4.616,4.616,90.0,90.0,90.0,19.667,0.4,metal
Cs,Pr,cubic,4.679,4.679,4.679,90.0,90.0,90.0,20.493000000000002,0.4,metal
Cs,Pt,tetragonal,3.909,3.909,5.325,90.0,90.0,90.0,16.274,0.174,metal
Cs,Rb,cubic,4.687,4.687,4.687,90.0,90.0,90.0,20.592,,metal
Cs,Re,tetragonal,3.848,3.848,5.665,90.0,90.0,90.0,16.777,0.207,metal
Cs,Rh,tetragonal,3.881,3.881,5.343,90.0,90.0,90.0,16.097,0.385,metal
Cs,Ru,tetragonal,3.914,3.914,4.595,90.0,90.0,90.0,14.074000000000002,0.002,metal
Cs,Sb,tetragonal,3.789,3.789,6.312,90.0,90.0,90.0,18.125,,metal
Cs,Sc,rhombohedral,6.04,6.04,6.04,60.1,60.1,60.1,15.603,0.401,metal
Cs,Si,cubic,3.835,3.835,3.835,90.0,90.0,90.0,11.283,,metal
Cs,Sm,rhombohedral,6.511,6.511,6.511,60.1,60.1,60.1,19.57,0.4,metal
Cs,Sn,cubic,4.232,4.232,4.232,90.0,90.0,90.0,15.157,,metal
Cs,Sr,cubic,4.722,4.722,4.722,90.0,90.0,90.0,21.055999999999997,,metal
Cs,Tb,cubic,4.544,4.544,4.544,90.0,90.0,90.0,18.761,0.4,metal
Cs,Tc,tetragonal,3.879,3.879,5.337,90.0,90.0,90.0,16.06,0.293,metal
Cs,Te,tetragonal,4.033,4.033,5.447,90.0,90.0,90.0,17.715,,metal
Cs,Th,tetragonal,4.6,4.6,4.638,90.0,90.0,90.0,19.628,0.199,metal
Cs,Ti,tetragonal,3.901,3.901,5.016,90.0,90.0,90.0,15.265999999999998,0.186,metal
Cs,Tl,orthorhombic,6.399,6.4,8.71,90.0,90.0,90.0,17.835,,metal
Cs,Tm,rhombohedral,6.26,6.26,6.26,60.9,60.9,60.9,17.713,0.4,metal
Cs,U,orthorhombic,6.245,6.245,8.834,90.0,90.0,90.0,17.227999999999998,0.2,insulator
Cs,V,cubic,3.986,3.986,3.986,90.0,90.0,90.0,12.665,0.0,metal
Cs,W,tetragonal,3.879,3.879,5.483,90.0,90.0,90.0,16.497,-0.001,metal
Cs,Y,cubic,4.535,4.535,4.535,90.0,90.0,90.0,18.654,0.4,metal
Cs,Yb,cubic,4.458,4.458,4.458,90.0,90.0,90.0,17.725,,metal
Cs,Zn,cubic,4.091,4.091,4.091,90.0,90.0,90.0,13.697000000000001,,metal
Cs,Zr,cubic,4.299,4.299,4.299,90.0,90.0,90.0,15.888,0.2,metal
Cu,Ac,rhombohedral,6.531,6.531,6.531,53.1,53.1,53.1,16.494,0.401,insulator
Cu,Ag,orthorhombic,4.947,5.214,8.146,90.0,90.0,90.0,10.505999999999998,,metal
Cu,Al,cubic,3.64,3.64,3.64,90.0,90.0,90.0,9.647,,metal
Cu,As,rhombohedral,5.167,5.167,5.167,58.9,58.9,58.9,9.505,,metal
Cu,Au,cubic,4.004,4.004,4.004,90.0,90.0,90.0,12.838,,metal
Cu,B,cubic,3.319,3.319,3.319,90.0,90.0,90.0,7.313,,metal
Cu,Ba,orthorhombic,5.484,6.298,8.984,90.0,90.0,90.0,15.514000000000001,,metal
Cu,Be,cubic,3.394,3.394,3.394,90.0,90.0,90.0,7.822,,metal
Cu,Bi,rhombohedral,5.752,5.752,5.752,57.9,57.9,57.9,12.822000000000001,,metal
Cu,Cd,cubic,4.084,4.084,4.084,90.0,90.0,90.0,13.619000000000002,,metal
Cu,Ce,rhombohedral,6.703,6.703,6.703,49.4,49.4,49.4,15.972999999999999,0.4,insulator
Cu,Co,cubic,3.665,3.665,3.665,90.0,90.0,90.0,9.845,0.75,metal
Cu,Cr,cubic,3.705,3.705,3.705,90.0,90.0,90.0,10.174,0.2,metal
Cu,Cs,cubic,4.322,4.322,4.322,90.0,90.0,90.0,16.147000000000002,,metal
Cu,Cu,cubic,3.677,3.677,3.677,90.0,90.0,90.0,9.94,,metal
Cu,Dy,rhombohedral,6.017,6.017,6.017,54.2,54.2,54.2,13.329,0.4,insulator
Cu,Er,cubic,4.28,4.28,4.28,90.0,90.0,90.0,15.677999999999999,-0.016,metal
Cu,Eu,orthorhombic,4.838,5.894,8.931,90.0,90.0,90.0,12.732999999999999,0.2,metal
Cu,Fe,cubic,3.717,3.717,3.717,90.0,90.0,90.0,10.270999999999999,0.959,metal
Cu,Ga,cubic,3.797,3.797,3.797,90.0,90.0,90.0,10.950999999999999,,metal
Cu,Gd,rhombohedral,6.05,6.05,6.05,54.5,54.5,54.5,13.667,0.4,insulator
Cu,Ge,cubic,3.698,3.698,3.698,90.0,90.0,90.0,10.115,,metal
Cu,Hf,cubic,4.06,4.06,4.06,90.0,90.0,90.0,13.388,0.201,metal
Cu,Hg,orthorhombic,5.176,5.352,8.375,90.0,90.0,90.0,11.6,,metal
Cu,Ho,rhombohedral,6.023,6.023,6.023,53.8,53.8,53.8,13.217,0.399,insulator
Cu,In,cubic,4.105,4.105,4.105,90.0,90.0,90.0,13.835,,metal
Cu,Ir,cubic,3.853,3.853,3.853,90.0,90.0,90.0,11.437999999999999,0.248,metal
Cu,K,cubic,4.389,4.389,4.389,90.0,90.0,90.0,16.91,,metal
Cu,La,rhombohedral,6.195,6.195,6.195,55.4,55.4,55.4,15.024000000000001,0.4,insulator
Cu,Li,cubic,3.521,3.521,3.521,90.0,90.0,90.0,8.729,,metal
Cu,Lu,cubic,4.219,4.219,4.219,90.0,90.0,90.0,15.015,-0.005,metal
Cu,Mg,cubic,3.815,3.815,3.815,90.0,90.0,90.0,11.107000000000001,,metal
Cu,Mn,cubic,3.714,3.714,3.714,90.0,90.0,90.0,10.248,0.4,metal
Cu,Mo,rhombohedral,5.484,5.484,5.484,55.9,55.9,55.9,10.565,0.0,metal
Cu,Na,cubic,3.993,3.993,3.993,90.0,90.0,90.0,12.732000000000001,,metal
Cu,Nb,rhombohedral,5.59,5.59,5.59,55.7,55.7,55.7,11.120999999999999,0.0,insulator
Cu,Nd,rhombohedral,6.164,6.164,6.164,54.8,54.8,54.8,14.573,0.4,insulator
Cu,Ni,cubic,3.663,3.663,3.663,90.0,90.0,90.0,9.833,0.558,metal
Cu,Np,cubic,4.242,4.242,4.242,90.0,90.0,90.0,15.267999999999999,0.389,metal
Cu,Os,rhombohedral,5.277,5.277,5.277,59.1,59.1,59.1,10.191,0.001,metal
Cu,Pa,rhombohedral,5.994,5.994,5.994,55.6,55.6,55.6,13.659,0.0,insulator
Cu,Pb,rhombohedral,5.834,5.834,5.834,56.3,56.3,56.3,12.845,,metal
Cu,Pd,cubic,3.897,3.897,3.897,90.0,90.0,90.0,11.833,,metal
Cu,Pm,rhombohedral,6.115,6.115,6.115,54.8,54.8,54.8,14.195,0.4,insulator
Cu,Pr,rhombohedral,6.179,6.179,6.179,55.1,55.1,55.1,14.773,0.4,insulator
Cu,Pt,cubic,3.914,3.914,3.914,90.0,90.0,90.0,11.993,0.318,metal
Cu,Pu,cubic,4.229,4.229,4.229,90.0,90.0,90.0,15.125,0.601,insulator
Cu,Rb,cubic,4.272,4.272,4.272,90.0,90.0,90.0,15.595,,metal
Cu,Re,rhombohedral,5.38,5.38,5.38,57.4,57.4,57.4,10.363,0.0,metal
Cu,Rh,cubic,3.851,3.851,3.851,90.0,90.0,90.0,11.424000000000001,0.453,metal
Cu,Ru,orthorhombic,5.109,5.125,7.479,90.0,90.0,90.0,9.792,0.199,metal
Cu,Sb,rhombohedral,5.447,5.447,5.447,58.4,58.4,58.4,11.001,,metal
Cu,Sc,cubic,4.054,4.054,4.054,90.0,90.0,90.0,13.325,0.339,metal
Cu,Si,cubic,3.5,3.5,3.5,90.0,90.0,90.0,8.578,,metal
Cu,Sm,rhombohedral,6.098,6.098,6.098,54.7,54.7,54.7,14.040999999999999,0.399,insulator
Cu,Sn,cubic,4.018,4.018,4.018,90.0,90.0,90.0,12.972999999999999,,metal
Cu,Sr,orthorhombic,5.85,6.267,7.173,90.0,90.0,90.0,13.148,,metal
Cu,Ta,orthorhombic,5.233,5.456,7.643,90.0,90.0,90.0,10.912,0.0,insulator
Cu,Tb,rhombohedral,6.037,6.037,6.037,54.3,54.3,54.3,13.472999999999999,0.399,insulator
Cu,Tc,rhombohedral,5.382,5.382,5.382,56.9,56.9,56.9,10.238999999999999,0.0,metal
Cu,Te,rhombohedral,5.602,5.602,5.602,57.6,57.6,57.6,11.749,,metal
Cu,Th,cubic,4.462,4.462,4.462,90.0,90.0,90.0,17.768,-0.029,metal
Cu,Ti,orthorhombic,4.937,5.24,7.512,90.0,90.0,90.0,9.718,0.2,insulator
Cu,Tl,rhombohedral,5.863,5.863,5.863,56.5,56.5,56.5,13.088,,metal
Cu,Tm,rhombohedral,5.95,5.95,5.95,54.1,54.1,54.1,12.845999999999998,0.4,insulator
Cu,U,rhombohedral,5.912,5.912,5.912,56.1,56.1,56.1,13.29,0.2,insulator
Cu,V,orthorhombic,4.949,5.134,7.463,90.0,90.0,90.0,9.48,0.0,insulator
Cu,W,rhombohedral,5.5,5.5,5.5,56.0,56.0,56.0,10.669,-0.001,metal
Cu,Y,rhombohedral,6.027,6.027,6.027,54.1,54.1,54.1,13.364,0.401,insulator
Cu,Yb,orthorhombic,5.663,5.665,6.903,90.0,90.0,90.0,11.075,,metal
Cu,Zn,cubic,3.788,3.788,3.788,90.0,90.0,90.0,10.874,,metal
Cu,Zr,cubic,4.127,4.127,4.127,90.0,90.0,90.0,14.062999999999999,0.202,metal
Dy,Ac,cubic,4.659,4.659,4.659,90.0,90.0,90.0,20.224,0.0,metal
Dy,Ag,cubic,4.016,4.016,4.016,90.0,90.0,90.0,12.953,0.0,metal
Dy,Al,orthorhombic,5.175,5.338,7.383,90.0,90.0,90.0,10.198,0.0,insulator
Dy,As,cubic,3.988,3.988,3.988,90.0,90.0,90.0,12.687000000000001,0.0,metal
Dy,Au,cubic,4.091,4.091,4.091,90.0,90.0,90.0,13.694,0.0,metal
Dy,B,cubic,3.454,3.454,3.454,90.0,90.0,90.0,8.244,0.0,insulator
Dy,Ba,orthorhombic,6.509,6.787,8.353,90.0,90.0,90.0,18.45,0.201,insulator
Dy,Be,tetragonal,3.311,3.311,4.341,90.0,90.0,90.0,9.515,0.042,metal
Dy,Bi,cubic,4.36,4.36,4.36,90.0,90.0,90.0,16.579,0.0,metal
Dy,Ca,cubic,4.082,4.082,4.082,90.0,90.0,90.0,13.605,0.2,metal
Dy,Cd,cubic,4.086,4.086,4.086,90.0,90.0,90.0,13.640999999999998,0.0,metal
Dy,Ce,cubic,4.532,4.532,4.532,90.0,90.0,90.0,18.617,0.0,metal
Dy,Cr,orthorhombic,5.265,5.569,7.582,90.0,90.0,90.0,11.115,0.6,insulator
Dy,Cu,orthorhombic,5.205,5.86,7.189,90.0,90.0,90.0,10.964,0.0,insulator
Dy,Dy,cubic,4.26,4.26,4.26,90.0,90.0,90.0,15.460999999999999,0.0,insulator
Dy,Er,cubic,4.212,4.212,4.212,90.0,90.0,90.0,14.940999999999999,0.0,insulator
Dy,Eu,cubic,4.251,4.251,4.251,90.0,90.0,90.0,15.365,0.105,metal
Dy,Fe,orthorhombic,5.283,5.597,7.611,90.0,90.0,90.0,11.252,1.0,insulator
Dy,Ga,orthorhombic,5.263,5.558,7.56,90.0,90.0,90.0,11.058,0.0,insulator
Dy,Gd,cubic,4.312,4.312,4.312,90.0,90.0,90.0,16.035,0.0,insulator
Dy,Ge,cubic,3.868,3.868,3.868,90.0,90.0,90.0,11.572000000000001,0.0,metal
Dy,Hf,cubic,4.067,4.067,4.067,90.0,90.0,90.0,13.456,0.0,metal
Dy,Hg,cubic,4.185,4.185,4.185,90.0,90.0,90.0,14.655999999999999,0.0,metal
Dy,Ho,cubic,4.236,4.236,4.236,90.0,90.0,90.0,15.202,0.0,insulator
Dy,In,cubic,4.076,4.076,4.076,90.0,90.0,90.0,13.544,0.0,insulator
Dy,Ir,cubic,3.949,3.949,3.949,90.0,90.0,90.0,12.315,0.0,metal
Dy,K,orthorhombic,5.932,5.968,10.141,90.0,90.0,90.0,17.952,0.4,metal
Dy,La,cubic,4.506,4.506,4.506,90.0,90.0,90.0,18.299,0.0,metal
Dy,Li,orthorhombic,4.991,5.762,7.215,90.0,90.0,90.0,10.375,0.4,metal
Dy,Lu,cubic,4.147,4.147,4.147,90.0,90.0,90.0,14.264000000000001,0.0,insulator
Dy,Mg,orthorhombic,5.385,5.727,7.406,90.0,90.0,90.0,11.421,0.201,metal
Dy,Mn,orthorhombic,5.281,5.721,7.486,90.0,90.0,90.0,11.308,0.8,insulator
Dy,Mo,cubic,3.951,3.951,3.951,90.0,90.0,90.0,12.338,0.005,metal
Dy,Na,cubic,3.915,3.915,3.915,90.0,90.0,90.0,12.005,0.399,metal
Dy,Nb,cubic,4.023,4.023,4.023,90.0,90.0,90.0,13.017999999999999,0.001,metal
Dy,Nd,cubic,4.448,4.448,4.448,90.0,90.0,90.0,17.598,0.0,insulator
Dy,Ni,orthorhombic,5.166,5.518,7.395,90.0,90.0,90.0,10.539000000000001,0.2,metal
Dy,Np,cubic,4.403,4.403,4.403,90.0,90.0,90.0,17.072,0.776,metal
Dy,Os,cubic,3.934,3.934,3.934,90.0,90.0,90.0,12.181,0.007,metal
Dy,Pa,cubic,4.461,4.461,4.461,90.0,90.0,90.0,17.755,0.284,metal
Dy,Pb,cubic,4.285,4.285,4.285,90.0,90.0,90.0,15.731,0.0,metal
Dy,Pd,orthorhombic,5.378,5.881,7.508,90.0,90.0,90.0,11.872,0.005,metal
Dy,Pm,cubic,4.407,4.407,4.407,90.0,90.0,90.0,17.123,0.0,insulator
Dy,Pr,cubic,4.487,4.487,4.487,90.0,90.0,90.0,18.062,0.0,insulator
Dy,Pt,cubic,4.01,4.01,4.01,90.0,90.0,90.0,12.892000000000001,0.0,metal
Dy,Pu,cubic,4.36,4.36,4.36,90.0,90.0,90.0,16.572,0.914,metal
Dy,Rb,orthorhombic,5.891,6.009,11.001,90.0,90.0,90.0,19.47,0.4,metal
Dy,Re,cubic,3.943,3.943,3.943,90.0,90.0,90.0,12.263,0.162,metal
Dy,Ru,cubic,3.911,3.911,3.911,90.0,90.0,90.0,11.963,0.128,metal
Dy,Sb,cubic,4.203,4.203,4.203,90.0,90.0,90.0,14.845,0.0,metal
Dy,Sc,orthorhombic,5.422,5.711,7.886,90.0,90.0,90.0,12.208,0.0,insulator
Dy,Si,cubic,3.682,3.682,3.682,90.0,90.0,90.0,9.982999999999999,0.001,metal
Dy,Sm,cubic,4.38,4.38,4.38,90.0,90.0,90.0,16.805,0.0,insulator
Dy,Sn,cubic,4.103,4.103,4.103,90.0,90.0,90.0,13.812000000000001,0.0,metal
Dy,Sr,orthorhombic,5.809,5.823,9.85,90.0,90.0,90.0,16.66,0.2,metal
Dy,Ta,cubic,4.002,4.002,4.002,90.0,90.0,90.0,12.815,0.001,metal
Dy,Tb,cubic,4.285,4.285,4.285,90.0,90.0,90.0,15.738,0.0,insulator
Dy,Tc,cubic,3.93,3.93,3.93,90.0,90.0,90.0,12.140999999999998,0.313,metal
Dy,Te,cubic,4.23,4.23,4.23,90.0,90.0,90.0,15.137,0.003,metal
Dy,Th,cubic,4.552,4.552,4.552,90.0,90.0,90.0,18.86,0.024,metal
Dy,Ti,orthorhombic,5.299,5.668,7.63,90.0,90.0,90.0,11.46,0.2,metal
Dy,Tl,cubic,4.232,4.232,4.232,90.0,90.0,90.0,15.158,0.0,metal
Dy,Tm,cubic,4.188,4.188,4.188,90.0,90.0,90.0,14.690999999999999,0.0,insulator
Dy,U,cubic,4.387,4.387,4.387,90.0,90.0,90.0,16.889,0.548,metal
Dy,V,orthorhombic,5.296,5.659,7.618,90.0,90.0,90.0,11.415999999999999,0.4,insulator
Dy,W,cubic,3.958,3.958,3.958,90.0,90.0,90.0,12.402000000000001,0.001,metal
Dy,Y,cubic,4.259,4.259,4.259,90.0,90.0,90.0,15.453,-0.001,insulator
Dy,Yb,cubic,4.093,4.093,4.093,90.0,90.0,90.0,13.713,0.2,metal
Dy,Zn,orthorhombic,5.237,5.775,7.459,90.0,90.0,90.0,11.279000000000002,0.0,metal
Dy,Zr,cubic,4.122,4.122,4.122,90.0,90.0,90.0,14.002,0.0,metal
Er,Ac,orthorhombic,6.095,6.24,8.964,90.0,90.0,90.0,17.048,0.0,insulator
Er,Ag,cubic,4.006,4.006,4.006,90.0,90.0,90.0,12.853,0.0,metal
Er,Al,orthorhombic,5.131,5.341,7.343,90.0,90.0,90.0,10.062000000000001,0.0,insulator
Er,As,cubic,3.981,3.981,3.981,90.0,90.0,90.0,12.618,0.0,metal
Er,Au,cubic,4.085,4.085,4.085,90.0,90.0,90.0,13.633,0.0,metal
Er,B,cubic,3.434,3.434,3.434,90.0,90.0,90.0,8.096,0.0,insulator
Er,Ba,orthorhombic,6.465,6.767,8.309,90.0,90.0,90.0,18.174,0.2,insulator
Er,Be,tetragonal,3.287,3.287,4.345,90.0,90.0,90.0,9.389,0.035,metal
Er,Bi,cubic,4.359,4.359,4.359,90.0,90.0,90.0,16.569000000000003,0.0,metal
Er,Ca,cubic,4.118,4.118,4.118,90.0,90.0,90.0,13.969000000000001,0.2,metal
Er,Cd,cubic,4.08,4.08,4.08,90.0,90.0,90.0,13.588,0.0,metal
Er,Ce,cubic,4.529,4.529,4.529,90.0,90.0,90.0,18.584,0.0,metal
Er,Co,orthorhombic,5.144,5.549,7.428,90.0,90.0,90.0,10.600999999999999,0.0,insulator
Er,Cr,orthorhombic,5.23,5.551,7.545,90.0,90.0,90.0,10.953,0.6,insulator
Er,Cu,orthorhombic,5.179,5.849,7.137,90.0,90.0,90.0,10.81,0.0,insulator
Er,Dy,cubic,4.251,4.251,4.251,90.0,90.0,90.0,15.36,0.0,insulator
Er,Er,cubic,4.21,4.21,4.21,90.0,90.0,90.0,14.923,0.0,insulator
Er,Eu,cubic,4.247,4.247,4.247,90.0,90.0,90.0,15.315999999999999,0.097,metal
Er,Ga,orthorhombic,5.225,5.544,7.52,90.0,90.0,90.0,10.892000000000001,0.0,insulator
Er,Gd,cubic,4.309,4.309,4.309,90.0,90.0,90.0,16.005,0.0,insulator
Er,Ge,cubic,3.859,3.859,3.859,90.0,90.0,90.0,11.493,0.0,metal
Er,Hf,cubic,4.066,4.066,4.066,90.0,90.0,90.0,13.445,0.0,metal
Er,Hg,cubic,4.177,4.177,4.177,90.0,90.0,90.0,14.573,0.0,metal
Er,Ho,cubic,4.229,4.229,4.229,90.0,90.0,90.0,15.123,0.0,insulator
Er,In,cubic,4.083,4.083,4.083,90.0,90.0,90.0,13.618,0.0,insulator
Er,Ir,cubic,3.942,3.942,3.942,90.0,90.0,90.0,12.25,0.0,metal
Er,K,cubic,4.145,4.145,4.145,90.0,90.0,90.0,14.248,-0.024,metal
Er,La,cubic,4.505,4.505,4.505,90.0,90.0,90.0,18.281,0.0,metal
Er,Li,cubic,3.611,3.611,3.611,90.0,90.0,90.0,9.417,0.399,metal
Er,Lu,cubic,4.14,4.14,4.14,90.0,90.0,90.0,14.189,0.0,insulator
Er,Mg,cubic,3.79,3.79,3.79,90.0,90.0,90.0,10.890999999999998,0.201,metal
Er,Mn,orthorhombic,5.243,5.699,7.457,90.0,90.0,90.0,11.142999999999999,0.8,insulator
Er,Mo,cubic,3.946,3.946,3.946,90.0,90.0,90.0,12.292,0.005,metal
Er,Na,cubic,3.902,3.902,3.902,90.0,90.0,90.0,11.886,0.4,metal
Er,Nb,cubic,4.02,4.02,4.02,90.0,90.0,90.0,12.992,0.0,metal
Er,Nd,cubic,4.445,4.445,4.445,90.0,90.0,90.0,17.56,0.0,metal
Er,Ni,orthorhombic,5.116,5.532,7.326,90.0,90.0,90.0,10.367,0.2,metal
Er,Np,cubic,4.4,4.4,4.4,90.0,90.0,90.0,17.041,0.761,metal
Er,Os,cubic,3.929,3.929,3.929,90.0,90.0,90.0,12.128,0.008,metal
Er,Pa,cubic,4.46,4.46,4.46,90.0,90.0,90.0,17.741,0.275,metal
Er,Pb,cubic,4.273,4.273,4.273,90.0,90.0,90.0,15.602,0.0,metal
Er,Pd,cubic,3.942,3.942,3.942,90.0,90.0,90.0,12.251,0.0,metal
Er,Pm,cubic,4.403,4.403,4.403,90.0,90.0,90.0,17.07,0.0,insulator
Er,Pr,cubic,4.485,4.485,4.485,90.0,90.0,90.0,18.047,0.0,metal
Er,Pt,cubic,4.003,4.003,4.003,90.0,90.0,90.0,12.825,0.0,metal
Er,Pu,cubic,4.36,4.36,4.36,90.0,90.0,90.0,16.570999999999998,0.9,metal
Er,Rb,orthorhombic,6.105,6.145,9.519,90.0,90.0,90.0,17.854,0.0,insulator
Er,Re,cubic,3.939,3.939,3.939,90.0,90.0,90.0,12.22,0.161,metal
Er,Rh,cubic,3.902,3.902,3.902,90.0,90.0,90.0,11.886,0.001,metal
Er,Ru,cubic,3.904,3.904,3.904,90.0,90.0,90.0,11.897,0.133,metal
Er,Sb,cubic,4.198,4.198,4.198,90.0,90.0,90.0,14.796,0.0,metal
Er,Sc,cubic,3.976,3.976,3.976,90.0,90.0,90.0,12.575,0.0,insulator
Er,Si,cubic,3.663,3.663,3.663,90.0,90.0,90.0,9.83,0.001,metal
Er,Sm,cubic,4.376,4.376,4.376,90.0,90.0,90.0,16.759,0.0,insulator
Er,Sn,cubic,4.092,4.092,4.092,90.0,90.0,90.0,13.706,0.0,metal
Er,Sr,orthorhombic,5.898,5.936,9.057,90.0,90.0,90.0,15.856,0.2,metal
Er,Ta,cubic,3.998,3.998,3.998,90.0,90.0,90.0,12.78,0.0,metal
Er,Tb,cubic,4.282,4.282,4.282,90.0,90.0,90.0,15.697000000000001,0.0,insulator
Er,Tc,cubic,3.923,3.923,3.923,90.0,90.0,90.0,12.073,0.315,metal
Er,Te,cubic,4.229,4.229,4.229,90.0,90.0,90.0,15.123,0.004,metal
Er,Th,cubic,4.551,4.551,4.551,90.0,90.0,90.0,18.855999999999998,0.024,metal
Er,Ti,orthorhombic,5.262,5.649,7.595,90.0,90.0,90.0,11.287,0.2,metal
Er,Tl,cubic,4.226,4.226,4.226,90.0,90.0,90.0,15.091,0.0,metal
Er,Tm,cubic,4.179,4.179,4.179,90.0,90.0,90.0,14.6,0.0,insulator
Er,U,cubic,4.383,4.383,4.383,90.0,90.0,90.0,16.835,0.527,metal
Er,V,orthorhombic,5.263,5.637,7.585,90.0,90.0,90.0,11.251,0.4,insulator
Er,W,cubic,3.955,3.955,3.955,90.0,90.0,90.0,12.372,0.0,metal
Er,Y,cubic,4.254,4.254,4.254,90.0,90.0,90.0,15.395,0.0,insulator
Er,Yb,cubic,4.087,4.087,4.087,90.0,90.0,90.0,13.649000000000001,-0.156,metal
Er,Zn,orthorhombic,5.21,5.741,7.416,90.0,90.0,90.0,11.089,-0.002,metal
Er,Zr,cubic,4.119,4.119,4.119,90.0,90.0,90.0,13.972999999999999,0.0,metal
Eu,Ac,cubic,4.597,4.597,4.597,90.0,90.0,90.0,19.427,0.073,metal
Eu,Ag,orthorhombic,5.538,5.81,7.843,90.0,90.0,90.0,12.617,0.0,metal
Eu,Al,cubic,3.724,3.724,3.724,90.0,90.0,90.0,10.325,0.166,metal
Eu,As,tetragonal,3.81,3.81,4.188,90.0,90.0,90.0,12.16,0.0,metal
Eu,Au,orthorhombic,5.61,5.931,7.69,90.0,90.0,90.0,12.794,0.0,metal
Eu,B,cubic,3.469,3.469,3.469,90.0,90.0,90.0,8.35,0.187,metal
Eu,Ba,orthorhombic,6.58,6.659,8.056,90.0,90.0,90.0,17.65,0.0,insulator
Eu,Be,cubic,3.583,3.583,3.583,90.0,90.0,90.0,9.202,0.398,metal
Eu,Bi,orthorhombic,5.807,6.071,8.373,90.0,90.0,90.0,14.761,0.0,metal
Eu,Ca,cubic,4.232,4.232,4.232,90.0,90.0,90.0,15.155,0.4,metal
Eu,Cd,orthorhombic,5.659,5.96,7.949,90.0,90.0,90.0,13.404000000000002,0.0,metal
Eu,Ce,cubic,4.494,4.494,4.494,90.0,90.0,90.0,18.15,0.2,metal
Eu,Co,orthorhombic,5.258,5.313,7.577,90.0,90.0,90.0,10.583,0.6,metal
Eu,Cr,orthorhombic,5.334,5.352,7.569,90.0,90.0,90.0,10.802999999999999,0.4,insulator
Eu,Cs,cubic,4.469,4.469,4.469,90.0,90.0,90.0,17.852999999999998,0.0,metal
Eu,Cu,orthorhombic,5.269,5.329,7.509,90.0,90.0,90.0,10.542,-0.026,metal
Eu,Dy,orthorhombic,5.866,6.064,8.278,90.0,90.0,90.0,14.724,0.198,metal
Eu,Er,orthorhombic,5.813,6.018,8.236,90.0,90.0,90.0,14.407,0.2,metal
Eu,Eu,cubic,4.2,4.2,4.2,90.0,90.0,90.0,14.814,0.011,metal
Eu,Fe,orthorhombic,5.324,5.363,7.551,90.0,90.0,90.0,10.78,0.8,metal
Eu,Ga,rhombohedral,5.329,5.329,5.329,62.3,62.3,62.3,11.255,0.199,metal
Eu,Gd,orthorhombic,5.913,6.098,8.353,90.0,90.0,90.0,15.06,0.199,metal
Eu,Ge,rhombohedral,5.284,5.284,5.284,60.5,60.5,60.5,10.559000000000001,0.0,insulator
Eu,Hf,orthorhombic,5.623,5.727,8.01,90.0,90.0,90.0,12.898,0.0,insulator
Eu,Hg,orthorhombic,5.73,6.504,7.509,90.0,90.0,90.0,13.993,-0.001,metal
Eu,Ho,orthorhombic,5.835,6.039,8.266,90.0,90.0,90.0,14.562999999999999,0.2,metal
Eu,In,orthorhombic,5.687,5.96,7.949,90.0,90.0,90.0,13.472000000000001,0.2,metal
Eu,Ir,orthorhombic,5.351,5.695,7.722,90.0,90.0,90.0,11.765999999999998,0.051,metal
Eu,K,cubic,4.234,4.234,4.234,90.0,90.0,90.0,15.183,-0.141,metal
Eu,La,orthorhombic,5.979,6.232,8.697,90.0,90.0,90.0,16.201,0.2,metal
Eu,Li,rhombohedral,5.258,5.258,5.258,60.1,60.1,60.1,10.293,0.6,metal
Eu,Lu,orthorhombic,5.739,5.952,8.162,90.0,90.0,90.0,13.942,0.2,metal
Eu,Mg,orthorhombic,5.219,5.845,7.792,90.0,90.0,90.0,11.884,0.4,metal
Eu,Mn,rhombohedral,5.283,5.283,5.283,60.9,60.9,60.9,10.64,0.6,metal
Eu,Mo,orthorhombic,5.49,5.587,7.83,90.0,90.0,90.0,12.007,0.002,metal
Eu,Na,orthorhombic,5.995,6.293,6.374,90.0,90.0,90.0,12.024000000000001,0.0,metal
Eu,Nb,orthorhombic,5.571,5.681,7.963,90.0,90.0,90.0,12.602,0.0,metal
Eu,Nd,cubic,4.414,4.414,4.414,90.0,90.0,90.0,17.198,0.2,metal
Eu,Ni,orthorhombic,5.28,5.287,7.537,90.0,90.0,90.0,10.519,0.0,metal
Eu,Np,orthorhombic,5.882,6.106,8.465,90.0,90.0,90.0,15.202,0.6,insulator
Eu,Os,orthorhombic,5.377,5.624,7.734,90.0,90.0,90.0,11.695,0.179,metal
Eu,Pa,orthorhombic,5.962,6.2,8.591,90.0,90.0,90.0,15.877,0.2,insulator
Eu,Pb,orthorhombic,5.726,5.984,8.227,90.0,90.0,90.0,14.095999999999998,0.0,insulator
Eu,Pd,orthorhombic,5.416,5.659,7.747,90.0,90.0,90.0,11.872,0.0,insulator
Eu,Pm,orthorhombic,5.961,6.169,8.513,90.0,90.0,90.0,15.65,0.201,metal
Eu,Pr,cubic,4.451,4.451,4.451,90.0,90.0,90.0,17.636,0.2,metal
Eu,Pt,orthorhombic,5.411,5.712,7.765,90.0,90.0,90.0,12.001,0.0,insulator
Eu,Pu,orthorhombic,5.846,6.071,8.42,90.0,90.0,90.0,14.940999999999999,0.8,insulator
Eu,Rb,cubic,4.28,4.28,4.28,90.0,90.0,90.0,15.683,0.0,metal
Eu,Re,orthorhombic,5.458,5.58,7.778,90.0,90.0,90.0,11.845,-0.002,metal
Eu,Rh,orthorhombic,5.371,5.626,7.717,90.0,90.0,90.0,11.66,0.194,metal
Eu,Ru,orthorhombic,5.413,5.571,7.738,90.0,90.0,90.0,11.669,0.383,metal
Eu,Sb,orthorhombic,5.676,5.893,8.142,90.0,90.0,90.0,13.617,0.0,metal
Eu,Sc,orthorhombic,5.567,5.786,7.954,90.0,90.0,90.0,12.808,0.2,metal
Eu,Si,cubic,3.593,3.593,3.593,90.0,90.0,90.0,9.277000000000001,0.0,insulator
Eu,Sm,orthorhombic,5.955,6.169,8.438,90.0,90.0,90.0,15.5,0.2,metal
Eu,Sn,orthorhombic,5.587,5.716,7.989,90.0,90.0,90.0,12.755,0.0,insulator
Eu,Sr,cubic,4.362,4.362,4.362,90.0,90.0,90.0,16.601,-0.081,metal
Eu,Ta,orthorhombic,5.561,5.643,7.948,90.0,90.0,90.0,12.47,0.0,metal
Eu,Tb,orthorhombic,5.907,6.1,8.269,90.0,90.0,90.0,14.899000000000001,0.199,metal
Eu,Tc,orthorhombic,5.446,5.552,7.754,90.0,90.0,90.0,11.720999999999998,0.268,metal
Eu,Te,orthorhombic,5.718,6.001,8.244,90.0,90.0,90.0,14.142999999999999,0.0,insulator
Eu,Th,orthorhombic,6.017,6.239,8.697,90.0,90.0,90.0,16.323,0.0,insulator
Eu,Ti,orthorhombic,5.443,5.458,7.697,90.0,90.0,90.0,11.432,0.0,insulator
Eu,Tl,orthorhombic,5.709,6.093,8.144,90.0,90.0,90.0,14.165999999999999,0.047,metal
Eu,Tm,orthorhombic,5.803,6.0,8.181,90.0,90.0,90.0,14.242,0.2,metal
Eu,U,cubic,4.399,4.399,4.399,90.0,90.0,90.0,17.029,0.382,metal
Eu,V,orthorhombic,5.361,5.369,7.689,90.0,90.0,90.0,11.065999999999999,0.2,metal
Eu,W,orthorhombic,5.503,5.595,7.854,90.0,90.0,90.0,12.094000000000001,0.0,metal
Eu,Y,orthorhombic,5.931,6.134,8.122,90.0,90.0,90.0,14.773,0.2,metal
Eu,Yb,cubic,4.107,4.107,4.107,90.0,90.0,90.0,13.857000000000001,0.083,metal
Eu,Zn,rhombohedral,5.295,5.295,5.295,62.8,62.8,62.8,11.16,-0.011,metal
Eu,Zr,orthorhombic,5.661,5.809,8.087,90.0,90.0,90.0,13.299000000000001,0.0,insulator
Fe,Ag,orthorhombic,5.105,5.26,8.427,90.0,90.0,90.0,11.314,0.861,metal
Fe,Al,cubic,3.615,3.615,3.615,90.0,90.0,90.0,9.452,0.997,metal
Fe,As,cubic,3.758,3.758,3.758,90.0,90.0,90.0,10.618,0.724,metal
Fe,Au,cubic,4.0,4.0,4.0,90.0,90.0,90.0,12.796,0.83,metal
Fe,B,cubic,3.322,3.322,3.322,90.0,90.0,90.0,7.332000000000001,0.999,metal
Fe,Be,cubic,4.319,4.319,4.319,90.0,90.0,90.0,16.116,0.718,metal
Fe,Cd,orthorhombic,5.404,5.444,8.272,90.0,90.0,90.0,12.169,0.8,metal
Fe,Ce,orthorhombic,5.697,5.723,8.764,90.0,90.0,90.0,14.287,1.0,insulator
Fe,Co,cubic,3.595,3.595,3.595,90.0,90.0,90.0,9.292,1.224,metal
Fe,Cr,cubic,3.942,3.942,3.942,90.0,90.0,90.0,12.253,1.433,metal
Fe,Cu,cubic,4.367,4.367,4.367,90.0,90.0,90.0,16.651,1.302,metal
Fe,Dy,cubic,4.263,4.263,4.263,90.0,90.0,90.0,15.497,1.001,metal
Fe,Er,cubic,4.12,4.12,4.12,90.0,90.0,90.0,13.992,0.818,metal
Fe,Eu,orthorhombic,5.643,5.67,8.401,90.0,90.0,90.0,13.439,0.8,insulator
Fe,Fe,cubic,3.725,3.725,3.725,90.0,90.0,90.0,10.338,1.658,metal
Fe,Ga,cubic,3.735,3.735,3.735,90.0,90.0,90.0,10.419,0.999,metal
Fe,Gd,orthorhombic,5.532,5.565,8.369,90.0,90.0,90.0,12.88,1.0,insulator
Fe,Hf,cubic,4.043,4.043,4.043,90.0,90.0,90.0,13.214,0.8,metal
Fe,Hg,orthorhombic,5.322,5.442,8.718,90.0,90.0,90.0,12.624,0.852,metal
Fe,Ho,cubic,4.491,4.491,4.491,90.0,90.0,90.0,18.12,1.001,metal
Fe,Ir,cubic,3.828,3.828,3.828,90.0,90.0,90.0,11.220999999999998,0.897,metal
Fe,La,orthorhombic,5.688,5.694,8.774,90.0,90.0,90.0,14.207,1.0,insulator
Fe,Li,orthorhombic,4.805,5.041,7.159,90.0,90.0,90.0,8.67,0.6,metal
Fe,Mn,cubic,3.715,3.715,3.715,90.0,90.0,90.0,10.255999999999998,1.487,metal
Fe,Mo,rhombohedral,5.404,5.404,5.404,59.4,59.4,59.4,10.999,0.417,metal
Fe,Nb,orthorhombic,5.289,5.448,7.654,90.0,90.0,90.0,11.027000000000001,0.603,metal
Fe,Ni,cubic,3.623,3.623,3.623,90.0,90.0,90.0,9.512,1.133,metal
Fe,Os,cubic,3.854,3.854,3.854,90.0,90.0,90.0,11.449000000000002,0.64,metal
Fe,Pm,orthorhombic,5.614,5.62,8.539,90.0,90.0,90.0,13.470999999999998,1.0,insulator
Fe,Pt,cubic,3.923,3.923,3.923,90.0,90.0,90.0,12.075,0.918,metal
Fe,Re,cubic,3.923,3.923,3.923,90.0,90.0,90.0,12.073,0.661,metal
Fe,Rh,cubic,3.859,3.859,3.859,90.0,90.0,90.0,11.49,1.044,metal
Fe,Si,cubic,3.512,3.512,3.512,90.0,90.0,90.0,8.664,0.8,metal
Fe,Sr,orthorhombic,5.582,5.783,9.064,90.0,90.0,90.0,14.629000000000001,0.8,metal
Fe,Ta,orthorhombic,5.178,5.767,7.432,90.0,90.0,90.0,11.095,0.619,metal
Fe,Tb,cubic,4.28,4.28,4.28,90.0,90.0,90.0,15.677999999999999,0.983,metal
Fe,Tc,orthorhombic,5.135,5.373,7.543,90.0,90.0,90.0,10.405,1.004,metal
Fe,Te,cubic,4.076,4.076,4.076,90.0,90.0,90.0,13.545,0.675,metal
Fe,Ti,cubic,3.824,3.824,3.824,90.0,90.0,90.0,11.18,0.799,metal
Fe,Tl,orthorhombic,5.458,5.471,8.441,90.0,90.0,90.0,12.604000000000001,1.0,insulator
Fe,Tm,cubic,4.187,4.187,4.187,90.0,90.0,90.0,14.675,1.003,metal
Fe,Yb,orthorhombic,5.523,5.641,8.013,90.0,90.0,90.0,12.484000000000002,1.081,metal
Fe,Zn,cubic,4.261,4.261,4.261,90.0,90.0,90.0,15.474,1.2,metal
Fe,Zr,cubic,4.099,4.099,4.099,90.0,90.0,90.0,13.774000000000001,0.8,metal
Ga,Ac,orthorhombic,4.54,6.777,10.328,90.0,90.0,90.0,15.888,0.0,insulator
Ga,Ag,orthorhombic,5.139,5.195,8.455,90.0,90.0,90.0,11.287,,metal
Ga,Al,cubic,3.638,3.638,3.638,90.0,90.0,90.0,9.633,,metal
Ga,As,cubic,3.793,3.793,3.793,90.0,90.0,90.0,10.91,,metal
Ga,Au,cubic,4.033,4.033,4.033,90.0,90.0,90.0,13.124,,metal
Ga,B,cubic,3.334,3.334,3.334,90.0,90.0,90.0,7.415,,metal
Ga,Ba,orthorhombic,5.418,6.343,9.417,90.0,90.0,90.0,16.180999999999997,,metal
Ga,Be,cubic,3.425,3.425,3.425,90.0,90.0,90.0,8.033,,metal
Ga,Bi,orthorhombic,5.373,6.159,9.071,90.0,90.0,90.0,15.009,,insulator
Ga,Ca,orthorhombic,5.274,5.665,8.555,90.0,90.0,90.0,12.78,,metal
Ga,Cd,orthorhombic,5.318,5.556,8.321,90.0,90.0,90.0,12.293,,metal
Ga,Ce,rhombohedral,6.35,6.35,6.35,54.2,54.2,54.2,15.64,0.0,insulator
Ga,Co,cubic,4.487,4.487,4.487,90.0,90.0,90.0,18.073,0.405,metal
Ga,Cr,cubic,3.763,3.763,3.763,90.0,90.0,90.0,10.66,0.433,metal
Ga,Cs,cubic,4.405,4.405,4.405,90.0,90.0,90.0,17.095,,metal
Ga,Cu,cubic,3.68,3.68,3.68,90.0,90.0,90.0,9.964,,metal
Ga,Dy,cubic,4.355,4.355,4.355,90.0,90.0,90.0,16.516,-0.401,metal
Ga,Er,cubic,4.304,4.304,4.304,90.0,90.0,90.0,15.944,-0.408,metal
Ga,Eu,orthorhombic,5.225,5.829,8.783,90.0,90.0,90.0,13.375,0.2,insulator
Ga,Fe,cubic,3.753,3.753,3.753,90.0,90.0,90.0,10.572000000000001,0.751,metal
Ga,Ga,cubic,3.787,3.787,3.787,90.0,90.0,90.0,10.857999999999999,,metal
Ga,Gd,rhombohedral,5.996,5.996,5.996,55.6,55.6,55.6,13.7,0.0,insulator
Ga,Ge,cubic,3.722,3.722,3.722,90.0,90.0,90.0,10.315999999999999,,metal
Ga,Hf,cubic,4.078,4.078,4.078,90.0,90.0,90.0,13.565,0.042,metal
Ga,Hg,cubic,4.135,4.135,4.135,90.0,90.0,90.0,14.145,,metal
Ga,Ho,cubic,4.346,4.346,4.346,90.0,90.0,90.0,16.417,-0.402,metal
Ga,In,cubic,4.098,4.098,4.098,90.0,90.0,90.0,13.767999999999999,,metal
Ga,Ir,cubic,3.912,3.912,3.912,90.0,90.0,90.0,11.978,0.121,metal
Ga,K,orthorhombic,5.73,6.759,7.86,90.0,90.0,90.0,15.222000000000001,,insulator
Ga,La,rhombohedral,6.404,6.404,6.404,53.7,53.7,53.7,15.84,0.0,insulator
Ga,Li,cubic,3.524,3.524,3.524,90.0,90.0,90.0,8.755,,metal
Ga,Lu,cubic,4.243,4.243,4.243,90.0,90.0,90.0,15.276,-0.398,metal
Ga,Mg,cubic,3.795,3.795,3.795,90.0,90.0,90.0,10.927999999999999,,metal
Ga,Mn,cubic,3.745,3.745,3.745,90.0,90.0,90.0,10.503,0.611,metal
Ga,Mo,cubic,3.934,3.934,3.934,90.0,90.0,90.0,12.174000000000001,0.0,metal
Ga,Na,orthorhombic,5.574,6.025,7.156,90.0,90.0,90.0,12.015999999999998,,insulator
Ga,Nb,tetragonal,3.963,3.963,4.175,90.0,90.0,90.0,13.115,0.0,insulator
Ga,Nd,rhombohedral,6.254,6.254,6.254,54.3,54.3,54.3,14.98,0.0,insulator
Ga,Ni,cubic,3.651,3.651,3.651,90.0,90.0,90.0,9.735,0.149,metal
Ga,Np,rhombohedral,6.146,6.146,6.146,56.2,56.2,56.2,14.96,0.8,insulator
Ga,Os,cubic,3.896,3.896,3.896,90.0,90.0,90.0,11.827,0.003,metal
Ga,Pa,orthorhombic,6.024,6.07,8.592,90.0,90.0,90.0,15.708,0.0,insulator
Ga,Pd,cubic,3.916,3.916,3.916,90.0,90.0,90.0,12.012,,metal
Ga,Pm,rhombohedral,6.202,6.202,6.202,54.5,54.5,54.5,14.693,0.0,insulator
Ga,Pr,rhombohedral,6.299,6.299,6.299,54.2,54.2,54.2,15.29,0.0,insulator
Ga,Pt,cubic,3.953,3.953,3.953,90.0,90.0,90.0,12.354000000000001,0.0,metal
Ga,Pu,orthorhombic,5.363,6.069,9.28,90.0,90.0,90.0,15.100999999999999,1.0,insulator
Ga,Rb,orthorhombic,5.779,7.022,8.261,90.0,90.0,90.0,16.762999999999998,,insulator
Ga,Re,cubic,3.909,3.909,3.909,90.0,90.0,90.0,11.944,0.0,metal
Ga,Rh,cubic,3.891,3.891,3.891,90.0,90.0,90.0,11.785,0.134,metal
Ga,Ru,cubic,3.882,3.882,3.882,90.0,90.0,90.0,11.697000000000001,0.005,metal
Ga,Sb,cubic,3.993,3.993,3.993,90.0,90.0,90.0,12.735999999999999,,metal
Ga,Sc,cubic,4.022,4.022,4.022,90.0,90.0,90.0,13.008,-0.011,metal
Ga,Si,cubic,3.546,3.546,3.546,90.0,90.0,90.0,8.921,,metal
Ga,Sm,rhombohedral,6.069,6.069,6.069,55.6,55.6,55.6,14.206,0.0,insulator
Ga,Sn,cubic,4.018,4.018,4.018,90.0,90.0,90.0,12.978,,metal
Ga,Sr,orthorhombic,5.305,5.986,9.064,90.0,90.0,90.0,14.390999999999998,,metal
Ga,Ta,tetragonal,3.966,3.966,4.044,90.0,90.0,90.0,12.719000000000001,0.0,insulator
Ga,Tb,rhombohedral,5.972,5.972,5.972,55.6,55.6,55.6,13.53,0.0,insulator
Ga,Tc,rhombohedral,5.131,5.131,5.131,63.6,63.6,63.6,10.321,0.19,metal
Ga,Te,cubic,4.082,4.082,4.082,90.0,90.0,90.0,13.607000000000001,,metal
Ga,Th,cubic,4.515,4.515,4.515,90.0,90.0,90.0,18.410999999999998,-0.178,metal
Ga,Ti,cubic,3.858,3.858,3.858,90.0,90.0,90.0,11.481,0.0,metal
Ga,Tl,orthorhombic,5.393,5.52,8.475,90.0,90.0,90.0,12.615,,insulator
Ga,Tm,cubic,4.294,4.294,4.294,90.0,90.0,90.0,15.834000000000001,-0.399,metal
Ga,U,tetragonal,4.308,4.332,4.332,90.0,90.0,90.0,16.167,0.2,insulator
Ga,V,cubic,3.787,3.787,3.787,90.0,90.0,90.0,10.860999999999999,-0.078,metal
Ga,W,cubic,3.939,3.939,3.939,90.0,90.0,90.0,12.222000000000001,0.0,metal
Ga,Y,rhombohedral,5.952,5.952,5.952,55.6,55.6,55.6,13.399000000000001,0.0,insulator
Ga,Yb,orthorhombic,5.187,5.641,8.468,90.0,90.0,90.0,12.389000000000001,,metal
Ga,Zn,cubic,3.783,3.783,3.783,90.0,90.0,90.0,10.825999999999999,,metal
Ga,Zr,cubic,4.143,4.143,4.143,90.0,90.0,90.0,14.219000000000001,-0.088,metal
Gd,Ac,cubic,4.663,4.663,4.663,90.0,90.0,90.0,20.281,0.0,metal
Gd,Ag,cubic,4.023,4.023,4.023,90.0,90.0,90.0,13.023,0.0,metal
Gd,Al,orthorhombic,5.221,5.333,7.428,90.0,90.0,90.0,10.339,0.0,insulator
Gd,As,cubic,4.0,4.0,4.0,90.0,90.0,90.0,12.804,0.0,metal
Gd,Au,cubic,4.098,4.098,4.098,90.0,90.0,90.0,13.762,0.0,metal
Gd,B,cubic,3.477,3.477,3.477,90.0,90.0,90.0,8.405,0.0,insulator
Gd,Ba,orthorhombic,6.507,6.793,8.517,90.0,90.0,90.0,18.822,0.201,insulator
Gd,Be,orthorhombic,5.025,5.08,7.111,90.0,90.0,90.0,9.075,0.2,metal
Gd,Bi,cubic,4.365,4.365,4.365,90.0,90.0,90.0,16.633,0.0,metal
Gd,Ca,cubic,4.117,4.117,4.117,90.0,90.0,90.0,13.96,0.2,metal
Gd,Cd,cubic,4.094,4.094,4.094,90.0,90.0,90.0,13.727,0.0,metal
Gd,Ce,cubic,4.537,4.537,4.537,90.0,90.0,90.0,18.68,0.0,insulator
Gd,Cr,orthorhombic,5.307,5.585,7.625,90.0,90.0,90.0,11.300999999999998,0.6,insulator
Gd,Cu,orthorhombic,5.251,5.86,7.265,90.0,90.0,90.0,11.177999999999999,0.0,metal
Gd,Dy,cubic,4.266,4.266,4.266,90.0,90.0,90.0,15.526,0.0,insulator
Gd,Er,cubic,4.219,4.219,4.219,90.0,90.0,90.0,15.015,0.0,insulator
Gd,Eu,cubic,4.259,4.259,4.259,90.0,90.0,90.0,15.453,0.106,metal
Gd,Fe,orthorhombic,5.33,5.614,7.646,90.0,90.0,90.0,11.439,1.0,insulator
Gd,Ga,orthorhombic,5.305,5.571,7.608,90.0,90.0,90.0,11.244000000000002,0.0,insulator
Gd,Gd,cubic,4.319,4.319,4.319,90.0,90.0,90.0,16.115,0.0,insulator
Gd,Ge,cubic,3.881,3.881,3.881,90.0,90.0,90.0,11.687999999999999,0.0,metal
Gd,Hf,orthorhombic,5.492,6.076,7.576,90.0,90.0,90.0,12.640999999999998,0.001,metal
Gd,Hg,cubic,4.191,4.191,4.191,90.0,90.0,90.0,14.725999999999999,0.0,metal
Gd,Ho,cubic,4.243,4.243,4.243,90.0,90.0,90.0,15.277000000000001,0.0,insulator
Gd,In,cubic,4.05,4.05,4.05,90.0,90.0,90.0,13.283,0.0,insulator
Gd,Ir,cubic,3.958,3.958,3.958,90.0,90.0,90.0,12.398,0.0,metal
Gd,K,orthorhombic,6.012,6.054,10.052,90.0,90.0,90.0,18.295,0.4,metal
Gd,La,cubic,4.515,4.515,4.515,90.0,90.0,90.0,18.403,0.0,insulator
Gd,Li,orthorhombic,5.0,5.798,7.308,90.0,90.0,90.0,10.592,0.4,metal
Gd,Lu,cubic,4.155,4.155,4.155,90.0,90.0,90.0,14.345,0.0,insulator
Gd,Mg,orthorhombic,5.347,5.732,7.558,90.0,90.0,90.0,11.581,0.2,metal
Gd,Mn,orthorhombic,5.319,5.74,7.527,90.0,90.0,90.0,11.491,0.8,insulator
Gd,Mo,cubic,3.958,3.958,3.958,90.0,90.0,90.0,12.4,0.005,metal
Gd,Na,cubic,3.933,3.933,3.933,90.0,90.0,90.0,12.165999999999999,0.4,metal
Gd,Nb,cubic,4.028,4.028,4.028,90.0,90.0,90.0,13.069,0.001,metal
Gd,Nd,cubic,4.453,4.453,4.453,90.0,90.0,90.0,17.658,0.0,insulator
Gd,Ni,orthorhombic,5.216,5.505,7.459,90.0,90.0,90.0,10.708,0.2,metal
Gd,Np,cubic,4.423,4.423,4.423,90.0,90.0,90.0,17.305999999999997,0.789,metal
Gd,Os,cubic,3.941,3.941,3.941,90.0,90.0,90.0,12.242,0.005,metal
Gd,Pa,cubic,4.463,4.463,4.463,90.0,90.0,90.0,17.779,0.295,metal
Gd,Pb,cubic,4.264,4.264,4.264,90.0,90.0,90.0,15.508,0.0,metal
Gd,Pd,orthorhombic,5.423,5.911,7.558,90.0,90.0,90.0,12.113,0.003,metal
Gd,Pm,cubic,4.413,4.413,4.413,90.0,90.0,90.0,17.185,0.0,insulator
Gd,Pr,cubic,4.492,4.492,4.492,90.0,90.0,90.0,18.13,0.0,insulator
Gd,Pt,cubic,4.015,4.015,4.015,90.0,90.0,90.0,12.949000000000002,0.0,metal
Gd,Pu,cubic,4.365,4.365,4.365,90.0,90.0,90.0,16.632,0.947,metal
Gd,Rb,orthorhombic,6.026,6.051,10.916,90.0,90.0,90.0,19.903,0.4,metal
Gd,Re,cubic,3.95,3.95,3.95,90.0,90.0,90.0,12.322000000000001,0.162,metal
Gd,Rh,orthorhombic,5.291,5.787,7.654,90.0,90.0,90.0,11.717,0.0,insulator
Gd,Ru,cubic,3.918,3.918,3.918,90.0,90.0,90.0,12.032,0.121,metal
Gd,Sb,cubic,4.212,4.212,4.212,90.0,90.0,90.0,14.94,-0.001,metal
Gd,Sc,orthorhombic,5.462,5.744,7.903,90.0,90.0,90.0,12.399000000000001,0.0,insulator
Gd,Si,cubic,3.702,3.702,3.702,90.0,90.0,90.0,10.145,0.0,metal
Gd,Sm,cubic,4.385,4.385,4.385,90.0,90.0,90.0,16.867,0.0,insulator
Gd,Sn,cubic,4.109,4.109,4.109,90.0,90.0,90.0,13.873,0.0,metal
Gd,Sr,orthorhombic,5.868,5.882,9.732,90.0,90.0,90.0,16.796,0.108,metal
Gd,Ta,cubic,4.006,4.006,4.006,90.0,90.0,90.0,12.86,0.001,metal
Gd,Tb,cubic,4.292,4.292,4.292,90.0,90.0,90.0,15.81,0.0,insulator
Gd,Tc,cubic,3.938,3.938,3.938,90.0,90.0,90.0,12.216,0.314,metal
Gd,Te,cubic,4.236,4.236,4.236,90.0,90.0,90.0,15.202,0.003,metal
Gd,Th,cubic,4.552,4.552,4.552,90.0,90.0,90.0,18.865,0.011,metal
Gd,Ti,orthorhombic,5.341,5.687,7.675,90.0,90.0,90.0,11.654000000000002,0.2,metal
Gd,Tl,orthorhombic,5.626,5.984,8.458,90.0,90.0,90.0,14.239,0.001,insulator
Gd,Tm,cubic,4.195,4.195,4.195,90.0,90.0,90.0,14.761,0.0,insulator
Gd,U,cubic,4.389,4.389,4.389,90.0,90.0,90.0,16.910999999999998,0.539,metal
Gd,V,orthorhombic,5.336,5.697,7.649,90.0,90.0,90.0,11.626,0.4,insulator
Gd,W,cubic,3.963,3.963,3.963,90.0,90.0,90.0,12.45,0.001,metal
Gd,Y,cubic,4.266,4.266,4.266,90.0,90.0,90.0,15.525,0.0,insulator
Gd,Yb,cubic,4.104,4.104,4.104,90.0,90.0,90.0,13.821,0.158,metal
Gd,Zn,orthorhombic,5.274,5.792,7.52,90.0,90.0,90.0,11.485999999999999,0.0,metal
Gd,Zr,cubic,4.125,4.125,4.125,90.0,90.0,90.0,14.033,0.0,metal
Ge,Ac,orthorhombic,5.918,6.3,8.815,90.0,90.0,90.0,16.432000000000002,0.0,metal
Ge,Ag,cubic,3.997,3.997,3.997,90.0,90.0,90.0,12.767999999999999,,metal
Ge,Al,cubic,3.695,3.695,3.695,90.0,90.0,90.0,10.092,,metal
Ge,As,cubic,3.869,3.869,3.869,90.0,90.0,90.0,11.579,,metal
Ge,Au,cubic,4.038,4.038,4.038,90.0,90.0,90.0,13.171,,metal
Ge,B,cubic,3.374,3.374,3.374,90.0,90.0,90.0,7.68,,metal
Ge,Ba,orthorhombic,5.186,6.053,11.006,90.0,90.0,90.0,17.277,,insulator
Ge,Be,cubic,3.457,3.457,3.457,90.0,90.0,90.0,8.262,,metal
Ge,Bi,cubic,4.262,4.262,4.262,90.0,90.0,90.0,15.485999999999999,,metal
Ge,Ce,orthorhombic,5.774,6.139,8.589,90.0,90.0,90.0,15.220999999999998,0.0,metal
Ge,Co,cubic,3.713,3.713,3.713,90.0,90.0,90.0,10.238999999999999,0.532,metal
Ge,Cr,cubic,3.782,3.782,3.782,90.0,90.0,90.0,10.822000000000001,0.4,metal
Ge,Cs,orthorhombic,5.682,6.742,9.536,90.0,90.0,90.0,18.264,,insulator
Ge,Cu,cubic,3.725,3.725,3.725,90.0,90.0,90.0,10.335,,metal
Ge,Dy,cubic,4.278,4.278,4.278,90.0,90.0,90.0,15.662,0.199,metal
Ge,Er,cubic,4.242,4.242,4.242,90.0,90.0,90.0,15.27,-0.196,metal
Ge,Eu,orthorhombic,5.203,5.204,10.0,90.0,90.0,90.0,13.539000000000001,0.0,insulator
Ge,Fe,cubic,3.774,3.774,3.774,90.0,90.0,90.0,10.753,0.8,metal
Ge,Ga,cubic,3.838,3.838,3.838,90.0,90.0,90.0,11.304,,metal
Ge,Gd,cubic,4.308,4.308,4.308,90.0,90.0,90.0,15.985,0.012,metal
Ge,Ge,tetragonal,3.572,3.572,4.448,90.0,90.0,90.0,11.35,,insulator
Ge,Hf,orthorhombic,5.421,5.756,7.86,90.0,90.0,90.0,12.262,0.0,insulator
Ge,Hg,cubic,4.129,4.129,4.129,90.0,90.0,90.0,14.082,,metal
Ge,Ho,cubic,4.255,4.255,4.255,90.0,90.0,90.0,15.41,0.002,metal
Ge,In,cubic,4.102,4.102,4.102,90.0,90.0,90.0,13.8,,metal
Ge,Ir,cubic,3.918,3.918,3.918,90.0,90.0,90.0,12.03,0.009,metal
Ge,K,orthorhombic,5.311,6.198,9.294,90.0,90.0,90.0,15.298,,insulator
Ge,La,cubic,4.461,4.461,4.461,90.0,90.0,90.0,17.750999999999998,0.2,metal
Ge,Li,cubic,3.564,3.564,3.564,90.0,90.0,90.0,9.052,,metal
Ge,Lu,cubic,4.19,4.19,4.19,90.0,90.0,90.0,14.708,-0.2,metal
Ge,Mg,cubic,3.855,3.855,3.855,90.0,90.0,90.0,11.457,,metal
Ge,Mn,cubic,3.76,3.76,3.76,90.0,90.0,90.0,10.629000000000001,0.6,metal
Ge,Mo,orthorhombic,5.283,5.684,7.696,90.0,90.0,90.0,11.552999999999999,0.346,metal
Ge,Na,orthorhombic,5.082,5.579,8.635,90.0,90.0,90.0,12.24,,insulator
Ge,Nb,orthorhombic,5.31,5.812,7.795,90.0,90.0,90.0,12.027999999999999,0.195,metal
Ge,Nd,cubic,4.425,4.425,4.425,90.0,90.0,90.0,17.333,0.2,metal
Ge,Ni,cubic,3.701,3.701,3.701,90.0,90.0,90.0,10.14,0.218,metal
Ge,Np,cubic,4.308,4.308,4.308,90.0,90.0,90.0,15.992,0.569,metal
Ge,Os,cubic,3.91,3.91,3.91,90.0,90.0,90.0,11.950999999999999,0.208,metal
Ge,Pb,rhombohedral,6.153,6.153,6.153,58.4,58.4,58.4,15.853,,insulator
Ge,Pd,cubic,3.925,3.925,3.925,90.0,90.0,90.0,12.095,,metal
Ge,Pm,cubic,4.397,4.397,4.397,90.0,90.0,90.0,16.998,0.2,metal
Ge,Pr,cubic,4.454,4.454,4.454,90.0,90.0,90.0,17.667,0.2,metal
Ge,Pt,cubic,3.962,3.962,3.962,90.0,90.0,90.0,12.442,0.001,metal
Ge,Pu,cubic,4.341,4.341,4.341,90.0,90.0,90.0,16.361,0.8,metal
Ge,Rb,orthorhombic,5.43,6.452,9.491,90.0,90.0,90.0,16.625999999999998,,insulator
Ge,Re,cubic,3.919,3.919,3.919,90.0,90.0,90.0,12.042,0.0,metal
Ge,Rh,cubic,3.9,3.9,3.9,90.0,90.0,90.0,11.86,0.049,metal
Ge,Ru,cubic,3.899,3.899,3.899,90.0,90.0,90.0,11.859000000000002,0.326,metal
Ge,Sb,cubic,4.068,4.068,4.068,90.0,90.0,90.0,13.468,,metal
Ge,Sc,cubic,4.043,4.043,4.043,90.0,90.0,90.0,13.22,0.006,metal
Ge,Si,tetragonal,3.419,3.419,4.324,90.0,90.0,90.0,10.11,,insulator
Ge,Sm,cubic,4.381,4.381,4.381,90.0,90.0,90.0,16.819000000000003,-0.022,metal
Ge,Sn,orthorhombic,5.274,5.879,7.909,90.0,90.0,90.0,12.262,,insulator
Ge,Sr,orthorhombic,5.208,5.272,10.54,90.0,90.0,90.0,14.470999999999998,,insulator
Ge,Tb,cubic,4.296,4.296,4.296,90.0,90.0,90.0,15.855,0.201,metal
Ge,Tc,cubic,3.901,3.901,3.901,90.0,90.0,90.0,11.870999999999999,0.004,metal
Ge,Te,cubic,4.166,4.166,4.166,90.0,90.0,90.0,14.464,,metal
Ge,Th,cubic,4.546,4.546,4.546,90.0,90.0,90.0,18.789,0.0,insulator
Ge,Ti,tetragonal,3.784,3.784,4.218,90.0,90.0,90.0,12.078,0.0,insulator
Ge,Tl,rhombohedral,6.133,6.133,6.133,56.6,56.6,56.6,15.020999999999999,,metal
Ge,Tm,cubic,4.225,4.225,4.225,90.0,90.0,90.0,15.088,0.003,metal
Ge,U,cubic,4.319,4.319,4.319,90.0,90.0,90.0,16.111,0.147,metal
Ge,V,tetragonal,3.75,3.75,4.232,90.0,90.0,90.0,11.902000000000001,0.2,insulator
Ge,W,tetragonal,3.884,4.015,4.015,90.0,90.0,90.0,12.520999999999999,0.001,metal
Ge,Y,cubic,4.296,4.296,4.296,90.0,90.0,90.0,15.857999999999999,0.201,metal
Ge,Yb,orthorhombic,5.191,5.22,9.326,90.0,90.0,90.0,12.636,,insulator
Ge,Zn,cubic,3.835,3.835,3.835,90.0,90.0,90.0,11.279000000000002,,metal
Ge,Zr,cubic,4.125,4.125,4.125,90.0,90.0,90.0,14.040999999999999,0.0,insulator
Hf,Ac,orthorhombic,5.924,6.723,7.772,90.0,90.0,90.0,15.475999999999999,-0.001,metal
Hf,Ag,orthorhombic,5.04,5.386,9.549,90.0,90.0,90.0,12.96,0.0,metal
Hf,Al,cubic,3.627,3.627,3.627,90.0,90.0,90.0,9.539,0.0,metal
Hf,As,cubic,3.941,3.941,3.941,90.0,90.0,90.0,12.242,0.156,metal
Hf,Au,cubic,4.064,4.064,4.064,90.0,90.0,90.0,13.427999999999999,0.053,metal
Hf,B,cubic,3.399,3.399,3.399,90.0,90.0,90.0,7.852,0.0,metal
Hf,Ba,orthorhombic,5.992,6.134,10.097,90.0,90.0,90.0,18.555,0.0,insulator
Hf,Be,cubic,3.411,3.411,3.411,90.0,90.0,90.0,7.939,0.0,insulator
Hf,Bi,cubic,4.312,4.312,4.312,90.0,90.0,90.0,16.04,0.305,metal
Hf,Cd,orthorhombic,5.597,5.763,7.943,90.0,90.0,90.0,12.81,0.0,insulator
Hf,Ce,orthorhombic,6.053,6.259,7.645,90.0,90.0,90.0,14.482999999999999,0.0,metal
Hf,Co,cubic,3.644,3.644,3.644,90.0,90.0,90.0,9.675,0.13,metal
Hf,Cr,cubic,3.767,3.767,3.767,90.0,90.0,90.0,10.687000000000001,0.529,metal
Hf,Cu,cubic,3.681,3.681,3.681,90.0,90.0,90.0,9.972000000000001,0.0,metal
Hf,Dy,cubic,4.235,4.235,4.235,90.0,90.0,90.0,15.186,0.163,metal
Hf,Er,cubic,4.186,4.186,4.186,90.0,90.0,90.0,14.675,0.149,metal
Hf,Eu,orthorhombic,5.753,5.847,8.535,90.0,90.0,90.0,14.356,0.0,insulator
Hf,Ga,cubic,3.755,3.755,3.755,90.0,90.0,90.0,10.587,0.006,metal
Hf,Gd,cubic,4.289,4.289,4.289,90.0,90.0,90.0,15.785,0.171,metal
Hf,Ge,cubic,3.818,3.818,3.818,90.0,90.0,90.0,11.127,0.183,metal
Hf,Hf,cubic,4.056,4.056,4.056,90.0,90.0,90.0,13.349,0.34,metal
Hf,Hg,orthorhombic,5.258,5.545,9.34,90.0,90.0,90.0,13.616,0.0,insulator
Hf,Ho,cubic,4.21,4.21,4.21,90.0,90.0,90.0,14.92,0.157,metal
Hf,Ir,cubic,3.918,3.918,3.918,90.0,90.0,90.0,12.027999999999999,0.001,metal
Hf,K,orthorhombic,6.409,6.878,7.111,90.0,90.0,90.0,15.673,0.2,insulator
Hf,La,orthorhombic,5.982,6.231,7.78,90.0,90.0,90.0,14.5,0.0,metal
Hf,Li,orthorhombic,5.001,5.535,6.758,90.0,90.0,90.0,9.354,0.172,metal
Hf,Lu,cubic,4.117,4.117,4.117,90.0,90.0,90.0,13.959000000000001,0.124,metal
Hf,Mg,cubic,3.682,3.682,3.682,90.0,90.0,90.0,9.985,0.0,insulator
Hf,Mn,cubic,3.789,3.789,3.789,90.0,90.0,90.0,10.879000000000001,0.773,metal
Hf,Mo,cubic,3.924,3.924,3.924,90.0,90.0,90.0,12.082,0.238,metal
Hf,Na,orthorhombic,5.15,5.273,9.644,90.0,90.0,90.0,13.094000000000001,0.019,metal
Hf,Nb,cubic,4.003,4.003,4.003,90.0,90.0,90.0,12.824000000000002,0.286,metal
Hf,Nd,orthorhombic,6.019,6.141,7.589,90.0,90.0,90.0,14.025,0.0,metal
Hf,Ni,cubic,3.666,3.666,3.666,90.0,90.0,90.0,9.852,0.353,metal
Hf,Np,orthorhombic,6.072,6.381,7.21,90.0,90.0,90.0,13.969000000000001,0.851,metal
Hf,Os,cubic,3.897,3.897,3.897,90.0,90.0,90.0,11.834000000000001,0.001,metal
Hf,Pa,cubic,4.385,4.385,4.385,90.0,90.0,90.0,16.863,0.533,metal
Hf,Pd,cubic,3.925,3.925,3.925,90.0,90.0,90.0,12.094000000000001,0.001,metal
Hf,Pm,orthorhombic,6.0,6.078,7.593,90.0,90.0,90.0,13.845,0.0,metal
Hf,Pr,orthorhombic,6.039,6.197,7.604,90.0,90.0,90.0,14.228,0.0,metal
Hf,Pt,cubic,3.987,3.987,3.987,90.0,90.0,90.0,12.68,0.008,metal
Hf,Pu,orthorhombic,6.102,6.245,7.253,90.0,90.0,90.0,13.818,1.139,metal
Hf,Rb,tetragonal,3.297,3.297,7.003,90.0,90.0,90.0,15.220999999999998,0.122,metal
Hf,Re,cubic,3.91,3.91,3.91,90.0,90.0,90.0,11.956,0.068,metal
Hf,Rh,cubic,3.881,3.881,3.881,90.0,90.0,90.0,11.687000000000001,0.0,metal
Hf,Ru,cubic,3.866,3.866,3.866,90.0,90.0,90.0,11.56,0.0,metal
Hf,Sb,cubic,4.147,4.147,4.147,90.0,90.0,90.0,14.265999999999998,0.35,metal
Hf,Sc,cubic,3.939,3.939,3.939,90.0,90.0,90.0,12.225,0.019,metal
Hf,Si,cubic,3.616,3.616,3.616,90.0,90.0,90.0,9.46,0.097,metal
Hf,Sm,cubic,4.359,4.359,4.359,90.0,90.0,90.0,16.56,0.176,metal
Hf,Sn,orthorhombic,5.842,6.01,8.534,90.0,90.0,90.0,14.982000000000001,0.0,insulator
Hf,Sr,orthorhombic,5.787,5.903,9.284,90.0,90.0,90.0,15.857999999999999,0.0,insulator
Hf,Ta,cubic,3.984,3.984,3.984,90.0,90.0,90.0,12.648,0.318,metal
Hf,Tb,cubic,4.261,4.261,4.261,90.0,90.0,90.0,15.472999999999999,0.167,metal
Hf,Tc,cubic,3.885,3.885,3.885,90.0,90.0,90.0,11.728,0.204,metal
Hf,Te,cubic,4.198,4.198,4.198,90.0,90.0,90.0,14.796,0.346,metal
Hf,Th,cubic,4.534,4.534,4.534,90.0,90.0,90.0,18.637999999999998,0.351,metal
Hf,Ti,cubic,3.831,3.831,3.831,90.0,90.0,90.0,11.241,0.004,metal
Hf,Tl,orthorhombic,6.019,6.043,8.043,90.0,90.0,90.0,14.627,0.0,metal
Hf,Tm,cubic,4.159,4.159,4.159,90.0,90.0,90.0,14.389000000000001,0.145,metal
Hf,U,orthorhombic,6.015,6.445,7.303,90.0,90.0,90.0,14.155,0.631,metal
Hf,V,cubic,3.804,3.804,3.804,90.0,90.0,90.0,11.012,0.534,metal
Hf,W,cubic,3.937,3.937,3.937,90.0,90.0,90.0,12.200999999999999,0.291,metal
Hf,Y,cubic,4.233,4.233,4.233,90.0,90.0,90.0,15.171,0.162,metal
Hf,Yb,orthorhombic,5.539,5.697,8.202,90.0,90.0,90.0,12.94,0.0,insulator
Hf,Zn,cubic,3.765,3.765,3.765,90.0,90.0,90.0,10.672,0.0,metal
Hf,Zr,cubic,4.11,4.11,4.11,90.0,90.0,90.0,13.884,0.339,metal
Hg,Ac,cubic,4.568,4.568,4.568,90.0,90.0,90.0,19.064,0.0,metal
Hg,Ag,orthorhombic,5.544,5.707,7.993,90.0,90.0,90.0,12.645,,metal
Hg,Al,orthorhombic,5.376,5.383,7.256,90.0,90.0,90.0,10.498,,metal
Hg,As,rhombohedral,5.54,5.54,5.54,59.3,59.3,59.3,11.83,,metal
Hg,Au,orthorhombic,5.58,5.691,8.075,90.0,90.0,90.0,12.822000000000001,,metal
Hg,B,cubic,3.517,3.517,3.517,90.0,90.0,90.0,8.704,,metal
Hg,Ba,orthorhombic,6.532,6.572,8.62,90.0,90.0,90.0,18.500999999999998,,metal
Hg,Be,cubic,3.605,3.605,3.605,90.0,90.0,90.0,9.37,,metal
Hg,Bi,rhombohedral,5.967,5.967,5.967,59.3,59.3,59.3,14.794,,metal
Hg,Ca,cubic,4.287,4.287,4.287,90.0,90.0,90.0,15.759,,metal
Hg,Cd,cubic,4.122,4.122,4.122,90.0,90.0,90.0,14.009,,metal
Hg,Ce,cubic,4.5,4.5,4.5,90.0,90.0,90.0,18.223,-0.002,metal
Hg,Co,rhombohedral,5.275,5.275,5.275,60.9,60.9,60.9,10.585,0.231,metal
Hg,Cr,orthorhombic,5.426,5.478,7.543,90.0,90.0,90.0,11.21,0.4,metal
Hg,Cs,cubic,4.437,4.437,4.437,90.0,90.0,90.0,17.469,,metal
Hg,Cu,orthorhombic,5.315,5.424,7.538,90.0,90.0,90.0,10.865,,metal
Hg,Dy,cubic,4.332,4.332,4.332,90.0,90.0,90.0,16.261,0.233,metal
Hg,Er,cubic,4.294,4.294,4.294,90.0,90.0,90.0,15.83,0.228,metal
Hg,Eu,orthorhombic,6.05,6.236,7.991,90.0,90.0,90.0,15.073,-0.032,metal
Hg,Fe,orthorhombic,5.37,5.438,7.639,90.0,90.0,90.0,11.152999999999999,0.8,metal
Hg,Ga,orthorhombic,5.297,5.496,7.824,90.0,90.0,90.0,11.389000000000001,,metal
Hg,Gd,cubic,4.373,4.373,4.373,90.0,90.0,90.0,16.725,0.247,metal
Hg,Ge,rhombohedral,5.376,5.376,5.376,59.7,59.7,59.7,10.905999999999999,,insulator
Hg,Hf,rhombohedral,5.758,5.758,5.758,58.3,58.3,58.3,12.975,0.0,insulator
Hg,Hg,cubic,4.157,4.157,4.157,90.0,90.0,90.0,14.368,,metal
Hg,Ho,cubic,4.311,4.311,4.311,90.0,90.0,90.0,16.029,0.23,metal
Hg,In,cubic,4.14,4.14,4.14,90.0,90.0,90.0,14.187000000000001,,metal
Hg,Ir,rhombohedral,5.434,5.434,5.434,61.7,61.7,61.7,11.774000000000001,0.092,metal
Hg,K,cubic,4.303,4.303,4.303,90.0,90.0,90.0,15.936,,metal
Hg,La,cubic,4.459,4.459,4.459,90.0,90.0,90.0,17.727,0.0,metal
Hg,Li,cubic,3.713,3.713,3.713,90.0,90.0,90.0,10.235,,metal
Hg,Lu,cubic,4.236,4.236,4.236,90.0,90.0,90.0,15.202,-0.002,metal
Hg,Mg,cubic,3.9,3.9,3.9,90.0,90.0,90.0,11.868,,metal
Hg,Mn,orthorhombic,5.379,5.43,7.599,90.0,90.0,90.0,11.099,0.6,metal
Hg,Mo,cubic,3.961,3.961,3.961,90.0,90.0,90.0,12.425999999999998,0.0,metal
Hg,Na,cubic,4.049,4.049,4.049,90.0,90.0,90.0,13.277000000000001,,metal
Hg,Nb,tetragonal,3.985,3.985,4.152,90.0,90.0,90.0,13.185,0.0,metal
Hg,Nd,cubic,4.475,4.475,4.475,90.0,90.0,90.0,17.928,0.005,metal
Hg,Ni,orthorhombic,5.384,5.488,7.449,90.0,90.0,90.0,11.005,0.41,metal
Hg,Np,orthorhombic,5.87,5.956,8.616,90.0,90.0,90.0,15.062000000000001,0.6,insulator
Hg,Os,rhombohedral,5.41,5.41,5.41,62.0,62.0,62.0,11.702,0.002,metal
Hg,Pa,rhombohedral,6.126,6.126,6.126,59.9,59.9,59.9,16.217,0.0,metal
Hg,Pb,orthorhombic,5.774,5.816,8.351,90.0,90.0,90.0,14.023,,metal
Hg,Pd,orthorhombic,5.486,5.599,7.84,90.0,90.0,90.0,12.04,,metal
Hg,Pm,cubic,4.432,4.432,4.432,90.0,90.0,90.0,17.414,-0.024,metal
Hg,Pr,cubic,4.503,4.503,4.503,90.0,90.0,90.0,18.259,0.013,metal
Hg,Pt,orthorhombic,5.528,5.6,7.847,90.0,90.0,90.0,12.145,0.001,insulator
Hg,Pu,rhombohedral,6.063,6.063,6.063,58.4,58.4,58.4,15.168,0.8,insulator
Hg,Rb,cubic,4.322,4.322,4.322,90.0,90.0,90.0,16.149,,metal
Hg,Re,cubic,3.937,3.937,3.937,90.0,90.0,90.0,12.206,0.001,metal
Hg,Rh,rhombohedral,5.43,5.43,5.43,61.4,61.4,61.4,11.671,0.2,metal
Hg,Ru,rhombohedral,5.424,5.424,5.424,61.3,61.3,61.3,11.602,0.222,metal
Hg,Sb,orthorhombic,5.694,5.771,8.207,90.0,90.0,90.0,13.485,,metal
Hg,Sc,orthorhombic,5.518,5.705,8.001,90.0,90.0,90.0,12.593,0.2,metal
Hg,Si,tetragonal,3.376,3.376,4.762,90.0,90.0,90.0,10.855,,metal
Hg,Sm,cubic,4.416,4.416,4.416,90.0,90.0,90.0,17.223,0.251,metal
Hg,Sn,rhombohedral,5.7,5.7,5.7,59.2,59.2,59.2,12.864,,insulator
Hg,Sr,cubic,4.46,4.46,4.46,90.0,90.0,90.0,17.745,,metal
Hg,Ta,cubic,4.019,4.019,4.019,90.0,90.0,90.0,12.982000000000001,0.0,metal
Hg,Tb,cubic,4.351,4.351,4.351,90.0,90.0,90.0,16.47,0.237,metal
Hg,Tc,orthorhombic,5.527,5.542,7.769,90.0,90.0,90.0,11.898,0.09,metal
Hg,Te,orthorhombic,5.765,5.857,8.315,90.0,90.0,90.0,14.038,,metal
Hg,Th,cubic,4.536,4.536,4.536,90.0,90.0,90.0,18.664,-0.116,metal
Hg,Ti,rhombohedral,5.508,5.508,5.508,58.9,58.9,58.9,11.512,0.0,insulator
Hg,Tl,cubic,4.207,4.207,4.207,90.0,90.0,90.0,14.89,,metal
Hg,Tm,cubic,4.27,4.27,4.27,90.0,90.0,90.0,15.572000000000001,0.227,metal
Hg,U,tetragonal,4.323,4.323,4.341,90.0,90.0,90.0,16.227,0.162,metal
Hg,V,orthorhombic,5.372,5.384,7.796,90.0,90.0,90.0,11.274000000000001,0.201,insulator
Hg,W,cubic,3.966,3.966,3.966,90.0,90.0,90.0,12.472000000000001,0.0,metal
Hg,Y,cubic,4.357,4.357,4.357,90.0,90.0,90.0,16.545,0.236,metal
Hg,Yb,cubic,4.168,4.168,4.168,90.0,90.0,90.0,14.477,,metal
Hg,Zn,cubic,3.881,3.881,3.881,90.0,90.0,90.0,11.689,,metal
Hg,Zr,rhombohedral,5.821,5.821,5.821,58.2,58.2,58.2,13.384,0.0,insulator
Ho,Ac,orthorhombic,6.113,6.255,8.953,90.0,90.0,90.0,17.119,0.0,insulator
Ho,Ag,cubic,4.012,4.012,4.012,90.0,90.0,90.0,12.913,0.0,metal
Ho,Al,orthorhombic,5.149,5.345,7.36,90.0,90.0,90.0,10.127,0.0,insulator
Ho,As,cubic,3.985,3.985,3.985,90.0,90.0,90.0,12.658,0.0,metal
Ho,Au,cubic,4.088,4.088,4.088,90.0,90.0,90.0,13.665,0.0,metal
Ho,B,cubic,3.443,3.443,3.443,90.0,90.0,90.0,8.163,0.0,insulator
Ho,Ba,orthorhombic,6.493,6.782,8.309,90.0,90.0,90.0,18.294,0.2,insulator
Ho,Be,tetragonal,3.294,3.294,4.362,90.0,90.0,90.0,9.466000000000001,0.038,metal
Ho,Ca,cubic,4.115,4.115,4.115,90.0,90.0,90.0,13.936,0.2,metal
Ho,Cd,cubic,4.083,4.083,4.083,90.0,90.0,90.0,13.618,0.0,metal
Ho,Ce,cubic,4.532,4.532,4.532,90.0,90.0,90.0,18.614,0.0,metal
Ho,Co,orthorhombic,5.157,5.558,7.44,90.0,90.0,90.0,10.662,0.0,insulator
Ho,Cr,orthorhombic,5.247,5.561,7.561,90.0,90.0,90.0,11.030999999999999,0.6,insulator
Ho,Cu,orthorhombic,5.195,5.84,7.163,90.0,90.0,90.0,10.867,0.0,metal
Ho,Dy,cubic,4.257,4.257,4.257,90.0,90.0,90.0,15.432,0.0,insulator
Ho,Er,cubic,4.208,4.208,4.208,90.0,90.0,90.0,14.905999999999999,0.0,insulator
Ho,Eu,orthorhombic,5.675,5.788,9.252,90.0,90.0,90.0,15.195,0.2,metal
Ho,Fe,orthorhombic,5.264,5.587,7.597,90.0,90.0,90.0,11.17,1.0,insulator
Ho,Ga,orthorhombic,5.239,5.542,7.536,90.0,90.0,90.0,10.94,0.0,insulator
Ho,Gd,cubic,4.312,4.312,4.312,90.0,90.0,90.0,16.034000000000002,0.0,insulator
Ho,Ge,cubic,3.86,3.86,3.86,90.0,90.0,90.0,11.5,0.0,metal
Ho,Hf,cubic,4.068,4.068,4.068,90.0,90.0,90.0,13.460999999999999,0.0,metal
Ho,Hg,cubic,4.181,4.181,4.181,90.0,90.0,90.0,14.617,0.0,metal
Ho,Ho,cubic,4.233,4.233,4.233,90.0,90.0,90.0,15.17,0.0,insulator
Ho,In,cubic,4.089,4.089,4.089,90.0,90.0,90.0,13.674000000000001,0.0,insulator
Ho,Ir,cubic,3.944,3.944,3.944,90.0,90.0,90.0,12.273,0.001,metal
Ho,K,orthorhombic,5.904,5.929,10.216,90.0,90.0,90.0,17.879,0.4,metal
Ho,La,cubic,4.508,4.508,4.508,90.0,90.0,90.0,18.324,0.0,metal
Ho,Li,cubic,3.622,3.622,3.622,90.0,90.0,90.0,9.5,0.399,metal
Ho,Lu,cubic,4.146,4.146,4.146,90.0,90.0,90.0,14.255,0.0,insulator
Ho,Mg,cubic,3.797,3.797,3.797,90.0,90.0,90.0,10.946,0.2,metal
Ho,Mn,orthorhombic,5.257,5.71,7.464,90.0,90.0,90.0,11.203,0.8,insulator
Ho,Mo,cubic,3.949,3.949,3.949,90.0,90.0,90.0,12.312000000000001,0.005,metal
Ho,Na,cubic,3.91,3.91,3.91,90.0,90.0,90.0,11.957,0.399,metal
Ho,Nb,cubic,4.021,4.021,4.021,90.0,90.0,90.0,13.003,0.0,metal
Ho,Nd,cubic,4.448,4.448,4.448,90.0,90.0,90.0,17.601,0.0,insulator
Ho,Ni,orthorhombic,5.143,5.517,7.365,90.0,90.0,90.0,10.449000000000002,0.2,metal
Ho,Np,cubic,4.401,4.401,4.401,90.0,90.0,90.0,17.052,0.769,metal
Ho,Os,cubic,3.931,3.931,3.931,90.0,90.0,90.0,12.152000000000001,0.005,metal
Ho,Pa,cubic,4.461,4.461,4.461,90.0,90.0,90.0,17.757,0.274,metal
Ho,Pb,cubic,4.274,4.274,4.274,90.0,90.0,90.0,15.614,0.0,metal
Ho,Pd,cubic,3.946,3.946,3.946,90.0,90.0,90.0,12.286,0.0,metal
Ho,Pm,cubic,4.406,4.406,4.406,90.0,90.0,90.0,17.102999999999998,0.0,insulator
Ho,Pr,cubic,4.485,4.485,4.485,90.0,90.0,90.0,18.049,0.0,metal
Ho,Pt,cubic,4.006,4.006,4.006,90.0,90.0,90.0,12.860999999999999,0.0,metal
Ho,Pu,cubic,4.361,4.361,4.361,90.0,90.0,90.0,16.588,0.908,metal
Ho,Rb,orthorhombic,6.129,6.181,9.477,90.0,90.0,90.0,17.95,0.0,insulator
Ho,Re,cubic,3.941,3.941,3.941,90.0,90.0,90.0,12.242,0.163,metal
Ho,Rh,cubic,3.908,3.908,3.908,90.0,90.0,90.0,11.935,0.0,metal
Ho,Ru,cubic,3.907,3.907,3.907,90.0,90.0,90.0,11.932,0.13,metal
Ho,Sb,cubic,4.201,4.201,4.201,90.0,90.0,90.0,14.823,0.0,metal
Ho,Sc,cubic,3.98,3.98,3.98,90.0,90.0,90.0,12.606,0.0,insulator
Ho,Si,cubic,3.672,3.672,3.672,90.0,90.0,90.0,9.905,0.001,metal
Ho,Sm,cubic,4.379,4.379,4.379,90.0,90.0,90.0,16.798,0.0,insulator
Ho,Sn,cubic,4.095,4.095,4.095,90.0,90.0,90.0,13.735,0.0,metal
Ho,Sr,orthorhombic,5.764,5.805,9.845,90.0,90.0,90.0,16.469,0.2,metal
Ho,Ta,cubic,4.001,4.001,4.001,90.0,90.0,90.0,12.806,0.001,metal
Ho,Tb,cubic,4.284,4.284,4.284,90.0,90.0,90.0,15.722000000000001,0.0,insulator
Ho,Tc,cubic,3.927,3.927,3.927,90.0,90.0,90.0,12.11,0.314,metal
Ho,Te,cubic,4.23,4.23,4.23,90.0,90.0,90.0,15.135,0.003,metal
Ho,Th,cubic,4.552,4.552,4.552,90.0,90.0,90.0,18.864,0.008,metal
Ho,Ti,orthorhombic,5.28,5.658,7.611,90.0,90.0,90.0,11.369000000000002,0.2,metal
Ho,Tl,orthorhombic,5.534,5.895,8.549,90.0,90.0,90.0,13.943,0.0,insulator
Ho,Tm,cubic,4.186,4.186,4.186,90.0,90.0,90.0,14.671,0.0,insulator
Ho,U,cubic,4.383,4.383,4.383,90.0,90.0,90.0,16.840999999999998,0.531,metal
Ho,V,orthorhombic,5.278,5.64,7.6,90.0,90.0,90.0,11.312999999999999,0.4,insulator
Ho,W,cubic,3.956,3.956,3.956,90.0,90.0,90.0,12.386,0.001,metal
Ho,Y,cubic,4.256,4.256,4.256,90.0,90.0,90.0,15.423,0.0,insulator
Ho,Yb,cubic,4.091,4.091,4.091,90.0,90.0,90.0,13.693,0.168,metal
Ho,Zn,orthorhombic,5.227,5.746,7.443,90.0,90.0,90.0,11.177999999999999,0.0,metal
Ho,Zr,cubic,4.12,4.12,4.12,90.0,90.0,90.0,13.982000000000001,0.0,metal
In,Ac,orthorhombic,6.073,6.095,9.005,90.0,90.0,90.0,16.666,0.0,insulator
In,Ag,cubic,4.028,4.028,4.028,90.0,90.0,90.0,13.075,,metal
In,Al,orthorhombic,5.081,5.259,7.411,90.0,90.0,90.0,9.902000000000001,,insulator
In,As,cubic,3.895,3.895,3.895,90.0,90.0,90.0,11.82,,metal
In,Au,cubic,4.076,4.076,4.076,90.0,90.0,90.0,13.543,,metal
In,B,cubic,3.43,3.43,3.43,90.0,90.0,90.0,8.071,,metal
In,Ba,orthorhombic,5.838,6.55,9.524,90.0,90.0,90.0,18.208,,metal
In,Be,cubic,3.519,3.519,3.519,90.0,90.0,90.0,8.713,,metal
In,Bi,cubic,4.272,4.272,4.272,90.0,90.0,90.0,15.595999999999998,,metal
In,Ca,cubic,4.251,4.251,4.251,90.0,90.0,90.0,15.369000000000002,,metal
In,Cd,cubic,4.106,4.106,4.106,90.0,90.0,90.0,13.847000000000001,,metal
In,Ce,cubic,4.528,4.528,4.528,90.0,90.0,90.0,18.567,-0.013,metal
In,Co,cubic,3.721,3.721,3.721,90.0,90.0,90.0,10.302999999999999,0.004,metal
In,Cr,cubic,3.821,3.821,3.821,90.0,90.0,90.0,11.16,0.543,metal
In,Cu,cubic,3.732,3.732,3.732,90.0,90.0,90.0,10.4,,metal
In,Dy,cubic,4.304,4.304,4.304,90.0,90.0,90.0,15.95,-0.135,metal
In,Er,cubic,4.263,4.263,4.263,90.0,90.0,90.0,15.493,-0.116,metal
In,Eu,orthorhombic,5.686,6.046,8.723,90.0,90.0,90.0,14.997,0.2,insulator
In,Ga,cubic,3.901,3.901,3.901,90.0,90.0,90.0,11.877,,metal
In,Gd,cubic,4.353,4.353,4.353,90.0,90.0,90.0,16.491,-0.167,metal
In,Ge,orthorhombic,5.32,5.507,7.963,90.0,90.0,90.0,11.665999999999999,,metal
In,Hf,orthorhombic,5.61,5.748,8.016,90.0,90.0,90.0,12.923,0.0,metal
In,Hg,cubic,4.168,4.168,4.168,90.0,90.0,90.0,14.485999999999999,,metal
In,Ho,cubic,4.282,4.282,4.282,90.0,90.0,90.0,15.704,-0.125,metal
In,In,orthorhombic,5.467,5.603,8.203,90.0,90.0,90.0,12.562999999999999,,insulator
In,Ir,cubic,3.956,3.956,3.956,90.0,90.0,90.0,12.384,0.055,metal
In,K,orthorhombic,6.123,6.194,8.118,90.0,90.0,90.0,15.395,,metal
In,La,cubic,4.484,4.484,4.484,90.0,90.0,90.0,18.034000000000002,-0.009,metal
In,Li,cubic,3.617,3.617,3.617,90.0,90.0,90.0,9.468,,metal
In,Lu,cubic,4.2,4.2,4.2,90.0,90.0,90.0,14.818,-0.088,metal
In,Mg,cubic,3.823,3.823,3.823,90.0,90.0,90.0,11.177999999999999,,metal
In,Mn,rhombohedral,5.391,5.391,5.391,60.1,60.1,60.1,11.094000000000001,0.8,metal
In,Mo,cubic,3.995,3.995,3.995,90.0,90.0,90.0,12.755,0.0,metal
In,Na,cubic,3.962,3.962,3.962,90.0,90.0,90.0,12.437000000000001,,metal
In,Nd,cubic,4.499,4.499,4.499,90.0,90.0,90.0,18.209,-0.327,metal
In,Ni,cubic,3.695,3.695,3.695,90.0,90.0,90.0,10.086,0.181,metal
In,Np,cubic,4.338,4.338,4.338,90.0,90.0,90.0,16.332,0.4,metal
In,Os,rhombohedral,5.139,5.139,5.139,67.8,67.8,67.8,11.187000000000001,0.199,metal
In,Pb,cubic,4.23,4.23,4.23,90.0,90.0,90.0,15.140999999999998,,metal
In,Pd,cubic,3.955,3.955,3.955,90.0,90.0,90.0,12.368,,metal
In,Pm,cubic,4.452,4.452,4.452,90.0,90.0,90.0,17.652,-0.265,metal
In,Pr,cubic,4.538,4.538,4.538,90.0,90.0,90.0,18.688,0.004,metal
In,Pt,cubic,3.994,3.994,3.994,90.0,90.0,90.0,12.743,0.001,metal
In,Pu,cubic,4.358,4.358,4.358,90.0,90.0,90.0,16.548,0.649,metal
In,Rb,orthorhombic,5.917,5.969,9.777,90.0,90.0,90.0,17.265,,metal
In,Re,cubic,3.961,3.961,3.961,90.0,90.0,90.0,12.433,0.0,metal
In,Rh,cubic,3.945,3.945,3.945,90.0,90.0,90.0,12.277000000000001,0.1,metal
In,Ru,orthorhombic,5.337,5.443,7.699,90.0,90.0,90.0,11.183,0.2,metal
In,Sb,tetragonal,4.071,4.071,4.1,90.0,90.0,90.0,13.585999999999999,,metal
In,Sc,orthorhombic,5.355,5.553,7.96,90.0,90.0,90.0,11.834000000000001,0.0,insulator
In,Si,cubic,3.635,3.635,3.635,90.0,90.0,90.0,9.607000000000001,,metal
In,Sm,cubic,4.421,4.421,4.421,90.0,90.0,90.0,17.28,-0.223,metal
In,Sn,orthorhombic,5.602,5.698,8.322,90.0,90.0,90.0,13.284,,metal
In,Sr,orthorhombic,5.804,6.218,8.925,90.0,90.0,90.0,16.104,,metal
In,Tb,cubic,4.327,4.327,4.327,90.0,90.0,90.0,16.208,-0.148,metal
In,Te,cubic,4.16,4.16,4.16,90.0,90.0,90.0,14.402999999999999,,metal
In,Th,cubic,4.55,4.55,4.55,90.0,90.0,90.0,18.845,-0.149,metal
In,Ti,orthorhombic,5.347,5.565,7.859,90.0,90.0,90.0,11.690999999999999,0.155,metal
In,Tl,orthorhombic,5.574,5.696,8.582,90.0,90.0,90.0,13.624,,metal
In,Tm,cubic,4.239,4.239,4.239,90.0,90.0,90.0,15.23,-0.106,metal
In,V,rhombohedral,5.418,5.418,5.418,59.9,59.9,59.9,11.215,0.4,insulator
In,W,cubic,3.998,3.998,3.998,90.0,90.0,90.0,12.785,0.0,metal
In,Y,cubic,4.325,4.325,4.325,90.0,90.0,90.0,16.177,-0.136,metal
In,Yb,cubic,4.126,4.126,4.126,90.0,90.0,90.0,14.044,,metal
In,Zn,cubic,3.816,3.816,3.816,90.0,90.0,90.0,11.110999999999999,,metal
In,Zr,rhombohedral,5.698,5.698,5.698,60.9,60.9,60.9,13.359000000000002,0.0,metal
Ir,Ac,rhombohedral,5.783,5.783,5.783,67.2,67.2,67.2,15.782,0.0,insulator
Ir,Ag,cubic,3.99,3.99,3.99,90.0,90.0,90.0,12.707,0.749,metal
Ir,Al,cubic,3.635,3.635,3.635,90.0,90.0,90.0,9.602,0.011,metal
Ir,As,cubic,3.825,3.825,3.825,90.0,90.0,90.0,11.189,0.561,metal
Ir,Au,cubic,4.037,4.037,4.037,90.0,90.0,90.0,13.157,0.696,metal
Ir,B,cubic,3.392,3.392,3.392,90.0,90.0,90.0,7.806,-0.002,metal
Ir,Ba,rhombohedral,6.147,6.147,6.147,64.6,64.6,64.6,18.094,0.2,metal
Ir,Be,cubic,3.431,3.431,3.431,90.0,90.0,90.0,8.079,0.004,metal
Ir,Bi,cubic,4.204,4.204,4.204,90.0,90.0,90.0,14.855,0.53,metal
Ir,Ca,rhombohedral,5.781,5.781,5.781,60.8,60.8,60.8,13.92,0.197,metal
Ir,Cd,cubic,4.085,4.085,4.085,90.0,90.0,90.0,13.633,0.784,metal
Ir,Ce,cubic,4.511,4.511,4.511,90.0,90.0,90.0,18.352999999999998,0.819,metal
Ir,Co,cubic,3.658,3.658,3.658,90.0,90.0,90.0,9.79,0.228,metal
Ir,Cr,cubic,3.79,3.79,3.79,90.0,90.0,90.0,10.89,0.527,metal
Ir,Cu,cubic,3.686,3.686,3.686,90.0,90.0,90.0,10.019,0.111,metal
Ir,Dy,cubic,4.28,4.28,4.28,90.0,90.0,90.0,15.677999999999999,0.805,metal
Ir,Er,cubic,4.239,4.239,4.239,90.0,90.0,90.0,15.235999999999999,0.806,metal
Ir,Eu,rhombohedral,6.062,6.062,6.062,58.3,58.3,58.3,15.125,0.2,metal
Ir,Fe,cubic,3.795,3.795,3.795,90.0,90.0,90.0,10.929,1.576,metal
Ir,Ga,cubic,3.763,3.763,3.763,90.0,90.0,90.0,10.655,0.415,metal
Ir,Gd,cubic,4.324,4.324,4.324,90.0,90.0,90.0,16.172,0.819,metal
Ir,Ge,cubic,3.75,3.75,3.75,90.0,90.0,90.0,10.544,0.608,metal
Ir,Hf,cubic,4.055,4.055,4.055,90.0,90.0,90.0,13.331,0.607,metal
Ir,Hg,cubic,4.14,4.14,4.14,90.0,90.0,90.0,14.187999999999999,0.703,metal
Ir,Ho,cubic,4.259,4.259,4.259,90.0,90.0,90.0,15.449000000000002,0.804,metal
Ir,In,cubic,4.1,4.1,4.1,90.0,90.0,90.0,13.785,0.802,metal
Ir,Ir,cubic,3.898,3.898,3.898,90.0,90.0,90.0,11.847999999999999,0.565,metal
Ir,K,rhombohedral,6.326,6.326,6.326,60.4,60.4,60.4,18.059,0.4,insulator
Ir,La,cubic,4.464,4.464,4.464,90.0,90.0,90.0,17.797,0.811,metal
Ir,Li,orthorhombic,5.139,5.408,6.627,90.0,90.0,90.0,9.209,-0.001,metal
Ir,Lu,cubic,4.177,4.177,4.177,90.0,90.0,90.0,14.575999999999999,0.802,metal
Ir,Mg,cubic,3.724,3.724,3.724,90.0,90.0,90.0,10.333,0.005,metal
Ir,Mn,cubic,3.784,3.784,3.784,90.0,90.0,90.0,10.835,1.378,metal
Ir,Mo,cubic,3.909,3.909,3.909,90.0,90.0,90.0,11.944,0.431,metal
Ir,Na,rhombohedral,5.91,5.91,5.91,59.4,59.4,59.4,14.392000000000001,0.4,insulator
Ir,Nb,cubic,3.989,3.989,3.989,90.0,90.0,90.0,12.698,0.428,metal
Ir,Nd,cubic,4.435,4.435,4.435,90.0,90.0,90.0,17.452,0.815,metal
Ir,Ni,cubic,3.674,3.674,3.674,90.0,90.0,90.0,9.919,0.261,metal
Ir,Np,cubic,4.304,4.304,4.304,90.0,90.0,90.0,15.947000000000001,0.88,metal
Ir,Os,cubic,3.876,3.876,3.876,90.0,90.0,90.0,11.645999999999999,0.356,metal
Ir,Pa,cubic,4.345,4.345,4.345,90.0,90.0,90.0,16.404,0.452,metal
Ir,Pb,rhombohedral,5.802,5.802,5.802,65.7,65.7,65.7,15.527999999999999,0.187,metal
Ir,Pd,cubic,3.926,3.926,3.926,90.0,90.0,90.0,12.100999999999999,0.768,metal
Ir,Pm,cubic,4.401,4.401,4.401,90.0,90.0,90.0,17.05,0.811,metal
Ir,Pr,cubic,4.469,4.469,4.469,90.0,90.0,90.0,17.851,0.815,metal
Ir,Pt,cubic,3.956,3.956,3.956,90.0,90.0,90.0,12.382,0.728,metal
Ir,Pu,cubic,4.29,4.29,4.29,90.0,90.0,90.0,15.793,1.278,metal
Ir,Rb,rhombohedral,6.345,6.345,6.345,63.5,63.5,63.5,19.477,0.4,insulator
Ir,Re,cubic,3.885,3.885,3.885,90.0,90.0,90.0,11.731,0.398,metal
Ir,Rh,cubic,3.884,3.884,3.884,90.0,90.0,90.0,11.722000000000001,0.743,metal
Ir,Ru,cubic,3.865,3.865,3.865,90.0,90.0,90.0,11.548,0.32,metal
Ir,Sb,cubic,3.996,3.996,3.996,90.0,90.0,90.0,12.761,0.484,metal
Ir,Sc,cubic,4.006,4.006,4.006,90.0,90.0,90.0,12.862,0.8,metal
Ir,Si,cubic,3.594,3.594,3.594,90.0,90.0,90.0,9.282,0.599,metal
Ir,Sm,cubic,4.38,4.38,4.38,90.0,90.0,90.0,16.809,0.809,metal
Ir,Sn,cubic,4.013,4.013,4.013,90.0,90.0,90.0,12.922,0.607,metal
Ir,Sr,rhombohedral,5.956,5.956,5.956,63.0,63.0,63.0,15.922,0.2,metal
Ir,Ta,cubic,3.966,3.966,3.966,90.0,90.0,90.0,12.475999999999999,0.424,metal
Ir,Tb,cubic,4.301,4.301,4.301,90.0,90.0,90.0,15.915,0.807,metal
Ir,Tc,cubic,3.874,3.874,3.874,90.0,90.0,90.0,11.630999999999998,0.39,metal
Ir,Te,cubic,4.091,4.091,4.091,90.0,90.0,90.0,13.695,0.499,metal
Ir,Th,cubic,4.522,4.522,4.522,90.0,90.0,90.0,18.489,0.624,metal
Ir,Ti,cubic,3.85,3.85,3.85,90.0,90.0,90.0,11.409,0.603,metal
Ir,Tl,rhombohedral,5.943,5.943,5.943,70.1,70.1,70.1,17.947,0.4,insulator
Ir,Tm,cubic,4.215,4.215,4.215,90.0,90.0,90.0,14.978,0.802,metal
Ir,U,cubic,4.298,4.298,4.298,90.0,90.0,90.0,15.876,0.701,metal
Ir,V,cubic,3.782,3.782,3.782,90.0,90.0,90.0,10.822000000000001,0.643,metal
Ir,W,cubic,3.909,3.909,3.909,90.0,90.0,90.0,11.95,0.391,metal
Ir,Y,cubic,4.292,4.292,4.292,90.0,90.0,90.0,15.817,0.804,metal
Ir,Yb,rhombohedral,5.616,5.616,5.616,62.7,62.7,62.7,13.293,0.068,metal
Ir,Zn,cubic,3.813,3.813,3.813,90.0,90.0,90.0,11.084000000000001,0.873,metal
Ir,Zr,cubic,4.111,4.111,4.111,90.0,90.0,90.0,13.892000000000001,0.608,metal
K,Ac,rhombohedral,6.385,6.385,6.385,60.2,60.2,60.2,18.497,0.0,metal
K,Ag,orthorhombic,5.644,5.735,8.354,90.0,90.0,90.0,13.52,,metal
K,Al,cubic,3.812,3.812,3.812,90.0,90.0,90.0,11.075,,metal
K,As,rhombohedral,5.377,5.377,5.377,60.1,60.1,60.1,11.008,,metal
K,Au,orthorhombic,5.637,5.703,8.226,90.0,90.0,90.0,13.222999999999999,,metal
K,B,cubic,3.534,3.534,3.534,90.0,90.0,90.0,8.826,,metal
K,Ba,cubic,4.62,4.62,4.62,90.0,90.0,90.0,19.726,,metal
K,Be,cubic,3.674,3.674,3.674,90.0,90.0,90.0,9.916,,metal
K,Bi,orthorhombic,5.912,5.97,8.412,90.0,90.0,90.0,14.845,,insulator
K,Ca,cubic,4.416,4.416,4.416,90.0,90.0,90.0,17.229,,metal
K,Cd,cubic,4.219,4.219,4.219,90.0,90.0,90.0,15.02,,metal
K,Ce,orthorhombic,6.439,6.464,9.048,90.0,90.0,90.0,18.832,0.399,metal
K,Co,tetragonal,3.685,3.685,4.531,90.0,90.0,90.0,12.307,0.885,metal
K,Cr,tetragonal,3.614,3.614,5.013,90.0,90.0,90.0,13.099,0.237,metal
K,Cs,cubic,4.425,4.425,4.425,90.0,90.0,90.0,17.325,,metal
K,Cu,cubic,3.84,3.84,3.84,90.0,90.0,90.0,11.323,,metal
K,Dy,cubic,4.416,4.416,4.416,90.0,90.0,90.0,17.226,0.4,metal
K,Er,cubic,4.381,4.381,4.381,90.0,90.0,90.0,16.819000000000003,0.4,metal
K,Eu,cubic,4.52,4.52,4.52,90.0,90.0,90.0,18.467,0.6,metal
K,Fe,tetragonal,3.677,3.677,4.554,90.0,90.0,90.0,12.312000000000001,0.691,metal
K,Ga,cubic,3.946,3.946,3.946,90.0,90.0,90.0,12.286,,metal
K,Gd,cubic,4.455,4.455,4.455,90.0,90.0,90.0,17.680999999999997,0.4,metal
K,Ge,rhombohedral,5.416,5.416,5.416,60.1,60.1,60.1,11.248,,metal
K,Hf,orthorhombic,5.856,5.869,8.292,90.0,90.0,90.0,14.248,0.2,metal
K,Hg,cubic,4.241,4.241,4.241,90.0,90.0,90.0,15.258,,metal
K,Ho,orthorhombic,6.193,6.232,8.782,90.0,90.0,90.0,16.945,0.4,metal
K,In,cubic,4.219,4.219,4.219,90.0,90.0,90.0,15.017999999999999,,metal
K,Ir,orthorhombic,5.521,5.575,7.842,90.0,90.0,90.0,12.069,0.155,metal
K,K,orthorhombic,6.61,7.369,7.873,90.0,90.0,90.0,19.173,,metal
K,La,orthorhombic,6.372,6.394,9.005,90.0,90.0,90.0,18.346,0.4,metal
K,Li,cubic,3.848,3.848,3.848,90.0,90.0,90.0,11.399000000000001,,metal
K,Lu,rhombohedral,6.084,6.084,6.084,60.5,60.5,60.5,16.121,0.4,metal
K,Mg,cubic,4.003,4.003,4.003,90.0,90.0,90.0,12.83,,metal
K,Mn,tetragonal,3.653,3.653,4.747,90.0,90.0,90.0,12.669,0.4,metal
K,Mo,rhombohedral,5.572,5.572,5.572,60.0,60.0,60.0,12.235,0.0,metal
K,Na,cubic,4.236,4.236,4.236,90.0,90.0,90.0,15.205,,metal
K,Nb,tetragonal,4.003,4.003,4.161,90.0,90.0,90.0,13.332,0.0,insulator
K,Nd,orthorhombic,6.373,6.385,8.987,90.0,90.0,90.0,18.285,0.4,metal
K,Ni,cubic,3.9,3.9,3.9,90.0,90.0,90.0,11.866,0.704,metal
K,Np,orthorhombic,6.072,6.101,8.627,90.0,90.0,90.0,15.98,0.4,insulator
K,Os,cubic,3.903,3.903,3.903,90.0,90.0,90.0,11.89,-0.001,metal
K,Pa,cubic,4.395,4.395,4.395,90.0,90.0,90.0,16.977999999999998,0.0,insulator
K,Pb,orthorhombic,6.132,6.135,8.705,90.0,90.0,90.0,16.374000000000002,,metal
K,Pd,tetragonal,3.878,3.878,4.407,90.0,90.0,90.0,13.255999999999998,,metal
K,Pm,rhombohedral,6.286,6.286,6.286,61.3,61.3,61.3,18.067,0.4,metal
K,Pr,orthorhombic,6.409,6.431,9.009,90.0,90.0,90.0,18.564,0.4,metal
K,Pt,orthorhombic,5.575,5.639,7.963,90.0,90.0,90.0,12.517000000000001,0.2,metal
K,Pu,orthorhombic,6.06,6.101,8.624,90.0,90.0,90.0,15.942,0.6,insulator
K,Rb,orthorhombic,6.635,7.351,7.581,90.0,90.0,90.0,18.489,,insulator
K,Re,cubic,3.914,3.914,3.914,90.0,90.0,90.0,11.989,0.0,metal
K,Rh,tetragonal,3.925,3.925,4.035,90.0,90.0,90.0,12.434000000000001,0.424,metal
K,Ru,orthorhombic,5.516,5.517,7.803,90.0,90.0,90.0,11.870999999999999,0.0,metal
K,Sb,orthorhombic,5.641,5.649,7.992,90.0,90.0,90.0,12.735,,insulator
K,Sc,cubic,4.163,4.163,4.163,90.0,90.0,90.0,14.429,0.4,metal
K,Si,tetragonal,3.323,3.323,5.542,90.0,90.0,90.0,12.242,,metal
K,Sm,orthorhombic,6.324,6.347,8.919,90.0,90.0,90.0,17.899,0.4,metal
K,Sn,rhombohedral,5.815,5.815,5.815,60.0,60.0,60.0,13.904000000000002,,metal
K,Sr,cubic,4.597,4.597,4.597,90.0,90.0,90.0,19.43,,metal
K,Ta,rhombohedral,5.663,5.663,5.663,60.0,60.0,60.0,12.838,0.0,insulator
K,Tb,cubic,4.434,4.434,4.434,90.0,90.0,90.0,17.438,0.4,metal
K,Tc,cubic,3.904,3.904,3.904,90.0,90.0,90.0,11.898,0.0,metal
K,Te,orthorhombic,5.781,5.781,8.176,90.0,90.0,90.0,13.662,,metal
K,Th,orthorhombic,6.331,6.355,8.977,90.0,90.0,90.0,18.058,0.2,metal
K,Ti,tetragonal,3.943,3.943,3.944,90.0,90.0,90.0,12.265,0.201,metal
K,Tl,orthorhombic,6.058,6.068,8.559,90.0,90.0,90.0,15.731,,metal
K,Tm,cubic,4.358,4.358,4.358,90.0,90.0,90.0,16.552,0.4,metal
K,U,orthorhombic,6.12,6.144,8.671,90.0,90.0,90.0,16.302,0.2,insulator
K,V,tetragonal,3.685,3.685,4.618,90.0,90.0,90.0,12.542,0.0,insulator
K,W,orthorhombic,5.572,5.577,7.887,90.0,90.0,90.0,12.255,-0.001,metal
K,Y,orthorhombic,6.167,6.355,8.859,90.0,90.0,90.0,17.362000000000002,0.4,metal
K,Yb,cubic,4.294,4.294,4.294,90.0,90.0,90.0,15.839,,metal
K,Zn,cubic,3.942,3.942,3.942,90.0,90.0,90.0,12.254000000000001,,metal
K,Zr,orthorhombic,5.941,5.955,8.412,90.0,90.0,90.0,14.879000000000001,0.2,metal
La,Ac,cubic,4.687,4.687,4.687,90.0,90.0,90.0,20.589000000000002,-0.002,insulator
La,Ag,orthorhombic,5.635,5.994,8.08,90.0,90.0,90.0,13.645,0.0,metal
La,As,orthorhombic,5.658,5.954,8.122,90.0,90.0,90.0,13.681,0.0,metal
La,Au,cubic,4.14,4.14,4.14,90.0,90.0,90.0,14.19,-0.005,metal
La,B,cubic,3.592,3.592,3.592,90.0,90.0,90.0,9.267000000000001,0.0,insulator
La,Ba,orthorhombic,6.66,6.722,8.977,90.0,90.0,90.0,20.096,0.2,insulator
La,Be,tetragonal,3.669,3.669,3.677,90.0,90.0,90.0,9.902000000000001,0.199,metal
La,Bi,cubic,4.413,4.413,4.413,90.0,90.0,90.0,17.183,0.0,metal
La,Ca,cubic,4.187,4.187,4.187,90.0,90.0,90.0,14.681,0.2,metal
La,Cd,orthorhombic,5.723,6.093,8.229,90.0,90.0,90.0,14.347999999999999,0.0,metal
La,Ce,cubic,4.558,4.558,4.558,90.0,90.0,90.0,18.942,0.0,insulator
La,Co,orthorhombic,5.44,5.454,7.716,90.0,90.0,90.0,11.446,0.403,metal
La,Cr,orthorhombic,5.506,5.586,7.819,90.0,90.0,90.0,12.024000000000001,0.6,insulator
La,Cu,orthorhombic,5.414,5.47,7.686,90.0,90.0,90.0,11.38,0.0,metal
La,Dy,cubic,4.301,4.301,4.301,90.0,90.0,90.0,15.915,0.0,insulator
La,Er,orthorhombic,5.832,6.04,8.409,90.0,90.0,90.0,14.809000000000001,0.0,insulator
La,Eu,cubic,4.294,4.294,4.294,90.0,90.0,90.0,15.833,0.137,metal
La,Fe,orthorhombic,5.52,5.621,7.855,90.0,90.0,90.0,12.186,1.0,insulator
La,Ga,orthorhombic,5.512,5.536,7.815,90.0,90.0,90.0,11.923,0.0,insulator
La,Gd,cubic,4.351,4.351,4.351,90.0,90.0,90.0,16.472,0.0,insulator
La,Ge,rhombohedral,5.623,5.623,5.623,61.1,61.1,61.1,12.882,0.0,metal
La,Hf,orthorhombic,5.709,5.898,8.123,90.0,90.0,90.0,13.675,0.0,metal
La,Hg,orthorhombic,5.73,6.46,8.14,90.0,90.0,90.0,15.065,0.0,metal
La,Ho,orthorhombic,5.849,6.063,8.445,90.0,90.0,90.0,14.972999999999999,0.0,insulator
La,In,orthorhombic,5.721,5.972,8.251,90.0,90.0,90.0,14.094000000000001,0.0,insulator
La,Ir,orthorhombic,5.466,5.894,7.908,90.0,90.0,90.0,12.737,0.0,insulator
La,K,orthorhombic,6.24,6.312,9.727,90.0,90.0,90.0,19.156,0.126,metal
La,La,cubic,4.592,4.592,4.592,90.0,90.0,90.0,19.361,0.0,insulator
La,Li,orthorhombic,5.296,5.689,7.598,90.0,90.0,90.0,11.446,0.4,insulator
La,Lu,rhombohedral,5.841,5.841,5.841,60.8,60.8,60.8,14.353,0.0,insulator
La,Mg,orthorhombic,5.484,5.767,7.834,90.0,90.0,90.0,12.39,0.2,metal
La,Mn,orthorhombic,5.509,5.663,7.814,90.0,90.0,90.0,12.187999999999999,0.8,metal
La,Mo,orthorhombic,5.543,5.903,7.987,90.0,90.0,90.0,13.065,0.388,metal
La,Na,cubic,4.018,4.018,4.018,90.0,90.0,90.0,12.972999999999999,0.4,metal
La,Nb,orthorhombic,5.61,5.963,8.018,90.0,90.0,90.0,13.412,0.039,metal
La,Nd,cubic,4.479,4.479,4.479,90.0,90.0,90.0,17.976,0.0,insulator
La,Ni,orthorhombic,5.402,5.466,7.674,90.0,90.0,90.0,11.329,0.215,metal
La,Os,orthorhombic,5.345,6.023,7.829,90.0,90.0,90.0,12.602,0.093,metal
La,Pa,cubic,4.487,4.487,4.487,90.0,90.0,90.0,18.064,0.328,metal
La,Pb,cubic,4.337,4.337,4.337,90.0,90.0,90.0,16.312,0.0,metal
La,Pd,orthorhombic,5.592,5.914,7.879,90.0,90.0,90.0,13.027000000000001,-0.001,metal
La,Pm,cubic,4.44,4.44,4.44,90.0,90.0,90.0,17.51,0.0,insulator
La,Pr,cubic,4.517,4.517,4.517,90.0,90.0,90.0,18.427,0.0,insulator
La,Pt,orthorhombic,5.638,6.101,7.686,90.0,90.0,90.0,13.219000000000001,0.0,metal
La,Pu,cubic,4.413,4.413,4.413,90.0,90.0,90.0,17.189,0.957,metal
La,Rb,orthorhombic,6.524,6.582,9.063,90.0,90.0,90.0,19.456,0.0,insulator
La,Rh,orthorhombic,5.503,5.806,7.89,90.0,90.0,90.0,12.605,0.0,insulator
La,Ru,orthorhombic,5.453,5.85,7.876,90.0,90.0,90.0,12.562999999999999,0.196,metal
La,Sb,cubic,4.261,4.261,4.261,90.0,90.0,90.0,15.470999999999998,-0.001,metal
La,Sc,orthorhombic,5.653,5.799,8.078,90.0,90.0,90.0,13.241,0.0,insulator
La,Si,cubic,3.817,3.817,3.817,90.0,90.0,90.0,11.122,0.0,metal
La,Sn,cubic,4.169,4.169,4.169,90.0,90.0,90.0,14.488,0.003,metal
La,Sr,cubic,4.406,4.406,4.406,90.0,90.0,90.0,17.102999999999998,0.003,metal
La,Ta,orthorhombic,5.583,5.938,7.99,90.0,90.0,90.0,13.244000000000002,0.011,metal
La,Tb,cubic,4.325,4.325,4.325,90.0,90.0,90.0,16.182000000000002,0.0,insulator
La,Tc,orthorhombic,5.497,5.861,7.918,90.0,90.0,90.0,12.754000000000001,0.392,metal
La,Te,cubic,4.283,4.283,4.283,90.0,90.0,90.0,15.710999999999999,0.001,metal
La,Th,cubic,4.566,4.566,4.566,90.0,90.0,90.0,19.038,0.124,metal
La,Tl,orthorhombic,5.817,6.164,8.46,90.0,90.0,90.0,15.167,0.0,insulator
La,Tm,orthorhombic,5.814,6.017,8.367,90.0,90.0,90.0,14.634,0.0,insulator
La,U,cubic,4.415,4.415,4.415,90.0,90.0,90.0,17.215,0.565,metal
La,V,orthorhombic,5.537,5.689,7.859,90.0,90.0,90.0,12.379000000000001,0.4,insulator
La,W,orthorhombic,5.478,5.95,7.902,90.0,90.0,90.0,12.879000000000001,0.0,metal
La,Y,cubic,4.3,4.3,4.3,90.0,90.0,90.0,15.904000000000002,0.0,insulator
La,Yb,cubic,4.155,4.155,4.155,90.0,90.0,90.0,14.344000000000001,0.0,metal
La,Zn,orthorhombic,5.52,5.612,7.84,90.0,90.0,90.0,12.144,0.0,metal
La,Zr,orthorhombic,5.766,5.989,8.19,90.0,90.0,90.0,14.142000000000001,0.003,metal
Li,Ac,orthorhombic,5.9,6.224,7.559,90.0,90.0,90.0,13.879000000000001,0.0,insulator
Li,Ag,cubic,4.012,4.012,4.012,90.0,90.0,90.0,12.914000000000001,,metal
Li,Al,orthorhombic,5.155,5.406,6.017,90.0,90.0,90.0,8.383,,insulator
Li,As,orthorhombic,4.891,5.003,7.058,90.0,90.0,90.0,8.634,,insulator
Li,Au,cubic,4.02,4.02,4.02,90.0,90.0,90.0,12.989,,metal
Li,B,cubic,3.271,3.271,3.271,90.0,90.0,90.0,7.002000000000001,,metal
Li,Ba,cubic,4.522,4.522,4.522,90.0,90.0,90.0,18.495,,metal
Li,Be,cubic,3.412,3.412,3.412,90.0,90.0,90.0,7.942,,metal
Li,Bi,orthorhombic,5.414,5.501,7.849,90.0,90.0,90.0,11.687999999999999,,insulator
Li,Ca,cubic,4.306,4.306,4.306,90.0,90.0,90.0,15.968,,metal
Li,Cd,cubic,4.115,4.115,4.115,90.0,90.0,90.0,13.932,,metal
Li,Ce,orthorhombic,5.819,6.018,7.376,90.0,90.0,90.0,12.915,0.0,insulator
Li,Co,orthorhombic,4.783,4.965,6.889,90.0,90.0,90.0,8.18,-0.4,metal
Li,Cr,orthorhombic,4.857,5.074,7.049,90.0,90.0,90.0,8.687000000000001,0.2,metal
Li,Cs,cubic,4.352,4.352,4.352,90.0,90.0,90.0,16.48,,metal
Li,Cu,cubic,3.687,3.687,3.687,90.0,90.0,90.0,10.021,,metal
Li,Dy,cubic,4.342,4.342,4.342,90.0,90.0,90.0,16.374000000000002,0.4,metal
Li,Eu,orthorhombic,5.554,6.084,7.203,90.0,90.0,90.0,12.171,0.129,metal
Li,Fe,orthorhombic,4.869,5.052,6.979,90.0,90.0,90.0,8.583,0.6,metal
Li,Ga,cubic,3.81,3.81,3.81,90.0,90.0,90.0,11.057,,metal
Li,Gd,cubic,4.39,4.39,4.39,90.0,90.0,90.0,16.926,0.398,metal
Li,Ge,orthorhombic,5.04,5.257,6.696,90.0,90.0,90.0,8.872,,metal
Li,Hf,rhombohedral,5.584,5.584,5.584,56.8,56.8,56.8,11.405999999999999,0.2,metal
Li,Hg,cubic,4.144,4.144,4.144,90.0,90.0,90.0,14.23,,metal
Li,Ho,cubic,4.321,4.321,4.321,90.0,90.0,90.0,16.131,0.4,metal
Li,In,cubic,4.124,4.124,4.124,90.0,90.0,90.0,14.024000000000001,,metal
Li,Ir,rhombohedral,5.198,5.198,5.198,59.2,59.2,59.2,9.756,0.0,metal
Li,K,cubic,4.385,4.385,4.385,90.0,90.0,90.0,16.858,,metal
Li,La,orthorhombic,5.849,6.005,7.334,90.0,90.0,90.0,12.879000000000001,0.0,insulator
Li,Li,cubic,3.549,3.549,3.549,90.0,90.0,90.0,8.937000000000001,,metal
Li,Lu,cubic,4.244,4.244,4.244,90.0,90.0,90.0,15.284,0.401,metal
Li,Mg,cubic,3.845,3.845,3.845,90.0,90.0,90.0,11.367,,metal
Li,Mn,orthorhombic,4.901,5.115,6.874,90.0,90.0,90.0,8.616,0.4,metal
Li,Mo,rhombohedral,5.369,5.369,5.369,57.3,57.3,57.3,10.277999999999999,-0.001,metal
Li,Na,orthorhombic,4.695,5.985,7.561,90.0,90.0,90.0,10.622,,metal
Li,Nb,rhombohedral,5.467,5.467,5.467,56.9,56.9,56.9,10.725,0.0,insulator
Li,Nd,orthorhombic,5.762,5.941,7.258,90.0,90.0,90.0,12.423,0.0,insulator
Li,Ni,cubic,3.655,3.655,3.655,90.0,90.0,90.0,9.765,0.506,metal
Li,Np,rhombohedral,5.877,5.877,5.877,55.1,55.1,55.1,12.707,0.4,insulator
Li,Os,rhombohedral,5.225,5.225,5.225,58.8,58.8,58.8,9.8,-0.002,metal
Li,Pa,rhombohedral,5.976,5.976,5.976,54.9,54.9,54.9,13.300999999999998,0.0,insulator
Li,Pb,cubic,4.218,4.218,4.218,90.0,90.0,90.0,15.009,,metal
Li,Pd,cubic,3.903,3.903,3.903,90.0,90.0,90.0,11.894,,metal
Li,Pm,cubic,4.474,4.474,4.474,90.0,90.0,90.0,17.917,0.4,metal
Li,Pr,orthorhombic,5.793,5.974,7.316,90.0,90.0,90.0,12.66,0.0,insulator
Li,Pt,cubic,3.917,3.917,3.917,90.0,90.0,90.0,12.024000000000001,0.321,metal
Li,Pu,orthorhombic,5.445,5.519,8.067,90.0,90.0,90.0,12.122,0.6,insulator
Li,Rb,cubic,4.336,4.336,4.336,90.0,90.0,90.0,16.305999999999997,,metal
Li,Re,rhombohedral,5.309,5.309,5.309,57.9,57.9,57.9,10.067,0.003,metal
Li,Rh,orthorhombic,4.97,5.147,7.264,90.0,90.0,90.0,9.29,0.135,metal
Li,Ru,rhombohedral,5.197,5.197,5.197,58.8,58.8,58.8,9.662,0.0,metal
Li,Sb,rhombohedral,5.371,5.371,5.371,58.1,58.1,58.1,10.472000000000001,,insulator
Li,Sc,cubic,4.07,4.07,4.07,90.0,90.0,90.0,13.484000000000002,0.4,metal
Li,Si,orthorhombic,4.785,4.929,6.797,90.0,90.0,90.0,8.016,,metal
Li,Sm,cubic,4.455,4.455,4.455,90.0,90.0,90.0,17.683,0.4,metal
Li,Sn,orthorhombic,5.388,5.467,7.217,90.0,90.0,90.0,10.63,,insulator
Li,Sr,cubic,4.499,4.499,4.499,90.0,90.0,90.0,18.211,,metal
Li,Ta,rhombohedral,5.444,5.444,5.444,56.9,56.9,56.9,10.582,0.0,insulator
Li,Tb,cubic,4.365,4.365,4.365,90.0,90.0,90.0,16.632,0.4,metal
Li,Tc,rhombohedral,5.284,5.284,5.284,57.8,57.8,57.8,9.911,0.125,metal
Li,Te,rhombohedral,5.524,5.524,5.524,57.7,57.7,57.7,11.299000000000001,,metal
Li,Th,cubic,4.478,4.478,4.478,90.0,90.0,90.0,17.962,0.1,metal
Li,Ti,orthorhombic,5.08,5.396,7.036,90.0,90.0,90.0,9.642999999999999,0.199,metal
Li,Tl,cubic,4.196,4.196,4.196,90.0,90.0,90.0,14.78,,metal
Li,Tm,cubic,4.281,4.281,4.281,90.0,90.0,90.0,15.693,0.4,metal
Li,U,rhombohedral,5.888,5.888,5.888,55.4,55.4,55.4,12.908,0.2,insulator
Li,V,tetragonal,3.608,3.608,4.312,90.0,90.0,90.0,11.23,0.0,insulator
Li,W,rhombohedral,5.394,5.394,5.394,57.3,57.3,57.3,10.409,0.0,metal
Li,Y,cubic,4.367,4.367,4.367,90.0,90.0,90.0,16.658,0.4,metal
Li,Yb,cubic,4.175,4.175,4.175,90.0,90.0,90.0,14.555,,metal
Li,Zn,cubic,3.806,3.806,3.806,90.0,90.0,90.0,11.03,,metal
Li,Zr,rhombohedral,5.64,5.64,5.64,56.9,56.9,56.9,11.774000000000001,0.2,metal
Lu,Ac,orthorhombic,6.073,6.194,8.921,90.0,90.0,90.0,16.779,0.0,insulator
Lu,Ag,cubic,3.998,3.998,3.998,90.0,90.0,90.0,12.777000000000001,0.0,metal
Lu,Al,orthorhombic,5.078,5.326,7.283,90.0,90.0,90.0,9.847999999999999,0.0,insulator
Lu,As,cubic,3.972,3.972,3.972,90.0,90.0,90.0,12.537,0.0,metal
Lu,Au,cubic,4.077,4.077,4.077,90.0,90.0,90.0,13.557,0.0,metal
Lu,B,cubic,3.406,3.406,3.406,90.0,90.0,90.0,7.901,0.0,insulator
Lu,Ba,orthorhombic,6.409,6.753,8.18,90.0,90.0,90.0,17.7,0.2,insulator
Lu,Be,tetragonal,3.241,3.241,4.388,90.0,90.0,90.0,9.222000000000001,0.02,metal
Lu,Bi,cubic,4.357,4.357,4.357,90.0,90.0,90.0,16.542,0.0,metal
Lu,Ca,cubic,4.1,4.1,4.1,90.0,90.0,90.0,13.788,0.0,metal
Lu,Cd,cubic,4.071,4.071,4.071,90.0,90.0,90.0,13.49,0.0,metal
Lu,Ce,cubic,4.526,4.526,4.526,90.0,90.0,90.0,18.538,0.003,metal
Lu,Co,orthorhombic,5.114,5.546,7.283,90.0,90.0,90.0,10.328,0.0,insulator
Lu,Cr,orthorhombic,5.175,5.519,7.493,90.0,90.0,90.0,10.7,0.6,insulator
Lu,Cu,orthorhombic,5.121,5.809,7.059,90.0,90.0,90.0,10.498,0.0,insulator
Lu,Dy,cubic,4.248,4.248,4.248,90.0,90.0,90.0,15.334000000000001,0.0,insulator
Lu,Er,cubic,4.202,4.202,4.202,90.0,90.0,90.0,14.843,0.0,insulator
Lu,Eu,orthorhombic,5.582,5.682,9.331,90.0,90.0,90.0,14.799000000000001,0.2,metal
Lu,Fe,orthorhombic,5.197,5.533,7.534,90.0,90.0,90.0,10.832,1.0,insulator
Lu,Ga,orthorhombic,5.172,5.507,7.477,90.0,90.0,90.0,10.647,0.0,insulator
Lu,Gd,cubic,4.305,4.305,4.305,90.0,90.0,90.0,15.96,0.0,insulator
Lu,Ge,cubic,3.84,3.84,3.84,90.0,90.0,90.0,11.32,0.0,metal
Lu,Hf,cubic,4.066,4.066,4.066,90.0,90.0,90.0,13.440999999999999,0.0,metal
Lu,Hg,cubic,4.169,4.169,4.169,90.0,90.0,90.0,14.494000000000002,-0.005,metal
Lu,Ho,cubic,4.231,4.231,4.231,90.0,90.0,90.0,15.148,0.0,insulator
Lu,In,cubic,4.076,4.076,4.076,90.0,90.0,90.0,13.548,0.0,insulator
Lu,Ir,cubic,3.934,3.934,3.934,90.0,90.0,90.0,12.177999999999999,0.0,metal
Lu,K,orthorhombic,5.756,5.773,10.357,90.0,90.0,90.0,17.209,0.4,metal
Lu,La,cubic,4.498,4.498,4.498,90.0,90.0,90.0,18.197,0.0,metal
Lu,Li,cubic,3.582,3.582,3.582,90.0,90.0,90.0,9.19,0.399,metal
Lu,Lu,cubic,4.134,4.134,4.134,90.0,90.0,90.0,14.132,0.0,insulator
Lu,Mg,cubic,3.772,3.772,3.772,90.0,90.0,90.0,10.73,0.198,metal
Lu,Mn,orthorhombic,5.189,5.658,7.406,90.0,90.0,90.0,10.870999999999999,0.8,insulator
Lu,Mo,cubic,3.943,3.943,3.943,90.0,90.0,90.0,12.264000000000001,0.002,metal
Lu,Na,cubic,3.885,3.885,3.885,90.0,90.0,90.0,11.722999999999999,0.4,metal
Lu,Nb,cubic,4.018,4.018,4.018,90.0,90.0,90.0,12.972999999999999,0.0,metal
Lu,Nd,cubic,4.44,4.44,4.44,90.0,90.0,90.0,17.500999999999998,0.0,metal
Lu,Ni,orthorhombic,5.054,5.53,7.241,90.0,90.0,90.0,10.119,0.2,metal
Lu,Np,cubic,4.398,4.398,4.398,90.0,90.0,90.0,17.011,0.736,metal
Lu,Os,cubic,3.923,3.923,3.923,90.0,90.0,90.0,12.077,0.003,metal
Lu,Pa,cubic,4.459,4.459,4.459,90.0,90.0,90.0,17.730999999999998,0.199,metal
Lu,Pb,cubic,4.268,4.268,4.268,90.0,90.0,90.0,15.545,0.0,metal
Lu,Pd,cubic,3.932,3.932,3.932,90.0,90.0,90.0,12.159,-0.001,metal
Lu,Pm,cubic,4.398,4.398,4.398,90.0,90.0,90.0,17.017,0.0,metal
Lu,Pr,cubic,4.479,4.479,4.479,90.0,90.0,90.0,17.971,0.0,metal
Lu,Pt,cubic,3.995,3.995,3.995,90.0,90.0,90.0,12.753,0.0,metal
Lu,Pu,cubic,4.355,4.355,4.355,90.0,90.0,90.0,16.523,0.874,metal
Lu,Rb,cubic,4.317,4.317,4.317,90.0,90.0,90.0,16.095,0.012,metal
Lu,Re,cubic,3.929,3.929,3.929,90.0,90.0,90.0,12.132,0.138,metal
Lu,Rh,cubic,3.894,3.894,3.894,90.0,90.0,90.0,11.811,0.001,metal
Lu,Ru,cubic,3.895,3.895,3.895,90.0,90.0,90.0,11.815999999999999,0.14,metal
Lu,Sb,cubic,4.191,4.191,4.191,90.0,90.0,90.0,14.725999999999999,0.0,metal
Lu,Sc,cubic,3.963,3.963,3.963,90.0,90.0,90.0,12.449000000000002,0.0,insulator
Lu,Si,cubic,3.642,3.642,3.642,90.0,90.0,90.0,9.658,0.001,metal
Lu,Sm,cubic,4.372,4.372,4.372,90.0,90.0,90.0,16.714000000000002,0.0,metal
Lu,Sn,cubic,4.087,4.087,4.087,90.0,90.0,90.0,13.655,0.001,metal
Lu,Sr,orthorhombic,6.174,6.355,8.132,90.0,90.0,90.0,15.952,0.2,insulator
Lu,Ta,cubic,3.998,3.998,3.998,90.0,90.0,90.0,12.78,0.0,metal
Lu,Tb,cubic,4.276,4.276,4.276,90.0,90.0,90.0,15.633,0.0,insulator
Lu,Tc,cubic,3.917,3.917,3.917,90.0,90.0,90.0,12.024000000000001,0.319,metal
Lu,Te,cubic,4.226,4.226,4.226,90.0,90.0,90.0,15.095999999999998,0.001,metal
Lu,Th,cubic,4.553,4.553,4.553,90.0,90.0,90.0,18.873,0.008,metal
Lu,Ti,orthorhombic,5.222,5.601,7.553,90.0,90.0,90.0,11.046,0.2,metal
Lu,Tl,orthorhombic,5.447,5.792,8.636,90.0,90.0,90.0,13.620999999999999,0.0,insulator
Lu,Tm,cubic,4.177,4.177,4.177,90.0,90.0,90.0,14.578,0.0,insulator
Lu,U,cubic,4.395,4.395,4.395,90.0,90.0,90.0,16.973,0.451,metal
Lu,V,cubic,3.827,3.827,3.827,90.0,90.0,90.0,11.209000000000001,0.4,metal
Lu,W,cubic,3.951,3.951,3.951,90.0,90.0,90.0,12.337,0.0,metal
Lu,Y,cubic,4.246,4.246,4.246,90.0,90.0,90.0,15.312999999999999,0.0,insulator
Lu,Yb,cubic,4.077,4.077,4.077,90.0,90.0,90.0,13.552,-0.159,metal
Lu,Zn,cubic,3.775,3.775,3.775,90.0,90.0,90.0,10.763,0.0,metal
Lu,Zr,cubic,4.121,4.121,4.121,90.0,90.0,90.0,13.993,0.0,metal
Mg,Ag,cubic,3.968,3.968,3.968,90.0,90.0,90.0,12.494000000000002,,metal
Mg,Al,orthorhombic,5.029,5.273,6.754,90.0,90.0,90.0,8.956,,metal
Mg,As,cubic,3.815,3.815,3.815,90.0,90.0,90.0,11.102,,metal
Mg,Au,cubic,4.003,4.003,4.003,90.0,90.0,90.0,12.832,,metal
Mg,B,cubic,3.32,3.32,3.32,90.0,90.0,90.0,7.318,,metal
Mg,Ba,orthorhombic,6.136,6.627,7.863,90.0,90.0,90.0,15.988,,insulator
Mg,Be,cubic,3.43,3.43,3.43,90.0,90.0,90.0,8.068,,metal
Mg,Bi,cubic,4.245,4.245,4.245,90.0,90.0,90.0,15.302,,metal
Mg,Ca,cubic,4.188,4.188,4.188,90.0,90.0,90.0,14.693,,metal
Mg,Cd,cubic,4.052,4.052,4.052,90.0,90.0,90.0,13.302,,metal
Mg,Ce,orthorhombic,5.674,5.946,8.548,90.0,90.0,90.0,14.417,0.2,insulator
Mg,Cr,cubic,3.731,3.731,3.731,90.0,90.0,90.0,10.386,0.399,metal
Mg,Cs,cubic,4.441,4.441,4.441,90.0,90.0,90.0,17.518,,metal
Mg,Cu,cubic,3.672,3.672,3.672,90.0,90.0,90.0,9.902000000000001,,metal
Mg,Dy,cubic,4.256,4.256,4.256,90.0,90.0,90.0,15.418,0.2,metal
Mg,Er,cubic,4.217,4.217,4.217,90.0,90.0,90.0,14.993,0.2,metal
Mg,Eu,orthorhombic,5.899,6.062,7.202,90.0,90.0,90.0,12.876,0.0,insulator
Mg,Fe,orthorhombic,4.977,5.215,7.262,90.0,90.0,90.0,9.425,0.799,metal
Mg,Ga,cubic,3.783,3.783,3.783,90.0,90.0,90.0,10.83,,metal
Mg,Gd,cubic,4.307,4.307,4.307,90.0,90.0,90.0,15.978,0.2,metal
Mg,Ge,cubic,3.688,3.688,3.688,90.0,90.0,90.0,10.036,,insulator
Mg,Hf,cubic,4.044,4.044,4.044,90.0,90.0,90.0,13.227,0.0,insulator
Mg,Hg,cubic,4.105,4.105,4.105,90.0,90.0,90.0,13.835999999999999,,metal
Mg,Ho,cubic,4.236,4.236,4.236,90.0,90.0,90.0,15.199000000000002,0.2,metal
Mg,In,cubic,4.073,4.073,4.073,90.0,90.0,90.0,13.515,,metal
Mg,Ir,cubic,3.898,3.898,3.898,90.0,90.0,90.0,11.844000000000001,0.193,metal
Mg,K,cubic,4.178,4.178,4.178,90.0,90.0,90.0,14.585999999999999,,metal
Mg,La,orthorhombic,5.56,5.995,8.58,90.0,90.0,90.0,14.3,0.2,insulator
Mg,Li,cubic,3.547,3.547,3.547,90.0,90.0,90.0,8.925,,metal
Mg,Lu,cubic,4.162,4.162,4.162,90.0,90.0,90.0,14.42,0.199,metal
Mg,Mg,cubic,3.802,3.802,3.802,90.0,90.0,90.0,10.992,,metal
Mg,Mn,orthorhombic,4.951,5.183,7.208,90.0,90.0,90.0,9.249,0.6,insulator
Mg,Mo,cubic,3.912,3.912,3.912,90.0,90.0,90.0,11.972000000000001,0.001,metal
Mg,Na,cubic,3.957,3.957,3.957,90.0,90.0,90.0,12.395999999999999,,metal
Mg,Nb,cubic,3.997,3.997,3.997,90.0,90.0,90.0,12.767000000000001,0.0,metal
Mg,Nd,orthorhombic,5.633,5.854,8.447,90.0,90.0,90.0,13.927999999999999,0.2,insulator
Mg,Ni,cubic,3.656,3.656,3.656,90.0,90.0,90.0,9.771,0.001,metal
Mg,Np,orthorhombic,5.597,5.647,8.303,90.0,90.0,90.0,13.120999999999999,0.6,insulator
Mg,Os,cubic,3.888,3.888,3.888,90.0,90.0,90.0,11.75,0.21,metal
Mg,Pa,cubic,4.374,4.374,4.374,90.0,90.0,90.0,16.741,0.009,metal
Mg,Pb,cubic,4.171,4.171,4.171,90.0,90.0,90.0,14.514000000000001,,metal
Mg,Pd,cubic,3.896,3.896,3.896,90.0,90.0,90.0,11.828,,metal
Mg,Pm,orthorhombic,5.61,5.817,8.392,90.0,90.0,90.0,13.692,0.201,insulator
Mg,Pr,orthorhombic,5.647,5.893,8.5,90.0,90.0,90.0,14.145,0.2,insulator
Mg,Pt,cubic,3.933,3.933,3.933,90.0,90.0,90.0,12.165999999999999,0.06,metal
Mg,Pu,orthorhombic,5.567,5.617,8.258,90.0,90.0,90.0,12.91,0.8,insulator
Mg,Rb,cubic,4.252,4.252,4.252,90.0,90.0,90.0,15.38,,metal
Mg,Re,cubic,3.898,3.898,3.898,90.0,90.0,90.0,11.844000000000001,0.0,metal
Mg,Rh,cubic,3.875,3.875,3.875,90.0,90.0,90.0,11.64,0.26,metal
Mg,Ru,cubic,3.873,3.873,3.873,90.0,90.0,90.0,11.615,0.395,metal
Mg,Sb,cubic,4.055,4.055,4.055,90.0,90.0,90.0,13.339,,metal
Mg,Sc,cubic,4.005,4.005,4.005,90.0,90.0,90.0,12.847000000000001,0.001,metal
Mg,Si,orthorhombic,4.783,4.936,6.91,90.0,90.0,90.0,8.157,,insulator
Mg,Sm,orthorhombic,5.593,5.79,8.368,90.0,90.0,90.0,13.55,0.201,insulator
Mg,Sn,cubic,3.996,3.996,3.996,90.0,90.0,90.0,12.762,,insulator
Mg,Sr,cubic,4.371,4.371,4.371,90.0,90.0,90.0,16.705,,metal
Mg,Ta,cubic,3.977,3.977,3.977,90.0,90.0,90.0,12.58,0.0,metal
Mg,Tb,cubic,4.282,4.282,4.282,90.0,90.0,90.0,15.697000000000001,0.2,metal
Mg,Tc,cubic,3.873,3.873,3.873,90.0,90.0,90.0,11.617,0.002,metal
Mg,Te,cubic,4.152,4.152,4.152,90.0,90.0,90.0,14.315,,metal
Mg,Th,cubic,4.537,4.537,4.537,90.0,90.0,90.0,18.682000000000002,-0.001,metal
Mg,Ti,orthorhombic,5.044,5.28,7.396,90.0,90.0,90.0,9.849,0.0,insulator
Mg,Tl,cubic,4.153,4.153,4.153,90.0,90.0,90.0,14.323,,metal
Mg,Tm,cubic,4.196,4.196,4.196,90.0,90.0,90.0,14.775,0.2,metal
Mg,U,orthorhombic,5.635,5.645,8.377,90.0,90.0,90.0,13.324000000000002,0.4,insulator
Mg,V,cubic,3.752,3.752,3.752,90.0,90.0,90.0,10.565999999999999,0.201,metal
Mg,W,cubic,3.924,3.924,3.924,90.0,90.0,90.0,12.082,0.001,metal
Mg,Y,cubic,4.272,4.272,4.272,90.0,90.0,90.0,15.597000000000001,0.2,metal
Mg,Yb,cubic,4.095,4.095,4.095,90.0,90.0,90.0,13.732999999999999,,metal
Mg,Zn,cubic,3.776,3.776,3.776,90.0,90.0,90.0,10.765999999999998,,metal
Mg,Zr,cubic,4.103,4.103,4.103,90.0,90.0,90.0,13.812000000000001,0.0,insulator
Mn,Ac,orthorhombic,5.902,5.987,8.625,90.0,90.0,90.0,15.237,0.8,insulator
Mn,Ag,orthorhombic,4.904,5.237,8.829,90.0,90.0,90.0,11.335999999999999,0.751,metal
Mn,Al,orthorhombic,4.793,5.08,7.347,90.0,90.0,90.0,8.943,0.8,metal
Mn,As,orthorhombic,5.204,5.403,7.562,90.0,90.0,90.0,10.630999999999998,0.982,metal
Mn,Au,cubic,4.012,4.012,4.012,90.0,90.0,90.0,12.912,0.995,metal
Mn,B,cubic,3.362,3.362,3.362,90.0,90.0,90.0,7.598,0.8,metal
Mn,Ba,orthorhombic,5.643,6.015,9.832,90.0,90.0,90.0,16.689,0.6,insulator
Mn,Be,cubic,3.462,3.462,3.462,90.0,90.0,90.0,8.302,0.6,metal
Mn,Bi,orthorhombic,5.652,5.73,8.23,90.0,90.0,90.0,13.325999999999999,0.897,metal
Mn,Cd,orthorhombic,5.332,5.436,8.349,90.0,90.0,90.0,12.1,0.6,metal
Mn,Ce,orthorhombic,5.784,5.808,8.475,90.0,90.0,90.0,14.238,0.8,insulator
Mn,Co,cubic,3.686,3.686,3.686,90.0,90.0,90.0,10.015,0.688,metal
Mn,Cr,cubic,3.751,3.751,3.751,90.0,90.0,90.0,10.557,1.4,metal
Mn,Cu,cubic,3.696,3.696,3.696,90.0,90.0,90.0,10.094,0.883,metal
Mn,Dy,cubic,4.259,4.259,4.259,90.0,90.0,90.0,15.447000000000001,0.96,metal
Mn,Er,cubic,4.22,4.22,4.22,90.0,90.0,90.0,15.035,1.195,metal
Mn,Eu,rhombohedral,6.143,6.143,6.143,55.3,55.3,55.3,14.615,0.6,insulator
Mn,Fe,orthorhombic,4.934,5.243,7.676,90.0,90.0,90.0,9.927,1.8,metal
Mn,Ga,cubic,3.796,3.796,3.796,90.0,90.0,90.0,10.942,0.8,metal
Mn,Gd,orthorhombic,5.661,5.68,7.989,90.0,90.0,90.0,12.844000000000001,0.8,insulator
Mn,Ge,orthorhombic,5.09,5.237,7.334,90.0,90.0,90.0,9.776,1.0,insulator
Mn,Hf,orthorhombic,5.331,5.551,7.809,90.0,90.0,90.0,11.554,1.0,insulator
Mn,Hg,orthorhombic,5.098,5.361,8.988,90.0,90.0,90.0,12.283,0.744,metal
Mn,Ho,cubic,4.238,4.238,4.238,90.0,90.0,90.0,15.22,0.974,metal
Mn,In,cubic,4.083,4.083,4.083,90.0,90.0,90.0,13.61,0.898,metal
Mn,Ir,cubic,3.905,3.905,3.905,90.0,90.0,90.0,11.909,1.207,metal
Mn,K,orthorhombic,4.945,5.6,10.8,90.0,90.0,90.0,14.955,0.4,insulator
Mn,La,orthorhombic,5.791,5.842,8.351,90.0,90.0,90.0,14.125,0.8,insulator
Mn,Li,cubic,3.573,3.573,3.573,90.0,90.0,90.0,9.124,0.399,metal
Mn,Lu,cubic,4.169,4.169,4.169,90.0,90.0,90.0,14.489,0.799,metal
Mn,Mg,cubic,3.818,3.818,3.818,90.0,90.0,90.0,11.13,0.6,metal
Mn,Mn,cubic,3.725,3.725,3.725,90.0,90.0,90.0,10.335,1.627,metal
Mn,Mo,orthorhombic,5.288,5.43,7.637,90.0,90.0,90.0,10.964,1.167,metal
Mn,Na,orthorhombic,5.121,5.153,9.301,90.0,90.0,90.0,12.273,0.4,insulator
Mn,Nb,orthorhombic,5.311,5.556,7.705,90.0,90.0,90.0,11.366,1.043,metal
Mn,Nd,orthorhombic,5.754,5.799,8.2,90.0,90.0,90.0,13.679,0.8,insulator
Mn,Ni,cubic,3.678,3.678,3.678,90.0,90.0,90.0,9.953,1.0,metal
Mn,Np,cubic,4.337,4.337,4.337,90.0,90.0,90.0,16.315,1.577,metal
Mn,Os,cubic,3.894,3.894,3.894,90.0,90.0,90.0,11.806,1.224,metal
Mn,Pa,rhombohedral,6.063,6.063,6.063,57.8,57.8,57.8,14.950999999999999,1.2,insulator
Mn,Pb,orthorhombic,5.532,5.661,8.101,90.0,90.0,90.0,12.685,0.998,metal
Mn,Pd,cubic,3.907,3.907,3.907,90.0,90.0,90.0,11.927,0.907,metal
Mn,Pm,orthorhombic,5.688,5.724,8.248,90.0,90.0,90.0,13.425999999999998,0.8,insulator
Mn,Pr,orthorhombic,5.744,5.779,8.396,90.0,90.0,90.0,13.935,0.8,insulator
Mn,Pt,cubic,3.938,3.938,3.938,90.0,90.0,90.0,12.217,0.944,metal
Mn,Pu,orthorhombic,5.625,5.739,8.303,90.0,90.0,90.0,13.402000000000001,1.8,insulator
Mn,Rb,cubic,4.242,4.242,4.242,90.0,90.0,90.0,15.270999999999999,0.996,metal
Mn,Re,orthorhombic,5.294,5.381,7.614,90.0,90.0,90.0,10.845999999999998,1.15,metal
Mn,Rh,cubic,3.885,3.885,3.885,90.0,90.0,90.0,11.725999999999999,1.264,metal
Mn,Ru,orthorhombic,5.218,5.328,7.506,90.0,90.0,90.0,10.435,0.605,metal
Mn,Sb,cubic,4.063,4.063,4.063,90.0,90.0,90.0,13.412,1.055,metal
Mn,Sc,cubic,4.013,4.013,4.013,90.0,90.0,90.0,12.927,0.798,metal
Mn,Si,orthorhombic,4.928,5.026,7.033,90.0,90.0,90.0,8.709,1.0,insulator
Mn,Sm,orthorhombic,5.669,5.706,8.202,90.0,90.0,90.0,13.265,0.8,metal
Mn,Sn,orthorhombic,5.368,5.544,7.823,90.0,90.0,90.0,11.639000000000001,1.0,insulator
Mn,Sr,orthorhombic,5.631,5.697,9.261,90.0,90.0,90.0,14.854000000000001,0.6,insulator
Mn,Ta,orthorhombic,5.262,5.59,7.602,90.0,90.0,90.0,11.181,0.8,metal
Mn,Tb,orthorhombic,5.646,5.656,7.944,90.0,90.0,90.0,12.685,0.8,insulator
Mn,Tc,orthorhombic,5.222,5.395,7.557,90.0,90.0,90.0,10.645999999999999,1.172,metal
Mn,Te,cubic,4.153,4.153,4.153,90.0,90.0,90.0,14.324000000000002,1.043,metal
Mn,Th,cubic,4.533,4.533,4.533,90.0,90.0,90.0,18.631,1.008,metal
Mn,Ti,orthorhombic,5.132,5.357,7.467,90.0,90.0,90.0,10.264000000000001,1.0,insulator
Mn,Tl,rhombohedral,6.043,7.236,7.248,55.2,30.0,55.3,12.794,0.8,metal
Mn,Tm,cubic,4.201,4.201,4.201,90.0,90.0,90.0,14.829,0.798,metal
Mn,U,cubic,4.327,4.327,4.327,90.0,90.0,90.0,16.208,1.278,metal
Mn,V,orthorhombic,5.132,5.275,7.438,90.0,90.0,90.0,10.068,1.2,metal
Mn,W,rhombohedral,5.241,5.241,5.241,63.6,63.6,63.6,10.985,0.947,metal
Mn,Y,cubic,4.277,4.277,4.277,90.0,90.0,90.0,15.647,0.8,metal
Mn,Yb,rhombohedral,5.875,5.875,5.875,56.1,56.1,56.1,13.057,0.6,insulator
Mn,Zn,cubic,3.795,3.795,3.795,90.0,90.0,90.0,10.931,0.844,metal
Mn,Zr,orthorhombic,5.383,5.594,7.903,90.0,90.0,90.0,11.9,1.0,insulator
Mo,Ac,rhombohedral,5.917,5.917,5.917,65.4,65.4,65.4,16.382,0.2,metal
Mo,Ag,orthorhombic,5.563,5.64,8.729,90.0,90.0,90.0,13.694,0.002,metal
Mo,Al,cubic,3.646,3.646,3.646,90.0,90.0,90.0,9.692,0.599,metal
Mo,As,cubic,3.881,3.881,3.881,90.0,90.0,90.0,11.693,0.793,metal
Mo,Au,cubic,4.05,4.05,4.05,90.0,90.0,90.0,13.289000000000001,0.688,metal
Mo,B,cubic,3.395,3.395,3.395,90.0,90.0,90.0,7.8260000000000005,0.535,metal
Mo,Ba,rhombohedral,6.254,6.254,6.254,63.7,63.7,63.7,18.697,0.0,insulator
Mo,Be,cubic,3.41,3.41,3.41,90.0,90.0,90.0,7.928,0.349,metal
Mo,Bi,cubic,4.245,4.245,4.245,90.0,90.0,90.0,15.295,0.863,metal
Mo,Ca,orthorhombic,5.553,5.802,8.206,90.0,90.0,90.0,13.22,0.399,metal
Mo,Cd,orthorhombic,5.578,5.698,8.005,90.0,90.0,90.0,12.720999999999998,0.4,metal
Mo,Ce,rhombohedral,5.754,5.754,5.754,66.2,66.2,66.2,15.288,0.2,metal
Mo,Co,cubic,3.658,3.658,3.658,90.0,90.0,90.0,9.791,0.59,metal
Mo,Cr,cubic,3.792,3.792,3.792,90.0,90.0,90.0,10.905999999999999,1.2,metal
Mo,Cu,orthorhombic,5.221,5.254,7.754,90.0,90.0,90.0,10.635,0.186,metal
Mo,Dy,cubic,4.27,4.27,4.27,90.0,90.0,90.0,15.572000000000001,0.599,metal
Mo,Er,cubic,4.224,4.224,4.224,90.0,90.0,90.0,15.075999999999999,0.599,metal
Mo,Eu,orthorhombic,5.43,6.124,8.298,90.0,90.0,90.0,13.797,0.188,metal
Mo,Fe,cubic,3.792,3.792,3.792,90.0,90.0,90.0,10.904000000000002,1.6,metal
Mo,Ga,cubic,3.768,3.768,3.768,90.0,90.0,90.0,10.7,0.6,metal
Mo,Gd,cubic,4.32,4.32,4.32,90.0,90.0,90.0,16.124000000000002,0.604,metal
Mo,Ge,cubic,3.776,3.776,3.776,90.0,90.0,90.0,10.769,0.78,metal
Mo,Hf,cubic,4.064,4.064,4.064,90.0,90.0,90.0,13.424000000000001,0.8,metal
Mo,Hg,cubic,4.146,4.146,4.146,90.0,90.0,90.0,14.255999999999998,0.695,metal
Mo,Ho,cubic,4.247,4.247,4.247,90.0,90.0,90.0,15.318,0.598,metal
Mo,In,rhombohedral,5.705,5.705,5.705,59.8,59.8,59.8,13.082,0.582,metal
Mo,Ir,cubic,3.922,3.922,3.922,90.0,90.0,90.0,12.069,0.578,metal
Mo,K,orthorhombic,5.423,6.188,10.268,90.0,90.0,90.0,17.23,0.018,metal
Mo,La,cubic,4.459,4.459,4.459,90.0,90.0,90.0,17.735,0.6,metal
Mo,Li,orthorhombic,4.76,5.048,7.706,90.0,90.0,90.0,9.258,0.027,metal
Mo,Lu,cubic,4.153,4.153,4.153,90.0,90.0,90.0,14.329,0.6,metal
Mo,Mg,cubic,3.714,3.714,3.714,90.0,90.0,90.0,10.244000000000002,0.4,metal
Mo,Mn,cubic,3.792,3.792,3.792,90.0,90.0,90.0,10.908,1.4,metal
Mo,Mo,cubic,3.937,3.937,3.937,90.0,90.0,90.0,12.207,0.861,metal
Mo,Na,orthorhombic,5.552,5.614,8.372,90.0,90.0,90.0,13.047,0.073,metal
Mo,Nb,cubic,4.018,4.018,4.018,90.0,90.0,90.0,12.972999999999999,0.875,metal
Mo,Nd,cubic,4.435,4.435,4.435,90.0,90.0,90.0,17.452,0.583,metal
Mo,Ni,cubic,3.677,3.677,3.677,90.0,90.0,90.0,9.941,0.8,metal
Mo,Np,cubic,4.346,4.346,4.346,90.0,90.0,90.0,16.413,-0.446,metal
Mo,Os,cubic,3.911,3.911,3.911,90.0,90.0,90.0,11.964,0.609,metal
Mo,Pa,cubic,4.374,4.374,4.374,90.0,90.0,90.0,16.736,1.0,metal
Mo,Pd,cubic,3.929,3.929,3.929,90.0,90.0,90.0,12.130999999999998,0.601,metal
Mo,Pm,cubic,4.401,4.401,4.401,90.0,90.0,90.0,17.05,0.6,metal
Mo,Pr,cubic,4.471,4.471,4.471,90.0,90.0,90.0,17.869,0.603,metal
Mo,Pt,cubic,3.973,3.973,3.973,90.0,90.0,90.0,12.547,0.639,metal
Mo,Rb,orthorhombic,5.46,6.384,10.825,90.0,90.0,90.0,18.867,0.021,metal
Mo,Re,cubic,3.914,3.914,3.914,90.0,90.0,90.0,11.994000000000002,0.862,metal
Mo,Rh,cubic,3.894,3.894,3.894,90.0,90.0,90.0,11.805,0.53,metal
Mo,Ru,cubic,3.888,3.888,3.888,90.0,90.0,90.0,11.755,0.477,metal
Mo,Sb,cubic,4.063,4.063,4.063,90.0,90.0,90.0,13.415999999999999,0.893,metal
Mo,Sc,cubic,3.97,3.97,3.97,90.0,90.0,90.0,12.517999999999999,0.6,metal
Mo,Si,cubic,3.606,3.606,3.606,90.0,90.0,90.0,9.375,0.796,metal
Mo,Sm,cubic,4.379,4.379,4.379,90.0,90.0,90.0,16.797,0.599,metal
Mo,Sn,orthorhombic,5.47,6.511,6.737,90.0,90.0,90.0,11.997,0.0,metal
Mo,Sr,rhombohedral,6.015,6.015,6.015,62.8,62.8,62.8,16.33,0.0,insulator
Mo,Ta,cubic,3.996,3.996,3.996,90.0,90.0,90.0,12.765,0.912,metal
Mo,Tb,cubic,4.295,4.295,4.295,90.0,90.0,90.0,15.85,0.599,metal
Mo,Tc,cubic,3.902,3.902,3.902,90.0,90.0,90.0,11.880999999999998,0.83,metal
Mo,Te,cubic,4.152,4.152,4.152,90.0,90.0,90.0,14.311,0.875,metal
Mo,Th,cubic,4.536,4.536,4.536,90.0,90.0,90.0,18.663,0.8,metal
Mo,Ti,cubic,3.86,3.86,3.86,90.0,90.0,90.0,11.5,0.78,metal
Mo,Tl,orthorhombic,5.599,6.273,10.283,90.0,90.0,90.0,18.061,0.006,metal
Mo,Tm,cubic,4.196,4.196,4.196,90.0,90.0,90.0,14.774000000000001,0.599,metal
Mo,U,cubic,4.325,4.325,4.325,90.0,90.0,90.0,16.178,1.2,metal
Mo,V,cubic,3.8,3.8,3.8,90.0,90.0,90.0,10.978,1.001,metal
Mo,W,cubic,3.943,3.943,3.943,90.0,90.0,90.0,12.261,0.883,metal
Mo,Y,cubic,4.278,4.278,4.278,90.0,90.0,90.0,15.662,0.6,metal
Mo,Yb,orthorhombic,5.502,5.784,8.076,90.0,90.0,90.0,12.85,0.398,metal
Mo,Zn,cubic,3.783,3.783,3.783,90.0,90.0,90.0,10.832,0.52,metal
Mo,Zr,cubic,4.119,4.119,4.119,90.0,90.0,90.0,13.977,0.8,metal
Na,Ac,orthorhombic,6.063,6.228,8.575,90.0,90.0,90.0,16.191,0.1,metal
Na,Ag,cubic,4.04,4.04,4.04,90.0,90.0,90.0,13.187000000000001,,metal
Na,Al,cubic,3.698,3.698,3.698,90.0,90.0,90.0,10.117,,metal
Na,As,orthorhombic,5.156,5.159,7.296,90.0,90.0,90.0,9.703,,insulator
Na,Au,orthorhombic,5.357,5.589,7.649,90.0,90.0,90.0,11.449000000000002,,metal
Na,B,cubic,3.356,3.356,3.356,90.0,90.0,90.0,7.561,,metal
Na,Ba,cubic,4.568,4.568,4.568,90.0,90.0,90.0,19.061,,metal
Na,Be,cubic,3.497,3.497,3.497,90.0,90.0,90.0,8.555,,metal
Na,Bi,orthorhombic,5.705,5.819,8.14,90.0,90.0,90.0,13.512,,insulator
Na,Ca,orthorhombic,5.992,6.287,7.127,90.0,90.0,90.0,13.425,,metal
Na,Cd,cubic,4.145,4.145,4.145,90.0,90.0,90.0,14.242,,metal
Na,Ce,cubic,4.584,4.584,4.584,90.0,90.0,90.0,19.27,0.4,metal
Na,Co,orthorhombic,5.23,5.305,7.37,90.0,90.0,90.0,10.222999999999999,0.785,metal
Na,Cr,orthorhombic,5.151,5.228,7.398,90.0,90.0,90.0,9.961,0.2,metal
Na,Cs,cubic,4.365,4.365,4.365,90.0,90.0,90.0,16.632,,metal
Na,Cu,orthorhombic,5.154,5.286,7.355,90.0,90.0,90.0,10.017999999999999,,metal
Na,Dy,orthorhombic,6.017,6.145,7.043,90.0,90.0,90.0,13.022,0.0,insulator
Na,Er,rhombohedral,5.811,5.811,5.811,61.3,61.3,61.3,14.272,0.4,metal
Na,Eu,orthorhombic,6.164,6.262,7.092,90.0,90.0,90.0,13.686,0.204,metal
Na,Fe,cubic,3.739,3.739,3.739,90.0,90.0,90.0,10.453,0.896,metal
Na,Ga,orthorhombic,5.02,5.836,7.703,90.0,90.0,90.0,11.284,,metal
Na,Gd,cubic,4.41,4.41,4.41,90.0,90.0,90.0,17.15,0.4,metal
Na,Ge,cubic,3.733,3.733,3.733,90.0,90.0,90.0,10.408,,metal
Na,Hf,orthorhombic,5.61,5.751,8.015,90.0,90.0,90.0,12.93,0.2,metal
Na,Hg,cubic,4.175,4.175,4.175,90.0,90.0,90.0,14.557,,metal
Na,Ho,orthorhombic,6.024,6.133,7.003,90.0,90.0,90.0,12.936,0.0,insulator
Na,In,cubic,4.149,4.149,4.149,90.0,90.0,90.0,14.286,,metal
Na,Ir,orthorhombic,5.267,5.398,7.541,90.0,90.0,90.0,10.72,0.013,metal
Na,K,cubic,4.474,4.474,4.474,90.0,90.0,90.0,17.912,,metal
Na,La,orthorhombic,6.247,6.397,7.404,90.0,90.0,90.0,14.794,0.0,insulator
Na,Li,orthorhombic,5.68,5.764,5.919,90.0,90.0,90.0,9.69,,insulator
Na,Lu,rhombohedral,5.762,5.762,5.762,61.2,61.2,61.2,13.882,0.4,metal
Na,Mg,cubic,3.905,3.905,3.905,90.0,90.0,90.0,11.912,,metal
Na,Mn,orthorhombic,5.203,5.267,7.404,90.0,90.0,90.0,10.145,0.4,metal
Na,Mo,cubic,3.886,3.886,3.886,90.0,90.0,90.0,11.739,0.0,metal
Na,Na,orthorhombic,5.658,6.457,6.872,90.0,90.0,90.0,12.552999999999999,,metal
Na,Nb,orthorhombic,5.47,5.568,7.806,90.0,90.0,90.0,11.887,0.0,insulator
Na,Nd,cubic,4.524,4.524,4.524,90.0,90.0,90.0,18.518,0.4,metal
Na,Ni,orthorhombic,5.376,5.587,6.793,90.0,90.0,90.0,10.201,0.6,metal
Na,Np,orthorhombic,5.655,5.937,8.208,90.0,90.0,90.0,13.777000000000001,0.4,insulator
Na,Os,orthorhombic,5.312,5.389,7.557,90.0,90.0,90.0,10.815999999999999,-0.004,metal
Na,Pa,orthorhombic,5.794,6.01,8.359,90.0,90.0,90.0,14.555,0.0,insulator
Na,Pb,orthorhombic,5.873,6.047,7.409,90.0,90.0,90.0,13.155999999999999,,metal
Na,Pd,orthorhombic,5.274,5.452,7.547,90.0,90.0,90.0,10.850999999999999,,metal
Na,Pm,cubic,4.495,4.495,4.495,90.0,90.0,90.0,18.160999999999998,0.4,metal
Na,Pr,cubic,4.55,4.55,4.55,90.0,90.0,90.0,18.837,0.4,metal
Na,Pt,orthorhombic,5.277,5.464,7.58,90.0,90.0,90.0,10.927,0.2,metal
Na,Pu,orthorhombic,5.74,5.842,8.219,90.0,90.0,90.0,13.779000000000002,0.6,insulator
Na,Rb,orthorhombic,5.034,7.329,9.189,90.0,90.0,90.0,16.952,,metal
Na,Re,cubic,3.863,3.863,3.863,90.0,90.0,90.0,11.534,-0.001,metal
Na,Rh,orthorhombic,5.244,5.389,7.53,90.0,90.0,90.0,10.64,0.09,metal
Na,Ru,orthorhombic,5.288,5.377,7.547,90.0,90.0,90.0,10.729000000000001,0.216,metal
Na,Sb,orthorhombic,5.42,5.486,7.719,90.0,90.0,90.0,11.477,,insulator
Na,Sc,orthorhombic,5.545,5.804,7.941,90.0,90.0,90.0,12.777000000000001,0.4,metal
Na,Si,orthorhombic,4.989,4.99,7.053,90.0,90.0,90.0,8.777999999999999,,metal
Na,Sm,orthorhombic,6.111,6.245,7.075,90.0,90.0,90.0,13.5,0.0,insulator
Na,Sn,orthorhombic,5.585,5.682,7.913,90.0,90.0,90.0,12.555,,metal
Na,Sr,cubic,4.531,4.531,4.531,90.0,90.0,90.0,18.605999999999998,,metal
Na,Ta,orthorhombic,5.466,5.534,7.784,90.0,90.0,90.0,11.773,0.0,insulator
Na,Tb,orthorhombic,6.023,6.163,7.084,90.0,90.0,90.0,13.147,0.0,insulator
Na,Tc,cubic,3.845,3.845,3.845,90.0,90.0,90.0,11.372,-0.001,metal
Na,Te,orthorhombic,5.546,5.652,7.911,90.0,90.0,90.0,12.398,,metal
Na,Th,orthorhombic,5.963,6.182,8.532,90.0,90.0,90.0,15.727,0.2,metal
Na,Ti,cubic,3.868,3.868,3.868,90.0,90.0,90.0,11.577,0.083,metal
Na,Tl,cubic,4.223,4.223,4.223,90.0,90.0,90.0,15.06,,metal
Na,Tm,orthorhombic,5.919,5.986,7.668,90.0,90.0,90.0,13.584000000000001,0.238,metal
Na,U,orthorhombic,5.726,5.947,8.252,90.0,90.0,90.0,14.05,0.2,insulator
Na,V,tetragonal,3.673,3.673,3.961,90.0,90.0,90.0,10.687000000000001,0.0,insulator
Na,W,cubic,3.893,3.893,3.893,90.0,90.0,90.0,11.800999999999998,0.0,metal
Na,Y,orthorhombic,6.06,6.126,7.015,90.0,90.0,90.0,13.020999999999999,0.0,insulator
Na,Yb,orthorhombic,5.996,6.187,6.968,90.0,90.0,90.0,12.925,,metal
Na,Zn,cubic,3.848,3.848,3.848,90.0,90.0,90.0,11.392999999999999,,metal
Na,Zr,orthorhombic,5.659,5.817,8.07,90.0,90.0,90.0,13.283,0.2,metal
Nb,Ac,rhombohedral,6.029,6.029,6.029,64.5,64.5,64.5,17.012,0.0,insulator
Nb,Ag,orthorhombic,5.571,5.888,8.565,90.0,90.0,90.0,14.047,0.0,insulator
Nb,Al,cubic,3.642,3.642,3.642,90.0,90.0,90.0,9.661,0.377,metal
Nb,As,cubic,3.905,3.905,3.905,90.0,90.0,90.0,11.909,0.54,metal
Nb,Au,cubic,4.056,4.056,4.056,90.0,90.0,90.0,13.347999999999999,0.446,metal
Nb,B,cubic,3.4,3.4,3.4,90.0,90.0,90.0,7.859,0.281,metal
Nb,Ba,orthorhombic,5.693,6.538,9.589,90.0,90.0,90.0,17.848,0.0,metal
Nb,Be,cubic,3.405,3.405,3.405,90.0,90.0,90.0,7.899,0.017,metal
Nb,Bi,cubic,4.282,4.282,4.282,90.0,90.0,90.0,15.7,0.598,metal
Nb,Cd,orthorhombic,5.648,5.876,7.718,90.0,90.0,90.0,12.805,0.169,metal
Nb,Ce,cubic,4.509,4.509,4.509,90.0,90.0,90.0,18.336,0.401,metal
Nb,Co,cubic,3.652,3.652,3.652,90.0,90.0,90.0,9.741,0.146,metal
Nb,Cr,orthorhombic,5.348,5.687,7.174,90.0,90.0,90.0,10.911,1.0,metal
Nb,Cu,rhombohedral,5.03,5.226,5.754,77.3,109.0,68.7,12.309000000000001,0.0,insulator
Nb,Er,cubic,4.2,4.2,4.2,90.0,90.0,90.0,14.812000000000001,0.4,metal
Nb,Eu,orthorhombic,5.68,6.069,8.177,90.0,90.0,90.0,14.095999999999998,-0.003,metal
Nb,Fe,cubic,3.793,3.793,3.793,90.0,90.0,90.0,10.915999999999999,1.371,metal
Nb,Ga,orthorhombic,5.317,5.486,7.241,90.0,90.0,90.0,10.56,0.4,metal
Nb,Gd,cubic,4.304,4.304,4.304,90.0,90.0,90.0,15.942,0.401,metal
Nb,Ge,cubic,3.79,3.79,3.79,90.0,90.0,90.0,10.89,0.557,metal
Nb,Hf,cubic,4.058,4.058,4.058,90.0,90.0,90.0,13.363,0.6,metal
Nb,Hg,orthorhombic,5.568,6.263,9.406,90.0,90.0,90.0,16.402,0.0,metal
Nb,Ho,cubic,4.222,4.222,4.222,90.0,90.0,90.0,15.056,0.4,metal
Nb,In,orthorhombic,5.641,5.915,7.525,90.0,90.0,90.0,12.555,0.362,metal
Nb,Ir,cubic,3.915,3.915,3.915,90.0,90.0,90.0,11.999,0.375,metal
Nb,K,rhombohedral,6.353,6.353,6.353,59.5,59.5,59.5,17.934,0.0,insulator
Nb,La,rhombohedral,5.843,5.843,5.843,65.4,65.4,65.4,15.770999999999999,0.0,insulator
Nb,Li,orthorhombic,4.772,5.139,7.819,90.0,90.0,90.0,9.588,0.0,insulator
Nb,Lu,cubic,4.131,4.131,4.131,90.0,90.0,90.0,14.095,0.4,metal
Nb,Mg,cubic,3.689,3.689,3.689,90.0,90.0,90.0,10.041,0.165,metal
Nb,Mn,cubic,3.794,3.794,3.794,90.0,90.0,90.0,10.92,1.196,metal
Nb,Mo,cubic,3.929,3.929,3.929,90.0,90.0,90.0,12.128,0.561,metal
Nb,Na,orthorhombic,5.522,5.708,8.307,90.0,90.0,90.0,13.091,0.0,insulator
Nb,Nb,cubic,4.007,4.007,4.007,90.0,90.0,90.0,12.867,0.609,metal
Nb,Nd,cubic,4.433,4.433,4.433,90.0,90.0,90.0,17.42,0.399,metal
Nb,Ni,cubic,3.661,3.661,3.661,90.0,90.0,90.0,9.814,0.56,metal
Nb,Os,cubic,3.9,3.9,3.9,90.0,90.0,90.0,11.860999999999999,0.306,metal
Nb,Pa,cubic,4.371,4.371,4.371,90.0,90.0,90.0,16.702,0.8,metal
Nb,Pb,rhombohedral,5.732,5.732,5.732,68.7,68.7,68.7,15.75,0.0,metal
Nb,Pd,cubic,3.926,3.926,3.926,90.0,90.0,90.0,12.1,0.37,metal
Nb,Pm,cubic,4.395,4.395,4.395,90.0,90.0,90.0,16.983,0.394,metal
Nb,Pr,cubic,4.468,4.468,4.468,90.0,90.0,90.0,17.844,0.401,metal
Nb,Pt,cubic,3.977,3.977,3.977,90.0,90.0,90.0,12.579,0.421,metal
Nb,Rb,orthorhombic,6.027,6.083,10.556,90.0,90.0,90.0,19.351,0.0,insulator
Nb,Re,cubic,3.915,3.915,3.915,90.0,90.0,90.0,12.003,0.536,metal
Nb,Rh,cubic,3.885,3.885,3.885,90.0,90.0,90.0,11.728,0.331,metal
Nb,Ru,cubic,3.874,3.874,3.874,90.0,90.0,90.0,11.627,0.231,metal
Nb,Sb,cubic,4.093,4.093,4.093,90.0,90.0,90.0,13.717,0.647,metal
Nb,Sc,cubic,3.956,3.956,3.956,90.0,90.0,90.0,12.386,0.4,metal
Nb,Si,cubic,3.607,3.607,3.607,90.0,90.0,90.0,9.385,0.561,metal
Nb,Sm,cubic,4.369,4.369,4.369,90.0,90.0,90.0,16.675,0.399,metal
Nb,Sn,orthorhombic,5.735,6.622,6.811,90.0,90.0,90.0,12.934000000000001,0.0,metal
Nb,Sr,orthorhombic,5.672,6.217,8.862,90.0,90.0,90.0,15.624,0.0,metal
Nb,Ta,cubic,3.989,3.989,3.989,90.0,90.0,90.0,12.692,0.643,metal
Nb,Tb,cubic,4.276,4.276,4.276,90.0,90.0,90.0,15.634,0.401,metal
Nb,Tc,cubic,3.889,3.889,3.889,90.0,90.0,90.0,11.765,0.416,metal
Nb,Te,cubic,4.173,4.173,4.173,90.0,90.0,90.0,14.536,0.622,metal
Nb,Th,cubic,4.534,4.534,4.534,90.0,90.0,90.0,18.639,0.6,metal
Nb,Ti,cubic,3.848,3.848,3.848,90.0,90.0,90.0,11.392999999999999,0.526,metal
Nb,Tl,rhombohedral,5.662,5.662,5.662,70.2,70.2,70.2,15.555,0.0,insulator
Nb,Tm,cubic,4.173,4.173,4.173,90.0,90.0,90.0,14.535,0.4,metal
Nb,U,cubic,4.324,4.324,4.324,90.0,90.0,90.0,16.166,1.0,metal
Nb,V,cubic,3.807,3.807,3.807,90.0,90.0,90.0,11.034,0.8,metal
Nb,W,cubic,3.938,3.938,3.938,90.0,90.0,90.0,12.214,0.609,metal
Nb,Y,cubic,4.249,4.249,4.249,90.0,90.0,90.0,15.345999999999998,0.399,metal
Nb,Yb,orthorhombic,5.65,5.796,7.855,90.0,90.0,90.0,12.862,0.197,metal
Nb,Zn,cubic,3.776,3.776,3.776,90.0,90.0,90.0,10.77,0.29,metal
Nb,Zr,cubic,4.112,4.112,4.112,90.0,90.0,90.0,13.905,0.6,metal
Nd,Ac,cubic,4.676,4.676,4.676,90.0,90.0,90.0,20.452,0.0,metal
Nd,Ag,orthorhombic,5.569,5.992,7.969,90.0,90.0,90.0,13.295,0.0,metal
Nd,Al,rhombohedral,5.297,5.297,5.297,60.6,60.6,60.6,10.645,0.0,insulator
Nd,As,cubic,4.033,4.033,4.033,90.0,90.0,90.0,13.12,0.0,metal
Nd,Au,orthorhombic,5.682,6.525,7.377,90.0,90.0,90.0,13.675,0.0,insulator
Nd,B,cubic,3.545,3.545,3.545,90.0,90.0,90.0,8.908999999999999,0.0,insulator
Nd,Ba,orthorhombic,6.118,6.118,10.463,90.0,90.0,90.0,19.582,0.112,metal
Nd,Be,cubic,3.627,3.627,3.627,90.0,90.0,90.0,9.542,0.2,metal
Nd,Bi,cubic,4.364,4.364,4.364,90.0,90.0,90.0,16.618,0.0,metal
Nd,Ca,cubic,4.144,4.144,4.144,90.0,90.0,90.0,14.231,0.2,metal
Nd,Cd,cubic,4.121,4.121,4.121,90.0,90.0,90.0,13.994000000000002,-0.001,metal
Nd,Ce,cubic,4.549,4.549,4.549,90.0,90.0,90.0,18.828,0.0,insulator
Nd,Co,orthorhombic,5.348,5.485,7.671,90.0,90.0,90.0,11.251,0.4,metal
Nd,Cr,orthorhombic,5.426,5.602,7.748,90.0,90.0,90.0,11.777000000000001,0.6,insulator
Nd,Cu,orthorhombic,5.373,5.466,7.627,90.0,90.0,90.0,11.2,0.0,metal
Nd,Dy,cubic,4.285,4.285,4.285,90.0,90.0,90.0,15.73,0.0,insulator
Nd,Er,cubic,4.24,4.24,4.24,90.0,90.0,90.0,15.243,0.0,insulator
Nd,Eu,cubic,4.279,4.279,4.279,90.0,90.0,90.0,15.669,0.131,metal
Nd,Fe,orthorhombic,5.431,5.648,7.769,90.0,90.0,90.0,11.914000000000001,1.0,insulator
Nd,Ga,orthorhombic,5.426,5.556,7.738,90.0,90.0,90.0,11.664000000000001,0.0,insulator
Nd,Gd,cubic,4.335,4.335,4.335,90.0,90.0,90.0,16.298,0.0,insulator
Nd,Ge,orthorhombic,5.5,5.835,7.935,90.0,90.0,90.0,12.732999999999999,0.0,metal
Nd,Hf,orthorhombic,5.628,5.94,7.996,90.0,90.0,90.0,13.366,0.009,metal
Nd,Hg,cubic,4.212,4.212,4.212,90.0,90.0,90.0,14.94,-0.001,metal
Nd,Ho,cubic,4.262,4.262,4.262,90.0,90.0,90.0,15.48,0.0,insulator
Nd,In,orthorhombic,5.643,5.947,8.183,90.0,90.0,90.0,13.73,0.0,insulator
Nd,Ir,orthorhombic,5.368,5.918,7.797,90.0,90.0,90.0,12.385,0.0,insulator
Nd,K,orthorhombic,6.166,6.251,9.869,90.0,90.0,90.0,19.02,0.4,metal
Nd,La,cubic,4.528,4.528,4.528,90.0,90.0,90.0,18.563,0.0,insulator
Nd,Li,orthorhombic,5.131,5.813,7.487,90.0,90.0,90.0,11.164000000000001,0.4,metal
Nd,Lu,orthorhombic,5.699,5.95,8.258,90.0,90.0,90.0,14.002,0.0,insulator
Nd,Mg,orthorhombic,5.383,5.771,7.751,90.0,90.0,90.0,12.04,0.2,metal
Nd,Mn,orthorhombic,5.428,5.715,7.716,90.0,90.0,90.0,11.967,0.8,metal
Nd,Mo,orthorhombic,5.511,5.905,7.95,90.0,90.0,90.0,12.936,0.575,metal
Nd,Na,cubic,3.98,3.98,3.98,90.0,90.0,90.0,12.612,0.4,metal
Nd,Nb,orthorhombic,5.513,6.022,7.845,90.0,90.0,90.0,13.023,0.0,metal
Nd,Nd,cubic,4.467,4.467,4.467,90.0,90.0,90.0,17.831,0.0,insulator
Nd,Ni,orthorhombic,5.37,5.42,7.62,90.0,90.0,90.0,11.089,0.2,metal
Nd,Np,cubic,4.412,4.412,4.412,90.0,90.0,90.0,17.182000000000002,0.792,metal
Nd,Os,cubic,3.967,3.967,3.967,90.0,90.0,90.0,12.488,0.002,metal
Nd,Pa,cubic,4.474,4.474,4.474,90.0,90.0,90.0,17.909000000000002,0.303,metal
Nd,Pd,orthorhombic,5.517,5.951,7.726,90.0,90.0,90.0,12.681,0.001,metal
Nd,Pm,cubic,4.428,4.428,4.428,90.0,90.0,90.0,17.36,0.0,insulator
Nd,Pr,cubic,4.505,4.505,4.505,90.0,90.0,90.0,18.292,0.0,insulator
Nd,Pt,cubic,4.042,4.042,4.042,90.0,90.0,90.0,13.203,0.0,metal
Nd,Pu,cubic,4.39,4.39,4.39,90.0,90.0,90.0,16.916,0.93,metal
Nd,Rb,cubic,4.356,4.356,4.356,90.0,90.0,90.0,16.527,-0.005,metal
Nd,Re,cubic,3.975,3.975,3.975,90.0,90.0,90.0,12.558,0.173,metal
Nd,Rh,orthorhombic,5.385,5.839,7.793,90.0,90.0,90.0,12.251,0.0,insulator
Nd,Ru,orthorhombic,5.347,5.888,7.772,90.0,90.0,90.0,12.234000000000002,0.198,metal
Nd,Sb,cubic,4.238,4.238,4.238,90.0,90.0,90.0,15.219000000000001,0.0,metal
Nd,Sc,orthorhombic,5.565,5.802,8.004,90.0,90.0,90.0,12.923,0.0,insulator
Nd,Si,cubic,3.765,3.765,3.765,90.0,90.0,90.0,10.671,0.001,metal
Nd,Sm,cubic,4.402,4.402,4.402,90.0,90.0,90.0,17.064,0.0,insulator
Nd,Sn,cubic,4.139,4.139,4.139,90.0,90.0,90.0,14.186,0.0,metal
Nd,Sr,cubic,4.395,4.395,4.395,90.0,90.0,90.0,16.974,0.0,metal
Nd,Ta,orthorhombic,5.499,6.015,7.792,90.0,90.0,90.0,12.886,0.0,metal
Nd,Tb,cubic,4.309,4.309,4.309,90.0,90.0,90.0,16.004,0.0,insulator
Nd,Tc,orthorhombic,5.39,5.918,7.805,90.0,90.0,90.0,12.448,0.389,metal
Nd,Te,cubic,4.258,4.258,4.258,90.0,90.0,90.0,15.437000000000001,0.0,metal
Nd,Th,cubic,4.56,4.56,4.56,90.0,90.0,90.0,18.964000000000002,0.047,metal
Nd,Ti,orthorhombic,5.457,5.7,7.804,90.0,90.0,90.0,12.138,0.199,metal
Nd,Tl,orthorhombic,5.739,6.113,8.439,90.0,90.0,90.0,14.802,0.0,insulator
Nd,Tm,cubic,4.215,4.215,4.215,90.0,90.0,90.0,14.978,0.0,insulator
Nd,U,cubic,4.413,4.413,4.413,90.0,90.0,90.0,17.191,0.551,metal
Nd,V,orthorhombic,5.453,5.703,7.776,90.0,90.0,90.0,12.091,0.4,insulator
Nd,W,cubic,3.988,3.988,3.988,90.0,90.0,90.0,12.683,0.003,metal
Nd,Y,cubic,4.285,4.285,4.285,90.0,90.0,90.0,15.735,0.0,insulator
Nd,Yb,cubic,4.131,4.131,4.131,90.0,90.0,90.0,14.1,-0.001,metal
Nd,Zn,orthorhombic,5.395,5.75,7.711,90.0,90.0,90.0,11.958,0.0,metal
Nd,Zr,orthorhombic,5.643,6.144,7.858,90.0,90.0,90.0,13.622,0.139,metal
Ni,Ac,rhombohedral,6.367,6.367,6.367,55.1,55.1,55.1,16.180999999999997,0.6,metal
Ni,Ag,orthorhombic,5.122,5.323,7.741,90.0,90.0,90.0,10.552,0.38,metal
Ni,As,cubic,3.714,3.714,3.714,90.0,90.0,90.0,10.247,0.288,metal
Ni,B,cubic,3.355,3.355,3.355,90.0,90.0,90.0,7.5520000000000005,0.6,metal
Ni,Ga,cubic,3.783,3.783,3.783,90.0,90.0,90.0,10.832,0.61,metal
Ni,Hf,cubic,4.043,4.043,4.043,90.0,90.0,90.0,13.216,0.4,metal
Ni,Hg,orthorhombic,5.311,5.469,8.022,90.0,90.0,90.0,11.651,0.237,metal
Ni,Mn,cubic,3.625,3.625,3.625,90.0,90.0,90.0,9.523,1.014,metal
Ni,Mo,cubic,3.852,3.852,3.852,90.0,90.0,90.0,11.429,0.214,metal
Ni,Nb,cubic,3.963,3.963,3.963,90.0,90.0,90.0,12.449000000000002,0.202,metal
Ni,Pd,cubic,3.892,3.892,3.892,90.0,90.0,90.0,11.788,0.499,metal
Ni,Re,cubic,3.847,3.847,3.847,90.0,90.0,90.0,11.388,0.195,metal
Ni,Rh,cubic,3.864,3.864,3.864,90.0,90.0,90.0,11.537,-0.142,metal
Ni,Sb,cubic,3.935,3.935,3.935,90.0,90.0,90.0,12.185,0.235,metal
Ni,Si,cubic,3.495,3.495,3.495,90.0,90.0,90.0,8.536,0.4,metal
Ni,Sr,orthorhombic,5.401,5.985,8.661,90.0,90.0,90.0,13.998,0.53,metal
Ni,Ta,cubic,3.935,3.935,3.935,90.0,90.0,90.0,12.189,0.2,metal
Ni,W,cubic,4.458,4.458,4.458,90.0,90.0,90.0,17.717,-0.224,metal
Ni,Zr,cubic,4.107,4.107,4.107,90.0,90.0,90.0,13.856,0.4,metal
Np,Ac,cubic,4.671,4.671,4.671,90.0,90.0,90.0,20.378,0.8,metal
Np,Ag,cubic,4.063,4.063,4.063,90.0,90.0,90.0,13.411,0.796,metal
Np,Al,rhombohedral,5.307,5.307,5.307,60.2,60.2,60.2,10.629000000000001,0.8,insulator
Np,As,cubic,4.051,4.051,4.051,90.0,90.0,90.0,13.292,0.818,metal
Np,Au,cubic,4.131,4.131,4.131,90.0,90.0,90.0,14.095,0.798,metal
Np,B,cubic,3.572,3.572,3.572,90.0,90.0,90.0,9.112,0.8,metal
Np,Be,orthorhombic,5.069,5.077,7.21,90.0,90.0,90.0,9.277000000000001,0.6,insulator
Np,Co,cubic,3.769,3.769,3.769,90.0,90.0,90.0,10.705,0.573,metal
Np,Cr,orthorhombic,5.441,5.555,7.761,90.0,90.0,90.0,11.729000000000001,1.4,insulator
Np,Cu,rhombohedral,5.365,5.365,5.365,60.3,60.3,60.3,11.005999999999998,0.764,metal
Np,Er,orthorhombic,5.781,6.07,8.298,90.0,90.0,90.0,14.56,0.8,insulator
Np,Fe,orthorhombic,5.357,5.983,7.509,90.0,90.0,90.0,12.033,1.4,insulator
Np,Ga,orthorhombic,5.468,5.536,7.765,90.0,90.0,90.0,11.752,0.8,insulator
Np,Gd,cubic,4.338,4.338,4.338,90.0,90.0,90.0,16.325,0.8,insulator
Np,Ge,orthorhombic,5.546,5.821,7.955,90.0,90.0,90.0,12.842,0.798,metal
Np,Hg,cubic,4.216,4.216,4.216,90.0,90.0,90.0,14.99,0.797,metal
Np,Ir,cubic,3.997,3.997,3.997,90.0,90.0,90.0,12.77,0.794,metal
Np,Li,cubic,3.631,3.631,3.631,90.0,90.0,90.0,9.578,0.795,metal
Np,Mg,orthorhombic,5.344,5.679,7.631,90.0,90.0,90.0,11.58,0.6,insulator
Np,Mn,rhombohedral,5.463,5.463,5.463,61.3,61.3,61.3,11.863,1.6,metal
Np,Mo,orthorhombic,5.374,6.019,7.857,90.0,90.0,90.0,12.707,0.922,metal
Np,Na,orthorhombic,5.475,5.677,8.546,90.0,90.0,90.0,13.280999999999999,0.4,insulator
Np,Nb,orthorhombic,5.49,6.062,7.82,90.0,90.0,90.0,13.013,0.76,metal
Np,Ni,orthorhombic,5.277,5.782,7.551,90.0,90.0,90.0,11.519,1.0,insulator
Np,Os,cubic,3.98,3.98,3.98,90.0,90.0,90.0,12.609000000000002,0.806,metal
Np,Pa,cubic,4.488,4.488,4.488,90.0,90.0,90.0,18.079,1.174,metal
Np,Pb,cubic,4.219,4.219,4.219,90.0,90.0,90.0,15.017999999999999,0.872,metal
Np,Pd,cubic,3.999,3.999,3.999,90.0,90.0,90.0,12.79,0.795,metal
Np,Pt,cubic,4.052,4.052,4.052,90.0,90.0,90.0,13.306,0.804,metal
Np,Rh,cubic,3.963,3.963,3.963,90.0,90.0,90.0,12.450999999999999,0.792,metal
Np,Ru,cubic,3.956,3.956,3.956,90.0,90.0,90.0,12.38,0.803,metal
Np,Sb,cubic,4.254,4.254,4.254,90.0,90.0,90.0,15.395,0.882,metal
Np,Sc,orthorhombic,5.587,5.82,8.002,90.0,90.0,90.0,13.01,0.8,insulator
Np,Si,tetragonal,3.576,3.576,4.499,90.0,90.0,90.0,11.51,0.886,metal
Np,Sn,cubic,4.158,4.158,4.158,90.0,90.0,90.0,14.382,0.9,metal
Np,Sr,cubic,4.397,4.397,4.397,90.0,90.0,90.0,17.004,0.826,metal
Np,Ta,rhombohedral,5.371,5.371,5.371,67.9,67.9,67.9,12.8,0.75,metal
Np,Tb,cubic,4.311,4.311,4.311,90.0,90.0,90.0,16.029,0.8,insulator
Np,Tc,orthorhombic,5.301,6.034,7.764,90.0,90.0,90.0,12.415999999999999,0.4,metal
Np,Te,cubic,4.278,4.278,4.278,90.0,90.0,90.0,15.661,0.917,metal
Np,Th,cubic,4.565,4.565,4.565,90.0,90.0,90.0,19.029,0.97,metal
Np,Ti,orthorhombic,5.485,5.713,7.849,90.0,90.0,90.0,12.298,0.863,metal
Np,Tl,orthorhombic,5.786,6.192,8.312,90.0,90.0,90.0,14.89,0.796,metal
Np,V,orthorhombic,5.462,5.707,7.781,90.0,90.0,90.0,12.126,1.2,insulator
Np,W,cubic,4.0,4.0,4.0,90.0,90.0,90.0,12.800999999999998,0.846,metal
Np,Yb,cubic,4.136,4.136,4.136,90.0,90.0,90.0,14.145999999999999,0.599,metal
Np,Zn,cubic,3.871,3.871,3.871,90.0,90.0,90.0,11.603,0.763,metal
Np,Zr,orthorhombic,5.662,6.14,7.851,90.0,90.0,90.0,13.645999999999999,0.681,metal
Os,Ac,orthorhombic,6.186,6.51,8.59,90.0,90.0,90.0,17.298,0.2,metal
Os,Ag,orthorhombic,5.268,5.685,8.902,90.0,90.0,90.0,13.329,0.0,metal
Os,Al,cubic,3.665,3.665,3.665,90.0,90.0,90.0,9.843,0.862,metal
Os,As,cubic,3.871,3.871,3.871,90.0,90.0,90.0,11.602,0.829,metal
Os,Au,cubic,4.051,4.051,4.051,90.0,90.0,90.0,13.296,0.934,metal
Os,B,cubic,3.382,3.382,3.382,90.0,90.0,90.0,7.736000000000001,0.003,metal
Os,Ba,cubic,4.577,4.577,4.577,90.0,90.0,90.0,19.177,0.962,metal
Os,Be,cubic,3.408,3.408,3.408,90.0,90.0,90.0,7.92,0.012,metal
Os,Bi,cubic,4.234,4.234,4.234,90.0,90.0,90.0,15.183,0.82,metal
Os,Cd,cubic,4.087,4.087,4.087,90.0,90.0,90.0,13.652999999999999,0.996,metal
Os,Ce,cubic,4.513,4.513,4.513,90.0,90.0,90.0,18.387,1.08,metal
Os,Co,cubic,3.675,3.675,3.675,90.0,90.0,90.0,9.924,0.893,metal
Os,Cr,cubic,3.809,3.809,3.809,90.0,90.0,90.0,11.049000000000001,1.465,metal
Os,Cu,cubic,3.722,3.722,3.722,90.0,90.0,90.0,10.312000000000001,0.946,metal
Os,Dy,cubic,4.274,4.274,4.274,90.0,90.0,90.0,15.613,1.02,metal
Os,Er,cubic,4.231,4.231,4.231,90.0,90.0,90.0,15.148,1.014,metal
Os,Eu,cubic,4.272,4.272,4.272,90.0,90.0,90.0,15.591,1.025,metal
Os,Fe,cubic,3.817,3.817,3.817,90.0,90.0,90.0,11.12,1.844,metal
Os,Ga,cubic,3.808,3.808,3.808,90.0,90.0,90.0,11.048,0.975,metal
Os,Gd,cubic,4.322,4.322,4.322,90.0,90.0,90.0,16.143,1.024,metal
Os,Ge,cubic,3.766,3.766,3.766,90.0,90.0,90.0,10.679,0.832,metal
Os,Hf,cubic,4.062,4.062,4.062,90.0,90.0,90.0,13.402999999999999,0.834,metal
Os,Hg,cubic,4.152,4.152,4.152,90.0,90.0,90.0,14.318,0.935,metal
Os,Ho,cubic,4.252,4.252,4.252,90.0,90.0,90.0,15.37,1.016,metal
Os,In,cubic,4.096,4.096,4.096,90.0,90.0,90.0,13.745999999999999,1.01,metal
Os,Ir,cubic,3.919,3.919,3.919,90.0,90.0,90.0,12.036,0.874,metal
Os,K,cubic,4.312,4.312,4.312,90.0,90.0,90.0,16.038,1.416,metal
Os,La,cubic,4.473,4.473,4.473,90.0,90.0,90.0,17.899,1.078,metal
Os,Li,orthorhombic,5.131,5.457,6.522,90.0,90.0,90.0,9.131,0.052,metal
Os,Lu,cubic,4.165,4.165,4.165,90.0,90.0,90.0,14.454,1.008,metal
Os,Mg,cubic,3.698,3.698,3.698,90.0,90.0,90.0,10.116,0.285,metal
Os,Mo,cubic,3.922,3.922,3.922,90.0,90.0,90.0,12.07,0.687,metal
Os,Na,cubic,3.834,3.834,3.834,90.0,90.0,90.0,11.269,0.572,metal
Os,Nb,cubic,4.001,4.001,4.001,90.0,90.0,90.0,12.809000000000001,0.686,metal
Os,Nd,cubic,4.438,4.438,4.438,90.0,90.0,90.0,17.487000000000002,1.049,metal
Os,Ni,cubic,3.696,3.696,3.696,90.0,90.0,90.0,10.101,1.118,metal
Os,Np,cubic,4.301,4.301,4.301,90.0,90.0,90.0,15.909,-0.326,metal
Os,Os,cubic,3.898,3.898,3.898,90.0,90.0,90.0,11.843,0.632,metal
Os,Pa,cubic,4.362,4.362,4.362,90.0,90.0,90.0,16.602,0.79,metal
Os,Pb,cubic,4.196,4.196,4.196,90.0,90.0,90.0,14.78,0.861,metal
Os,Pd,cubic,3.931,3.931,3.931,90.0,90.0,90.0,12.15,0.978,metal
Os,Pm,cubic,4.403,4.403,4.403,90.0,90.0,90.0,17.076,1.047,metal
Os,Pr,cubic,4.472,4.472,4.472,90.0,90.0,90.0,17.885,1.067,metal
Os,Pt,cubic,3.975,3.975,3.975,90.0,90.0,90.0,12.557,0.958,metal
Os,Rb,cubic,4.297,4.297,4.297,90.0,90.0,90.0,15.87,0.952,metal
Os,Re,cubic,3.9,3.9,3.9,90.0,90.0,90.0,11.862,0.652,metal
Os,Rh,cubic,3.899,3.899,3.899,90.0,90.0,90.0,11.854000000000001,0.908,metal
Os,Ru,cubic,3.883,3.883,3.883,90.0,90.0,90.0,11.707,0.628,metal
Os,Sb,cubic,4.041,4.041,4.041,90.0,90.0,90.0,13.202,0.758,metal
Os,Sc,cubic,4.002,4.002,4.002,90.0,90.0,90.0,12.821,1.003,metal
Os,Si,cubic,3.611,3.611,3.611,90.0,90.0,90.0,9.418,0.812,metal
Os,Sm,cubic,4.381,4.381,4.381,90.0,90.0,90.0,16.82,1.036,metal
Os,Sn,cubic,4.024,4.024,4.024,90.0,90.0,90.0,13.036,0.833,metal
Os,Sr,cubic,4.413,4.413,4.413,90.0,90.0,90.0,17.19,1.229,metal
Os,Ta,cubic,3.978,3.978,3.978,90.0,90.0,90.0,12.59,0.669,metal
Os,Tb,cubic,4.296,4.296,4.296,90.0,90.0,90.0,15.857999999999999,1.022,metal
Os,Tc,cubic,3.89,3.89,3.89,90.0,90.0,90.0,11.774000000000001,0.646,metal
Os,Te,cubic,4.134,4.134,4.134,90.0,90.0,90.0,14.126,0.793,metal
Os,Th,cubic,4.538,4.538,4.538,90.0,90.0,90.0,18.69,0.902,metal
Os,Ti,cubic,3.855,3.855,3.855,90.0,90.0,90.0,11.456,0.817,metal
Os,Tl,cubic,4.201,4.201,4.201,90.0,90.0,90.0,14.823,0.956,metal
Os,Tm,cubic,4.207,4.207,4.207,90.0,90.0,90.0,14.888,1.01,metal
Os,U,cubic,4.306,4.306,4.306,90.0,90.0,90.0,15.963,0.958,metal
Os,V,cubic,3.794,3.794,3.794,90.0,90.0,90.0,10.921,0.978,metal
Os,W,cubic,3.926,3.926,3.926,90.0,90.0,90.0,12.104000000000001,0.656,metal
Os,Y,cubic,4.282,4.282,4.282,90.0,90.0,90.0,15.7,1.011,metal
Os,Yb,cubic,4.125,4.125,4.125,90.0,90.0,90.0,14.04,1.213,metal
Os,Zn,cubic,3.809,3.809,3.809,90.0,90.0,90.0,11.056,0.987,metal
Os,Zr,cubic,4.117,4.117,4.117,90.0,90.0,90.0,13.953,0.838,metal
Pa,Ac,cubic,4.678,4.678,4.678,90.0,90.0,90.0,20.472,0.392,metal
Pa,Ag,orthorhombic,5.835,6.235,7.516,90.0,90.0,90.0,13.672,0.0,insulator
Pa,Al,orthorhombic,5.383,5.388,7.551,90.0,90.0,90.0,10.95,0.4,metal
Pa,As,cubic,4.053,4.053,4.053,90.0,90.0,90.0,13.312000000000001,0.418,metal
Pa,Au,orthorhombic,6.417,6.963,7.271,90.0,90.0,90.0,16.244,0.0,insulator
Pa,Be,orthorhombic,5.085,5.168,7.297,90.0,90.0,90.0,9.587,0.2,insulator
Pa,Cd,orthorhombic,5.684,6.127,8.178,90.0,90.0,90.0,14.24,0.2,insulator
Pa,Cr,cubic,3.891,3.891,3.891,90.0,90.0,90.0,11.777999999999999,1.0,metal
Pa,Cu,orthorhombic,5.311,5.98,7.435,90.0,90.0,90.0,11.809000000000001,0.0,insulator
Pa,Dy,cubic,4.279,4.279,4.279,90.0,90.0,90.0,15.67,0.391,metal
Pa,Eu,orthorhombic,5.734,5.957,9.356,90.0,90.0,90.0,15.978,0.2,insulator
Pa,Ga,rhombohedral,5.5,5.5,5.5,60.4,60.4,60.4,11.866,0.4,metal
Pa,Gd,cubic,4.328,4.328,4.328,90.0,90.0,90.0,16.219,0.394,metal
Pa,Hf,cubic,4.095,4.095,4.095,90.0,90.0,90.0,13.735,0.463,metal
Pa,Hg,orthorhombic,5.699,6.204,8.868,90.0,90.0,90.0,15.677,0.2,insulator
Pa,Ho,cubic,4.256,4.256,4.256,90.0,90.0,90.0,15.421,0.389,metal
Pa,Ir,cubic,3.997,3.997,3.997,90.0,90.0,90.0,12.776,0.335,metal
Pa,La,cubic,4.519,4.519,4.519,90.0,90.0,90.0,18.457,0.4,metal
Pa,Li,orthorhombic,5.195,5.751,7.383,90.0,90.0,90.0,11.029000000000002,0.0,insulator
Pa,Lu,cubic,4.167,4.167,4.167,90.0,90.0,90.0,14.472000000000001,0.383,metal
Pa,Mg,cubic,3.806,3.806,3.806,90.0,90.0,90.0,11.029000000000002,0.2,metal
Pa,Mn,cubic,3.916,3.916,3.916,90.0,90.0,90.0,12.005999999999998,1.2,metal
Pa,Na,orthorhombic,5.442,5.714,8.898,90.0,90.0,90.0,13.835999999999999,0.0,insulator
Pa,Nb,cubic,4.064,4.064,4.064,90.0,90.0,90.0,13.421,0.479,metal
Pa,Ni,cubic,3.8,3.8,3.8,90.0,90.0,90.0,10.975999999999999,0.126,metal
Pa,Os,cubic,3.977,3.977,3.977,90.0,90.0,90.0,12.579,0.291,metal
Pa,Pb,orthorhombic,5.806,6.046,9.891,90.0,90.0,90.0,17.36,0.2,insulator
Pa,Pd,cubic,4.007,4.007,4.007,90.0,90.0,90.0,12.866,0.315,metal
Pa,Pm,cubic,4.422,4.422,4.422,90.0,90.0,90.0,17.294,0.398,metal
Pa,Pr,cubic,4.499,4.499,4.499,90.0,90.0,90.0,18.213,0.398,metal
Pa,Pt,cubic,4.061,4.061,4.061,90.0,90.0,90.0,13.395,0.358,metal
Pa,Re,cubic,3.975,3.975,3.975,90.0,90.0,90.0,12.557,0.284,metal
Pa,Rh,cubic,3.961,3.961,3.961,90.0,90.0,90.0,12.432,0.295,metal
Pa,Ru,cubic,3.94,3.94,3.94,90.0,90.0,90.0,12.23,0.239,metal
Pa,Sb,cubic,4.26,4.26,4.26,90.0,90.0,90.0,15.457,0.481,metal
Pa,Sc,cubic,4.026,4.026,4.026,90.0,90.0,90.0,13.050999999999998,0.37,metal
Pa,Si,cubic,3.82,3.82,3.82,90.0,90.0,90.0,11.147,0.481,metal
Pa,Sr,tetragonal,3.796,3.796,6.049,90.0,90.0,90.0,17.429000000000002,0.2,insulator
Pa,Ta,cubic,4.029,4.029,4.029,90.0,90.0,90.0,13.081,0.396,metal
Pa,Tb,cubic,4.302,4.302,4.302,90.0,90.0,90.0,15.923,0.393,metal
Pa,Tc,cubic,3.962,3.962,3.962,90.0,90.0,90.0,12.437999999999999,0.145,metal
Pa,Te,cubic,4.255,4.255,4.255,90.0,90.0,90.0,15.408,0.504,metal
Pa,Th,cubic,4.579,4.579,4.579,90.0,90.0,90.0,19.206,0.573,metal
Pa,Ti,orthorhombic,5.419,6.01,7.555,90.0,90.0,90.0,12.302999999999999,0.2,metal
Pa,Tl,orthorhombic,5.991,6.276,8.464,90.0,90.0,90.0,15.913,0.203,metal
Pa,Tm,cubic,4.214,4.214,4.214,90.0,90.0,90.0,14.962,0.387,metal
Pa,V,cubic,3.927,3.927,3.927,90.0,90.0,90.0,12.113,0.8,metal
Pa,W,cubic,4.022,4.022,4.022,90.0,90.0,90.0,13.012,0.466,metal
Pa,Y,cubic,4.274,4.274,4.274,90.0,90.0,90.0,15.618,0.391,metal
Pa,Yb,cubic,5.016,5.016,5.016,90.0,90.0,90.0,25.247,0.2,insulator
Pa,Zn,cubic,3.879,3.879,3.879,90.0,90.0,90.0,11.677,0.204,metal
Pa,Zr,cubic,4.147,4.147,4.147,90.0,90.0,90.0,14.262,0.449,metal
Pb,Ac,cubic,4.633,4.633,4.633,90.0,90.0,90.0,19.884,0.11,metal
Pb,Ag,orthorhombic,5.52,5.787,8.323,90.0,90.0,90.0,13.293,,metal
Pb,Al,orthorhombic,5.314,5.413,7.534,90.0,90.0,90.0,10.835,,metal
Pb,As,tetragonal,3.874,3.874,4.556,90.0,90.0,90.0,13.674000000000001,,metal
Pb,Au,orthorhombic,5.683,5.928,8.094,90.0,90.0,90.0,13.635,,metal
Pb,B,cubic,3.532,3.532,3.532,90.0,90.0,90.0,8.811,,metal
Pb,Ba,orthorhombic,6.153,6.322,9.889,90.0,90.0,90.0,19.236,,insulator
Pb,Be,cubic,3.609,3.609,3.609,90.0,90.0,90.0,9.405,,metal
Pb,Bi,rhombohedral,6.021,6.021,6.021,61.0,61.0,61.0,15.787,,metal
Pb,Ca,cubic,4.31,4.31,4.31,90.0,90.0,90.0,16.014,,metal
Pb,Cd,cubic,4.171,4.171,4.171,90.0,90.0,90.0,14.512,,metal
Pb,Ce,cubic,4.509,4.509,4.509,90.0,90.0,90.0,18.335,0.197,metal
Pb,Co,orthorhombic,5.301,5.541,7.793,90.0,90.0,90.0,11.444,0.164,metal
Pb,Cr,orthorhombic,5.425,5.554,7.724,90.0,90.0,90.0,11.637,0.468,metal
Pb,Cs,orthorhombic,4.87,5.785,13.158,90.0,90.0,90.0,18.534000000000002,,metal
Pb,Cu,orthorhombic,5.275,5.674,7.582,90.0,90.0,90.0,11.345999999999998,,metal
Pb,Er,orthorhombic,5.766,6.019,8.405,90.0,90.0,90.0,14.584000000000001,0.0,metal
Pb,Eu,orthorhombic,5.932,5.958,8.651,90.0,90.0,90.0,15.286,0.0,insulator
Pb,Fe,orthorhombic,5.42,5.599,7.768,90.0,90.0,90.0,11.787,0.871,metal
Pb,Ga,orthorhombic,5.418,5.595,7.732,90.0,90.0,90.0,11.72,,metal
Pb,Gd,orthorhombic,5.838,6.085,8.536,90.0,90.0,90.0,15.16,0.001,metal
Pb,Ge,tetragonal,3.668,3.668,4.715,90.0,90.0,90.0,12.687999999999999,,metal
Pb,Hg,orthorhombic,5.481,5.721,9.439,90.0,90.0,90.0,14.797,,metal
Pb,Ho,orthorhombic,5.782,6.041,8.423,90.0,90.0,90.0,14.71,0.0,metal
Pb,In,orthorhombic,5.671,5.912,8.235,90.0,90.0,90.0,13.805,,metal
Pb,Ir,orthorhombic,5.538,5.721,7.871,90.0,90.0,90.0,12.470999999999998,0.0,metal
Pb,K,orthorhombic,5.353,6.47,10.555,90.0,90.0,90.0,18.281,,metal
Pb,La,cubic,4.5,4.5,4.5,90.0,90.0,90.0,18.230999999999998,0.2,metal
Pb,Li,cubic,3.727,3.727,3.727,90.0,90.0,90.0,10.350999999999999,,metal
Pb,Lu,orthorhombic,5.714,5.96,8.316,90.0,90.0,90.0,14.161,0.0,metal
Pb,Mg,cubic,3.93,3.93,3.93,90.0,90.0,90.0,12.14,,metal
Pb,Mn,orthorhombic,5.442,5.536,7.743,90.0,90.0,90.0,11.665999999999999,0.631,metal
Pb,Mo,tetragonal,3.999,3.999,4.043,90.0,90.0,90.0,12.931,0.0,metal
Pb,Na,orthorhombic,5.683,5.717,8.221,90.0,90.0,90.0,13.354000000000001,,metal
Pb,Nd,cubic,4.48,4.48,4.48,90.0,90.0,90.0,17.985,0.202,metal
Pb,Ni,orthorhombic,5.264,5.479,7.756,90.0,90.0,90.0,11.185,0.397,metal
Pb,Os,orthorhombic,5.602,5.659,7.91,90.0,90.0,90.0,12.537,0.162,metal
Pb,Pb,orthorhombic,5.885,6.086,8.454,90.0,90.0,90.0,15.14,,insulator
Pb,Pd,orthorhombic,5.525,5.783,7.857,90.0,90.0,90.0,12.550999999999998,,metal
Pb,Pm,cubic,4.452,4.452,4.452,90.0,90.0,90.0,17.646,-0.001,metal
Pb,Pr,cubic,4.457,4.457,4.457,90.0,90.0,90.0,17.71,0.2,metal
Pb,Pt,orthorhombic,5.595,5.806,7.959,90.0,90.0,90.0,12.927999999999999,0.001,metal
Pb,Rb,orthorhombic,5.609,6.55,11.024,90.0,90.0,90.0,20.250999999999998,,metal
Pb,Re,cubic,3.993,3.993,3.993,90.0,90.0,90.0,12.732000000000001,0.003,metal
Pb,Rh,orthorhombic,5.491,5.694,7.82,90.0,90.0,90.0,12.222999999999999,0.0,metal
Pb,Ru,orthorhombic,5.531,5.633,7.878,90.0,90.0,90.0,12.273,0.195,metal
Pb,Sb,orthorhombic,5.856,5.969,8.357,90.0,90.0,90.0,14.606,,metal
Pb,Sc,orthorhombic,5.582,5.812,8.069,90.0,90.0,90.0,13.089,-0.001,metal
Pb,Si,tetragonal,3.493,3.493,4.738,90.0,90.0,90.0,11.559000000000001,,insulator
Pb,Sm,cubic,4.429,4.429,4.429,90.0,90.0,90.0,17.381,-0.008,metal
Pb,Sn,rhombohedral,5.759,5.759,5.759,60.6,60.6,60.6,13.699000000000002,,insulator
Pb,Sr,orthorhombic,6.026,6.104,8.986,90.0,90.0,90.0,16.528,,metal
Pb,Tb,orthorhombic,5.822,6.068,8.503,90.0,90.0,90.0,15.019,0.001,metal
Pb,Tc,rhombohedral,5.598,5.598,5.598,60.7,60.7,60.7,12.61,0.329,metal
Pb,Te,tetragonal,4.256,4.256,4.495,90.0,90.0,90.0,16.283,,metal
Pb,Th,orthorhombic,6.109,6.404,8.863,90.0,90.0,90.0,17.337,0.0,insulator
Pb,Tl,orthorhombic,5.781,6.031,8.525,90.0,90.0,90.0,14.862,,metal
Pb,Tm,orthorhombic,5.744,5.996,8.363,90.0,90.0,90.0,14.402000000000001,0.0,metal
Pb,V,tetragonal,3.874,3.874,4.383,90.0,90.0,90.0,13.155,0.2,insulator
Pb,Y,orthorhombic,5.791,6.038,8.484,90.0,90.0,90.0,14.833,0.0,metal
Pb,Yb,cubic,4.205,4.205,4.205,90.0,90.0,90.0,14.875,,metal
Pb,Zn,orthorhombic,5.318,5.542,8.013,90.0,90.0,90.0,11.809000000000001,,metal
Pd,Ac,orthorhombic,5.948,6.172,8.599,90.0,90.0,90.0,15.784,0.0,metal
Pd,Ag,cubic,3.99,3.99,3.99,90.0,90.0,90.0,12.705,,metal
Pd,Al,cubic,3.662,3.662,3.662,90.0,90.0,90.0,9.822000000000001,,metal
Pd,As,cubic,3.767,3.767,3.767,90.0,90.0,90.0,10.69,,metal
Pd,Au,cubic,4.028,4.028,4.028,90.0,90.0,90.0,13.074000000000002,,metal
Pd,B,cubic,3.394,3.394,3.394,90.0,90.0,90.0,7.821000000000001,,metal
Pd,Ba,rhombohedral,6.594,6.594,6.594,57.3,57.3,57.3,19.031,,insulator
Pd,Be,cubic,3.461,3.461,3.461,90.0,90.0,90.0,8.288,,metal
Pd,Bi,cubic,4.171,4.171,4.171,90.0,90.0,90.0,14.509,,metal
Pd,Ca,rhombohedral,6.0,6.0,6.0,57.0,57.0,57.0,14.222999999999999,,insulator
Pd,Cd,cubic,4.09,4.09,4.09,90.0,90.0,90.0,13.687000000000001,,metal
Pd,Ce,orthorhombic,5.847,6.056,8.22,90.0,90.0,90.0,14.554,0.0,metal
Pd,Co,cubic,3.695,3.695,3.695,90.0,90.0,90.0,10.092,0.025,metal
Pd,Cr,cubic,3.772,3.772,3.772,90.0,90.0,90.0,10.735,-0.001,metal
Pd,Cs,orthorhombic,6.351,6.642,9.483,90.0,90.0,90.0,19.999000000000002,,metal
Pd,Cu,cubic,3.704,3.704,3.704,90.0,90.0,90.0,10.167,,metal
Pd,Dy,cubic,4.33,4.33,4.33,90.0,90.0,90.0,16.232,0.596,metal
Pd,Er,cubic,4.288,4.288,4.288,90.0,90.0,90.0,15.769,0.599,metal
Pd,Eu,orthorhombic,5.834,5.856,7.854,90.0,90.0,90.0,13.415999999999999,0.0,metal
Pd,Fe,cubic,3.768,3.768,3.768,90.0,90.0,90.0,10.699000000000002,0.4,metal
Pd,Ga,cubic,3.8,3.8,3.8,90.0,90.0,90.0,10.97,,metal
Pd,Gd,cubic,4.369,4.369,4.369,90.0,90.0,90.0,16.679000000000002,-0.04,metal
Pd,Ge,cubic,3.73,3.73,3.73,90.0,90.0,90.0,10.377,,metal
Pd,Hf,cubic,4.067,4.067,4.067,90.0,90.0,90.0,13.454,0.394,metal
Pd,Hg,orthorhombic,5.377,5.587,8.481,90.0,90.0,90.0,12.738,,metal
Pd,Ho,cubic,4.308,4.308,4.308,90.0,90.0,90.0,15.991,0.6,metal
Pd,In,cubic,4.109,4.109,4.109,90.0,90.0,90.0,13.874,,metal
Pd,Ir,cubic,3.877,3.877,3.877,90.0,90.0,90.0,11.655999999999999,0.006,metal
Pd,K,orthorhombic,5.907,6.447,9.127,90.0,90.0,90.0,17.378,,metal
Pd,La,orthorhombic,5.815,6.028,8.256,90.0,90.0,90.0,14.470999999999998,0.0,metal
Pd,Li,cubic,3.547,3.547,3.547,90.0,90.0,90.0,8.929,,metal
Pd,Lu,cubic,4.206,4.206,4.206,90.0,90.0,90.0,14.877,0.59,metal
Pd,Mg,cubic,3.791,3.791,3.791,90.0,90.0,90.0,10.898,,metal
Pd,Mn,cubic,3.771,3.771,3.771,90.0,90.0,90.0,10.725,0.2,metal
Pd,Mo,orthorhombic,5.258,5.581,7.617,90.0,90.0,90.0,11.175999999999998,-0.055,metal
Pd,Na,cubic,3.952,3.952,3.952,90.0,90.0,90.0,12.341,,metal
Pd,Nb,orthorhombic,5.391,5.63,7.755,90.0,90.0,90.0,11.769,0.2,metal
Pd,Nd,cubic,4.475,4.475,4.475,90.0,90.0,90.0,17.921,0.6,metal
Pd,Ni,cubic,3.684,3.684,3.684,90.0,90.0,90.0,9.996,0.811,metal
Pd,Os,orthorhombic,5.251,5.576,7.425,90.0,90.0,90.0,10.869000000000002,0.002,metal
Pd,Pa,tetragonal,4.235,4.477,4.477,90.0,90.0,90.0,16.975,0.0,metal
Pd,Pb,orthorhombic,5.382,5.752,8.415,90.0,90.0,90.0,13.025,,metal
Pd,Pd,cubic,3.919,3.919,3.919,90.0,90.0,90.0,12.035,,metal
Pd,Pm,orthorhombic,5.695,5.937,8.13,90.0,90.0,90.0,13.745,0.0,metal
Pd,Pr,orthorhombic,5.785,6.016,8.183,90.0,90.0,90.0,14.24,0.0,metal
Pd,Pt,cubic,3.948,3.948,3.948,90.0,90.0,90.0,12.306,0.529,metal
Pd,Pu,cubic,4.265,4.265,4.265,90.0,90.0,90.0,15.514000000000001,0.401,metal
Pd,Rb,cubic,4.306,4.306,4.306,90.0,90.0,90.0,15.965,,metal
Pd,Re,cubic,3.865,3.865,3.865,90.0,90.0,90.0,11.548,-0.032,metal
Pd,Rh,cubic,3.876,3.876,3.876,90.0,90.0,90.0,11.644,0.375,metal
Pd,Ru,cubic,3.847,3.847,3.847,90.0,90.0,90.0,11.384,-0.013,metal
Pd,Sb,cubic,3.953,3.953,3.953,90.0,90.0,90.0,12.357999999999999,,metal
Pd,Sc,cubic,4.022,4.022,4.022,90.0,90.0,90.0,13.009,-0.005,metal
Pd,Si,cubic,3.564,3.564,3.564,90.0,90.0,90.0,9.052999999999999,,metal
Pd,Sm,cubic,4.398,4.398,4.398,90.0,90.0,90.0,17.017,0.6,metal
Pd,Sn,cubic,4.018,4.018,4.018,90.0,90.0,90.0,12.972000000000001,,metal
Pd,Sr,rhombohedral,6.077,6.077,6.077,60.4,60.4,60.4,16.018,,insulator
Pd,Ta,orthorhombic,5.416,5.577,7.755,90.0,90.0,90.0,11.713,0.2,metal
Pd,Tb,cubic,4.349,4.349,4.349,90.0,90.0,90.0,16.456,0.593,metal
Pd,Tc,orthorhombic,5.218,5.541,7.502,90.0,90.0,90.0,10.845999999999998,0.008,metal
Pd,Te,cubic,4.025,4.025,4.025,90.0,90.0,90.0,13.04,,metal
Pd,Th,cubic,4.507,4.507,4.507,90.0,90.0,90.0,18.304000000000002,0.425,metal
Pd,Ti,cubic,3.856,3.856,3.856,90.0,90.0,90.0,11.464,0.396,metal
Pd,Tl,cubic,4.188,4.188,4.188,90.0,90.0,90.0,14.690999999999999,,metal
Pd,Tm,cubic,4.247,4.247,4.247,90.0,90.0,90.0,15.325,0.602,metal
Pd,U,cubic,4.209,4.209,4.209,90.0,90.0,90.0,14.913,0.0,insulator
Pd,V,cubic,3.767,3.767,3.767,90.0,90.0,90.0,10.690999999999999,0.203,metal
Pd,W,cubic,3.895,3.895,3.895,90.0,90.0,90.0,11.819,-0.062,metal
Pd,Y,cubic,4.344,4.344,4.344,90.0,90.0,90.0,16.398,0.6,metal
Pd,Yb,orthorhombic,5.371,5.643,8.172,90.0,90.0,90.0,12.384,,insulator
Pd,Zn,cubic,3.805,3.805,3.805,90.0,90.0,90.0,11.02,,metal
Pd,Zr,cubic,4.124,4.124,4.124,90.0,90.0,90.0,14.033,0.397,metal
Pm,Ac,cubic,4.669,4.669,4.669,90.0,90.0,90.0,20.362000000000002,0.0,metal
Pm,Ag,orthorhombic,5.547,6.017,7.895,90.0,90.0,90.0,13.175999999999998,0.0,metal
Pm,Al,orthorhombic,5.301,5.311,7.496,90.0,90.0,90.0,10.552999999999999,0.0,insulator
Pm,As,cubic,4.023,4.023,4.023,90.0,90.0,90.0,13.017999999999999,0.0,metal
Pm,Au,cubic,4.113,4.113,4.113,90.0,90.0,90.0,13.919,0.0,metal
Pm,B,cubic,3.524,3.524,3.524,90.0,90.0,90.0,8.751,0.0,insulator
Pm,Ba,orthorhombic,6.055,6.094,10.489,90.0,90.0,90.0,19.352,0.113,metal
Pm,Be,cubic,3.605,3.605,3.605,90.0,90.0,90.0,9.372,0.2,metal
Pm,Bi,cubic,4.383,4.383,4.383,90.0,90.0,90.0,16.837,0.0,metal
Pm,Ca,cubic,4.146,4.146,4.146,90.0,90.0,90.0,14.252,0.2,metal
Pm,Cd,cubic,4.112,4.112,4.112,90.0,90.0,90.0,13.902000000000001,0.0,metal
Pm,Ce,cubic,4.545,4.545,4.545,90.0,90.0,90.0,18.779,0.0,insulator
Pm,Co,orthorhombic,5.313,5.538,7.629,90.0,90.0,90.0,11.222999999999999,0.4,metal
Pm,Cr,orthorhombic,5.386,5.594,7.716,90.0,90.0,90.0,11.625,0.6,insulator
Pm,Cu,orthorhombic,5.308,5.566,7.55,90.0,90.0,90.0,11.154000000000002,0.0,metal
Pm,Dy,cubic,4.277,4.277,4.277,90.0,90.0,90.0,15.647,0.0,insulator
Pm,Er,cubic,4.229,4.229,4.229,90.0,90.0,90.0,15.13,0.0,insulator
Pm,Eu,cubic,4.266,4.266,4.266,90.0,90.0,90.0,15.527999999999999,0.114,metal
Pm,Fe,orthorhombic,5.405,5.639,7.735,90.0,90.0,90.0,11.787,1.0,insulator
Pm,Ga,orthorhombic,5.389,5.565,7.699,90.0,90.0,90.0,11.543,0.0,insulator
Pm,Gd,cubic,4.33,4.33,4.33,90.0,90.0,90.0,16.230999999999998,0.0,insulator
Pm,Ge,orthorhombic,5.466,5.823,7.894,90.0,90.0,90.0,12.562999999999999,0.0,metal
Pm,Hf,orthorhombic,5.574,6.071,7.75,90.0,90.0,90.0,13.113,0.082,metal
Pm,Hg,cubic,4.203,4.203,4.203,90.0,90.0,90.0,14.850999999999999,0.0,metal
Pm,Ho,cubic,4.254,4.254,4.254,90.0,90.0,90.0,15.392999999999999,0.0,insulator
Pm,In,orthorhombic,5.61,5.928,8.151,90.0,90.0,90.0,13.552999999999999,0.0,insulator
Pm,Ir,cubic,3.975,3.975,3.975,90.0,90.0,90.0,12.562000000000001,0.001,metal
Pm,K,cubic,4.191,4.191,4.191,90.0,90.0,90.0,14.719000000000001,-0.029,metal
Pm,La,cubic,4.522,4.522,4.522,90.0,90.0,90.0,18.49,0.0,insulator
Pm,Li,orthorhombic,5.077,5.823,7.439,90.0,90.0,90.0,10.995999999999999,0.4,metal
Pm,Lu,cubic,4.169,4.169,4.169,90.0,90.0,90.0,14.49,0.0,insulator
Pm,Mg,orthorhombic,5.363,5.756,7.701,90.0,90.0,90.0,11.885,0.2,metal
Pm,Mn,orthorhombic,5.398,5.74,7.639,90.0,90.0,90.0,11.834000000000001,0.8,metal
Pm,Mo,orthorhombic,5.489,5.893,7.907,90.0,90.0,90.0,12.787,0.588,metal
Pm,Na,cubic,3.964,3.964,3.964,90.0,90.0,90.0,12.460999999999999,0.4,metal
Pm,Nb,orthorhombic,5.489,6.01,7.797,90.0,90.0,90.0,12.857999999999999,0.001,metal
Pm,Nd,cubic,4.462,4.462,4.462,90.0,90.0,90.0,17.772000000000002,0.0,insulator
Pm,Ni,orthorhombic,5.307,5.476,7.57,90.0,90.0,90.0,10.999,0.2,metal
Pm,Np,cubic,4.422,4.422,4.422,90.0,90.0,90.0,17.295,0.793,metal
Pm,Os,cubic,3.959,3.959,3.959,90.0,90.0,90.0,12.413,0.002,metal
Pm,Pa,cubic,4.468,4.468,4.468,90.0,90.0,90.0,17.835,0.306,metal
Pm,Pd,orthorhombic,5.486,5.934,7.672,90.0,90.0,90.0,12.489,0.001,metal
Pm,Pm,cubic,4.421,4.421,4.421,90.0,90.0,90.0,17.285,0.0,insulator
Pm,Pr,cubic,4.501,4.501,4.501,90.0,90.0,90.0,18.234,0.0,insulator
Pm,Pt,orthorhombic,5.53,6.102,7.513,90.0,90.0,90.0,12.675,0.0,metal
Pm,Pu,cubic,4.803,4.803,4.803,90.0,90.0,90.0,22.160999999999998,0.968,metal
Pm,Rb,cubic,4.347,4.347,4.347,90.0,90.0,90.0,16.433,-0.004,metal
Pm,Re,cubic,3.965,3.965,3.965,90.0,90.0,90.0,12.468,0.166,metal
Pm,Rh,orthorhombic,5.357,5.826,7.751,90.0,90.0,90.0,12.095999999999998,0.0,insulator
Pm,Ru,orthorhombic,5.315,5.877,7.732,90.0,90.0,90.0,12.075999999999999,0.199,metal
Pm,Sb,cubic,4.228,4.228,4.228,90.0,90.0,90.0,15.117,0.0,metal
Pm,Sc,orthorhombic,5.531,5.788,7.973,90.0,90.0,90.0,12.764000000000001,0.0,insulator
Pm,Si,cubic,3.744,3.744,3.744,90.0,90.0,90.0,10.493,0.0,metal
Pm,Sm,cubic,4.395,4.395,4.395,90.0,90.0,90.0,16.975,0.0,insulator
Pm,Sn,cubic,4.128,4.128,4.128,90.0,90.0,90.0,14.065,0.0,metal
Pm,Sr,cubic,4.386,4.386,4.386,90.0,90.0,90.0,16.873,-0.001,metal
Pm,Ta,orthorhombic,5.469,6.006,7.738,90.0,90.0,90.0,12.709000000000001,0.001,metal
Pm,Tb,cubic,4.302,4.302,4.302,90.0,90.0,90.0,15.929,0.0,insulator
Pm,Tc,orthorhombic,5.357,5.911,7.749,90.0,90.0,90.0,12.267000000000001,0.388,metal
Pm,Te,cubic,4.25,4.25,4.25,90.0,90.0,90.0,15.35,0.0,metal
Pm,Th,cubic,4.555,4.555,4.555,90.0,90.0,90.0,18.902,0.077,metal
Pm,Ti,orthorhombic,5.422,5.699,7.764,90.0,90.0,90.0,11.995999999999999,0.2,metal
Pm,Tl,cubic,4.25,4.25,4.25,90.0,90.0,90.0,15.35,0.0,metal
Pm,Tm,cubic,4.208,4.208,4.208,90.0,90.0,90.0,14.902999999999999,0.0,insulator
Pm,U,cubic,4.395,4.395,4.395,90.0,90.0,90.0,16.980999999999998,0.561,metal
Pm,V,orthorhombic,5.418,5.702,7.749,90.0,90.0,90.0,11.97,0.4,insulator
Pm,W,orthorhombic,5.321,6.014,7.741,90.0,90.0,90.0,12.385,-0.001,metal
Pm,Y,cubic,4.279,4.279,4.279,90.0,90.0,90.0,15.67,0.0,insulator
Pm,Yb,cubic,4.123,4.123,4.123,90.0,90.0,90.0,14.013,-0.002,metal
Pm,Zn,orthorhombic,5.364,5.746,7.66,90.0,90.0,90.0,11.806,0.0,metal
Pm,Zr,orthorhombic,5.618,6.138,7.777,90.0,90.0,90.0,13.409,0.1,metal
Pr,Ac,cubic,4.684,4.684,4.684,90.0,90.0,90.0,20.551,0.0,metal
Pr,Ag,orthorhombic,5.598,6.01,8.009,90.0,90.0,90.0,13.474,0.0,metal
Pr,Al,rhombohedral,5.323,5.323,5.323,60.5,60.5,60.5,10.784,0.0,insulator
Pr,As,orthorhombic,5.595,5.973,8.07,90.0,90.0,90.0,13.485,0.0,metal
Pr,Au,orthorhombic,5.713,6.561,7.417,90.0,90.0,90.0,13.9,0.0,insulator
Pr,B,cubic,3.567,3.567,3.567,90.0,90.0,90.0,9.076,0.0,insulator
Pr,Ba,orthorhombic,6.163,6.173,10.447,90.0,90.0,90.0,19.871,0.2,metal
Pr,Be,tetragonal,3.501,3.501,4.08,90.0,90.0,90.0,10.004,-0.003,metal
Pr,Bi,cubic,4.364,4.364,4.364,90.0,90.0,90.0,16.619,0.0,metal
Pr,Ca,cubic,4.163,4.163,4.163,90.0,90.0,90.0,14.432,0.2,metal
Pr,Cd,orthorhombic,5.678,6.104,8.166,90.0,90.0,90.0,14.152000000000001,0.0,metal
Pr,Ce,cubic,4.554,4.554,4.554,90.0,90.0,90.0,18.884,0.0,insulator
Pr,Cr,orthorhombic,5.462,5.596,7.782,90.0,90.0,90.0,11.895,0.6,insulator
Pr,Cu,orthorhombic,5.414,5.434,7.661,90.0,90.0,90.0,11.27,0.0,metal
Pr,Dy,cubic,4.291,4.291,4.291,90.0,90.0,90.0,15.805,0.0,insulator
Pr,Er,orthorhombic,5.781,6.039,8.377,90.0,90.0,90.0,14.623,0.0,insulator
Pr,Eu,cubic,4.287,4.287,4.287,90.0,90.0,90.0,15.752,0.141,metal
Pr,Fe,orthorhombic,5.477,5.641,7.811,90.0,90.0,90.0,12.065999999999999,1.0,insulator
Pr,Ga,orthorhombic,5.468,5.548,7.771,90.0,90.0,90.0,11.788,0.0,insulator
Pr,Gd,cubic,4.342,4.342,4.342,90.0,90.0,90.0,16.368,0.0,insulator
Pr,Ge,orthorhombic,5.533,5.846,7.967,90.0,90.0,90.0,12.886,0.0,metal
Pr,Hf,orthorhombic,5.589,5.595,8.514,90.0,90.0,90.0,13.311,0.0,metal
Pr,Hg,cubic,4.219,4.219,4.219,90.0,90.0,90.0,15.022,0.0,metal
Pr,Ho,cubic,4.267,4.267,4.267,90.0,90.0,90.0,15.54,0.0,insulator
Pr,In,orthorhombic,5.67,5.968,8.212,90.0,90.0,90.0,13.895999999999999,0.0,insulator
Pr,Ir,orthorhombic,5.402,5.928,7.846,90.0,90.0,90.0,12.562999999999999,0.0,insulator
Pr,K,orthorhombic,6.21,6.319,9.813,90.0,90.0,90.0,19.250999999999998,0.4,metal
Pr,La,cubic,4.533,4.533,4.533,90.0,90.0,90.0,18.627,0.0,insulator
Pr,Li,orthorhombic,5.187,5.81,7.543,90.0,90.0,90.0,11.365,0.4,metal
Pr,Lu,orthorhombic,5.729,5.966,8.292,90.0,90.0,90.0,14.171,0.0,insulator
Pr,Mg,orthorhombic,5.412,5.782,7.792,90.0,90.0,90.0,12.190999999999999,0.2,metal
Pr,Mn,orthorhombic,5.468,5.685,7.77,90.0,90.0,90.0,12.077,0.8,metal
Pr,Mo,orthorhombic,5.531,5.928,7.974,90.0,90.0,90.0,13.072000000000001,0.549,metal
Pr,Na,cubic,3.996,3.996,3.996,90.0,90.0,90.0,12.765,0.4,metal
Pr,Nb,orthorhombic,5.542,6.032,7.899,90.0,90.0,90.0,13.202,0.001,metal
Pr,Nd,cubic,4.472,4.472,4.472,90.0,90.0,90.0,17.89,0.0,insulator
Pr,Ni,orthorhombic,5.395,5.423,7.636,90.0,90.0,90.0,11.169,0.198,metal
Pr,Np,cubic,4.434,4.434,4.434,90.0,90.0,90.0,17.439,0.786,metal
Pr,Os,cubic,3.976,3.976,3.976,90.0,90.0,90.0,12.572000000000001,0.002,metal
Pr,Pd,orthorhombic,5.552,5.951,7.794,90.0,90.0,90.0,12.876,0.001,metal
Pr,Pm,cubic,4.433,4.433,4.433,90.0,90.0,90.0,17.418,0.0,insulator
Pr,Pr,cubic,4.51,4.51,4.51,90.0,90.0,90.0,18.345,0.0,insulator
Pr,Pt,orthorhombic,5.597,6.114,7.629,90.0,90.0,90.0,13.052,0.0,metal
Pr,Pu,cubic,4.381,4.381,4.381,90.0,90.0,90.0,16.812,0.928,metal
Pr,Rb,orthorhombic,6.505,6.576,9.158,90.0,90.0,90.0,19.587,0.0,insulator
Pr,Re,cubic,3.983,3.983,3.983,90.0,90.0,90.0,12.642000000000001,0.177,metal
Pr,Rh,orthorhombic,5.421,5.849,7.839,90.0,90.0,90.0,12.425999999999998,0.0,insulator
Pr,Ru,orthorhombic,5.384,5.895,7.818,90.0,90.0,90.0,12.405,0.198,metal
Pr,Sb,cubic,4.248,4.248,4.248,90.0,90.0,90.0,15.329,0.0,metal
Pr,Sc,orthorhombic,5.596,5.811,8.04,90.0,90.0,90.0,13.073,0.0,insulator
Pr,Si,tetragonal,3.579,3.579,4.549,90.0,90.0,90.0,11.65,0.001,metal
Pr,Sm,cubic,4.408,4.408,4.408,90.0,90.0,90.0,17.13,0.0,insulator
Pr,Sn,cubic,4.151,4.151,4.151,90.0,90.0,90.0,14.3,0.0,metal
Pr,Sr,cubic,4.391,4.391,4.391,90.0,90.0,90.0,16.936,-0.003,metal
Pr,Ta,orthorhombic,5.526,6.018,7.85,90.0,90.0,90.0,13.054,0.0,metal
Pr,Tb,cubic,4.315,4.315,4.315,90.0,90.0,90.0,16.073,0.0,insulator
Pr,Tc,orthorhombic,5.428,5.922,7.849,90.0,90.0,90.0,12.616,0.39,metal
Pr,Te,cubic,4.266,4.266,4.266,90.0,90.0,90.0,15.529000000000002,0.0,metal
Pr,Th,cubic,4.56,4.56,4.56,90.0,90.0,90.0,18.96,0.057,metal
Pr,Ti,orthorhombic,5.493,5.695,7.84,90.0,90.0,90.0,12.264000000000001,0.194,metal
Pr,Tl,orthorhombic,5.774,6.149,8.433,90.0,90.0,90.0,14.972000000000001,0.0,insulator
Pr,Tm,orthorhombic,5.763,6.005,8.349,90.0,90.0,90.0,14.447000000000001,0.0,insulator
Pr,U,cubic,4.397,4.397,4.397,90.0,90.0,90.0,16.999000000000002,0.546,metal
Pr,V,orthorhombic,5.482,5.721,7.814,90.0,90.0,90.0,12.254000000000001,0.4,insulator
Pr,W,orthorhombic,5.371,6.049,7.836,90.0,90.0,90.0,12.729000000000001,0.001,metal
Pr,Y,cubic,4.291,4.291,4.291,90.0,90.0,90.0,15.797,0.0,insulator
Pr,Yb,cubic,4.142,4.142,4.142,90.0,90.0,90.0,14.208,0.064,metal
Pr,Zn,orthorhombic,5.437,5.724,7.766,90.0,90.0,90.0,12.082,0.0,metal
Pr,Zr,orthorhombic,5.681,6.093,8.031,90.0,90.0,90.0,13.899000000000001,0.167,metal
Pt,Ac,orthorhombic,5.963,6.43,8.342,90.0,90.0,90.0,15.994000000000002,0.0,metal
Pt,Ag,cubic,4.004,4.004,4.004,90.0,90.0,90.0,12.835,0.536,metal
Pt,Al,cubic,3.671,3.671,3.671,90.0,90.0,90.0,9.896,0.307,metal
Pt,As,cubic,3.807,3.807,3.807,90.0,90.0,90.0,11.036,0.322,metal
Pt,Au,cubic,4.04,4.04,4.04,90.0,90.0,90.0,13.190999999999999,0.469,metal
Pt,B,cubic,3.42,3.42,3.42,90.0,90.0,90.0,8.0,0.086,metal
Pt,Ba,orthorhombic,6.334,6.488,9.222,90.0,90.0,90.0,18.95,0.0,insulator
Pt,Be,cubic,3.469,3.469,3.469,90.0,90.0,90.0,8.347999999999999,0.001,metal
Pt,Bi,cubic,4.178,4.178,4.178,90.0,90.0,90.0,14.589,0.286,metal
Pt,Ca,rhombohedral,6.031,6.031,6.031,57.0,57.0,57.0,14.440999999999999,-0.001,insulator
Pt,Cd,cubic,4.103,4.103,4.103,90.0,90.0,90.0,13.814,0.591,metal
Pt,Ce,cubic,4.53,4.53,4.53,90.0,90.0,90.0,18.596,0.607,metal
Pt,Co,cubic,3.694,3.694,3.694,90.0,90.0,90.0,10.077,0.387,metal
Pt,Cr,cubic,3.781,3.781,3.781,90.0,90.0,90.0,10.807,0.003,metal
Pt,Cu,cubic,3.728,3.728,3.728,90.0,90.0,90.0,10.365,0.378,metal
Pt,Dy,cubic,4.311,4.311,4.311,90.0,90.0,90.0,16.025,0.603,metal
Pt,Er,cubic,4.269,4.269,4.269,90.0,90.0,90.0,15.557,0.6,metal
Pt,Eu,rhombohedral,5.816,5.816,5.816,62.4,62.4,62.4,14.649000000000001,0.0,insulator
Pt,Fe,cubic,3.802,3.802,3.802,90.0,90.0,90.0,10.994000000000002,1.357,metal
Pt,Ga,cubic,3.812,3.812,3.812,90.0,90.0,90.0,11.079,0.592,metal
Pt,Gd,cubic,4.353,4.353,4.353,90.0,90.0,90.0,16.496,0.602,metal
Pt,Ge,cubic,3.749,3.749,3.749,90.0,90.0,90.0,10.536,0.402,metal
Pt,Hf,cubic,4.063,4.063,4.063,90.0,90.0,90.0,13.415999999999999,0.402,metal
Pt,Hg,cubic,4.143,4.143,4.143,90.0,90.0,90.0,14.225,0.481,metal
Pt,Ho,cubic,4.289,4.289,4.289,90.0,90.0,90.0,15.784,0.6,metal
Pt,In,cubic,4.118,4.118,4.118,90.0,90.0,90.0,13.966,0.601,metal
Pt,Ir,cubic,3.893,3.893,3.893,90.0,90.0,90.0,11.800999999999998,0.263,metal
Pt,K,orthorhombic,6.311,6.337,9.445,90.0,90.0,90.0,18.886,0.2,insulator
Pt,La,cubic,4.473,4.473,4.473,90.0,90.0,90.0,17.902,0.303,metal
Pt,Li,cubic,3.533,3.533,3.533,90.0,90.0,90.0,8.821,-0.216,metal
Pt,Lu,cubic,4.202,4.202,4.202,90.0,90.0,90.0,14.841,0.601,metal
Pt,Mg,cubic,3.785,3.785,3.785,90.0,90.0,90.0,10.844000000000001,0.292,metal
Pt,Mn,cubic,3.787,3.787,3.787,90.0,90.0,90.0,10.859000000000002,1.137,metal
Pt,Mo,cubic,3.908,3.908,3.908,90.0,90.0,90.0,11.937000000000001,0.137,metal
Pt,Na,rhombohedral,5.798,5.798,5.798,60.0,60.0,60.0,13.769,0.2,metal
Pt,Nb,cubic,3.992,3.992,3.992,90.0,90.0,90.0,12.725,0.207,metal
Pt,Nd,cubic,4.456,4.456,4.456,90.0,90.0,90.0,17.7,0.606,metal
Pt,Ni,cubic,3.701,3.701,3.701,90.0,90.0,90.0,10.141,0.405,metal
Pt,Np,cubic,4.55,4.55,4.55,90.0,90.0,90.0,18.836,0.19,metal
Pt,Os,cubic,3.872,3.872,3.872,90.0,90.0,90.0,11.610999999999999,0.039,metal
Pt,Pa,cubic,4.344,4.344,4.344,90.0,90.0,90.0,16.4,0.212,metal
Pt,Pb,rhombohedral,5.888,5.888,5.888,63.2,63.2,63.2,15.464,0.0,metal
Pt,Pd,cubic,3.934,3.934,3.934,90.0,90.0,90.0,12.177999999999999,0.569,metal
Pt,Pm,cubic,4.422,4.422,4.422,90.0,90.0,90.0,17.29,0.605,metal
Pt,Pr,cubic,4.49,4.49,4.49,90.0,90.0,90.0,18.107,0.605,metal
Pt,Pu,cubic,4.283,4.283,4.283,90.0,90.0,90.0,15.714,0.388,metal
Pt,Rb,orthorhombic,6.436,6.599,9.897,90.0,90.0,90.0,21.019000000000002,0.2,metal
Pt,Re,cubic,3.882,3.882,3.882,90.0,90.0,90.0,11.697000000000001,0.047,metal
Pt,Rh,cubic,3.887,3.887,3.887,90.0,90.0,90.0,11.749,0.493,metal
Pt,Ru,cubic,3.862,3.862,3.862,90.0,90.0,90.0,11.515999999999998,0.075,metal
Pt,Sb,cubic,3.98,3.98,3.98,90.0,90.0,90.0,12.614,0.246,metal
Pt,Sc,cubic,4.026,4.026,4.026,90.0,90.0,90.0,13.047,0.599,metal
Pt,Si,cubic,3.597,3.597,3.597,90.0,90.0,90.0,9.309,0.4,metal
Pt,Sm,cubic,4.403,4.403,4.403,90.0,90.0,90.0,17.067,0.599,metal
Pt,Sn,cubic,4.021,4.021,4.021,90.0,90.0,90.0,13.004000000000001,0.401,metal
Pt,Sr,rhombohedral,6.063,6.063,6.063,61.2,61.2,61.2,16.180999999999997,0.0,insulator
Pt,Ta,cubic,3.97,3.97,3.97,90.0,90.0,90.0,12.514000000000001,0.207,metal
Pt,Tb,cubic,4.333,4.333,4.333,90.0,90.0,90.0,16.265,0.602,metal
Pt,Tc,cubic,3.871,3.871,3.871,90.0,90.0,90.0,11.602,-0.008,metal
Pt,Te,cubic,4.061,4.061,4.061,90.0,90.0,90.0,13.399000000000001,0.235,metal
Pt,Th,cubic,4.51,4.51,4.51,90.0,90.0,90.0,18.35,0.406,metal
Pt,Ti,cubic,3.859,3.859,3.859,90.0,90.0,90.0,11.491,0.4,metal
Pt,Tl,cubic,4.202,4.202,4.202,90.0,90.0,90.0,14.842,0.515,metal
Pt,Tm,cubic,4.243,4.243,4.243,90.0,90.0,90.0,15.274000000000001,0.601,metal
Pt,U,cubic,4.292,4.292,4.292,90.0,90.0,90.0,15.81,-0.023,metal
Pt,V,cubic,3.783,3.783,3.783,90.0,90.0,90.0,10.825999999999999,0.09,metal
Pt,W,cubic,3.909,3.909,3.909,90.0,90.0,90.0,11.948,0.109,metal
Pt,Y,cubic,4.326,4.326,4.326,90.0,90.0,90.0,16.194000000000003,0.602,metal
Pt,Yb,orthorhombic,5.204,5.605,8.522,90.0,90.0,90.0,12.427999999999999,0.0,insulator
Pt,Zn,cubic,3.831,3.831,3.831,90.0,90.0,90.0,11.249,0.684,metal
Pt,Zr,cubic,4.121,4.121,4.121,90.0,90.0,90.0,13.994000000000002,0.402,metal
Pu,Al,orthorhombic,5.307,5.329,7.493,90.0,90.0,90.0,10.595999999999998,1.0,insulator
Pu,Be,orthorhombic,5.047,5.068,7.207,90.0,90.0,90.0,9.218,0.8,insulator
Pu,Hf,orthorhombic,5.721,5.789,8.161,90.0,90.0,90.0,13.513,1.2,insulator
Pu,Mg,orthorhombic,5.332,5.673,7.629,90.0,90.0,90.0,11.539000000000001,0.8,insulator
Pu,Mo,orthorhombic,5.443,5.879,7.817,90.0,90.0,90.0,12.505999999999998,1.002,metal
Pu,Pm,cubic,4.457,4.457,4.457,90.0,90.0,90.0,17.704,1.025,insulator
Pu,Sb,cubic,4.215,4.215,4.215,90.0,90.0,90.0,14.979000000000001,1.151,metal
Pu,Ta,orthorhombic,5.677,5.683,8.137,90.0,90.0,90.0,13.127,1.149,metal
Pu,Tc,rhombohedral,5.391,5.391,5.391,65.3,65.3,65.3,12.357999999999999,1.117,metal
Pu,Te,cubic,4.26,4.26,4.26,90.0,90.0,90.0,15.466,1.183,metal
Pu,W,cubic,4.004,4.004,4.004,90.0,90.0,90.0,12.841,1.188,metal
Pu,Yb,cubic,4.126,4.126,4.126,90.0,90.0,90.0,14.050999999999998,0.952,metal
Pu,Zn,cubic,3.862,3.862,3.862,90.0,90.0,90.0,11.515999999999998,0.893,metal
Pu,Zr,orthorhombic,5.747,5.879,8.195,90.0,90.0,90.0,13.845,1.2,insulator
Rb,Ac,cubic,4.577,4.577,4.577,90.0,90.0,90.0,19.179000000000002,0.001,metal
Rb,Ag,tetragonal,4.128,4.128,4.197,90.0,90.0,90.0,14.302999999999999,,metal
Rb,Al,cubic,3.887,3.887,3.887,90.0,90.0,90.0,11.748,,metal
Rb,As,tetragonal,3.709,3.709,4.765,90.0,90.0,90.0,13.11,,metal
Rb,Au,orthorhombic,5.671,5.673,8.756,90.0,90.0,90.0,14.084000000000001,,metal
Rb,B,cubic,3.632,3.632,3.632,90.0,90.0,90.0,9.579,,metal
Rb,Ba,cubic,4.647,4.647,4.647,90.0,90.0,90.0,20.076,,metal
Rb,Be,cubic,3.775,3.775,3.775,90.0,90.0,90.0,10.758,,metal
Rb,Bi,cubic,4.277,4.277,4.277,90.0,90.0,90.0,15.651,,metal
Rb,Ca,cubic,4.464,4.464,4.464,90.0,90.0,90.0,17.796,,metal
Rb,Cd,cubic,4.279,4.279,4.279,90.0,90.0,90.0,15.673,,metal
Rb,Ce,orthorhombic,6.568,6.582,9.318,90.0,90.0,90.0,20.143,0.4,metal
Rb,Co,cubic,3.924,3.924,3.924,90.0,90.0,90.0,12.085999999999999,0.94,metal
Rb,Cr,cubic,3.819,3.819,3.819,90.0,90.0,90.0,11.14,0.2,metal
Rb,Cs,cubic,4.469,4.469,4.469,90.0,90.0,90.0,17.848,,metal
Rb,Cu,cubic,3.955,3.955,3.955,90.0,90.0,90.0,12.376,,metal
Rb,Dy,rhombohedral,6.282,6.282,6.282,60.5,60.5,60.5,17.726,0.4,metal
Rb,Er,orthorhombic,6.243,6.267,8.849,90.0,90.0,90.0,17.311,0.4,metal
Rb,Eu,cubic,4.553,4.553,4.553,90.0,90.0,90.0,18.872,0.6,metal
Rb,Fe,tetragonal,3.682,3.682,5.078,90.0,90.0,90.0,13.765,0.687,metal
Rb,Ga,rhombohedral,5.664,5.664,5.664,60.1,60.1,60.1,12.878,,metal
Rb,Gd,cubic,4.493,4.493,4.493,90.0,90.0,90.0,18.145,0.4,metal
Rb,Ge,orthorhombic,5.957,5.957,7.622,90.0,90.0,90.0,13.524000000000001,,metal
Rb,Hf,cubic,4.185,4.185,4.185,90.0,90.0,90.0,14.655,0.2,metal
Rb,Hg,cubic,4.29,4.29,4.29,90.0,90.0,90.0,15.787,,metal
Rb,Ho,rhombohedral,6.246,6.246,6.246,60.7,60.7,60.7,17.517,0.4,metal
Rb,In,orthorhombic,6.04,6.042,8.539,90.0,90.0,90.0,15.58,,metal
Rb,Ir,rhombohedral,5.625,5.625,5.625,60.1,60.1,60.1,12.613,0.268,metal
Rb,K,orthorhombic,6.893,7.076,7.459,90.0,90.0,90.0,18.194000000000003,,insulator
Rb,La,orthorhombic,6.49,6.505,9.193,90.0,90.0,90.0,19.406,0.4,metal
Rb,Li,cubic,3.965,3.965,3.965,90.0,90.0,90.0,12.464,,metal
Rb,Lu,tetragonal,4.36,4.365,4.365,90.0,90.0,90.0,16.615,0.387,metal
Rb,Mg,cubic,4.092,4.092,4.092,90.0,90.0,90.0,13.700999999999999,,metal
Rb,Mn,tetragonal,3.64,3.64,5.452,90.0,90.0,90.0,14.447000000000001,0.4,metal
Rb,Mo,rhombohedral,5.636,5.636,5.636,60.0,60.0,60.0,12.655999999999999,0.0,metal
Rb,Na,orthorhombic,5.854,7.058,7.39,90.0,90.0,90.0,15.265,,insulator
Rb,Nb,tetragonal,4.036,4.036,4.162,90.0,90.0,90.0,13.561,0.0,insulator
Rb,Nd,cubic,4.6,4.6,4.6,90.0,90.0,90.0,19.465999999999998,0.4,metal
Rb,Ni,cubic,3.996,3.996,3.996,90.0,90.0,90.0,12.757,0.755,metal
Rb,Np,orthorhombic,6.148,6.15,8.71,90.0,90.0,90.0,16.464000000000002,0.4,insulator
Rb,Os,cubic,3.948,3.948,3.948,90.0,90.0,90.0,12.307,0.0,metal
Rb,Pa,orthorhombic,6.248,6.249,8.833,90.0,90.0,90.0,17.243,0.0,insulator
Rb,Pb,cubic,4.349,4.349,4.349,90.0,90.0,90.0,16.45,,metal
Rb,Pd,tetragonal,3.843,3.843,5.214,90.0,90.0,90.0,15.405,,metal
Rb,Pm,cubic,4.567,4.567,4.567,90.0,90.0,90.0,19.055999999999997,0.4,metal
Rb,Pr,cubic,4.627,4.627,4.627,90.0,90.0,90.0,19.81,0.4,metal
Rb,Pt,tetragonal,3.911,3.911,4.709,90.0,90.0,90.0,14.405,0.199,metal
Rb,Pu,orthorhombic,6.151,6.154,8.707,90.0,90.0,90.0,16.48,0.6,insulator
Rb,Rb,cubic,4.587,4.587,4.587,90.0,90.0,90.0,19.305999999999997,,metal
Rb,Re,cubic,3.956,3.956,3.956,90.0,90.0,90.0,12.383,0.0,metal
Rb,Rh,tetragonal,3.834,3.834,5.09,90.0,90.0,90.0,14.963,0.397,metal
Rb,Ru,cubic,3.951,3.951,3.951,90.0,90.0,90.0,12.332,0.004,metal
Rb,Sb,tetragonal,3.763,3.763,5.864,90.0,90.0,90.0,16.604,,metal
Rb,Sc,cubic,4.213,4.213,4.213,90.0,90.0,90.0,14.952,0.399,metal
Rb,Si,cubic,3.74,3.74,3.74,90.0,90.0,90.0,10.464,,metal
Rb,Sm,cubic,4.546,4.546,4.546,90.0,90.0,90.0,18.79,0.4,metal
Rb,Sr,cubic,4.646,4.646,4.646,90.0,90.0,90.0,20.058,,metal
Rb,Ta,tetragonal,4.027,4.027,4.121,90.0,90.0,90.0,13.367,0.0,insulator
Rb,Tb,rhombohedral,6.318,6.318,6.318,60.3,60.3,60.3,17.947,0.4,metal
Rb,Tc,cubic,3.952,3.952,3.952,90.0,90.0,90.0,12.341,-0.001,metal
Rb,Te,cubic,4.134,4.134,4.134,90.0,90.0,90.0,14.130999999999998,,metal
Rb,Th,cubic,4.564,4.564,4.564,90.0,90.0,90.0,19.014,0.193,metal
Rb,Ti,tetragonal,3.888,3.888,4.739,90.0,90.0,90.0,14.325,0.199,metal
Rb,Tl,rhombohedral,6.137,6.137,6.137,60.1,60.1,60.1,16.369,,metal
Rb,Tm,rhombohedral,6.2,6.2,6.2,60.5,60.5,60.5,17.035999999999998,0.4,metal
Rb,U,rhombohedral,6.179,6.179,6.179,60.0,60.0,60.0,16.684,0.2,insulator
Rb,V,tetragonal,3.692,3.692,5.092,90.0,90.0,90.0,13.884,0.0,insulator
Rb,W,orthorhombic,5.632,5.636,7.973,90.0,90.0,90.0,12.654000000000002,-0.001,metal
Rb,Y,orthorhombic,6.299,6.366,8.97,90.0,90.0,90.0,17.984,0.4,metal
Rb,Yb,cubic,4.356,4.356,4.356,90.0,90.0,90.0,16.528,,metal
Rb,Zn,cubic,4.032,4.032,4.032,90.0,90.0,90.0,13.106,,metal
Rb,Zr,cubic,4.243,4.243,4.243,90.0,90.0,90.0,15.275,0.2,metal
Re,Ac,cubic,4.578,4.578,4.578,90.0,90.0,90.0,19.192,1.05,metal
Re,Ag,cubic,4.0,4.0,4.0,90.0,90.0,90.0,12.798,0.855,metal
Re,Al,cubic,3.661,3.661,3.661,90.0,90.0,90.0,9.817,0.769,metal
Re,As,cubic,3.895,3.895,3.895,90.0,90.0,90.0,11.82,1.006,metal
Re,Au,cubic,4.043,4.043,4.043,90.0,90.0,90.0,13.217,0.911,metal
Re,B,cubic,3.39,3.39,3.39,90.0,90.0,90.0,7.795,0.452,metal
Re,Ba,rhombohedral,6.202,6.202,6.202,64.4,64.4,64.4,18.491,0.2,metal
Re,Be,cubic,3.404,3.404,3.404,90.0,90.0,90.0,7.89,0.347,metal
Re,Bi,cubic,4.264,4.264,4.264,90.0,90.0,90.0,15.507,1.046,metal
Re,Ca,rhombohedral,6.03,6.03,6.03,57.8,57.8,57.8,14.732999999999999,0.2,metal
Re,Cd,rhombohedral,5.439,5.439,5.439,69.0,69.0,69.0,13.533,0.2,metal
Re,Ce,cubic,4.494,4.494,4.494,90.0,90.0,90.0,18.147000000000002,0.796,metal
Re,Co,cubic,3.663,3.663,3.663,90.0,90.0,90.0,9.833,0.767,metal
Re,Cr,cubic,3.807,3.807,3.807,90.0,90.0,90.0,11.036,1.399,metal
Re,Cu,cubic,3.702,3.702,3.702,90.0,90.0,90.0,10.15,0.733,metal
Re,Dy,cubic,4.273,4.273,4.273,90.0,90.0,90.0,15.606,0.797,metal
Re,Er,cubic,4.23,4.23,4.23,90.0,90.0,90.0,15.132,0.802,metal
Re,Eu,rhombohedral,6.015,6.015,6.015,59.3,59.3,59.3,15.139000000000001,0.2,metal
Re,Fe,cubic,3.809,3.809,3.809,90.0,90.0,90.0,11.05,1.795,metal
Re,Ga,cubic,3.787,3.787,3.787,90.0,90.0,90.0,10.862,0.799,metal
Re,Gd,cubic,4.318,4.318,4.318,90.0,90.0,90.0,16.101,0.905,metal
Re,Ge,cubic,3.797,3.797,3.797,90.0,90.0,90.0,10.95,0.982,metal
Re,Hf,cubic,4.076,4.076,4.076,90.0,90.0,90.0,13.548,1.0,metal
Re,Hg,cubic,4.148,4.148,4.148,90.0,90.0,90.0,14.270999999999999,0.918,metal
Re,Ho,cubic,4.25,4.25,4.25,90.0,90.0,90.0,15.354000000000001,0.797,metal
Re,In,cubic,4.092,4.092,4.092,90.0,90.0,90.0,13.704,0.816,metal
Re,Ir,cubic,3.934,3.934,3.934,90.0,90.0,90.0,12.174000000000001,0.783,metal
Re,K,rhombohedral,6.323,6.323,6.323,61.2,61.2,61.2,18.357,0.0,insulator
Re,La,cubic,4.455,4.455,4.455,90.0,90.0,90.0,17.678,0.794,metal
Re,Li,orthorhombic,4.789,5.019,7.817,90.0,90.0,90.0,9.395,0.0,metal
Re,Lu,cubic,4.153,4.153,4.153,90.0,90.0,90.0,14.329,0.8,metal
Re,Mg,cubic,3.713,3.713,3.713,90.0,90.0,90.0,10.241,0.567,metal
Re,Mn,cubic,3.809,3.809,3.809,90.0,90.0,90.0,11.052,1.598,metal
Re,Mo,cubic,3.948,3.948,3.948,90.0,90.0,90.0,12.312000000000001,0.957,metal
Re,Na,rhombohedral,5.93,5.93,5.93,59.3,59.3,59.3,14.517999999999999,0.0,insulator
Re,Nb,cubic,4.027,4.027,4.027,90.0,90.0,90.0,13.058,0.96,metal
Re,Nd,cubic,4.425,4.425,4.425,90.0,90.0,90.0,17.328,0.801,metal
Re,Ni,cubic,3.685,3.685,3.685,90.0,90.0,90.0,10.01,0.972,metal
Re,Np,cubic,4.361,4.361,4.361,90.0,90.0,90.0,16.583,1.586,metal
Re,Os,cubic,3.912,3.912,3.912,90.0,90.0,90.0,11.977,0.706,metal
Re,Pa,cubic,4.398,4.398,4.398,90.0,90.0,90.0,17.011,1.184,metal
Re,Pb,rhombohedral,5.768,5.768,5.768,68.1,68.1,68.1,15.885,0.2,metal
Re,Pd,cubic,3.93,3.93,3.93,90.0,90.0,90.0,12.140999999999998,0.832,metal
Re,Pm,cubic,4.391,4.391,4.391,90.0,90.0,90.0,16.928,0.942,metal
Re,Pr,cubic,4.457,4.457,4.457,90.0,90.0,90.0,17.703,0.796,metal
Re,Pt,cubic,3.981,3.981,3.981,90.0,90.0,90.0,12.62,0.879,metal
Re,Pu,cubic,4.344,4.344,4.344,90.0,90.0,90.0,16.395,1.795,metal
Re,Re,cubic,3.93,3.93,3.93,90.0,90.0,90.0,12.142999999999999,0.922,metal
Re,Ru,cubic,3.903,3.903,3.903,90.0,90.0,90.0,11.895,0.61,metal
Re,Sb,cubic,4.095,4.095,4.095,90.0,90.0,90.0,13.731,1.054,metal
Re,Sc,cubic,3.984,3.984,3.984,90.0,90.0,90.0,12.644,0.799,metal
Re,Si,cubic,3.635,3.635,3.635,90.0,90.0,90.0,9.603,0.979,metal
Re,Sm,cubic,4.367,4.367,4.367,90.0,90.0,90.0,16.662,0.801,metal
Re,Sn,cubic,4.038,4.038,4.038,90.0,90.0,90.0,13.171,1.0,metal
Re,Sr,rhombohedral,5.959,5.959,5.959,63.5,63.5,63.5,16.11,0.2,metal
Re,Ta,cubic,4.002,4.002,4.002,90.0,90.0,90.0,12.819,0.947,metal
Re,Tb,cubic,4.295,4.295,4.295,90.0,90.0,90.0,15.843,0.879,metal
Re,Tc,cubic,3.903,3.903,3.903,90.0,90.0,90.0,11.892999999999999,0.832,metal
Re,Te,cubic,4.175,4.175,4.175,90.0,90.0,90.0,14.554,1.042,metal
Re,Th,cubic,4.538,4.538,4.538,90.0,90.0,90.0,18.697,1.011,metal
Re,Ti,cubic,3.88,3.88,3.88,90.0,90.0,90.0,11.687000000000001,0.994,metal
Re,Tl,rhombohedral,6.023,6.023,6.023,70.1,70.1,70.1,18.698,0.0,metal
Re,Tm,cubic,4.203,4.203,4.203,90.0,90.0,90.0,14.85,0.802,metal
Re,U,cubic,4.354,4.354,4.354,90.0,90.0,90.0,16.503,0.928,metal
Re,V,cubic,3.831,3.831,3.831,90.0,90.0,90.0,11.248,1.199,metal
Re,W,cubic,3.944,3.944,3.944,90.0,90.0,90.0,12.265999999999998,0.935,metal
Re,Y,cubic,4.284,4.284,4.284,90.0,90.0,90.0,15.722000000000001,0.799,metal
Re,Yb,rhombohedral,5.659,5.659,5.659,62.9,62.9,62.9,13.64,0.2,metal
Re,Zn,cubic,3.786,3.786,3.786,90.0,90.0,90.0,10.853,0.726,metal
Re,Zr,cubic,4.13,4.13,4.13,90.0,90.0,90.0,14.093,1.0,metal
Rh,Ac,orthorhombic,5.788,6.016,8.855,90.0,90.0,90.0,15.415999999999999,0.0,insulator
Rh,Ag,cubic,3.993,3.993,3.993,90.0,90.0,90.0,12.73,0.733,metal
Rh,Al,cubic,3.653,3.653,3.653,90.0,90.0,90.0,9.753,0.618,metal
Rh,As,cubic,3.792,3.792,3.792,90.0,90.0,90.0,10.905,0.523,metal
Rh,Au,cubic,4.03,4.03,4.03,90.0,90.0,90.0,13.085999999999999,0.672,metal
Rh,B,cubic,3.367,3.367,3.367,90.0,90.0,90.0,7.636,0.012,metal
Rh,Ba,rhombohedral,6.182,6.182,6.182,63.5,63.5,63.5,18.006,0.2,metal
Rh,Be,cubic,3.422,3.422,3.422,90.0,90.0,90.0,8.012,0.002,metal
Rh,Bi,cubic,4.195,4.195,4.195,90.0,90.0,90.0,14.765999999999998,0.491,metal
Rh,Ca,orthorhombic,5.574,5.582,8.384,90.0,90.0,90.0,13.044,0.011,metal
Rh,Cd,cubic,4.092,4.092,4.092,90.0,90.0,90.0,13.700999999999999,0.773,metal
Rh,Ce,orthorhombic,5.604,5.941,8.537,90.0,90.0,90.0,14.210999999999999,0.0,insulator
Rh,Co,cubic,3.682,3.682,3.682,90.0,90.0,90.0,9.984,1.061,metal
Rh,Cr,cubic,3.754,3.754,3.754,90.0,90.0,90.0,10.584000000000001,0.867,metal
Rh,Cu,cubic,3.717,3.717,3.717,90.0,90.0,90.0,10.267000000000001,0.809,metal
Rh,Dy,cubic,4.291,4.291,4.291,90.0,90.0,90.0,15.805,0.801,metal
Rh,Er,cubic,4.251,4.251,4.251,90.0,90.0,90.0,15.362,0.806,metal
Rh,Eu,orthorhombic,5.699,5.881,7.961,90.0,90.0,90.0,13.343,0.001,metal
Rh,Fe,cubic,3.776,3.776,3.776,90.0,90.0,90.0,10.772,1.522,metal
Rh,Ga,cubic,3.807,3.807,3.807,90.0,90.0,90.0,11.032,0.802,metal
Rh,Gd,cubic,4.334,4.334,4.334,90.0,90.0,90.0,16.285,0.816,metal
Rh,Ge,cubic,3.73,3.73,3.73,90.0,90.0,90.0,10.376,0.597,metal
Rh,Hf,cubic,4.055,4.055,4.055,90.0,90.0,90.0,13.338,0.599,metal
Rh,Hg,cubic,4.136,4.136,4.136,90.0,90.0,90.0,14.148,0.676,metal
Rh,Ho,cubic,4.271,4.271,4.271,90.0,90.0,90.0,15.578,0.803,metal
Rh,In,cubic,4.108,4.108,4.108,90.0,90.0,90.0,13.866,0.804,metal
Rh,Ir,cubic,3.884,3.884,3.884,90.0,90.0,90.0,11.719000000000001,0.506,metal
Rh,K,orthorhombic,4.929,6.144,10.596,90.0,90.0,90.0,16.044,0.002,metal
Rh,La,orthorhombic,5.623,5.901,8.525,90.0,90.0,90.0,14.145999999999999,0.0,insulator
Rh,Li,cubic,3.492,3.492,3.492,90.0,90.0,90.0,8.517999999999999,0.002,metal
Rh,Lu,cubic,4.188,4.188,4.188,90.0,90.0,90.0,14.690999999999999,0.8,metal
Rh,Mg,cubic,3.74,3.74,3.74,90.0,90.0,90.0,10.46,0.001,metal
Rh,Mn,cubic,3.763,3.763,3.763,90.0,90.0,90.0,10.655999999999999,1.333,metal
Rh,Mo,cubic,3.898,3.898,3.898,90.0,90.0,90.0,11.844000000000001,0.396,metal
Rh,Na,rhombohedral,5.797,5.797,5.797,59.7,59.7,59.7,13.693,0.4,insulator
Rh,Nb,cubic,3.983,3.983,3.983,90.0,90.0,90.0,12.642000000000001,0.4,metal
Rh,Nd,orthorhombic,5.487,5.883,8.46,90.0,90.0,90.0,13.655,0.0,insulator
Rh,Ni,cubic,3.69,3.69,3.69,90.0,90.0,90.0,10.05,1.007,metal
Rh,Np,cubic,4.226,4.226,4.226,90.0,90.0,90.0,15.091,0.765,metal
Rh,Os,cubic,3.864,3.864,3.864,90.0,90.0,90.0,11.54,0.33,metal
Rh,Pa,cubic,4.347,4.347,4.347,90.0,90.0,90.0,16.43,0.4,metal
Rh,Pb,orthorhombic,5.682,5.766,8.306,90.0,90.0,90.0,13.606,0.0,metal
Rh,Pd,cubic,3.924,3.924,3.924,90.0,90.0,90.0,12.081,0.765,metal
Rh,Pm,orthorhombic,5.442,5.853,8.406,90.0,90.0,90.0,13.388,0.0,insulator
Rh,Pr,orthorhombic,5.542,5.911,8.498,90.0,90.0,90.0,13.917,-0.001,insulator
Rh,Pt,cubic,3.949,3.949,3.949,90.0,90.0,90.0,12.314,0.72,metal
Rh,Pu,cubic,4.292,4.292,4.292,90.0,90.0,90.0,15.818,1.051,metal
Rh,Rb,orthorhombic,5.056,6.279,11.126,90.0,90.0,90.0,17.660999999999998,-0.001,metal
Rh,Re,cubic,3.872,3.872,3.872,90.0,90.0,90.0,11.607999999999999,0.37,metal
Rh,Rh,cubic,3.88,3.88,3.88,90.0,90.0,90.0,11.681,0.762,metal
Rh,Ru,cubic,3.853,3.853,3.853,90.0,90.0,90.0,11.437999999999999,0.312,metal
Rh,Sb,cubic,3.982,3.982,3.982,90.0,90.0,90.0,12.63,0.449,metal
Rh,Si,cubic,3.569,3.569,3.569,90.0,90.0,90.0,9.094,0.598,metal
Rh,Sm,cubic,4.389,4.389,4.389,90.0,90.0,90.0,16.907,0.808,metal
Rh,Sn,cubic,4.012,4.012,4.012,90.0,90.0,90.0,12.915999999999999,0.6,metal
Rh,Sr,rhombohedral,6.032,6.032,6.032,61.0,61.0,61.0,15.873,0.2,metal
Rh,Ta,cubic,3.961,3.961,3.961,90.0,90.0,90.0,12.425,0.4,metal
Rh,Tb,cubic,4.312,4.312,4.312,90.0,90.0,90.0,16.037,0.799,metal
Rh,Tc,cubic,3.863,3.863,3.863,90.0,90.0,90.0,11.526,0.366,metal
Rh,Te,cubic,4.072,4.072,4.072,90.0,90.0,90.0,13.509,0.448,metal
Rh,Th,cubic,4.514,4.514,4.514,90.0,90.0,90.0,18.402,0.599,metal
Rh,Ti,cubic,3.846,3.846,3.846,90.0,90.0,90.0,11.375,0.6,metal
Rh,Tl,orthorhombic,5.372,5.5,8.629,90.0,90.0,90.0,12.748,0.001,metal
Rh,Tm,cubic,4.226,4.226,4.226,90.0,90.0,90.0,15.091,0.802,metal
Rh,U,cubic,4.294,4.294,4.294,90.0,90.0,90.0,15.838,0.2,metal
Rh,V,cubic,3.762,3.762,3.762,90.0,90.0,90.0,10.648,0.576,metal
Rh,W,cubic,3.9,3.9,3.9,90.0,90.0,90.0,11.860999999999999,0.365,metal
Rh,Y,cubic,4.308,4.308,4.308,90.0,90.0,90.0,15.99,0.804,metal
Rh,Yb,orthorhombic,5.663,5.678,7.555,90.0,90.0,90.0,12.145999999999999,0.0,metal
Rh,Zn,cubic,3.81,3.81,3.81,90.0,90.0,90.0,11.062000000000001,0.862,metal
Rh,Zr,cubic,4.114,4.114,4.114,90.0,90.0,90.0,13.927,0.6,metal
Ru,Ac,rhombohedral,5.82,5.82,5.82,66.1,66.1,66.1,15.776,0.2,metal
Ru,Ag,orthorhombic,5.27,5.493,8.87,90.0,90.0,90.0,12.837,-0.001,metal
Ru,Al,cubic,3.673,3.673,3.673,90.0,90.0,90.0,9.913,0.966,metal
Ru,As,cubic,3.833,3.833,3.833,90.0,90.0,90.0,11.264000000000001,0.763,metal
Ru,Au,cubic,4.035,4.035,4.035,90.0,90.0,90.0,13.136,0.887,metal
Ru,B,cubic,3.356,3.356,3.356,90.0,90.0,90.0,7.562,0.048,metal
Ru,Ba,rhombohedral,6.197,6.197,6.197,63.7,63.7,63.7,18.194000000000003,0.4,insulator
Ru,Be,cubic,3.399,3.399,3.399,90.0,90.0,90.0,7.853,0.009,metal
Ru,Bi,cubic,4.22,4.22,4.22,90.0,90.0,90.0,15.027000000000001,0.722,metal
Ru,Cd,cubic,4.083,4.083,4.083,90.0,90.0,90.0,13.612,0.958,metal
Ru,Ce,orthorhombic,5.797,5.9,8.318,90.0,90.0,90.0,14.222000000000001,0.002,metal
Ru,Co,cubic,3.662,3.662,3.662,90.0,90.0,90.0,9.821,0.945,metal
Ru,Cr,cubic,3.79,3.79,3.79,90.0,90.0,90.0,10.888,1.344,metal
Ru,Cu,cubic,3.713,3.713,3.713,90.0,90.0,90.0,10.235,0.994,metal
Ru,Dy,cubic,4.273,4.273,4.273,90.0,90.0,90.0,15.607000000000001,0.996,metal
Ru,Er,cubic,4.232,4.232,4.232,90.0,90.0,90.0,15.157,1.0,metal
Ru,Eu,rhombohedral,5.794,5.794,5.794,62.6,62.6,62.6,14.555,0.4,insulator
Ru,Fe,cubic,3.79,3.79,3.79,90.0,90.0,90.0,10.889000000000001,1.763,metal
Ru,Ga,cubic,3.805,3.805,3.805,90.0,90.0,90.0,11.015999999999998,0.999,metal
Ru,Gd,cubic,4.318,4.318,4.318,90.0,90.0,90.0,16.101,1.0,metal
Ru,Ge,cubic,3.745,3.745,3.745,90.0,90.0,90.0,10.505999999999998,0.803,metal
Ru,Hf,cubic,4.058,4.058,4.058,90.0,90.0,90.0,13.366,0.798,metal
Ru,Hg,cubic,4.14,4.14,4.14,90.0,90.0,90.0,14.187999999999999,0.892,metal
Ru,Ho,cubic,4.252,4.252,4.252,90.0,90.0,90.0,15.378,0.999,metal
Ru,In,cubic,4.098,4.098,4.098,90.0,90.0,90.0,13.767000000000001,1.001,metal
Ru,K,orthorhombic,6.246,6.378,9.503,90.0,90.0,90.0,18.927,0.2,insulator
Ru,La,orthorhombic,5.835,5.843,8.296,90.0,90.0,90.0,14.14,0.004,metal
Ru,Li,orthorhombic,5.092,5.402,6.547,90.0,90.0,90.0,9.005,0.039,metal
Ru,Lu,cubic,4.172,4.172,4.172,90.0,90.0,90.0,14.527999999999999,0.998,metal
Ru,Mg,cubic,3.753,3.753,3.753,90.0,90.0,90.0,10.568,0.572,metal
Ru,Mn,cubic,3.772,3.772,3.772,90.0,90.0,90.0,10.73,1.577,metal
Ru,Mo,cubic,3.911,3.911,3.911,90.0,90.0,90.0,11.960999999999999,0.624,metal
Ru,Na,orthorhombic,5.361,5.519,8.472,90.0,90.0,90.0,12.535,0.001,metal
Ru,Nb,cubic,3.993,3.993,3.993,90.0,90.0,90.0,12.729000000000001,0.613,metal
Ru,Nd,cubic,4.435,4.435,4.435,90.0,90.0,90.0,17.444000000000003,1.0,metal
Ru,Ni,cubic,3.65,3.65,3.65,90.0,90.0,90.0,9.724,1.157,metal
Ru,Np,cubic,4.571,4.571,4.571,90.0,90.0,90.0,19.101,1.293,metal
Ru,Os,cubic,3.877,3.877,3.877,90.0,90.0,90.0,11.652999999999999,0.575,metal
Ru,Pa,cubic,4.354,4.354,4.354,90.0,90.0,90.0,16.508,0.616,metal
Ru,Pd,cubic,3.921,3.921,3.921,90.0,90.0,90.0,12.052999999999999,0.963,metal
Ru,Pm,cubic,4.396,4.396,4.396,90.0,90.0,90.0,16.993,0.999,metal
Ru,Pr,cubic,4.471,4.471,4.471,90.0,90.0,90.0,17.87,1.001,metal
Ru,Pt,cubic,3.951,3.951,3.951,90.0,90.0,90.0,12.332,0.923,metal
Ru,Pu,cubic,4.3,4.3,4.3,90.0,90.0,90.0,15.901,1.476,metal
Ru,Rb,orthorhombic,5.145,6.021,11.379,90.0,90.0,90.0,17.622,0.129,metal
Ru,Re,cubic,3.889,3.889,3.889,90.0,90.0,90.0,11.763,0.611,metal
Ru,Rh,cubic,3.879,3.879,3.879,90.0,90.0,90.0,11.671,0.882,metal
Ru,Ru,cubic,3.867,3.867,3.867,90.0,90.0,90.0,11.565,0.569,metal
Ru,Sb,cubic,4.013,4.013,4.013,90.0,90.0,90.0,12.925,0.682,metal
Ru,Sc,cubic,4.006,4.006,4.006,90.0,90.0,90.0,12.862,1.0,metal
Ru,Si,cubic,3.583,3.583,3.583,90.0,90.0,90.0,9.203,0.8,metal
Ru,Sm,cubic,4.375,4.375,4.375,90.0,90.0,90.0,16.749000000000002,0.999,metal
Ru,Sn,cubic,4.016,4.016,4.016,90.0,90.0,90.0,12.952,0.8,metal
Ru,Sr,rhombohedral,6.36,6.36,6.36,57.0,57.0,57.0,16.948,0.4,insulator
Ru,Ta,cubic,3.969,3.969,3.969,90.0,90.0,90.0,12.505,0.602,metal
Ru,Tb,cubic,4.295,4.295,4.295,90.0,90.0,90.0,15.85,1.001,metal
Ru,Tc,cubic,3.876,3.876,3.876,90.0,90.0,90.0,11.648,0.607,metal
Ru,Te,cubic,4.117,4.117,4.117,90.0,90.0,90.0,13.96,0.691,metal
Ru,Th,cubic,4.528,4.528,4.528,90.0,90.0,90.0,18.570999999999998,0.8,metal
Ru,Ti,cubic,3.851,3.851,3.851,90.0,90.0,90.0,11.424000000000001,0.798,metal
Ru,Tl,orthorhombic,5.512,5.747,10.285,90.0,90.0,90.0,16.289,0.0,metal
Ru,Tm,cubic,4.209,4.209,4.209,90.0,90.0,90.0,14.917,0.998,metal
Ru,U,cubic,4.302,4.302,4.302,90.0,90.0,90.0,15.924000000000001,0.816,metal
Ru,V,cubic,3.778,3.778,3.778,90.0,90.0,90.0,10.785,0.876,metal
Ru,W,cubic,3.913,3.913,3.913,90.0,90.0,90.0,11.985999999999999,0.597,metal
Ru,Y,cubic,4.286,4.286,4.286,90.0,90.0,90.0,15.748,0.998,metal
Ru,Yb,orthorhombic,5.422,5.806,7.848,90.0,90.0,90.0,12.353,0.042,metal
Ru,Zn,cubic,3.81,3.81,3.81,90.0,90.0,90.0,11.06,1.041,metal
Ru,Zr,cubic,4.113,4.113,4.113,90.0,90.0,90.0,13.92,0.801,metal
Sb,Ag,orthorhombic,5.427,5.695,8.698,90.0,90.0,90.0,13.442,,insulator
Sb,Al,tetragonal,3.592,3.592,4.352,90.0,90.0,90.0,11.23,,insulator
Sb,As,cubic,3.975,3.975,3.975,90.0,90.0,90.0,12.565999999999999,,metal
Sb,Au,cubic,4.1,4.1,4.1,90.0,90.0,90.0,13.788,,metal
Sb,B,cubic,3.491,3.491,3.491,90.0,90.0,90.0,8.51,,insulator
Sb,Ba,orthorhombic,6.125,6.313,9.618,90.0,90.0,90.0,18.596,,metal
Sb,Be,cubic,3.533,3.533,3.533,90.0,90.0,90.0,8.818,,metal
Sb,Bi,cubic,4.317,4.317,4.317,90.0,90.0,90.0,16.093,,metal
Sb,Ca,cubic,4.145,4.145,4.145,90.0,90.0,90.0,14.239,,metal
Sb,Cd,cubic,4.12,4.12,4.12,90.0,90.0,90.0,13.989,,metal
Sb,Ce,cubic,4.552,4.552,4.552,90.0,90.0,90.0,18.867,-0.092,metal
Sb,Co,cubic,3.734,3.734,3.734,90.0,90.0,90.0,10.413,0.0,insulator
Sb,Cr,orthorhombic,5.272,5.679,7.647,90.0,90.0,90.0,11.448,0.6,insulator
Sb,Cs,cubic,4.501,4.501,4.501,90.0,90.0,90.0,18.242,,metal
Sb,Cu,cubic,3.773,3.773,3.773,90.0,90.0,90.0,10.74,,metal
Sb,Dy,cubic,4.301,4.301,4.301,90.0,90.0,90.0,15.907,0.0,metal
Sb,Er,cubic,4.256,4.256,4.256,90.0,90.0,90.0,15.415999999999999,0.0,metal
Sb,Eu,orthorhombic,5.83,6.039,8.645,90.0,90.0,90.0,15.219000000000001,0.0,metal
Sb,Fe,tetragonal,3.681,3.681,4.615,90.0,90.0,90.0,12.504000000000001,0.999,insulator
Sb,Ga,tetragonal,3.627,3.627,4.653,90.0,90.0,90.0,12.241,,insulator
Sb,Gd,cubic,4.352,4.352,4.352,90.0,90.0,90.0,16.49,-0.001,metal
Sb,Ge,cubic,3.87,3.87,3.87,90.0,90.0,90.0,11.595,,metal
Sb,Hf,orthorhombic,5.678,5.75,8.208,90.0,90.0,90.0,13.398,0.001,metal
Sb,Hg,orthorhombic,5.576,5.991,8.752,90.0,90.0,90.0,14.618,,metal
Sb,Ho,cubic,4.277,4.277,4.277,90.0,90.0,90.0,15.65,0.0,metal
Sb,In,cubic,4.11,4.11,4.11,90.0,90.0,90.0,13.882,,metal
Sb,Ir,cubic,3.968,3.968,3.968,90.0,90.0,90.0,12.498,0.0,metal
Sb,K,orthorhombic,5.053,5.704,11.812,90.0,90.0,90.0,17.022000000000002,,insulator
Sb,La,cubic,4.517,4.517,4.517,90.0,90.0,90.0,18.435,-0.092,metal
Sb,Li,cubic,3.627,3.627,3.627,90.0,90.0,90.0,9.546,,metal
Sb,Lu,cubic,4.186,4.186,4.186,90.0,90.0,90.0,14.675,0.0,metal
Sb,Mg,cubic,3.849,3.849,3.849,90.0,90.0,90.0,11.4,,metal
Sb,Mn,orthorhombic,5.287,5.68,7.742,90.0,90.0,90.0,11.624,0.8,metal
Sb,Mo,cubic,3.989,3.989,3.989,90.0,90.0,90.0,12.693,0.0,metal
Sb,Na,orthorhombic,4.78,5.215,10.064,90.0,90.0,90.0,12.545,,insulator
Sb,Nb,cubic,4.066,4.066,4.066,90.0,90.0,90.0,13.440999999999999,0.0,metal
Sb,Nd,cubic,4.477,4.477,4.477,90.0,90.0,90.0,17.95,0.039,metal
Sb,Ni,cubic,3.754,3.754,3.754,90.0,90.0,90.0,10.581,0.201,metal
Sb,Np,cubic,4.405,4.405,4.405,90.0,90.0,90.0,17.095,0.531,metal
Sb,Os,cubic,3.963,3.963,3.963,90.0,90.0,90.0,12.447000000000001,0.193,metal
Sb,Pa,orthorhombic,6.35,6.358,8.062,90.0,90.0,90.0,16.276,0.0,insulator
Sb,Pb,orthorhombic,5.862,6.314,8.461,90.0,90.0,90.0,15.658,,metal
Sb,Pd,cubic,3.979,3.979,3.979,90.0,90.0,90.0,12.597999999999999,,metal
Sb,Pm,cubic,4.44,4.44,4.44,90.0,90.0,90.0,17.511,0.022,metal
Sb,Pr,cubic,4.508,4.508,4.508,90.0,90.0,90.0,18.323,0.06,metal
Sb,Pt,cubic,4.023,4.023,4.023,90.0,90.0,90.0,13.017999999999999,0.0,metal
Sb,Pu,cubic,4.365,4.365,4.365,90.0,90.0,90.0,16.637,0.769,metal
Sb,Rb,orthorhombic,5.206,5.92,12.181,90.0,90.0,90.0,18.771,,insulator
Sb,Re,cubic,3.971,3.971,3.971,90.0,90.0,90.0,12.519,0.026,metal
Sb,Rh,cubic,3.942,3.942,3.942,90.0,90.0,90.0,12.247,0.0,metal
Sb,Ru,cubic,3.941,3.941,3.941,90.0,90.0,90.0,12.238,0.188,metal
Sb,Sb,cubic,4.142,4.142,4.142,90.0,90.0,90.0,14.210999999999999,,metal
Sb,Sc,cubic,4.024,4.024,4.024,90.0,90.0,90.0,13.030999999999999,0.0,insulator
Sb,Si,cubic,3.71,3.71,3.71,90.0,90.0,90.0,10.209,,metal
Sb,Sm,cubic,4.416,4.416,4.416,90.0,90.0,90.0,17.218,0.011,metal
Sb,Sn,cubic,4.086,4.086,4.086,90.0,90.0,90.0,13.64,,metal
Sb,Sr,orthorhombic,5.939,6.155,9.011,90.0,90.0,90.0,16.467,,metal
Sb,Ta,cubic,4.046,4.046,4.046,90.0,90.0,90.0,13.245999999999999,0.001,metal
Sb,Tb,cubic,4.326,4.326,4.326,90.0,90.0,90.0,16.192,-0.001,metal
Sb,Tc,cubic,3.966,3.966,3.966,90.0,90.0,90.0,12.48,0.359,metal
Sb,Te,cubic,4.217,4.217,4.217,90.0,90.0,90.0,14.998,,metal
Sb,Th,cubic,4.561,4.561,4.561,90.0,90.0,90.0,18.97,0.0,metal
Sb,Ti,tetragonal,3.892,3.892,4.207,90.0,90.0,90.0,12.745,0.145,metal
Sb,Tl,orthorhombic,5.751,6.242,8.222,90.0,90.0,90.0,14.757,,insulator
Sb,Tm,cubic,4.229,4.229,4.229,90.0,90.0,90.0,15.13,0.0,metal
Sb,U,cubic,4.36,4.36,4.36,90.0,90.0,90.0,16.576,0.134,metal
Sb,V,orthorhombic,5.306,5.791,7.681,90.0,90.0,90.0,11.800999999999998,0.4,insulator
Sb,W,cubic,3.997,3.997,3.997,90.0,90.0,90.0,12.767000000000001,-0.002,metal
Sb,Y,cubic,4.3,4.3,4.3,90.0,90.0,90.0,15.899000000000001,0.0,metal
Sb,Yb,orthorhombic,5.644,5.893,8.329,90.0,90.0,90.0,13.852,,metal
Sb,Zn,cubic,3.847,3.847,3.847,90.0,90.0,90.0,11.389000000000001,,metal
Sb,Zr,cubic,4.162,4.162,4.162,90.0,90.0,90.0,14.421,0.0,metal
Sc,Ac,orthorhombic,5.962,6.047,8.927,90.0,90.0,90.0,16.090999999999998,0.0,insulator
Sc,Ag,orthorhombic,5.176,5.516,8.06,90.0,90.0,90.0,11.508,0.0,metal
Sc,Al,orthorhombic,4.939,5.23,7.218,90.0,90.0,90.0,9.322000000000001,0.0,insulator
Sc,As,cubic,3.898,3.898,3.898,90.0,90.0,90.0,11.845,0.12,metal
Sc,Au,cubic,4.049,4.049,4.049,90.0,90.0,90.0,13.274000000000001,0.006,metal
Sc,B,cubic,3.347,3.347,3.347,90.0,90.0,90.0,7.496,0.0,insulator
Sc,Ba,orthorhombic,6.038,6.55,8.748,90.0,90.0,90.0,17.299,0.002,metal
Sc,Be,cubic,3.436,3.436,3.436,90.0,90.0,90.0,8.113999999999999,-0.013,metal
Sc,Bi,cubic,4.312,4.312,4.312,90.0,90.0,90.0,16.035,0.159,metal
Sc,Cd,cubic,4.063,4.063,4.063,90.0,90.0,90.0,13.412,0.0,metal
Sc,Ce,orthorhombic,5.85,5.951,8.579,90.0,90.0,90.0,14.934000000000001,0.0,insulator
Sc,Co,cubic,3.627,3.627,3.627,90.0,90.0,90.0,9.546,0.0,insulator
Sc,Cr,cubic,3.768,3.768,3.768,90.0,90.0,90.0,10.702,0.6,insulator
Sc,Cu,cubic,3.667,3.667,3.667,90.0,90.0,90.0,9.857999999999999,-0.001,metal
Sc,Dy,cubic,4.252,4.252,4.252,90.0,90.0,90.0,15.377,0.0,insulator
Sc,Er,cubic,4.203,4.203,4.203,90.0,90.0,90.0,14.845,0.0,insulator
Sc,Eu,orthorhombic,5.822,6.059,8.066,90.0,90.0,90.0,14.227,0.2,insulator
Sc,Fe,cubic,3.777,3.777,3.777,90.0,90.0,90.0,10.773,0.941,metal
Sc,Ga,cubic,3.753,3.753,3.753,90.0,90.0,90.0,10.575999999999999,0.0,insulator
Sc,Gd,cubic,4.306,4.306,4.306,90.0,90.0,90.0,15.967,0.0,insulator
Sc,Ge,cubic,3.762,3.762,3.762,90.0,90.0,90.0,10.645999999999999,0.089,metal
Sc,Hf,cubic,4.049,4.049,4.049,90.0,90.0,90.0,13.277000000000001,0.198,metal
Sc,Hg,cubic,4.147,4.147,4.147,90.0,90.0,90.0,14.267999999999999,0.017,metal
Sc,Ho,cubic,4.226,4.226,4.226,90.0,90.0,90.0,15.091,0.0,insulator
Sc,In,orthorhombic,5.317,5.581,8.082,90.0,90.0,90.0,11.99,0.0,insulator
Sc,Ir,cubic,3.903,3.903,3.903,90.0,90.0,90.0,11.895,0.0,metal
Sc,La,orthorhombic,5.817,5.923,8.607,90.0,90.0,90.0,14.829,0.0,insulator
Sc,Li,cubic,3.527,3.527,3.527,90.0,90.0,90.0,8.776,0.401,metal
Sc,Lu,cubic,4.132,4.132,4.132,90.0,90.0,90.0,14.110999999999999,0.0,insulator
Sc,Mg,cubic,3.749,3.749,3.749,90.0,90.0,90.0,10.538,0.002,metal
Sc,Mn,cubic,3.766,3.766,3.766,90.0,90.0,90.0,10.681,0.766,metal
Sc,Mo,cubic,3.914,3.914,3.914,90.0,90.0,90.0,11.995,0.17,metal
Sc,Na,orthorhombic,5.481,5.484,8.515,90.0,90.0,90.0,12.796,0.4,metal
Sc,Nb,cubic,3.995,3.995,3.995,90.0,90.0,90.0,12.75,0.161,metal
Sc,Nd,orthorhombic,5.768,5.89,8.45,90.0,90.0,90.0,14.353,0.0,insulator
Sc,Ni,cubic,3.644,3.644,3.644,90.0,90.0,90.0,9.674,0.2,metal
Sc,Np,orthorhombic,5.815,5.882,8.49,90.0,90.0,90.0,14.522,0.8,insulator
Sc,Os,cubic,3.892,3.892,3.892,90.0,90.0,90.0,11.792,0.128,metal
Sc,Pa,cubic,4.373,4.373,4.373,90.0,90.0,90.0,16.724,0.37,metal
Sc,Pb,orthorhombic,5.724,5.876,8.252,90.0,90.0,90.0,13.876,0.001,metal
Sc,Pd,cubic,3.911,3.911,3.911,90.0,90.0,90.0,11.96,0.0,metal
Sc,Pm,cubic,4.4,4.4,4.4,90.0,90.0,90.0,17.037,-0.001,metal
Sc,Pr,orthorhombic,5.806,5.921,8.508,90.0,90.0,90.0,14.625,0.0,insulator
Sc,Pt,cubic,3.964,3.964,3.964,90.0,90.0,90.0,12.456,0.002,metal
Sc,Pu,cubic,4.334,4.334,4.334,90.0,90.0,90.0,16.282,0.998,metal
Sc,Rb,orthorhombic,6.447,6.943,7.438,90.0,90.0,90.0,16.645,0.0,insulator
Sc,Re,cubic,3.903,3.903,3.903,90.0,90.0,90.0,11.894,0.205,metal
Sc,Rh,cubic,3.87,3.87,3.87,90.0,90.0,90.0,11.595999999999998,0.0,metal
Sc,Ru,cubic,3.868,3.868,3.868,90.0,90.0,90.0,11.575,0.161,metal
Sc,Sb,cubic,4.118,4.118,4.118,90.0,90.0,90.0,13.968,0.2,metal
Sc,Sc,cubic,3.954,3.954,3.954,90.0,90.0,90.0,12.365,0.0,insulator
Sc,Si,cubic,3.547,3.547,3.547,90.0,90.0,90.0,8.923,0.071,metal
Sc,Sm,orthorhombic,5.706,5.84,8.36,90.0,90.0,90.0,13.929,0.0,insulator
Sc,Sn,cubic,4.028,4.028,4.028,90.0,90.0,90.0,13.074000000000002,0.177,metal
Sc,Sr,orthorhombic,5.918,6.204,8.305,90.0,90.0,90.0,15.245999999999999,0.2,insulator
Sc,Ta,cubic,3.972,3.972,3.972,90.0,90.0,90.0,12.534,0.197,metal
Sc,Tb,cubic,4.279,4.279,4.279,90.0,90.0,90.0,15.67,0.0,insulator
Sc,Tc,cubic,3.885,3.885,3.885,90.0,90.0,90.0,11.731,0.345,metal
Sc,Te,cubic,4.187,4.187,4.187,90.0,90.0,90.0,14.677,0.19,metal
Sc,Th,cubic,4.54,4.54,4.54,90.0,90.0,90.0,18.72,0.196,metal
Sc,Ti,cubic,3.83,3.83,3.83,90.0,90.0,90.0,11.232999999999999,0.01,metal
Sc,Tl,orthorhombic,5.517,5.734,8.307,90.0,90.0,90.0,13.138,0.0,insulator
Sc,Tm,cubic,4.176,4.176,4.176,90.0,90.0,90.0,14.569,0.0,insulator
Sc,U,cubic,4.345,4.345,4.345,90.0,90.0,90.0,16.403,0.579,metal
Sc,V,cubic,3.782,3.782,3.782,90.0,90.0,90.0,10.815999999999999,0.401,metal
Sc,W,cubic,3.924,3.924,3.924,90.0,90.0,90.0,12.084000000000001,0.19,metal
Sc,Y,cubic,4.252,4.252,4.252,90.0,90.0,90.0,15.373,0.0,insulator
Sc,Yb,orthorhombic,5.688,5.817,7.949,90.0,90.0,90.0,13.152000000000001,0.2,insulator
Sc,Zn,cubic,3.755,3.755,3.755,90.0,90.0,90.0,10.587,0.0,metal
Sc,Zr,cubic,4.106,4.106,4.106,90.0,90.0,90.0,13.843,0.191,metal
Si,Ac,cubic,4.585,4.585,4.585,90.0,90.0,90.0,19.279,0.018,metal
Si,Ag,cubic,3.974,3.974,3.974,90.0,90.0,90.0,12.552999999999999,,metal
Si,Al,cubic,3.638,3.638,3.638,90.0,90.0,90.0,9.633,,metal
Si,As,cubic,3.845,3.845,3.845,90.0,90.0,90.0,11.370999999999999,,metal
Si,Au,cubic,4.023,4.023,4.023,90.0,90.0,90.0,13.019,,metal
Si,B,cubic,3.304,3.304,3.304,90.0,90.0,90.0,7.212999999999999,,metal
Si,Ba,cubic,4.577,4.577,4.577,90.0,90.0,90.0,19.171,,metal
Si,Be,cubic,3.382,3.382,3.382,90.0,90.0,90.0,7.735,,metal
Si,Bi,cubic,4.242,4.242,4.242,90.0,90.0,90.0,15.270999999999999,,metal
Si,Ca,orthorhombic,4.921,5.143,9.694,90.0,90.0,90.0,12.267999999999999,,insulator
Si,Cd,cubic,4.07,4.07,4.07,90.0,90.0,90.0,13.485,,metal
Si,Ce,cubic,4.492,4.492,4.492,90.0,90.0,90.0,18.125,-0.007,metal
Si,Co,cubic,3.665,3.665,3.665,90.0,90.0,90.0,9.846,0.356,metal
Si,Cr,cubic,3.759,3.759,3.759,90.0,90.0,90.0,10.623,0.4,metal
Si,Cs,cubic,4.451,4.451,4.451,90.0,90.0,90.0,17.631,,metal
Si,Cu,cubic,3.673,3.673,3.673,90.0,90.0,90.0,9.908,,metal
Si,Dy,cubic,4.269,4.269,4.269,90.0,90.0,90.0,15.561,0.002,metal
Si,Er,cubic,4.235,4.235,4.235,90.0,90.0,90.0,15.194,-0.2,metal
Si,Eu,orthorhombic,4.56,5.029,10.372,90.0,90.0,90.0,11.892000000000001,0.0,insulator
Si,Fe,cubic,3.751,3.751,3.751,90.0,90.0,90.0,10.552,0.804,metal
Si,Ga,cubic,3.796,3.796,3.796,90.0,90.0,90.0,10.937999999999999,,metal
Si,Gd,cubic,4.306,4.306,4.306,90.0,90.0,90.0,15.968,0.01,metal
Si,Ge,cubic,3.724,3.724,3.724,90.0,90.0,90.0,10.332,,insulator
Si,Hf,cubic,4.058,4.058,4.058,90.0,90.0,90.0,13.369000000000002,0.0,insulator
Si,Hg,cubic,4.114,4.114,4.114,90.0,90.0,90.0,13.921,,metal
Si,Ho,cubic,4.249,4.249,4.249,90.0,90.0,90.0,15.342,0.2,metal
Si,In,cubic,4.092,4.092,4.092,90.0,90.0,90.0,13.705,,metal
Si,Ir,cubic,3.9,3.9,3.9,90.0,90.0,90.0,11.865,0.007,metal
Si,K,cubic,4.203,4.203,4.203,90.0,90.0,90.0,14.85,,metal
Si,La,cubic,4.452,4.452,4.452,90.0,90.0,90.0,17.65,-0.149,metal
Si,Li,cubic,3.473,3.473,3.473,90.0,90.0,90.0,8.381,,metal
Si,Lu,cubic,4.179,4.179,4.179,90.0,90.0,90.0,14.597000000000001,-0.195,metal
Si,Mg,cubic,3.788,3.788,3.788,90.0,90.0,90.0,10.873,,metal
Si,Mn,cubic,3.739,3.739,3.739,90.0,90.0,90.0,10.455,0.602,metal
Si,Mo,cubic,3.922,3.922,3.922,90.0,90.0,90.0,12.067,0.001,metal
Si,Na,orthorhombic,4.918,5.456,8.442,90.0,90.0,90.0,11.325,,insulator
Si,Nb,cubic,4.005,4.005,4.005,90.0,90.0,90.0,12.85,0.001,metal
Si,Nd,cubic,4.417,4.417,4.417,90.0,90.0,90.0,17.24,-0.144,metal
Si,Ni,cubic,3.639,3.639,3.639,90.0,90.0,90.0,9.641,0.157,metal
Si,Np,cubic,4.312,4.312,4.312,90.0,90.0,90.0,16.033,0.569,metal
Si,Os,cubic,3.893,3.893,3.893,90.0,90.0,90.0,11.8,0.2,metal
Si,Pa,cubic,4.363,4.363,4.363,90.0,90.0,90.0,16.608,0.006,metal
Si,Pb,cubic,4.182,4.182,4.182,90.0,90.0,90.0,14.624,,metal
Si,Pd,cubic,3.906,3.906,3.906,90.0,90.0,90.0,11.917,,metal
Si,Pm,cubic,4.377,4.377,4.377,90.0,90.0,90.0,16.774,0.0,metal
Si,Pr,cubic,4.447,4.447,4.447,90.0,90.0,90.0,17.594,-0.133,metal
Si,Pt,cubic,3.943,3.943,3.943,90.0,90.0,90.0,12.257,0.001,metal
Si,Pu,cubic,4.33,4.33,4.33,90.0,90.0,90.0,16.238,0.799,metal
Si,Rb,cubic,4.255,4.255,4.255,90.0,90.0,90.0,15.411,,metal
Si,Re,cubic,3.902,3.902,3.902,90.0,90.0,90.0,11.886,0.0,metal
Si,Rh,cubic,3.878,3.878,3.878,90.0,90.0,90.0,11.664000000000001,0.012,metal
Si,Ru,cubic,3.878,3.878,3.878,90.0,90.0,90.0,11.668,0.307,metal
Si,Sb,cubic,4.046,4.046,4.046,90.0,90.0,90.0,13.242,,metal
Si,Sc,cubic,4.027,4.027,4.027,90.0,90.0,90.0,13.057,0.003,metal
Si,Si,cubic,3.554,3.554,3.554,90.0,90.0,90.0,8.977,,insulator
Si,Sm,cubic,4.356,4.356,4.356,90.0,90.0,90.0,16.532,0.0,metal
Si,Sn,cubic,4.01,4.01,4.01,90.0,90.0,90.0,12.901,,insulator
Si,Sr,cubic,4.389,4.389,4.389,90.0,90.0,90.0,16.907,,metal
Si,Ta,cubic,3.983,3.983,3.983,90.0,90.0,90.0,12.639000000000001,0.001,metal
Si,Tb,cubic,4.286,4.286,4.286,90.0,90.0,90.0,15.745,0.009,metal
Si,Tc,cubic,3.887,3.887,3.887,90.0,90.0,90.0,11.744000000000002,0.004,metal
Si,Te,cubic,4.144,4.144,4.144,90.0,90.0,90.0,14.234000000000002,,metal
Si,Th,cubic,4.541,4.541,4.541,90.0,90.0,90.0,18.723,0.0,metal
Si,Ti,cubic,3.849,3.849,3.849,90.0,90.0,90.0,11.402999999999999,0.0,insulator
Si,Tl,cubic,4.163,4.163,4.163,90.0,90.0,90.0,14.425,,metal
Si,Tm,cubic,4.213,4.213,4.213,90.0,90.0,90.0,14.950999999999999,0.21,metal
Si,U,cubic,4.311,4.311,4.311,90.0,90.0,90.0,16.028,0.077,metal
Si,V,cubic,3.784,3.784,3.784,90.0,90.0,90.0,10.835,0.2,metal
Si,W,cubic,3.928,3.928,3.928,90.0,90.0,90.0,12.122,0.001,metal
Si,Y,cubic,4.287,4.287,4.287,90.0,90.0,90.0,15.758,0.21,metal
Si,Yb,orthorhombic,4.872,4.969,9.701,90.0,90.0,90.0,11.741,,insulator
Si,Zn,cubic,3.783,3.783,3.783,90.0,90.0,90.0,10.825999999999999,,metal
Si,Zr,cubic,4.115,4.115,4.115,90.0,90.0,90.0,13.933,0.0,insulator
Sm,Ac,cubic,4.665,4.665,4.665,90.0,90.0,90.0,20.308,0.0,metal
Sm,Ag,orthorhombic,5.524,6.009,7.871,90.0,90.0,90.0,13.064,0.0,metal
Sm,Al,orthorhombic,5.288,5.305,7.481,90.0,90.0,90.0,10.494000000000002,0.0,insulator
Sm,As,cubic,4.015,4.015,4.015,90.0,90.0,90.0,12.948,0.0,metal
Sm,Au,cubic,4.11,4.11,4.11,90.0,90.0,90.0,13.883,0.0,metal
Sm,B,cubic,3.51,3.51,3.51,90.0,90.0,90.0,8.649,0.0,insulator
Sm,Ba,orthorhombic,6.032,6.058,10.51,90.0,90.0,90.0,19.204,0.112,metal
Sm,Be,tetragonal,3.39,3.39,4.289,90.0,90.0,90.0,9.86,0.043,metal
Sm,Bi,cubic,4.367,4.367,4.367,90.0,90.0,90.0,16.659000000000002,0.0,metal
Sm,Ca,cubic,4.144,4.144,4.144,90.0,90.0,90.0,14.23,0.2,metal
Sm,Cd,cubic,4.108,4.108,4.108,90.0,90.0,90.0,13.863,0.0,metal
Sm,Ce,cubic,4.543,4.543,4.543,90.0,90.0,90.0,18.747,0.0,insulator
Sm,Co,orthorhombic,5.289,5.546,7.61,90.0,90.0,90.0,11.162,0.4,metal
Sm,Cr,orthorhombic,5.364,5.595,7.691,90.0,90.0,90.0,11.543,0.6,insulator
Sm,Cu,orthorhombic,5.277,5.749,7.409,90.0,90.0,90.0,11.235999999999999,0.0,metal
Sm,Dy,cubic,4.275,4.275,4.275,90.0,90.0,90.0,15.620999999999999,0.0,insulator
Sm,Er,cubic,4.23,4.23,4.23,90.0,90.0,90.0,15.136,0.0,insulator
Sm,Eu,cubic,4.268,4.268,4.268,90.0,90.0,90.0,15.547,0.117,metal
Sm,Fe,orthorhombic,5.383,5.638,7.71,90.0,90.0,90.0,11.7,1.0,insulator
Sm,Ga,orthorhombic,5.362,5.586,7.676,90.0,90.0,90.0,11.495999999999999,0.0,insulator
Sm,Gd,cubic,4.326,4.326,4.326,90.0,90.0,90.0,16.192,0.0,insulator
Sm,Ge,orthorhombic,5.442,5.821,7.874,90.0,90.0,90.0,12.470999999999998,0.0,metal
Sm,Hf,orthorhombic,5.55,6.089,7.682,90.0,90.0,90.0,12.98,0.005,metal
Sm,Hg,cubic,4.201,4.201,4.201,90.0,90.0,90.0,14.825999999999999,-0.001,metal
Sm,Ho,cubic,4.252,4.252,4.252,90.0,90.0,90.0,15.373,0.0,insulator
Sm,In,cubic,4.054,4.054,4.054,90.0,90.0,90.0,13.327,0.0,insulator
Sm,Ir,cubic,3.969,3.969,3.969,90.0,90.0,90.0,12.509,0.0,metal
Sm,K,orthorhombic,6.325,6.401,8.505,90.0,90.0,90.0,17.217,0.0,insulator
Sm,La,cubic,4.52,4.52,4.52,90.0,90.0,90.0,18.469,0.0,insulator
Sm,Li,orthorhombic,5.051,5.823,7.399,90.0,90.0,90.0,10.88,0.4,metal
Sm,Lu,cubic,4.166,4.166,4.166,90.0,90.0,90.0,14.456,0.0,insulator
Sm,Mg,orthorhombic,5.346,5.748,7.678,90.0,90.0,90.0,11.798,0.2,metal
Sm,Mn,orthorhombic,5.376,5.749,7.599,90.0,90.0,90.0,11.743,0.8,metal
Sm,Mo,orthorhombic,5.47,5.883,7.887,90.0,90.0,90.0,12.69,0.591,metal
Sm,Na,cubic,3.955,3.955,3.955,90.0,90.0,90.0,12.374,0.4,metal
Sm,Nb,orthorhombic,5.473,5.996,7.763,90.0,90.0,90.0,12.738,0.001,metal
Sm,Ni,orthorhombic,5.28,5.477,7.544,90.0,90.0,90.0,10.909,0.2,metal
Sm,Np,cubic,4.418,4.418,4.418,90.0,90.0,90.0,17.25,0.791,metal
Sm,Os,cubic,3.953,3.953,3.953,90.0,90.0,90.0,12.354000000000001,0.003,metal
Sm,Pa,cubic,4.471,4.471,4.471,90.0,90.0,90.0,17.873,0.308,metal
Sm,Pd,orthorhombic,5.466,5.931,7.642,90.0,90.0,90.0,12.389000000000001,0.002,metal
Sm,Pm,cubic,4.42,4.42,4.42,90.0,90.0,90.0,17.265,0.0,insulator
Sm,Pr,cubic,4.499,4.499,4.499,90.0,90.0,90.0,18.21,0.0,insulator
Sm,Pt,cubic,4.029,4.029,4.029,90.0,90.0,90.0,13.082,0.0,metal
Sm,Pu,cubic,4.366,4.366,4.366,90.0,90.0,90.0,16.641,0.928,metal
Sm,Rb,orthorhombic,6.107,6.17,10.798,90.0,90.0,90.0,20.346,0.4,metal
Sm,Re,cubic,3.961,3.961,3.961,90.0,90.0,90.0,12.43,0.165,metal
Sm,Rh,orthorhombic,5.337,5.818,7.72,90.0,90.0,90.0,11.987,0.0,insulator
Sm,Ru,orthorhombic,5.295,5.864,7.702,90.0,90.0,90.0,11.958,0.199,metal
Sm,Sb,cubic,4.223,4.223,4.223,90.0,90.0,90.0,15.065999999999999,0.0,metal
Sm,Sc,orthorhombic,5.511,5.778,7.954,90.0,90.0,90.0,12.664000000000001,0.0,insulator
Sm,Si,cubic,3.732,3.732,3.732,90.0,90.0,90.0,10.394,0.0,metal
Sm,Sm,cubic,4.394,4.394,4.394,90.0,90.0,90.0,16.964000000000002,0.0,insulator
Sm,Sn,cubic,4.123,4.123,4.123,90.0,90.0,90.0,14.015,0.0,metal
Sm,Sr,orthorhombic,5.949,5.959,9.652,90.0,90.0,90.0,17.107,0.11,metal
Sm,Ta,cubic,4.015,4.015,4.015,90.0,90.0,90.0,12.940999999999999,0.002,metal
Sm,Tb,cubic,4.3,4.3,4.3,90.0,90.0,90.0,15.898,0.0,insulator
Sm,Tc,orthorhombic,5.34,5.902,7.716,90.0,90.0,90.0,12.16,0.389,metal
Sm,Te,cubic,4.246,4.246,4.246,90.0,90.0,90.0,15.305,0.0,metal
Sm,Th,cubic,4.555,4.555,4.555,90.0,90.0,90.0,18.905,0.084,metal
Sm,Ti,orthorhombic,5.398,5.7,7.738,90.0,90.0,90.0,11.905999999999999,0.2,metal
Sm,Tl,orthorhombic,5.684,6.043,8.458,90.0,90.0,90.0,14.526,0.0,insulator
Sm,Tm,cubic,4.204,4.204,4.204,90.0,90.0,90.0,14.864,0.0,insulator
Sm,U,cubic,4.845,4.845,4.845,90.0,90.0,90.0,22.750999999999998,0.581,metal
Sm,V,orthorhombic,5.398,5.695,7.718,90.0,90.0,90.0,11.864,0.4,insulator
Sm,W,cubic,3.975,3.975,3.975,90.0,90.0,90.0,12.562000000000001,0.003,metal
Sm,Y,cubic,4.275,4.275,4.275,90.0,90.0,90.0,15.62,0.0,insulator
Sm,Yb,cubic,4.118,4.118,4.118,90.0,90.0,90.0,13.968,-0.158,metal
Sm,Zn,orthorhombic,5.327,5.784,7.595,90.0,90.0,90.0,11.700999999999999,0.0,metal
Sm,Zr,orthorhombic,5.599,6.132,7.743,90.0,90.0,90.0,13.292,0.051,metal
Sn,Ac,cubic,4.622,4.622,4.622,90.0,90.0,90.0,19.752,0.061,metal
Sn,Ag,cubic,4.045,4.045,4.045,90.0,90.0,90.0,13.232999999999999,,metal
Sn,Al,orthorhombic,5.201,5.364,7.416,90.0,90.0,90.0,10.344000000000001,,metal
Sn,As,tetragonal,3.867,3.867,4.51,90.0,90.0,90.0,13.489,,metal
Sn,Au,cubic,4.091,4.091,4.091,90.0,90.0,90.0,13.690999999999999,,metal
Sn,B,cubic,3.465,3.465,3.465,90.0,90.0,90.0,8.323,,metal
Sn,Ba,orthorhombic,5.752,5.877,10.949,90.0,90.0,90.0,18.505,,insulator
Sn,Be,cubic,3.51,3.51,3.51,90.0,90.0,90.0,8.651,,metal
Sn,Bi,cubic,4.316,4.316,4.316,90.0,90.0,90.0,16.076,,metal
Sn,Cd,cubic,4.126,4.126,4.126,90.0,90.0,90.0,14.052,,metal
Sn,Ce,cubic,4.522,4.522,4.522,90.0,90.0,90.0,18.499000000000002,-0.2,metal
Sn,Cr,orthorhombic,5.295,5.543,7.684,90.0,90.0,90.0,11.276,0.623,metal
Sn,Cs,orthorhombic,5.965,6.918,10.053,90.0,90.0,90.0,20.745,,insulator
Sn,Cu,cubic,3.769,3.769,3.769,90.0,90.0,90.0,10.708,,metal
Sn,Dy,cubic,4.319,4.319,4.319,90.0,90.0,90.0,16.116,-0.201,metal
Sn,Er,cubic,4.283,4.283,4.283,90.0,90.0,90.0,15.719000000000001,-0.198,metal
Sn,Eu,orthorhombic,5.707,5.783,8.961,90.0,90.0,90.0,14.788,0.0,insulator
Sn,Fe,rhombohedral,5.396,5.396,5.396,61.1,61.1,61.1,11.389000000000001,0.846,metal
Sn,Ga,cubic,3.835,3.835,3.835,90.0,90.0,90.0,11.282,,metal
Sn,Gd,cubic,4.354,4.354,4.354,90.0,90.0,90.0,16.51,-0.195,metal
Sn,Ge,orthorhombic,5.399,5.418,7.788,90.0,90.0,90.0,11.390999999999998,,metal
Sn,Hf,orthorhombic,5.797,5.821,8.214,90.0,90.0,90.0,13.857000000000001,0.0,insulator
Sn,Hg,cubic,4.181,4.181,4.181,90.0,90.0,90.0,14.613,,metal
Sn,Ho,cubic,4.301,4.301,4.301,90.0,90.0,90.0,15.913,-0.008,metal
Sn,In,cubic,4.142,4.142,4.142,90.0,90.0,90.0,14.207,,metal
Sn,Ir,cubic,3.974,3.974,3.974,90.0,90.0,90.0,12.552999999999999,0.001,metal
Sn,K,orthorhombic,5.641,6.399,9.666,90.0,90.0,90.0,17.448,,metal
Sn,La,cubic,4.491,4.491,4.491,90.0,90.0,90.0,18.121,0.001,metal
Sn,Li,cubic,3.603,3.603,3.603,90.0,90.0,90.0,9.356,,metal
Sn,Lu,cubic,4.231,4.231,4.231,90.0,90.0,90.0,15.152999999999999,-0.199,metal
Sn,Mg,cubic,3.831,3.831,3.831,90.0,90.0,90.0,11.245,,metal
Sn,Mn,cubic,3.845,3.845,3.845,90.0,90.0,90.0,11.370999999999999,0.621,metal
Sn,Mo,orthorhombic,5.584,5.658,8.02,90.0,90.0,90.0,12.669,0.003,metal
Sn,Na,orthorhombic,5.66,5.971,7.823,90.0,90.0,90.0,13.218,,metal
Sn,Nb,tetragonal,4.05,4.086,4.086,90.0,90.0,90.0,13.523,0.0,metal
Sn,Nd,cubic,4.465,4.465,4.465,90.0,90.0,90.0,17.801,0.0,metal
Sn,Ni,cubic,3.745,3.745,3.745,90.0,90.0,90.0,10.505999999999998,0.221,metal
Sn,Np,cubic,4.39,4.39,4.39,90.0,90.0,90.0,16.918,0.591,metal
Sn,Os,cubic,3.967,3.967,3.967,90.0,90.0,90.0,12.482000000000001,0.206,metal
Sn,Pa,orthorhombic,5.929,6.329,8.621,90.0,90.0,90.0,16.177,0.2,insulator
Sn,Pb,tetragonal,3.886,3.886,5.059,90.0,90.0,90.0,15.282,,metal
Sn,Pd,cubic,3.983,3.983,3.983,90.0,90.0,90.0,12.636,,metal
Sn,Pm,cubic,4.437,4.437,4.437,90.0,90.0,90.0,17.465,-0.004,metal
Sn,Pr,cubic,4.486,4.486,4.486,90.0,90.0,90.0,18.05,-0.199,metal
Sn,Pt,cubic,4.018,4.018,4.018,90.0,90.0,90.0,12.977,0.002,metal
Sn,Rb,orthorhombic,5.698,6.613,9.959,90.0,90.0,90.0,18.762999999999998,,metal
Sn,Re,orthorhombic,5.52,5.571,8.217,90.0,90.0,90.0,12.633,0.0,metal
Sn,Rh,cubic,3.95,3.95,3.95,90.0,90.0,90.0,12.323,0.002,metal
Sn,Ru,orthorhombic,5.372,5.536,7.833,90.0,90.0,90.0,11.647,0.002,metal
Sn,Sb,tetragonal,4.135,4.135,4.372,90.0,90.0,90.0,14.950999999999999,,metal
Sn,Sc,cubic,4.064,4.064,4.064,90.0,90.0,90.0,13.425,-0.01,metal
Sn,Si,tetragonal,3.477,3.477,4.652,90.0,90.0,90.0,11.247,,insulator
Sn,Sm,cubic,4.418,4.418,4.418,90.0,90.0,90.0,17.249000000000002,-0.2,metal
Sn,Sn,orthorhombic,5.682,5.776,8.173,90.0,90.0,90.0,13.411,,insulator
Sn,Sr,orthorhombic,5.743,5.798,9.73,90.0,90.0,90.0,16.198,,insulator
Sn,Ta,tetragonal,4.045,4.069,4.069,90.0,90.0,90.0,13.398,0.0,metal
Sn,Tb,cubic,4.337,4.337,4.337,90.0,90.0,90.0,16.311,-0.196,metal
Sn,Tc,orthorhombic,5.541,5.648,7.9,90.0,90.0,90.0,12.362,0.352,metal
Sn,Te,cubic,4.235,4.235,4.235,90.0,90.0,90.0,15.193,,metal
Sn,Th,cubic,4.567,4.567,4.567,90.0,90.0,90.0,19.05,0.0,insulator
Sn,Ti,tetragonal,3.867,3.867,4.192,90.0,90.0,90.0,12.534,0.0,insulator
Sn,Tl,orthorhombic,5.694,5.824,8.665,90.0,90.0,90.0,14.367,,metal
Sn,Tm,cubic,4.263,4.263,4.263,90.0,90.0,90.0,15.495,-0.198,metal
Sn,U,cubic,4.372,4.372,4.372,90.0,90.0,90.0,16.719,0.274,metal
Sn,V,orthorhombic,5.411,5.574,7.672,90.0,90.0,90.0,11.57,0.351,metal
Sn,W,cubic,3.997,3.997,3.997,90.0,90.0,90.0,12.775,0.0,metal
Sn,Y,cubic,4.336,4.336,4.336,90.0,90.0,90.0,16.31,0.0,metal
Sn,Yb,orthorhombic,5.62,5.644,8.395,90.0,90.0,90.0,13.312999999999999,,insulator
Sn,Zn,cubic,3.847,3.847,3.847,90.0,90.0,90.0,11.387,,metal
Sn,Zr,tetragonal,4.051,4.051,4.359,90.0,90.0,90.0,14.31,0.0,insulator
Sr,Ac,orthorhombic,6.232,6.48,8.981,90.0,90.0,90.0,18.136,0.2,metal
Sr,Ag,orthorhombic,5.703,5.839,8.04,90.0,90.0,90.0,13.387,,metal
Sr,Al,orthorhombic,5.374,5.374,7.603,90.0,90.0,90.0,10.977,,metal
Sr,As,tetragonal,3.858,3.858,4.256,90.0,90.0,90.0,12.67,,metal
Sr,Au,orthorhombic,5.783,5.937,7.91,90.0,90.0,90.0,13.581,,metal
Sr,B,cubic,3.568,3.568,3.568,90.0,90.0,90.0,9.085,,metal
Sr,Ba,cubic,4.62,4.62,4.62,90.0,90.0,90.0,19.726,,metal
Sr,Be,tetragonal,3.36,3.36,4.78,90.0,90.0,90.0,10.793,,metal
Sr,Bi,orthorhombic,5.951,6.133,8.511,90.0,90.0,90.0,15.532,,metal
Sr,Ca,cubic,4.294,4.294,4.294,90.0,90.0,90.0,15.835999999999999,,metal
Sr,Cd,orthorhombic,5.82,5.978,8.17,90.0,90.0,90.0,14.210999999999999,,metal
Sr,Ce,orthorhombic,6.143,6.377,8.842,90.0,90.0,90.0,17.32,0.2,metal
Sr,Co,orthorhombic,5.398,5.403,7.835,90.0,90.0,90.0,11.425999999999998,0.629,metal
Sr,Cr,orthorhombic,5.457,5.457,7.664,90.0,90.0,90.0,11.412,0.4,insulator
Sr,Cs,cubic,4.517,4.517,4.517,90.0,90.0,90.0,18.43,,metal
Sr,Cu,orthorhombic,5.424,5.435,7.662,90.0,90.0,90.0,11.296,,metal
Sr,Dy,orthorhombic,5.974,6.145,8.462,90.0,90.0,90.0,15.533,0.2,metal
Sr,Er,orthorhombic,5.936,6.101,8.406,90.0,90.0,90.0,15.222000000000001,0.2,metal
Sr,Eu,cubic,4.265,4.265,4.265,90.0,90.0,90.0,15.52,0.037,metal
Sr,Fe,orthorhombic,5.447,5.454,7.707,90.0,90.0,90.0,11.449000000000002,0.808,metal
Sr,Ga,cubic,3.917,3.917,3.917,90.0,90.0,90.0,12.022,,metal
Sr,Gd,orthorhombic,6.005,6.188,8.537,90.0,90.0,90.0,15.863,0.2,metal
Sr,Ge,cubic,3.836,3.836,3.836,90.0,90.0,90.0,11.292,,insulator
Sr,Hf,orthorhombic,5.751,5.792,8.159,90.0,90.0,90.0,13.589,0.0,insulator
Sr,Hg,orthorhombic,5.934,6.607,7.655,90.0,90.0,90.0,15.005,,metal
Sr,Ho,orthorhombic,5.952,6.124,8.438,90.0,90.0,90.0,15.378,0.2,metal
Sr,In,orthorhombic,5.836,5.912,8.242,90.0,90.0,90.0,14.22,,metal
Sr,Ir,orthorhombic,5.55,5.674,7.891,90.0,90.0,90.0,12.424000000000001,0.048,metal
Sr,K,cubic,4.324,4.324,4.324,90.0,90.0,90.0,16.165,,metal
Sr,La,orthorhombic,6.108,6.348,8.798,90.0,90.0,90.0,17.059,0.2,metal
Sr,Li,cubic,3.802,3.802,3.802,90.0,90.0,90.0,10.995999999999999,,metal
Sr,Lu,orthorhombic,5.862,6.03,8.343,90.0,90.0,90.0,14.745999999999999,0.2,metal
Sr,Mg,orthorhombic,5.219,5.949,7.984,90.0,90.0,90.0,12.394,,metal
Sr,Mn,orthorhombic,5.425,5.446,7.703,90.0,90.0,90.0,11.38,0.6,metal
Sr,Mo,orthorhombic,5.632,5.635,7.968,90.0,90.0,90.0,12.645,0.001,metal
Sr,Na,cubic,4.11,4.11,4.11,90.0,90.0,90.0,13.882,,metal
Sr,Nb,orthorhombic,5.71,5.732,8.108,90.0,90.0,90.0,13.267999999999999,0.0,metal
Sr,Nd,orthorhombic,6.095,6.303,8.717,90.0,90.0,90.0,16.743,0.2,metal
Sr,Ni,orthorhombic,5.434,5.442,7.686,90.0,90.0,90.0,11.363,0.001,metal
Sr,Os,orthorhombic,5.588,5.598,7.897,90.0,90.0,90.0,12.35,0.196,metal
Sr,Pa,orthorhombic,6.087,6.268,8.727,90.0,90.0,90.0,16.648,0.2,insulator
Sr,Pb,orthorhombic,5.881,6.041,8.389,90.0,90.0,90.0,14.902000000000001,,insulator
Sr,Pd,orthorhombic,5.588,5.683,7.927,90.0,90.0,90.0,12.585999999999999,,insulator
Sr,Pm,orthorhombic,6.066,6.266,8.67,90.0,90.0,90.0,16.476,0.2,metal
Sr,Pr,orthorhombic,6.11,6.342,8.771,90.0,90.0,90.0,16.993,0.2,metal
Sr,Pt,orthorhombic,5.595,5.719,7.942,90.0,90.0,90.0,12.705,0.0,insulator
Sr,Pu,orthorhombic,5.979,6.147,8.57,90.0,90.0,90.0,15.748,0.8,insulator
Sr,Rb,cubic,4.343,4.343,4.343,90.0,90.0,90.0,16.385,,metal
Sr,Re,rhombohedral,5.59,5.59,5.59,60.4,60.4,60.4,12.456,0.006,metal
Sr,Rh,orthorhombic,5.553,5.635,7.882,90.0,90.0,90.0,12.33,0.2,metal
Sr,Ru,orthorhombic,5.574,5.586,7.896,90.0,90.0,90.0,12.293,0.396,metal
Sr,Sb,orthorhombic,5.825,5.923,8.295,90.0,90.0,90.0,14.308,,metal
Sr,Sc,orthorhombic,5.743,5.813,8.148,90.0,90.0,90.0,13.599,0.2,metal
Sr,Si,tetragonal,3.465,3.465,4.662,90.0,90.0,90.0,11.198,,insulator
Sr,Sm,orthorhombic,6.051,6.246,8.627,90.0,90.0,90.0,16.302,0.2,metal
Sr,Sn,orthorhombic,5.733,5.766,8.131,90.0,90.0,90.0,13.439,,insulator
Sr,Sr,cubic,4.456,4.456,4.456,90.0,90.0,90.0,17.697,,metal
Sr,Ta,orthorhombic,5.691,5.703,8.078,90.0,90.0,90.0,13.11,0.0,metal
Sr,Tb,orthorhombic,5.979,6.167,8.507,90.0,90.0,90.0,15.685,0.2,metal
Sr,Tc,orthorhombic,5.587,5.596,7.918,90.0,90.0,90.0,12.379000000000001,0.254,metal
Sr,Te,rhombohedral,5.926,5.926,5.926,60.8,60.8,60.8,14.970999999999998,,insulator
Sr,Th,orthorhombic,6.145,6.331,8.831,90.0,90.0,90.0,17.178,0.0,insulator
Sr,Ti,rhombohedral,5.533,5.533,5.533,60.1,60.1,60.1,12.003,0.0,insulator
Sr,Tl,orthorhombic,5.874,6.131,8.338,90.0,90.0,90.0,15.014000000000001,,metal
Sr,Tm,orthorhombic,5.912,6.079,8.37,90.0,90.0,90.0,15.040999999999999,0.2,metal
Sr,U,orthorhombic,6.026,6.228,8.664,90.0,90.0,90.0,16.258,0.4,insulator
Sr,V,orthorhombic,5.437,5.441,7.904,90.0,90.0,90.0,11.693,0.2,metal
Sr,W,cubic,3.993,3.993,3.993,90.0,90.0,90.0,12.735999999999999,0.0,metal
Sr,Y,orthorhombic,6.007,6.188,8.423,90.0,90.0,90.0,15.652999999999999,0.2,metal
Sr,Yb,orthorhombic,6.401,6.586,7.077,90.0,90.0,90.0,14.918,,insulator
Sr,Zn,orthorhombic,5.545,5.55,7.855,90.0,90.0,90.0,12.088,,metal
Ta,Ac,rhombohedral,6.155,6.155,6.155,62.4,62.4,62.4,17.361,0.0,insulator
Ta,Ag,orthorhombic,5.492,5.917,8.713,90.0,90.0,90.0,14.157,0.0,insulator
Ta,Al,cubic,3.631,3.631,3.631,90.0,90.0,90.0,9.578,0.334,metal
Ta,As,cubic,3.917,3.917,3.917,90.0,90.0,90.0,12.017000000000001,0.513,metal
Ta,Au,cubic,4.058,4.058,4.058,90.0,90.0,90.0,13.367,0.42,metal
Ta,B,cubic,3.386,3.386,3.386,90.0,90.0,90.0,7.765,0.086,metal
Ta,Ba,orthorhombic,5.529,6.608,9.748,90.0,90.0,90.0,17.807000000000002,-0.001,insulator
Ta,Be,cubic,3.394,3.394,3.394,90.0,90.0,90.0,7.821000000000001,0.001,metal
Ta,Bi,cubic,4.281,4.281,4.281,90.0,90.0,90.0,15.692,0.58,metal
Ta,Cd,orthorhombic,5.622,6.378,7.121,90.0,90.0,90.0,12.765999999999998,0.0,metal
Ta,Ce,cubic,4.507,4.507,4.507,90.0,90.0,90.0,18.308,0.396,metal
Ta,Co,cubic,3.629,3.629,3.629,90.0,90.0,90.0,9.555,-0.112,metal
Ta,Cr,orthorhombic,5.225,6.038,6.765,90.0,90.0,90.0,10.669,0.599,metal
Ta,Cu,orthorhombic,4.832,5.157,8.882,90.0,90.0,90.0,11.068,0.0,metal
Ta,Dy,cubic,4.236,4.236,4.236,90.0,90.0,90.0,15.203,0.399,metal
Ta,Er,cubic,4.188,4.188,4.188,90.0,90.0,90.0,14.694,0.399,metal
Ta,Eu,orthorhombic,5.6,6.202,8.061,90.0,90.0,90.0,13.999,-0.002,metal
Ta,Fe,cubic,3.777,3.777,3.777,90.0,90.0,90.0,10.777000000000001,1.261,metal
Ta,Ga,orthorhombic,6.13,6.396,6.729,90.0,90.0,90.0,13.193,0.0,metal
Ta,Gd,cubic,4.291,4.291,4.291,90.0,90.0,90.0,15.797,0.398,metal
Ta,Ge,cubic,3.798,3.798,3.798,90.0,90.0,90.0,10.96,0.533,metal
Ta,Hf,cubic,4.056,4.056,4.056,90.0,90.0,90.0,13.342,0.594,metal
Ta,Hg,orthorhombic,5.517,6.317,9.48,90.0,90.0,90.0,16.518,0.0,metal
Ta,Ho,cubic,4.21,4.21,4.21,90.0,90.0,90.0,14.927999999999999,0.399,metal
Ta,Ir,cubic,3.914,3.914,3.914,90.0,90.0,90.0,11.992,0.339,metal
Ta,K,orthorhombic,5.769,5.851,10.454,90.0,90.0,90.0,17.643,0.0,insulator
Ta,La,cubic,4.475,4.475,4.475,90.0,90.0,90.0,17.927,0.397,metal
Ta,Li,orthorhombic,4.748,5.105,7.828,90.0,90.0,90.0,9.486,0.0,insulator
Ta,Lu,cubic,4.119,4.119,4.119,90.0,90.0,90.0,13.975999999999999,0.399,metal
Ta,Mg,cubic,3.666,3.666,3.666,90.0,90.0,90.0,9.856,0.073,metal
Ta,Mn,cubic,3.792,3.792,3.792,90.0,90.0,90.0,10.902000000000001,1.164,metal
Ta,Mo,cubic,3.921,3.921,3.921,90.0,90.0,90.0,12.056,0.52,metal
Ta,Na,orthorhombic,5.468,5.632,8.351,90.0,90.0,90.0,12.859000000000002,0.0,insulator
Ta,Nb,cubic,4.006,4.006,4.006,90.0,90.0,90.0,12.854000000000001,0.588,metal
Ta,Nd,cubic,4.429,4.429,4.429,90.0,90.0,90.0,17.377,0.4,metal
Ta,Ni,cubic,3.659,3.659,3.659,90.0,90.0,90.0,9.797,0.488,metal
Ta,Np,rhombohedral,5.749,5.749,5.749,66.4,66.4,66.4,15.29,0.8,insulator
Ta,Os,cubic,3.895,3.895,3.895,90.0,90.0,90.0,11.821,0.238,metal
Ta,Pa,cubic,4.371,4.371,4.371,90.0,90.0,90.0,16.707,0.771,metal
Ta,Pb,rhombohedral,5.603,5.603,5.603,71.4,71.4,71.4,15.337,0.0,metal
Ta,Pd,cubic,3.924,3.924,3.924,90.0,90.0,90.0,12.087,0.338,metal
Ta,Pm,cubic,4.388,4.388,4.388,90.0,90.0,90.0,16.902,0.398,metal
Ta,Pr,cubic,4.466,4.466,4.466,90.0,90.0,90.0,17.812,0.397,metal
Ta,Pt,cubic,3.978,3.978,3.978,90.0,90.0,90.0,12.59,0.388,metal
Ta,Pu,rhombohedral,5.716,5.716,5.716,66.7,66.7,66.7,15.116,1.0,insulator
Ta,Rb,orthorhombic,5.93,5.984,11.045,90.0,90.0,90.0,19.597,0.0,insulator
Ta,Re,cubic,3.911,3.911,3.911,90.0,90.0,90.0,11.968,0.403,metal
Ta,Rh,cubic,3.878,3.878,3.878,90.0,90.0,90.0,11.667,0.304,metal
Ta,Ru,cubic,3.865,3.865,3.865,90.0,90.0,90.0,11.543,0.188,metal
Ta,Sb,cubic,4.103,4.103,4.103,90.0,90.0,90.0,13.811,0.626,metal
Ta,Sc,cubic,3.948,3.948,3.948,90.0,90.0,90.0,12.311,0.4,metal
Ta,Si,cubic,3.612,3.612,3.612,90.0,90.0,90.0,9.427,0.518,metal
Ta,Sm,cubic,4.36,4.36,4.36,90.0,90.0,90.0,16.582,0.4,metal
Ta,Sn,cubic,4.033,4.033,4.033,90.0,90.0,90.0,13.115,0.578,metal
Ta,Sr,orthorhombic,5.577,6.314,8.889,90.0,90.0,90.0,15.651,0.0,insulator
Ta,Ta,cubic,3.987,3.987,3.987,90.0,90.0,90.0,12.673,0.614,metal
Ta,Tb,cubic,4.263,4.263,4.263,90.0,90.0,90.0,15.49,0.399,metal
Ta,Tc,cubic,3.884,3.884,3.884,90.0,90.0,90.0,11.719000000000001,0.146,metal
Ta,Te,cubic,4.177,4.177,4.177,90.0,90.0,90.0,14.572000000000001,0.602,metal
Ta,Th,cubic,4.527,4.527,4.527,90.0,90.0,90.0,18.552,0.589,metal
Ta,Ti,cubic,3.839,3.839,3.839,90.0,90.0,90.0,11.319,0.468,metal
Ta,Tl,orthorhombic,5.884,6.333,9.831,90.0,90.0,90.0,18.317999999999998,0.0,insulator
Ta,Tm,cubic,4.161,4.161,4.161,90.0,90.0,90.0,14.408,0.399,metal
Ta,U,cubic,4.323,4.323,4.323,90.0,90.0,90.0,16.16,0.966,metal
Ta,V,cubic,3.805,3.805,3.805,90.0,90.0,90.0,11.017000000000001,0.773,metal
Ta,W,cubic,3.933,3.933,3.933,90.0,90.0,90.0,12.172,0.56,metal
Ta,Y,cubic,4.236,4.236,4.236,90.0,90.0,90.0,15.200999999999999,0.398,metal
Ta,Yb,orthorhombic,5.536,5.995,7.745,90.0,90.0,90.0,12.853,-0.001,metal
Ta,Zn,cubic,3.764,3.764,3.764,90.0,90.0,90.0,10.663,0.218,metal
Ta,Zr,cubic,4.109,4.109,4.109,90.0,90.0,90.0,13.872,0.594,metal
Tb,Ac,cubic,4.66,4.66,4.66,90.0,90.0,90.0,20.243,0.001,metal
Tb,Ag,cubic,4.019,4.019,4.019,90.0,90.0,90.0,12.985,0.0,metal
Tb,Al,orthorhombic,5.198,5.336,7.404,90.0,90.0,90.0,10.267000000000001,0.0,insulator
Tb,As,cubic,3.994,3.994,3.994,90.0,90.0,90.0,12.745,0.0,metal
Tb,Au,cubic,4.095,4.095,4.095,90.0,90.0,90.0,13.734000000000002,0.0,metal
Tb,B,cubic,3.465,3.465,3.465,90.0,90.0,90.0,8.318,0.0,insulator
Tb,Ba,orthorhombic,6.5,6.766,8.504,90.0,90.0,90.0,18.699,0.201,insulator
Tb,Be,tetragonal,3.326,3.326,4.337,90.0,90.0,90.0,9.596,0.044,metal
Tb,Bi,cubic,4.365,4.365,4.365,90.0,90.0,90.0,16.631,0.0,metal
Tb,Ca,cubic,4.101,4.101,4.101,90.0,90.0,90.0,13.790999999999999,0.2,metal
Tb,Cd,cubic,4.091,4.091,4.091,90.0,90.0,90.0,13.689,0.0,metal
Tb,Ce,cubic,4.536,4.536,4.536,90.0,90.0,90.0,18.667,0.0,insulator
Tb,Co,orthorhombic,5.2,5.551,7.512,90.0,90.0,90.0,10.841,0.401,metal
Tb,Cr,orthorhombic,5.286,5.578,7.603,90.0,90.0,90.0,11.209000000000001,0.6,insulator
Tb,Cu,orthorhombic,5.23,5.858,7.228,90.0,90.0,90.0,11.072000000000001,0.0,metal
Tb,Dy,cubic,4.263,4.263,4.263,90.0,90.0,90.0,15.489,0.0,insulator
Tb,Er,cubic,4.214,4.214,4.214,90.0,90.0,90.0,14.97,0.0,insulator
Tb,Eu,cubic,4.254,4.254,4.254,90.0,90.0,90.0,15.402000000000001,0.108,metal
Tb,Fe,orthorhombic,5.301,5.607,7.629,90.0,90.0,90.0,11.338,1.0,insulator
Tb,Ga,orthorhombic,5.285,5.562,7.586,90.0,90.0,90.0,11.149000000000001,0.0,insulator
Tb,Gd,cubic,4.315,4.315,4.315,90.0,90.0,90.0,16.07,0.0,insulator
Tb,Ge,cubic,3.873,3.873,3.873,90.0,90.0,90.0,11.618,0.0,metal
Tb,Hf,orthorhombic,5.474,6.064,7.538,90.0,90.0,90.0,12.51,0.003,metal
Tb,Hg,cubic,4.186,4.186,4.186,90.0,90.0,90.0,14.671,0.0,metal
Tb,Ho,cubic,4.239,4.239,4.239,90.0,90.0,90.0,15.23,0.0,insulator
Tb,In,cubic,4.095,4.095,4.095,90.0,90.0,90.0,13.737,0.0,insulator
Tb,Ir,cubic,3.953,3.953,3.953,90.0,90.0,90.0,12.356,0.0,metal
Tb,K,orthorhombic,5.962,6.011,10.114,90.0,90.0,90.0,18.124000000000002,0.4,metal
Tb,La,cubic,4.513,4.513,4.513,90.0,90.0,90.0,18.381,0.0,metal
Tb,Li,orthorhombic,4.995,5.78,7.265,90.0,90.0,90.0,10.487,0.4,metal
Tb,Lu,cubic,4.149,4.149,4.149,90.0,90.0,90.0,14.289000000000001,0.0,insulator
Tb,Mg,orthorhombic,5.371,5.728,7.477,90.0,90.0,90.0,11.503,0.2,metal
Tb,Mn,orthorhombic,5.301,5.731,7.508,90.0,90.0,90.0,11.405999999999999,0.8,insulator
Tb,Mo,cubic,3.954,3.954,3.954,90.0,90.0,90.0,12.366,0.004,metal
Tb,Na,cubic,3.923,3.923,3.923,90.0,90.0,90.0,12.075999999999999,0.399,metal
Tb,Nb,cubic,4.025,4.025,4.025,90.0,90.0,90.0,13.042,0.001,metal
Tb,Nd,cubic,4.452,4.452,4.452,90.0,90.0,90.0,17.645,0.0,insulator
Tb,Ni,orthorhombic,5.191,5.512,7.43,90.0,90.0,90.0,10.630999999999998,0.199,metal
Tb,Np,cubic,4.411,4.411,4.411,90.0,90.0,90.0,17.168,0.782,metal
Tb,Os,cubic,3.937,3.937,3.937,90.0,90.0,90.0,12.208,0.006,metal
Tb,Pa,cubic,4.462,4.462,4.462,90.0,90.0,90.0,17.768,0.292,metal
Tb,Pb,cubic,4.257,4.257,4.257,90.0,90.0,90.0,15.427999999999999,0.0,metal
Tb,Pd,orthorhombic,5.4,5.895,7.543,90.0,90.0,90.0,12.007,0.005,metal
Tb,Pm,cubic,4.411,4.411,4.411,90.0,90.0,90.0,17.16,0.0,insulator
Tb,Pr,cubic,4.491,4.491,4.491,90.0,90.0,90.0,18.119,0.0,insulator
Tb,Pt,cubic,4.013,4.013,4.013,90.0,90.0,90.0,12.925,0.0,metal
Tb,Pu,cubic,4.359,4.359,4.359,90.0,90.0,90.0,16.564,0.919,metal
Tb,Rb,orthorhombic,6.215,6.263,9.466,90.0,90.0,90.0,18.423,0.0,insulator
Tb,Re,cubic,3.946,3.946,3.946,90.0,90.0,90.0,12.293,0.163,metal
Tb,Rh,cubic,3.916,3.916,3.916,90.0,90.0,90.0,12.011,0.0,metal
Tb,Ru,cubic,3.915,3.915,3.915,90.0,90.0,90.0,11.999,0.125,metal
Tb,Sb,cubic,4.208,4.208,4.208,90.0,90.0,90.0,14.898,-0.001,metal
Tb,Sc,orthorhombic,5.439,5.728,7.896,90.0,90.0,90.0,12.3,0.0,insulator
Tb,Si,cubic,3.69,3.69,3.69,90.0,90.0,90.0,10.048,0.0,metal
Tb,Sm,cubic,4.383,4.383,4.383,90.0,90.0,90.0,16.840999999999998,0.0,insulator
Tb,Sn,cubic,4.103,4.103,4.103,90.0,90.0,90.0,13.819,0.0,metal
Tb,Sr,orthorhombic,5.845,5.857,9.725,90.0,90.0,90.0,16.647000000000002,0.106,metal
Tb,Ta,cubic,4.003,4.003,4.003,90.0,90.0,90.0,12.83,0.001,metal
Tb,Tb,cubic,4.288,4.288,4.288,90.0,90.0,90.0,15.769,0.0,insulator
Tb,Tc,cubic,3.934,3.934,3.934,90.0,90.0,90.0,12.175,0.314,metal
Tb,Te,cubic,4.234,4.234,4.234,90.0,90.0,90.0,15.185,0.002,metal
Tb,Th,cubic,4.551,4.551,4.551,90.0,90.0,90.0,18.854,0.009,metal
Tb,Ti,orthorhombic,5.318,5.678,7.652,90.0,90.0,90.0,11.554,0.2,metal
Tb,Tl,orthorhombic,5.584,5.949,8.522,90.0,90.0,90.0,14.155,0.001,insulator
Tb,Tm,cubic,4.192,4.192,4.192,90.0,90.0,90.0,14.73,0.0,insulator
Tb,U,cubic,4.379,4.379,4.379,90.0,90.0,90.0,16.794,0.556,metal
Tb,V,orthorhombic,5.318,5.67,7.638,90.0,90.0,90.0,11.514000000000001,0.4,insulator
Tb,W,cubic,3.961,3.961,3.961,90.0,90.0,90.0,12.425,0.0,metal
Tb,Y,cubic,4.262,4.262,4.262,90.0,90.0,90.0,15.482999999999999,0.0,insulator
Tb,Yb,cubic,4.099,4.099,4.099,90.0,90.0,90.0,13.774000000000001,0.196,metal
Tb,Zn,orthorhombic,5.256,5.773,7.504,90.0,90.0,90.0,11.383,0.0,metal
Tb,Zr,cubic,4.122,4.122,4.122,90.0,90.0,90.0,14.011,0.0,metal
Tc,Ac,rhombohedral,5.908,5.908,5.908,65.2,65.2,65.2,16.243,0.4,insulator
Tc,Ag,tetragonal,3.33,3.33,5.162,90.0,90.0,90.0,11.448,0.0,metal
Tc,Al,cubic,3.662,3.662,3.662,90.0,90.0,90.0,9.821,0.798,metal
Tc,As,cubic,3.884,3.884,3.884,90.0,90.0,90.0,11.718,1.004,metal
Tc,Au,cubic,4.047,4.047,4.047,90.0,90.0,90.0,13.258,0.948,metal
Tc,B,cubic,3.397,3.397,3.397,90.0,90.0,90.0,7.843,0.665,metal
Tc,Ba,rhombohedral,6.173,6.173,6.173,64.3,64.3,64.3,18.189,0.2,metal
Tc,Be,cubic,3.416,3.416,3.416,90.0,90.0,90.0,7.976,0.471,metal
Tc,Bi,cubic,4.266,4.266,4.266,90.0,90.0,90.0,15.527999999999999,0.987,metal
Tc,Cd,orthorhombic,5.572,5.671,7.833,90.0,90.0,90.0,12.375,0.374,metal
Tc,Ce,rhombohedral,5.933,5.933,5.933,62.2,62.2,62.2,15.498,0.4,insulator
Tc,Co,cubic,3.667,3.667,3.667,90.0,90.0,90.0,9.859,0.751,metal
Tc,Cr,cubic,3.804,3.804,3.804,90.0,90.0,90.0,11.009,1.399,metal
Tc,Cu,orthorhombic,5.272,5.283,7.178,90.0,90.0,90.0,9.995,0.239,metal
Tc,Dy,cubic,4.267,4.267,4.267,90.0,90.0,90.0,15.535,1.174,metal
Tc,Er,cubic,4.228,4.228,4.228,90.0,90.0,90.0,15.116,1.005,metal
Tc,Eu,rhombohedral,5.75,5.75,5.75,63.5,63.5,63.5,14.492,0.2,metal
Tc,Fe,cubic,3.807,3.807,3.807,90.0,90.0,90.0,11.036,1.795,metal
Tc,Ga,cubic,3.79,3.79,3.79,90.0,90.0,90.0,10.886,0.8,metal
Tc,Gd,cubic,4.32,4.32,4.32,90.0,90.0,90.0,16.122,1.19,metal
Tc,Ge,cubic,3.775,3.775,3.775,90.0,90.0,90.0,10.762,0.996,metal
Tc,Hf,cubic,4.072,4.072,4.072,90.0,90.0,90.0,13.507,1.0,insulator
Tc,Hg,orthorhombic,5.579,6.22,9.891,90.0,90.0,90.0,17.162,0.063,metal
Tc,Ho,cubic,4.246,4.246,4.246,90.0,90.0,90.0,15.312000000000001,1.141,metal
Tc,In,cubic,4.096,4.096,4.096,90.0,90.0,90.0,13.742,0.861,metal
Tc,Ir,cubic,3.926,3.926,3.926,90.0,90.0,90.0,12.103,0.785,metal
Tc,K,orthorhombic,5.249,6.066,10.432,90.0,90.0,90.0,16.608,0.202,metal
Tc,La,rhombohedral,5.756,5.756,5.756,65.7,65.7,65.7,15.148,0.4,insulator
Tc,Li,orthorhombic,4.781,5.006,7.734,90.0,90.0,90.0,9.255,0.003,metal
Tc,Lu,cubic,4.181,4.181,4.181,90.0,90.0,90.0,14.614,0.798,metal
Tc,Mg,cubic,3.749,3.749,3.749,90.0,90.0,90.0,10.540999999999999,0.596,metal
Tc,Mn,cubic,3.797,3.797,3.797,90.0,90.0,90.0,10.948,1.6,metal
Tc,Mo,cubic,3.933,3.933,3.933,90.0,90.0,90.0,12.171,0.891,metal
Tc,Na,orthorhombic,5.42,5.599,8.344,90.0,90.0,90.0,12.66,0.278,metal
Tc,Nb,cubic,4.01,4.01,4.01,90.0,90.0,90.0,12.895999999999999,0.875,metal
Tc,Nd,cubic,4.428,4.428,4.428,90.0,90.0,90.0,17.367,1.201,metal
Tc,Np,cubic,4.338,4.338,4.338,90.0,90.0,90.0,16.322,1.47,metal
Tc,Os,cubic,3.909,3.909,3.909,90.0,90.0,90.0,11.944,0.67,metal
Tc,Pa,cubic,4.365,4.365,4.365,90.0,90.0,90.0,16.628,0.879,metal
Tc,Pd,cubic,3.931,3.931,3.931,90.0,90.0,90.0,12.148,0.863,metal
Tc,Pm,cubic,4.397,4.397,4.397,90.0,90.0,90.0,17.004,1.199,metal
Tc,Pr,cubic,4.458,4.458,4.458,90.0,90.0,90.0,17.717,1.201,metal
Tc,Pt,cubic,3.971,3.971,3.971,90.0,90.0,90.0,12.524000000000001,0.895,metal
Tc,Pu,cubic,4.327,4.327,4.327,90.0,90.0,90.0,16.202,0.736,metal
Tc,Rb,orthorhombic,5.19,6.226,11.163,90.0,90.0,90.0,18.037,0.2,metal
Tc,Re,cubic,3.914,3.914,3.914,90.0,90.0,90.0,11.994000000000002,0.833,metal
Tc,Rh,cubic,3.905,3.905,3.905,90.0,90.0,90.0,11.908,0.727,metal
Tc,Ru,cubic,3.899,3.899,3.899,90.0,90.0,90.0,11.855,1.01,metal
Tc,Sb,cubic,4.072,4.072,4.072,90.0,90.0,90.0,13.5,0.941,metal
Tc,Sc,cubic,4.0,4.0,4.0,90.0,90.0,90.0,12.796,0.799,metal
Tc,Si,cubic,3.619,3.619,3.619,90.0,90.0,90.0,9.477,1.0,metal
Tc,Sm,cubic,4.38,4.38,4.38,90.0,90.0,90.0,16.8,1.194,metal
Tc,Sn,cubic,4.033,4.033,4.033,90.0,90.0,90.0,13.115,1.0,insulator
Tc,Sr,rhombohedral,6.245,6.245,6.245,58.4,58.4,58.4,16.585,0.2,metal
Tc,Ta,cubic,3.985,3.985,3.985,90.0,90.0,90.0,12.659,0.848,metal
Tc,Tb,cubic,4.292,4.292,4.292,90.0,90.0,90.0,15.814,1.199,metal
Tc,Tc,cubic,3.901,3.901,3.901,90.0,90.0,90.0,11.877,0.802,metal
Tc,Te,cubic,4.165,4.165,4.165,90.0,90.0,90.0,14.445,0.956,metal
Tc,Th,cubic,4.542,4.542,4.542,90.0,90.0,90.0,18.745,1.007,metal
Tc,Ti,cubic,3.868,3.868,3.868,90.0,90.0,90.0,11.572000000000001,1.0,insulator
Tc,Tl,orthorhombic,5.492,5.946,10.567,90.0,90.0,90.0,17.253,0.22,metal
Tc,Tm,cubic,4.219,4.219,4.219,90.0,90.0,90.0,15.023,0.91,metal
Tc,U,cubic,4.563,4.563,4.563,90.0,90.0,90.0,19.000999999999998,1.171,metal
Tc,V,cubic,3.817,3.817,3.817,90.0,90.0,90.0,11.127,1.192,metal
Tc,W,cubic,3.935,3.935,3.935,90.0,90.0,90.0,12.19,0.859,metal
Tc,Y,cubic,4.296,4.296,4.296,90.0,90.0,90.0,15.853,1.107,metal
Tc,Yb,orthorhombic,5.481,5.802,7.834,90.0,90.0,90.0,12.456,0.325,metal
Tc,Zn,cubic,3.799,3.799,3.799,90.0,90.0,90.0,10.967,0.778,metal
Tc,Zr,cubic,4.127,4.127,4.127,90.0,90.0,90.0,14.06,1.0,insulator
Te,Ac,cubic,4.636,4.636,4.636,90.0,90.0,90.0,19.929000000000002,0.008,metal
Te,Ag,orthorhombic,5.65,6.099,7.827,90.0,90.0,90.0,13.484000000000002,,metal
Te,Al,orthorhombic,5.331,5.341,7.521,90.0,90.0,90.0,10.707,,metal
Te,As,cubic,3.978,3.978,3.978,90.0,90.0,90.0,12.585,,metal
Te,Au,cubic,4.106,4.106,4.106,90.0,90.0,90.0,13.841,,metal
Te,B,cubic,3.515,3.515,3.515,90.0,90.0,90.0,8.683,,metal
Te,Ba,orthorhombic,6.303,6.869,9.105,90.0,90.0,90.0,19.713,,insulator
Te,Be,cubic,3.526,3.526,3.526,90.0,90.0,90.0,8.771,,metal
Te,Bi,cubic,4.308,4.308,4.308,90.0,90.0,90.0,15.991,,metal
Te,Ca,cubic,4.187,4.187,4.187,90.0,90.0,90.0,14.675999999999998,,metal
Te,Cd,cubic,4.138,4.138,4.138,90.0,90.0,90.0,14.175999999999998,,metal
Te,Ce,cubic,4.567,4.567,4.567,90.0,90.0,90.0,19.055999999999997,0.0,metal
Te,Co,cubic,3.746,3.746,3.746,90.0,90.0,90.0,10.514000000000001,-0.009,metal
Te,Cr,cubic,3.872,3.872,3.872,90.0,90.0,90.0,11.61,0.58,metal
Te,Cs,orthorhombic,6.235,6.401,11.642,90.0,90.0,90.0,23.232,,insulator
Te,Cu,cubic,3.784,3.784,3.784,90.0,90.0,90.0,10.84,,metal
Te,Dy,cubic,4.325,4.325,4.325,90.0,90.0,90.0,16.180999999999997,0.0,metal
Te,Er,cubic,4.28,4.28,4.28,90.0,90.0,90.0,15.675,0.0,metal
Te,Eu,orthorhombic,5.827,6.439,8.377,90.0,90.0,90.0,15.717,0.0,insulator
Te,Fe,cubic,3.888,3.888,3.888,90.0,90.0,90.0,11.754000000000001,0.951,metal
Te,Ga,cubic,3.854,3.854,3.854,90.0,90.0,90.0,11.446,,metal
Te,Gd,cubic,4.375,4.375,4.375,90.0,90.0,90.0,16.745,0.005,metal
Te,Ge,cubic,3.872,3.872,3.872,90.0,90.0,90.0,11.607000000000001,,metal
Te,Hf,cubic,4.122,4.122,4.122,90.0,90.0,90.0,14.002,0.0,metal
Te,Hg,orthorhombic,6.005,6.232,8.336,90.0,90.0,90.0,15.597999999999999,,insulator
Te,Ho,cubic,4.302,4.302,4.302,90.0,90.0,90.0,15.929,0.0,metal
Te,In,cubic,4.146,4.146,4.146,90.0,90.0,90.0,14.253,,metal
Te,Ir,cubic,3.976,3.976,3.976,90.0,90.0,90.0,12.569,-0.001,metal
Te,K,orthorhombic,6.065,6.192,9.309,90.0,90.0,90.0,17.477999999999998,,metal
Te,La,cubic,4.526,4.526,4.526,90.0,90.0,90.0,18.539,0.127,metal
Te,Li,cubic,3.615,3.615,3.615,90.0,90.0,90.0,9.448,,metal
Te,Lu,cubic,4.21,4.21,4.21,90.0,90.0,90.0,14.919,0.0,metal
Te,Mg,cubic,3.812,3.812,3.812,90.0,90.0,90.0,11.083,,metal
Te,Mn,cubic,3.878,3.878,3.878,90.0,90.0,90.0,11.661,0.74,metal
Te,Mo,cubic,4.0,4.0,4.0,90.0,90.0,90.0,12.800999999999998,0.013,metal
Te,Na,orthorhombic,5.581,5.827,8.446,90.0,90.0,90.0,13.732999999999999,,metal
Te,Nb,cubic,4.077,4.077,4.077,90.0,90.0,90.0,13.55,-0.001,metal
Te,Nd,cubic,4.492,4.492,4.492,90.0,90.0,90.0,18.133,0.0,metal
Te,Ni,cubic,3.773,3.773,3.773,90.0,90.0,90.0,10.741,0.3,metal
Te,Np,cubic,4.383,4.383,4.383,90.0,90.0,90.0,16.839000000000002,0.233,metal
Te,Os,cubic,3.967,3.967,3.967,90.0,90.0,90.0,12.488,0.031,metal
Te,Pa,orthorhombic,5.795,6.075,9.946,90.0,90.0,90.0,17.509,0.0,insulator
Te,Pb,orthorhombic,6.24,6.604,8.069,90.0,90.0,90.0,16.625999999999998,,insulator
Te,Pd,cubic,3.994,3.994,3.994,90.0,90.0,90.0,12.741,,metal
Te,Pm,cubic,4.461,4.461,4.461,90.0,90.0,90.0,17.752,-0.001,metal
Te,Pr,cubic,4.527,4.527,4.527,90.0,90.0,90.0,18.551,0.0,metal
Te,Pt,cubic,4.031,4.031,4.031,90.0,90.0,90.0,13.102,0.001,metal
Te,Pu,cubic,4.377,4.377,4.377,90.0,90.0,90.0,16.776,0.733,metal
Te,Rb,orthorhombic,6.066,6.331,10.882,90.0,90.0,90.0,20.896,,insulator
Te,Re,cubic,3.977,3.977,3.977,90.0,90.0,90.0,12.585,0.081,metal
Te,Rh,cubic,3.953,3.953,3.953,90.0,90.0,90.0,12.356,0.0,metal
Te,Ru,cubic,3.947,3.947,3.947,90.0,90.0,90.0,12.299000000000001,0.039,metal
Te,Sb,cubic,4.128,4.128,4.128,90.0,90.0,90.0,14.064,,metal
Te,Sc,cubic,4.045,4.045,4.045,90.0,90.0,90.0,13.235,0.0,metal
Te,Si,cubic,3.722,3.722,3.722,90.0,90.0,90.0,10.312000000000001,,metal
Te,Sm,cubic,4.434,4.434,4.434,90.0,90.0,90.0,17.438,0.074,metal
Te,Sn,cubic,4.093,4.093,4.093,90.0,90.0,90.0,13.718,,metal
Te,Sr,orthorhombic,5.956,6.606,8.664,90.0,90.0,90.0,17.044,,insulator
Te,Ta,cubic,4.057,4.057,4.057,90.0,90.0,90.0,13.359000000000002,0.0,metal
Te,Tb,cubic,4.352,4.352,4.352,90.0,90.0,90.0,16.483,0.001,metal
Te,Tc,cubic,3.968,3.968,3.968,90.0,90.0,90.0,12.499,0.238,metal
Te,Te,cubic,4.211,4.211,4.211,90.0,90.0,90.0,14.939,,metal
Te,Th,cubic,4.571,4.571,4.571,90.0,90.0,90.0,19.105,0.0,metal
Te,Ti,cubic,3.937,3.937,3.937,90.0,90.0,90.0,12.204,-0.003,metal
Te,Tl,orthorhombic,6.019,6.373,8.249,90.0,90.0,90.0,15.821,,metal
Te,Tm,cubic,4.252,4.252,4.252,90.0,90.0,90.0,15.379000000000001,0.0,metal
Te,U,cubic,4.368,4.368,4.368,90.0,90.0,90.0,16.672,-0.117,metal
Te,V,cubic,3.897,3.897,3.897,90.0,90.0,90.0,11.833,-0.356,metal
Te,W,cubic,4.005,4.005,4.005,90.0,90.0,90.0,12.849,0.0,metal
Te,Y,cubic,4.326,4.326,4.326,90.0,90.0,90.0,16.197,0.0,metal
Te,Yb,cubic,4.177,4.177,4.177,90.0,90.0,90.0,14.573,,metal
Te,Zn,cubic,3.865,3.865,3.865,90.0,90.0,90.0,11.549000000000001,,metal
Te,Zr,cubic,4.173,4.173,4.173,90.0,90.0,90.0,14.536,0.0,metal
Th,Ac,cubic,4.663,4.663,4.663,90.0,90.0,90.0,20.28,0.013,metal
Th,Ag,cubic,4.095,4.095,4.095,90.0,90.0,90.0,13.735,0.0,metal
Th,Al,cubic,3.805,3.805,3.805,90.0,90.0,90.0,11.019,0.0,metal
Th,As,cubic,4.075,4.075,4.075,90.0,90.0,90.0,13.529000000000002,0.0,metal
Th,Au,cubic,4.16,4.16,4.16,90.0,90.0,90.0,14.398,0.0,metal
Th,B,cubic,3.674,3.674,3.674,90.0,90.0,90.0,9.917,0.0,metal
Th,Ba,orthorhombic,6.799,6.829,8.21,90.0,90.0,90.0,19.059,0.0,insulator
Th,Be,orthorhombic,5.182,5.221,7.325,90.0,90.0,90.0,9.908,0.0,insulator
Th,Bi,cubic,4.407,4.407,4.407,90.0,90.0,90.0,17.113,0.004,metal
Th,Cd,cubic,4.163,4.163,4.163,90.0,90.0,90.0,14.427,0.0,metal
Th,Ce,cubic,4.54,4.54,4.54,90.0,90.0,90.0,18.717,0.005,metal
Th,Co,orthorhombic,5.409,5.933,7.727,90.0,90.0,90.0,12.397,0.6,insulator
Th,Cr,orthorhombic,5.486,6.329,7.588,90.0,90.0,90.0,13.172,0.8,insulator
Th,Cu,orthorhombic,5.328,6.293,7.458,90.0,90.0,90.0,12.504000000000001,0.0,metal
Th,Dy,cubic,4.282,4.282,4.282,90.0,90.0,90.0,15.705,0.0,metal
Th,Er,cubic,4.244,4.244,4.244,90.0,90.0,90.0,15.290999999999999,0.0,metal
Th,Eu,cubic,4.322,4.322,4.322,90.0,90.0,90.0,16.145,0.011,metal
Th,Fe,cubic,3.896,3.896,3.896,90.0,90.0,90.0,11.828,0.85,metal
Th,Ga,cubic,3.909,3.909,3.909,90.0,90.0,90.0,11.942,0.0,metal
Th,Gd,cubic,4.336,4.336,4.336,90.0,90.0,90.0,16.307000000000002,0.001,metal
Th,Ge,cubic,4.011,4.011,4.011,90.0,90.0,90.0,12.904000000000002,0.0,metal
Th,Hf,cubic,4.107,4.107,4.107,90.0,90.0,90.0,13.852,0.002,metal
Th,Hg,cubic,4.248,4.248,4.248,90.0,90.0,90.0,15.33,0.0,metal
Th,Ho,cubic,4.26,4.26,4.26,90.0,90.0,90.0,15.464,0.0,metal
Th,Ir,cubic,4.02,4.02,4.02,90.0,90.0,90.0,12.993,0.0,metal
Th,K,orthorhombic,5.924,5.94,11.066,90.0,90.0,90.0,19.47,0.185,metal
Th,La,cubic,4.522,4.522,4.522,90.0,90.0,90.0,18.489,0.001,metal
Th,Li,orthorhombic,5.129,6.068,7.523,90.0,90.0,90.0,11.706,0.2,metal
Th,Lu,cubic,4.181,4.181,4.181,90.0,90.0,90.0,14.620999999999999,-0.003,metal
Th,Mg,orthorhombic,5.46,5.794,7.806,90.0,90.0,90.0,12.347000000000001,0.0,insulator
Th,Mn,cubic,3.95,3.95,3.95,90.0,90.0,90.0,12.324000000000002,0.91,metal
Th,Mo,cubic,4.002,4.002,4.002,90.0,90.0,90.0,12.815999999999999,0.01,metal
Th,Na,cubic,3.931,3.931,3.931,90.0,90.0,90.0,12.145999999999999,0.2,metal
Th,Nb,cubic,4.066,4.066,4.066,90.0,90.0,90.0,13.44,0.0,metal
Th,Nd,cubic,4.463,4.463,4.463,90.0,90.0,90.0,17.778,0.001,metal
Th,Ni,orthorhombic,5.38,5.846,7.711,90.0,90.0,90.0,12.128,0.4,insulator
Th,Np,cubic,4.432,4.432,4.432,90.0,90.0,90.0,17.416,0.879,metal
Th,Os,cubic,3.988,3.988,3.988,90.0,90.0,90.0,12.684000000000001,0.0,metal
Th,Pa,cubic,4.483,4.483,4.483,90.0,90.0,90.0,18.025,0.524,metal
Th,Pb,cubic,4.341,4.341,4.341,90.0,90.0,90.0,16.36,0.002,metal
Th,Pd,cubic,4.031,4.031,4.031,90.0,90.0,90.0,13.1,0.0,metal
Th,Pm,cubic,4.419,4.419,4.419,90.0,90.0,90.0,17.262,0.0,metal
Th,Pr,cubic,4.493,4.493,4.493,90.0,90.0,90.0,18.143,0.003,metal
Th,Pt,cubic,4.079,4.079,4.079,90.0,90.0,90.0,13.575999999999999,0.0,metal
Th,Pu,cubic,4.785,4.785,4.785,90.0,90.0,90.0,21.916999999999998,1.168,metal
Th,Re,cubic,3.993,3.993,3.993,90.0,90.0,90.0,12.73,0.019,metal
Th,Rh,cubic,3.988,3.988,3.988,90.0,90.0,90.0,12.684000000000001,0.0,metal
Th,Ru,cubic,3.966,3.966,3.966,90.0,90.0,90.0,12.477,0.0,metal
Th,Sb,cubic,4.271,4.271,4.271,90.0,90.0,90.0,15.58,0.002,metal
Th,Sc,orthorhombic,5.655,6.09,7.847,90.0,90.0,90.0,13.512,0.158,metal
Th,Si,cubic,3.881,3.881,3.881,90.0,90.0,90.0,11.695,0.0,metal
Th,Sm,cubic,4.399,4.399,4.399,90.0,90.0,90.0,17.026,0.0,metal
Th,Sn,cubic,4.193,4.193,4.193,90.0,90.0,90.0,14.743,0.002,metal
Th,Sr,cubic,4.407,4.407,4.407,90.0,90.0,90.0,17.122,0.0,metal
Th,Ta,cubic,4.046,4.046,4.046,90.0,90.0,90.0,13.249,0.0,metal
Th,Tb,cubic,4.307,4.307,4.307,90.0,90.0,90.0,15.979000000000001,0.0,metal
Th,Tc,cubic,3.977,3.977,3.977,90.0,90.0,90.0,12.585,0.146,metal
Th,Te,cubic,4.288,4.288,4.288,90.0,90.0,90.0,15.774000000000001,0.005,metal
Th,Th,cubic,4.572,4.572,4.572,90.0,90.0,90.0,19.11,0.342,metal
Th,Ti,orthorhombic,5.502,5.982,7.669,90.0,90.0,90.0,12.620999999999999,0.001,metal
Th,Tl,cubic,4.277,4.277,4.277,90.0,90.0,90.0,15.651,0.0,metal
Th,Tm,cubic,4.218,4.218,4.218,90.0,90.0,90.0,15.013,0.0,metal
Th,U,cubic,4.846,4.846,4.846,90.0,90.0,90.0,22.756999999999998,0.769,metal
Th,V,orthorhombic,5.476,6.015,7.869,90.0,90.0,90.0,12.960999999999999,0.6,insulator
Th,W,cubic,4.007,4.007,4.007,90.0,90.0,90.0,12.87,0.001,metal
Th,Y,cubic,4.284,4.284,4.284,90.0,90.0,90.0,15.725,0.0,metal
Th,Yb,cubic,4.163,4.163,4.163,90.0,90.0,90.0,14.427,0.0,insulator
Th,Zn,cubic,3.915,3.915,3.915,90.0,90.0,90.0,12.005,0.0,metal
Th,Zr,cubic,4.155,4.155,4.155,90.0,90.0,90.0,14.343,0.0,metal
Ti,Ac,rhombohedral,6.304,6.304,6.304,58.1,58.1,58.1,16.959,0.2,insulator
Ti,Ag,orthorhombic,5.172,5.483,8.798,90.0,90.0,90.0,12.472999999999999,-0.001,metal
Ti,Al,cubic,3.589,3.589,3.589,90.0,90.0,90.0,9.244,0.2,metal
Ti,As,cubic,3.847,3.847,3.847,90.0,90.0,90.0,11.39,0.385,metal
Ti,Au,cubic,4.025,4.025,4.025,90.0,90.0,90.0,13.043,0.288,metal
Ti,B,cubic,3.308,3.308,3.308,90.0,90.0,90.0,7.239,0.189,metal
Ti,Ba,orthorhombic,5.85,5.95,10.054,90.0,90.0,90.0,17.499000000000002,0.0,insulator
Ti,Be,cubic,3.351,3.351,3.351,90.0,90.0,90.0,7.526,0.0,metal
Ti,Bi,orthorhombic,5.186,6.166,9.329,90.0,90.0,90.0,14.915999999999999,0.053,metal
Ti,Cd,orthorhombic,5.395,5.506,8.436,90.0,90.0,90.0,12.529000000000002,0.0,insulator
Ti,Ce,rhombohedral,6.121,6.121,6.121,58.6,58.6,58.6,15.697000000000001,0.2,insulator
Ti,Co,cubic,3.597,3.597,3.597,90.0,90.0,90.0,9.305,-0.141,metal
Ti,Cr,orthorhombic,4.894,5.313,7.392,90.0,90.0,90.0,9.609,0.8,metal
Ti,Cs,cubic,4.458,4.458,4.458,90.0,90.0,90.0,17.714000000000002,0.388,metal
Ti,Cu,cubic,3.636,3.636,3.636,90.0,90.0,90.0,9.617,-0.149,metal
Ti,Dy,cubic,4.244,4.244,4.244,90.0,90.0,90.0,15.29,0.207,metal
Ti,Er,cubic,4.205,4.205,4.205,90.0,90.0,90.0,14.873,0.197,metal
Ti,Eu,orthorhombic,5.525,5.633,9.039,90.0,90.0,90.0,14.068,0.0,insulator
Ti,Fe,cubic,3.739,3.739,3.739,90.0,90.0,90.0,10.453,1.199,metal
Ti,Ga,cubic,3.735,3.735,3.735,90.0,90.0,90.0,10.422,0.2,metal
Ti,Gd,orthorhombic,5.646,5.666,8.073,90.0,90.0,90.0,12.911,0.2,metal
Ti,Ge,cubic,3.72,3.72,3.72,90.0,90.0,90.0,10.293,0.382,metal
Ti,Hf,cubic,4.041,4.041,4.041,90.0,90.0,90.0,13.202,0.4,metal
Ti,Hg,orthorhombic,5.301,5.832,8.969,90.0,90.0,90.0,13.864,0.0,insulator
Ti,Ho,cubic,4.227,4.227,4.227,90.0,90.0,90.0,15.103,0.2,metal
Ti,In,cubic,4.063,4.063,4.063,90.0,90.0,90.0,13.414000000000001,0.203,metal
Ti,Ir,cubic,4.504,4.504,4.504,90.0,90.0,90.0,18.273,0.029,metal
Ti,K,orthorhombic,5.853,6.422,8.417,90.0,90.0,90.0,15.82,0.0,metal
Ti,La,orthorhombic,5.698,5.896,8.543,90.0,90.0,90.0,14.350999999999999,0.2,metal
Ti,Li,orthorhombic,4.842,4.858,8.041,90.0,90.0,90.0,9.459,0.139,metal
Ti,Lu,cubic,4.135,4.135,4.135,90.0,90.0,90.0,14.136,0.2,metal
Ti,Mg,cubic,3.686,3.686,3.686,90.0,90.0,90.0,10.017000000000001,-0.002,metal
Ti,Mn,cubic,3.733,3.733,3.733,90.0,90.0,90.0,10.401,0.725,metal
Ti,Na,orthorhombic,5.592,5.673,7.931,90.0,90.0,90.0,12.582,0.0,metal
Ti,Nb,cubic,3.985,3.985,3.985,90.0,90.0,90.0,12.655999999999999,0.447,metal
Ti,Nd,orthorhombic,5.719,5.801,8.269,90.0,90.0,90.0,13.718,0.2,metal
Ti,Ni,cubic,3.608,3.608,3.608,90.0,90.0,90.0,9.392000000000001,0.4,metal
Ti,Os,cubic,3.876,3.876,3.876,90.0,90.0,90.0,11.644,0.23,metal
Ti,Pa,cubic,4.368,4.368,4.368,90.0,90.0,90.0,16.663,0.593,metal
Ti,Pb,orthorhombic,5.589,5.774,9.576,90.0,90.0,90.0,15.450999999999999,0.0,insulator
Ti,Pd,cubic,3.897,3.897,3.897,90.0,90.0,90.0,11.839,0.223,metal
Ti,Pm,orthorhombic,5.696,5.764,8.208,90.0,90.0,90.0,13.474,0.2,metal
Ti,Pr,orthorhombic,5.738,5.841,8.326,90.0,90.0,90.0,13.954,0.2,metal
Ti,Pt,cubic,3.941,3.941,3.941,90.0,90.0,90.0,12.245,0.018,metal
Ti,Rb,orthorhombic,5.979,6.68,8.598,90.0,90.0,90.0,17.169,0.0,metal
Ti,Re,cubic,3.885,3.885,3.885,90.0,90.0,90.0,11.73,0.429,metal
Ti,Rh,cubic,3.851,3.851,3.851,90.0,90.0,90.0,11.42,0.005,metal
Ti,Ru,cubic,3.839,3.839,3.839,90.0,90.0,90.0,11.315,-0.007,metal
Ti,Sb,cubic,4.069,4.069,4.069,90.0,90.0,90.0,13.475999999999999,0.457,metal
Ti,Sc,cubic,3.948,3.948,3.948,90.0,90.0,90.0,12.309000000000001,0.2,metal
Ti,Si,cubic,3.523,3.523,3.523,90.0,90.0,90.0,8.748,0.399,metal
Ti,Sm,orthorhombic,5.685,5.731,8.18,90.0,90.0,90.0,13.325,0.2,metal
Ti,Sn,orthorhombic,5.463,5.791,9.182,90.0,90.0,90.0,14.526,0.0,insulator
Ti,Sr,orthorhombic,5.607,5.726,9.512,90.0,90.0,90.0,15.27,0.001,insulator
Ti,Ta,cubic,3.962,3.962,3.962,90.0,90.0,90.0,12.44,0.472,metal
Ti,Tb,orthorhombic,5.624,5.633,8.04,90.0,90.0,90.0,12.735,0.2,metal
Ti,Tc,cubic,3.866,3.866,3.866,90.0,90.0,90.0,11.556,0.435,metal
Ti,Te,cubic,4.159,4.159,4.159,90.0,90.0,90.0,14.383,0.434,metal
Ti,Th,cubic,4.532,4.532,4.532,90.0,90.0,90.0,18.617,0.4,metal
Ti,Ti,cubic,3.821,3.821,3.821,90.0,90.0,90.0,11.154000000000002,0.384,metal
Ti,Tl,orthorhombic,5.539,5.784,9.003,90.0,90.0,90.0,14.423,0.0,metal
Ti,Tm,cubic,4.175,4.175,4.175,90.0,90.0,90.0,14.557,0.207,metal
Ti,U,orthorhombic,5.691,5.953,8.016,90.0,90.0,90.0,13.578,0.8,metal
Ti,V,cubic,3.757,3.757,3.757,90.0,90.0,90.0,10.609000000000002,0.604,metal
Ti,W,cubic,3.91,3.91,3.91,90.0,90.0,90.0,11.953,0.465,metal
Ti,Y,cubic,4.255,4.255,4.255,90.0,90.0,90.0,15.405,0.212,metal
Ti,Yb,orthorhombic,5.393,5.51,8.596,90.0,90.0,90.0,12.773,0.0,insulator
Ti,Zn,cubic,3.737,3.737,3.737,90.0,90.0,90.0,10.437000000000001,0.169,metal
Ti,Zr,cubic,4.101,4.101,4.101,90.0,90.0,90.0,13.792,0.4,metal
Tl,Ac,cubic,4.578,4.578,4.578,90.0,90.0,90.0,19.189,-0.002,metal
Tl,Ag,orthorhombic,5.542,5.728,8.043,90.0,90.0,90.0,12.765999999999998,,metal
Tl,Al,orthorhombic,5.208,5.326,7.533,90.0,90.0,90.0,10.447000000000001,,insulator
Tl,As,tetragonal,3.706,3.706,4.784,90.0,90.0,90.0,13.142000000000001,,metal
Tl,Au,orthorhombic,5.595,5.809,8.051,90.0,90.0,90.0,13.084000000000001,,metal
Tl,B,cubic,3.506,3.506,3.506,90.0,90.0,90.0,8.616,,metal
Tl,Ba,orthorhombic,5.129,6.623,10.631,90.0,90.0,90.0,18.055999999999997,,metal
Tl,Be,cubic,3.599,3.599,3.599,90.0,90.0,90.0,9.32,,metal
Tl,Bi,orthorhombic,5.963,6.036,8.663,90.0,90.0,90.0,15.591,,metal
Tl,Ca,cubic,4.311,4.311,4.311,90.0,90.0,90.0,16.029,,metal
Tl,Cd,cubic,4.145,4.145,4.145,90.0,90.0,90.0,14.239,,metal
Tl,Ce,cubic,4.633,4.633,4.633,90.0,90.0,90.0,19.886,-0.041,metal
Tl,Co,orthorhombic,5.294,5.455,7.585,90.0,90.0,90.0,10.952,0.4,metal
Tl,Cr,orthorhombic,5.342,5.501,7.693,90.0,90.0,90.0,11.302,0.6,insulator
Tl,Cs,orthorhombic,5.458,6.322,10.603,90.0,90.0,90.0,18.293,,insulator
Tl,Cu,orthorhombic,5.287,5.471,7.571,90.0,90.0,90.0,10.95,,metal
Tl,Dy,cubic,4.414,4.414,4.414,90.0,90.0,90.0,17.195,-0.402,metal
Tl,Er,cubic,4.321,4.321,4.321,90.0,90.0,90.0,16.135,-0.389,metal
Tl,Eu,orthorhombic,6.101,6.138,8.127,90.0,90.0,90.0,15.218,0.2,insulator
Tl,Fe,orthorhombic,5.347,5.515,7.76,90.0,90.0,90.0,11.440999999999999,0.999,metal
Tl,Ga,orthorhombic,5.316,5.457,7.772,90.0,90.0,90.0,11.272,,insulator
Tl,Gd,orthorhombic,5.826,5.908,8.517,90.0,90.0,90.0,14.658,0.001,insulator
Tl,Ge,tetragonal,3.584,3.584,4.937,90.0,90.0,90.0,12.684000000000001,,metal
Tl,Hf,orthorhombic,5.706,5.82,8.133,90.0,90.0,90.0,13.505,0.0,metal
Tl,Hg,cubic,4.198,4.198,4.198,90.0,90.0,90.0,14.798,,metal
Tl,Ho,orthorhombic,5.75,5.848,8.408,90.0,90.0,90.0,14.136,0.0,insulator
Tl,In,orthorhombic,5.604,5.722,8.232,90.0,90.0,90.0,13.198,,metal
Tl,Ir,orthorhombic,5.515,5.581,7.863,90.0,90.0,90.0,12.100999999999999,0.0,metal
Tl,K,cubic,4.429,4.429,4.429,90.0,90.0,90.0,17.374000000000002,,metal
Tl,La,orthorhombic,6.005,6.08,8.835,90.0,90.0,90.0,16.127,0.0,insulator
Tl,Li,cubic,3.712,3.712,3.712,90.0,90.0,90.0,10.226,,metal
Tl,Lu,orthorhombic,5.649,5.772,8.295,90.0,90.0,90.0,13.522,0.0,insulator
Tl,Mg,cubic,3.898,3.898,3.898,90.0,90.0,90.0,11.843,,metal
Tl,Mn,orthorhombic,5.341,5.538,7.725,90.0,90.0,90.0,11.424000000000001,0.797,metal
Tl,Mo,cubic,3.999,3.999,3.999,90.0,90.0,90.0,12.788,0.0,metal
Tl,Na,cubic,4.049,4.049,4.049,90.0,90.0,90.0,13.277000000000001,,metal
Tl,Nb,tetragonal,4.032,4.032,4.218,90.0,90.0,90.0,13.712,0.0,insulator
Tl,Nd,orthorhombic,5.955,6.036,8.702,90.0,90.0,90.0,15.638,0.0,insulator
Tl,Ni,orthorhombic,5.273,5.437,7.573,90.0,90.0,90.0,10.857000000000001,0.199,metal
Tl,Np,rhombohedral,6.14,6.14,6.14,59.7,59.7,59.7,16.26,0.4,insulator
Tl,Os,cubic,3.962,3.962,3.962,90.0,90.0,90.0,12.443,0.0,metal
Tl,Pa,cubic,4.415,4.415,4.415,90.0,90.0,90.0,17.211,0.0,insulator
Tl,Pb,orthorhombic,5.882,5.964,8.574,90.0,90.0,90.0,15.039000000000001,,metal
Tl,Pd,orthorhombic,5.445,5.615,7.979,90.0,90.0,90.0,12.197000000000001,,metal
Tl,Pm,cubic,4.516,4.516,4.516,90.0,90.0,90.0,18.419,-0.073,metal
Tl,Pr,orthorhombic,5.998,6.07,8.756,90.0,90.0,90.0,15.939,0.0,insulator
Tl,Pt,orthorhombic,5.531,5.694,7.912,90.0,90.0,90.0,12.457,-0.001,metal
Tl,Pu,orthorhombic,5.886,6.121,8.577,90.0,90.0,90.0,15.450999999999999,0.798,metal
Tl,Rb,orthorhombic,6.419,6.52,8.95,90.0,90.0,90.0,18.727999999999998,,metal
Tl,Re,cubic,3.973,3.973,3.973,90.0,90.0,90.0,12.542,0.0,metal
Tl,Rh,orthorhombic,5.44,5.58,7.807,90.0,90.0,90.0,11.85,0.0,metal
Tl,Ru,orthorhombic,5.542,5.576,7.814,90.0,90.0,90.0,12.073,0.235,metal
Tl,Sb,cubic,4.077,4.077,4.077,90.0,90.0,90.0,13.556,,metal
Tl,Sc,orthorhombic,5.49,5.647,8.053,90.0,90.0,90.0,12.484000000000002,0.0,insulator
Tl,Si,tetragonal,3.437,3.437,4.726,90.0,90.0,90.0,11.169,,metal
Tl,Sm,rhombohedral,6.248,6.248,6.248,57.0,57.0,57.0,16.055999999999997,0.0,insulator
Tl,Sn,orthorhombic,5.693,5.781,8.13,90.0,90.0,90.0,13.377,,metal
Tl,Sr,orthorhombic,5.884,6.217,9.224,90.0,90.0,90.0,16.873,,metal
Tl,Ta,tetragonal,4.037,4.037,4.093,90.0,90.0,90.0,13.343,0.0,insulator
Tl,Tb,orthorhombic,5.801,5.883,8.484,90.0,90.0,90.0,14.477,0.001,insulator
Tl,Tc,cubic,3.964,3.964,3.964,90.0,90.0,90.0,12.459000000000001,-0.001,metal
Tl,Te,tetragonal,4.089,4.089,4.358,90.0,90.0,90.0,14.575,,metal
Tl,Th,orthorhombic,6.024,6.302,8.854,90.0,90.0,90.0,16.805999999999997,0.0,metal
Tl,Ti,orthorhombic,5.513,5.57,7.815,90.0,90.0,90.0,12.0,0.0,metal
Tl,Tl,orthorhombic,5.718,5.814,8.602,90.0,90.0,90.0,14.299000000000001,,metal
Tl,Tm,orthorhombic,5.701,5.804,8.347,90.0,90.0,90.0,13.809000000000001,0.0,insulator
Tl,U,cubic,4.369,4.369,4.369,90.0,90.0,90.0,16.675,0.2,insulator
Tl,V,orthorhombic,5.406,5.513,7.807,90.0,90.0,90.0,11.634,0.399,metal
Tl,W,cubic,4.001,4.001,4.001,90.0,90.0,90.0,12.807,0.0,metal
Tl,Y,orthorhombic,5.787,5.866,8.465,90.0,90.0,90.0,14.368,0.0,insulator
Tl,Yb,cubic,4.185,4.185,4.185,90.0,90.0,90.0,14.664000000000001,,metal
Tl,Zn,cubic,3.878,3.878,3.878,90.0,90.0,90.0,11.667,,metal
Tl,Zr,orthorhombic,5.748,5.881,8.208,90.0,90.0,90.0,13.870999999999999,0.0,metal
Tm,Ac,orthorhombic,6.091,6.223,8.943,90.0,90.0,90.0,16.948,0.0,insulator
Tm,Ag,cubic,4.006,4.006,4.006,90.0,90.0,90.0,12.857000000000001,0.0,metal
Tm,Al,orthorhombic,5.108,5.339,7.316,90.0,90.0,90.0,9.976,0.0,insulator
Tm,As,cubic,3.977,3.977,3.977,90.0,90.0,90.0,12.578,0.0,metal
Tm,Au,cubic,4.082,4.082,4.082,90.0,90.0,90.0,13.602,0.0,metal
Tm,B,cubic,3.422,3.422,3.422,90.0,90.0,90.0,8.012,0.0,insulator
Tm,Ba,orthorhombic,6.429,6.76,8.299,90.0,90.0,90.0,18.032,0.201,insulator
Tm,Be,tetragonal,3.266,3.266,4.378,90.0,90.0,90.0,9.338,0.032,metal
Tm,Bi,cubic,4.356,4.356,4.356,90.0,90.0,90.0,16.531,0.0,metal
Tm,Cd,cubic,4.076,4.076,4.076,90.0,90.0,90.0,13.539000000000001,0.0,metal
Tm,Ce,cubic,4.529,4.529,4.529,90.0,90.0,90.0,18.576,0.0,metal
Tm,Co,orthorhombic,5.113,5.544,7.404,90.0,90.0,90.0,10.493,0.0,insulator
Tm,Cr,orthorhombic,5.209,5.541,7.528,90.0,90.0,90.0,10.864,0.6,insulator
Tm,Cu,orthorhombic,5.152,5.823,7.106,90.0,90.0,90.0,10.66,0.0,insulator
Tm,Dy,cubic,4.252,4.252,4.252,90.0,90.0,90.0,15.37,0.0,insulator
Tm,Er,cubic,4.206,4.206,4.206,90.0,90.0,90.0,14.878,0.0,insulator
Tm,Eu,orthorhombic,5.615,5.729,9.301,90.0,90.0,90.0,14.960999999999999,0.2,metal
Tm,Fe,orthorhombic,5.229,5.559,7.559,90.0,90.0,90.0,10.985,1.0,insulator
Tm,Ga,orthorhombic,5.206,5.526,7.508,90.0,90.0,90.0,10.799000000000001,0.0,insulator
Tm,Gd,cubic,4.306,4.306,4.306,90.0,90.0,90.0,15.965,0.0,insulator
Tm,Ge,cubic,3.848,3.848,3.848,90.0,90.0,90.0,11.398,0.0,metal
Tm,Hf,cubic,4.064,4.064,4.064,90.0,90.0,90.0,13.424000000000001,0.0,metal
Tm,Hg,cubic,4.174,4.174,4.174,90.0,90.0,90.0,14.544,0.0,metal
Tm,Ho,cubic,4.224,4.224,4.224,90.0,90.0,90.0,15.075999999999999,0.0,insulator
Tm,In,cubic,4.081,4.081,4.081,90.0,90.0,90.0,13.593,0.0,insulator
Tm,Ir,cubic,3.938,3.938,3.938,90.0,90.0,90.0,12.215,0.0,metal
Tm,K,orthorhombic,5.827,5.847,10.289,90.0,90.0,90.0,17.528,0.4,metal
Tm,La,cubic,4.499,4.499,4.499,90.0,90.0,90.0,18.215,0.0,metal
Tm,Li,cubic,3.598,3.598,3.598,90.0,90.0,90.0,9.312999999999999,0.398,metal
Tm,Lu,cubic,4.138,4.138,4.138,90.0,90.0,90.0,14.17,0.0,insulator
Tm,Mg,cubic,3.782,3.782,3.782,90.0,90.0,90.0,10.823,0.2,metal
Tm,Mn,orthorhombic,5.22,5.688,7.422,90.0,90.0,90.0,11.019,0.8,insulator
Tm,Mo,cubic,3.944,3.944,3.944,90.0,90.0,90.0,12.267999999999999,0.004,metal
Tm,Na,cubic,3.895,3.895,3.895,90.0,90.0,90.0,11.814,0.4,metal
Tm,Nb,cubic,4.018,4.018,4.018,90.0,90.0,90.0,12.974,0.0,metal
Tm,Nd,cubic,4.444,4.444,4.444,90.0,90.0,90.0,17.55,0.0,metal
Tm,Ni,orthorhombic,5.096,5.51,7.302,90.0,90.0,90.0,10.252,0.2,metal
Tm,Np,cubic,4.403,4.403,4.403,90.0,90.0,90.0,17.067,0.751,metal
Tm,Os,cubic,3.924,3.924,3.924,90.0,90.0,90.0,12.089,0.005,metal
Tm,Pa,cubic,4.461,4.461,4.461,90.0,90.0,90.0,17.753,0.248,metal
Tm,Pb,orthorhombic,5.734,6.002,8.481,90.0,90.0,90.0,14.592,0.0,metal
Tm,Pd,cubic,3.937,3.937,3.937,90.0,90.0,90.0,12.206,0.0,metal
Tm,Pm,cubic,4.401,4.401,4.401,90.0,90.0,90.0,17.048,0.0,metal
Tm,Pr,cubic,4.483,4.483,4.483,90.0,90.0,90.0,18.02,0.0,metal
Tm,Pt,cubic,4.0,4.0,4.0,90.0,90.0,90.0,12.797,0.0,metal
Tm,Pu,cubic,4.36,4.36,4.36,90.0,90.0,90.0,16.579,0.891,metal
Tm,Rb,orthorhombic,5.815,5.858,11.132,90.0,90.0,90.0,18.959,0.4,metal
Tm,Re,cubic,3.935,3.935,3.935,90.0,90.0,90.0,12.19,0.155,metal
Tm,Rh,cubic,3.9,3.9,3.9,90.0,90.0,90.0,11.866,0.001,metal
Tm,Ru,cubic,3.899,3.899,3.899,90.0,90.0,90.0,11.850999999999999,0.135,metal
Tm,Sb,cubic,4.195,4.195,4.195,90.0,90.0,90.0,14.767999999999999,0.0,metal
Tm,Sc,cubic,3.969,3.969,3.969,90.0,90.0,90.0,12.507,0.0,insulator
Tm,Si,cubic,3.654,3.654,3.654,90.0,90.0,90.0,9.755,0.0,metal
Tm,Sm,cubic,4.374,4.374,4.374,90.0,90.0,90.0,16.736,0.0,insulator
Tm,Sn,cubic,4.091,4.091,4.091,90.0,90.0,90.0,13.69,0.001,metal
Tm,Sr,orthorhombic,6.216,6.361,8.184,90.0,90.0,90.0,16.179000000000002,0.2,insulator
Tm,Ta,cubic,3.996,3.996,3.996,90.0,90.0,90.0,12.763,0.001,metal
Tm,Tb,cubic,4.278,4.278,4.278,90.0,90.0,90.0,15.658,0.0,insulator
Tm,Tc,cubic,3.919,3.919,3.919,90.0,90.0,90.0,12.04,0.315,metal
Tm,Te,cubic,4.226,4.226,4.226,90.0,90.0,90.0,15.097999999999999,0.003,metal
Tm,Th,cubic,4.554,4.554,4.554,90.0,90.0,90.0,18.887999999999998,0.013,metal
Tm,Ti,orthorhombic,5.245,5.631,7.575,90.0,90.0,90.0,11.186,0.2,metal
Tm,Tl,orthorhombic,5.48,5.825,8.656,90.0,90.0,90.0,13.812999999999999,0.0,insulator
Tm,Tm,cubic,4.18,4.18,4.18,90.0,90.0,90.0,14.604000000000001,0.0,insulator
Tm,U,cubic,4.384,4.384,4.384,90.0,90.0,90.0,16.852,0.514,metal
Tm,V,orthorhombic,5.245,5.632,7.558,90.0,90.0,90.0,11.162,0.4,insulator
Tm,W,cubic,3.953,3.953,3.953,90.0,90.0,90.0,12.354000000000001,0.002,metal
Tm,Y,cubic,4.251,4.251,4.251,90.0,90.0,90.0,15.360999999999999,0.0,insulator
Tm,Yb,cubic,4.086,4.086,4.086,90.0,90.0,90.0,13.642999999999999,-0.126,metal
Tm,Zn,orthorhombic,5.187,5.737,7.385,90.0,90.0,90.0,10.985999999999999,0.0,metal
Tm,Zr,cubic,4.119,4.119,4.119,90.0,90.0,90.0,13.975999999999999,0.0,metal
U,Ac,cubic,4.654,4.654,4.654,90.0,90.0,90.0,20.164,0.602,metal
U,Ag,orthorhombic,5.53,6.255,7.831,90.0,90.0,90.0,13.544,0.368,metal
U,Al,orthorhombic,5.34,5.349,7.54,90.0,90.0,90.0,10.770999999999999,0.6,insulator
U,As,cubic,4.031,4.031,4.031,90.0,90.0,90.0,13.097999999999999,0.657,metal
U,Au,cubic,4.136,4.136,4.136,90.0,90.0,90.0,14.154000000000002,0.588,metal
U,B,cubic,3.585,3.585,3.585,90.0,90.0,90.0,9.215,0.579,metal
U,Be,cubic,3.58,3.58,3.58,90.0,90.0,90.0,9.175,0.4,metal
U,Cd,orthorhombic,5.62,6.035,8.278,90.0,90.0,90.0,14.039000000000001,0.4,insulator
U,Ce,cubic,4.547,4.547,4.547,90.0,90.0,90.0,18.799,0.6,metal
U,Cr,rhombohedral,5.471,5.471,5.471,61.2,61.2,61.2,11.898,1.2,insulator
U,Dy,cubic,4.287,4.287,4.287,90.0,90.0,90.0,15.753,0.6,metal
U,Eu,cubic,4.276,4.276,4.276,90.0,90.0,90.0,15.639000000000001,0.458,metal
U,Fe,cubic,3.898,3.898,3.898,90.0,90.0,90.0,11.842,1.57,metal
U,Ga,orthorhombic,5.475,5.502,7.862,90.0,90.0,90.0,11.842,0.6,insulator
U,Gd,cubic,4.337,4.337,4.337,90.0,90.0,90.0,16.31,0.6,metal
U,Ge,cubic,3.926,3.926,3.926,90.0,90.0,90.0,12.104000000000001,0.693,metal
U,Hf,orthorhombic,5.629,5.974,8.067,90.0,90.0,90.0,13.562000000000001,0.621,metal
U,Hg,orthorhombic,5.681,6.135,8.838,90.0,90.0,90.0,15.402999999999999,0.4,insulator
U,Ir,cubic,4.003,4.003,4.003,90.0,90.0,90.0,12.83,0.6,metal
U,K,orthorhombic,5.403,5.74,11.299,90.0,90.0,90.0,17.52,0.2,insulator
U,La,cubic,4.576,4.576,4.576,90.0,90.0,90.0,19.16,0.601,metal
U,Li,orthorhombic,5.167,5.647,7.359,90.0,90.0,90.0,10.735,0.2,insulator
U,Mg,orthorhombic,5.348,5.732,7.683,90.0,90.0,90.0,11.777000000000001,0.4,insulator
U,Mn,orthorhombic,5.463,5.94,7.879,90.0,90.0,90.0,12.780999999999999,1.4,insulator
U,Mo,cubic,4.0,4.0,4.0,90.0,90.0,90.0,12.796,0.621,metal
U,Na,orthorhombic,5.483,5.74,8.365,90.0,90.0,90.0,13.162,0.2,insulator
U,Nb,cubic,4.064,4.064,4.064,90.0,90.0,90.0,13.425,0.662,metal
U,Ni,cubic,3.789,3.789,3.789,90.0,90.0,90.0,10.883,0.8,metal
U,Os,cubic,3.984,3.984,3.984,90.0,90.0,90.0,12.648,0.591,metal
U,Pd,cubic,4.005,4.005,4.005,90.0,90.0,90.0,12.850999999999999,0.592,metal
U,Pm,cubic,4.425,4.425,4.425,90.0,90.0,90.0,17.331,0.6,metal
U,Pt,cubic,4.059,4.059,4.059,90.0,90.0,90.0,13.37,0.6,metal
U,Pu,cubic,4.441,4.441,4.441,90.0,90.0,90.0,17.523,1.6,metal
U,Rb,orthorhombic,5.387,5.747,12.174,90.0,90.0,90.0,18.845,0.2,insulator
U,Re,cubic,3.993,3.993,3.993,90.0,90.0,90.0,12.729000000000001,0.637,metal
U,Rh,cubic,3.97,3.97,3.97,90.0,90.0,90.0,12.517999999999999,0.57,metal
U,Ru,cubic,3.962,3.962,3.962,90.0,90.0,90.0,12.440999999999999,0.565,metal
U,Sb,cubic,4.228,4.228,4.228,90.0,90.0,90.0,15.118,0.725,metal
U,Sc,orthorhombic,5.6,5.831,8.039,90.0,90.0,90.0,13.125,0.6,insulator
U,Si,cubic,3.771,3.771,3.771,90.0,90.0,90.0,10.727,0.734,metal
U,Sm,cubic,4.401,4.401,4.401,90.0,90.0,90.0,17.051,0.6,metal
U,Sn,cubic,4.112,4.112,4.112,90.0,90.0,90.0,13.908,0.744,metal
U,Sr,orthorhombic,5.809,5.967,9.651,90.0,90.0,90.0,16.725,0.4,insulator
U,Ta,rhombohedral,5.388,5.388,5.388,67.9,67.9,67.9,12.908,0.529,metal
U,Tb,cubic,4.31,4.31,4.31,90.0,90.0,90.0,16.016,0.6,metal
U,Tc,cubic,3.98,3.98,3.98,90.0,90.0,90.0,12.613,0.876,metal
U,Th,cubic,4.57,4.57,4.57,90.0,90.0,90.0,19.09,0.798,metal
U,Ti,orthorhombic,5.463,5.692,7.888,90.0,90.0,90.0,12.263,0.414,metal
U,Tl,orthorhombic,5.939,6.187,8.483,90.0,90.0,90.0,15.585,0.4,metal
U,Tm,cubic,4.218,4.218,4.218,90.0,90.0,90.0,15.012,0.6,metal
U,V,orthorhombic,5.392,5.949,7.76,90.0,90.0,90.0,12.447000000000001,1.0,insulator
U,W,cubic,4.003,4.003,4.003,90.0,90.0,90.0,12.827,0.644,metal
U,Y,cubic,4.287,4.287,4.287,90.0,90.0,90.0,15.753,0.6,metal
U,Yb,cubic,4.136,4.136,4.136,90.0,90.0,90.0,14.145999999999999,0.401,metal
U,Zn,cubic,3.864,3.864,3.864,90.0,90.0,90.0,11.536,0.511,metal
U,Zr,orthorhombic,5.669,6.188,7.847,90.0,90.0,90.0,13.763,0.51,metal
V,Ag,orthorhombic,5.179,5.572,9.022,90.0,90.0,90.0,13.017000000000001,0.0,insulator
V,Al,orthorhombic,4.981,5.175,6.935,90.0,90.0,90.0,8.937999999999999,0.4,insulator
V,As,cubic,3.821,3.821,3.821,90.0,90.0,90.0,11.161,0.627,metal
V,Au,cubic,4.028,4.028,4.028,90.0,90.0,90.0,13.074000000000002,0.524,metal
V,B,cubic,3.331,3.331,3.331,90.0,90.0,90.0,7.393,0.4,metal
V,Ba,orthorhombic,5.416,5.953,10.295,90.0,90.0,90.0,16.597,0.2,insulator
V,Be,cubic,3.395,3.395,3.395,90.0,90.0,90.0,7.8229999999999995,0.201,metal
V,Cd,orthorhombic,5.335,5.416,8.671,90.0,90.0,90.0,12.529000000000002,0.2,insulator
V,Ce,orthorhombic,5.738,5.883,8.542,90.0,90.0,90.0,14.417,0.4,insulator
V,Co,cubic,3.633,3.633,3.633,90.0,90.0,90.0,9.588,0.394,metal
V,Cr,cubic,3.733,3.733,3.733,90.0,90.0,90.0,10.402999999999999,1.0,metal
V,Cu,cubic,3.665,3.665,3.665,90.0,90.0,90.0,9.846,-0.43,metal
V,Dy,cubic,4.262,4.262,4.262,90.0,90.0,90.0,15.482999999999999,0.4,metal
V,Er,cubic,4.228,4.228,4.228,90.0,90.0,90.0,15.110999999999999,0.4,metal
V,Eu,rhombohedral,6.269,6.269,6.269,54.3,54.3,54.3,15.081,0.2,insulator
V,Ga,cubic,3.758,3.758,3.758,90.0,90.0,90.0,10.615,0.4,metal
V,Gd,cubic,4.305,4.305,4.305,90.0,90.0,90.0,15.956,0.398,metal
V,Ge,cubic,3.713,3.713,3.713,90.0,90.0,90.0,10.236,0.595,metal
V,Hf,cubic,4.046,4.046,4.046,90.0,90.0,90.0,13.25,0.6,metal
V,Hg,orthorhombic,5.259,5.678,8.899,90.0,90.0,90.0,13.287,0.2,metal
V,Ho,cubic,4.241,4.241,4.241,90.0,90.0,90.0,15.251,0.401,metal
V,In,cubic,4.079,4.079,4.079,90.0,90.0,90.0,13.575,0.44,metal
V,Ir,cubic,3.901,3.901,3.901,90.0,90.0,90.0,11.877,0.415,metal
V,K,orthorhombic,5.479,5.683,10.354,90.0,90.0,90.0,16.119,0.0,insulator
V,La,orthorhombic,5.725,5.85,8.571,90.0,90.0,90.0,14.350999999999999,0.4,insulator
V,Li,orthorhombic,4.691,5.019,7.601,90.0,90.0,90.0,8.948,0.0,insulator
V,Lu,cubic,4.163,4.163,4.163,90.0,90.0,90.0,14.425999999999998,0.4,metal
V,Mg,cubic,3.752,3.752,3.752,90.0,90.0,90.0,10.562999999999999,0.201,metal
V,Mn,cubic,3.746,3.746,3.746,90.0,90.0,90.0,10.509,1.2,metal
V,Mo,cubic,3.907,3.907,3.907,90.0,90.0,90.0,11.929,0.662,metal
V,Na,orthorhombic,5.305,5.535,8.478,90.0,90.0,90.0,12.446,0.0,insulator
V,Nb,cubic,3.989,3.989,3.989,90.0,90.0,90.0,12.697000000000001,0.693,metal
V,Nd,orthorhombic,5.687,5.808,8.392,90.0,90.0,90.0,13.857999999999999,0.4,insulator
V,Ni,cubic,3.639,3.639,3.639,90.0,90.0,90.0,9.639,0.22,metal
V,Os,cubic,3.871,3.871,3.871,90.0,90.0,90.0,11.602,0.505,metal
V,Pa,cubic,4.362,4.362,4.362,90.0,90.0,90.0,16.596,0.799,metal
V,Pd,cubic,3.908,3.908,3.908,90.0,90.0,90.0,11.940999999999999,0.482,metal
V,Pm,orthorhombic,5.67,5.767,8.324,90.0,90.0,90.0,13.610999999999999,0.4,insulator
V,Pr,orthorhombic,5.723,5.819,8.479,90.0,90.0,90.0,14.118,0.4,insulator
V,Pt,cubic,3.946,3.946,3.946,90.0,90.0,90.0,12.287,0.514,metal
V,Rb,orthorhombic,5.618,5.953,10.66,90.0,90.0,90.0,17.828,0.0,insulator
V,Re,cubic,3.891,3.891,3.891,90.0,90.0,90.0,11.78,0.671,metal
V,Rh,cubic,3.878,3.878,3.878,90.0,90.0,90.0,11.669,0.338,metal
V,Ru,cubic,3.872,3.872,3.872,90.0,90.0,90.0,11.609000000000002,0.28,metal
V,Sb,cubic,4.035,4.035,4.035,90.0,90.0,90.0,13.135,0.693,metal
V,Sc,cubic,3.98,3.98,3.98,90.0,90.0,90.0,12.606,0.402,metal
V,Si,cubic,3.533,3.533,3.533,90.0,90.0,90.0,8.818999999999999,0.6,metal
V,Sm,orthorhombic,5.655,5.74,8.271,90.0,90.0,90.0,13.425,0.4,insulator
V,Sn,orthorhombic,5.362,5.585,7.763,90.0,90.0,90.0,11.623,0.597,metal
V,Sr,orthorhombic,5.532,5.639,9.553,90.0,90.0,90.0,14.899000000000001,0.2,insulator
V,Ta,cubic,3.966,3.966,3.966,90.0,90.0,90.0,12.481,0.727,metal
V,Tb,cubic,4.291,4.291,4.291,90.0,90.0,90.0,15.806,0.401,metal
V,Tc,cubic,3.869,3.869,3.869,90.0,90.0,90.0,11.587,0.668,metal
V,Th,cubic,4.54,4.54,4.54,90.0,90.0,90.0,18.712,0.601,metal
V,Ti,cubic,3.831,3.831,3.831,90.0,90.0,90.0,11.243,0.6,metal
V,Tl,orthorhombic,5.575,5.589,8.116,90.0,90.0,90.0,12.645,0.4,insulator
V,Tm,cubic,4.2,4.2,4.2,90.0,90.0,90.0,14.819,0.4,metal
V,U,cubic,4.308,4.308,4.308,90.0,90.0,90.0,15.994000000000002,0.601,metal
V,V,cubic,3.766,3.766,3.766,90.0,90.0,90.0,10.683,0.8,metal
V,W,cubic,3.913,3.913,3.913,90.0,90.0,90.0,11.982999999999999,0.704,metal
V,Y,cubic,4.29,4.29,4.29,90.0,90.0,90.0,15.792,0.4,metal
V,Yb,orthorhombic,5.393,5.432,8.656,90.0,90.0,90.0,12.677999999999999,0.2,insulator
V,Zn,cubic,3.761,3.761,3.761,90.0,90.0,90.0,10.64,0.403,metal
V,Zr,cubic,4.104,4.104,4.104,90.0,90.0,90.0,13.825999999999999,0.6,metal
W,Ac,rhombohedral,5.928,5.928,5.928,65.7,65.7,65.7,16.558,0.2,metal
W,Ag,orthorhombic,5.252,6.199,8.389,90.0,90.0,90.0,13.655999999999999,0.0,insulator
W,Al,cubic,3.646,3.646,3.646,90.0,90.0,90.0,9.692,0.576,metal
W,As,cubic,3.903,3.903,3.903,90.0,90.0,90.0,11.892999999999999,0.755,metal
W,Au,cubic,4.054,4.054,4.054,90.0,90.0,90.0,13.324000000000002,0.66,metal
W,B,cubic,3.401,3.401,3.401,90.0,90.0,90.0,7.865,0.464,metal
W,Ba,rhombohedral,6.269,6.269,6.269,63.9,63.9,63.9,18.913,0.0,insulator
W,Be,cubic,3.403,3.403,3.403,90.0,90.0,90.0,7.882000000000001,0.274,metal
W,Bi,cubic,4.239,4.239,4.239,90.0,90.0,90.0,15.235,0.835,metal
W,Ca,rhombohedral,5.777,5.777,5.777,62.7,62.7,62.7,14.437999999999999,0.0,insulator
W,Cd,rhombohedral,5.444,5.444,5.444,70.4,70.4,70.4,13.866,0.0,insulator
W,Ce,cubic,4.508,4.508,4.508,90.0,90.0,90.0,18.322,0.601,metal
W,Co,cubic,3.648,3.648,3.648,90.0,90.0,90.0,9.707,0.363,metal
W,Cr,cubic,3.799,3.799,3.799,90.0,90.0,90.0,10.965,1.199,metal
W,Cu,cubic,3.686,3.686,3.686,90.0,90.0,90.0,10.017000000000001,0.482,metal
W,Dy,cubic,4.253,4.253,4.253,90.0,90.0,90.0,15.386,0.602,metal
W,Er,cubic,4.203,4.203,4.203,90.0,90.0,90.0,14.850999999999999,0.6,metal
W,Eu,rhombohedral,5.838,5.838,5.838,63.5,63.5,63.5,15.144,0.0,insulator
W,Fe,cubic,3.808,3.808,3.808,90.0,90.0,90.0,11.042,1.592,metal
W,Ga,rhombohedral,5.259,5.259,5.259,76.2,76.2,76.2,13.458,0.0,metal
W,Gd,cubic,4.308,4.308,4.308,90.0,90.0,90.0,15.992,0.598,metal
W,Ge,cubic,3.787,3.787,3.787,90.0,90.0,90.0,10.859000000000002,0.762,metal
W,Hf,cubic,4.063,4.063,4.063,90.0,90.0,90.0,13.415,0.8,metal
W,Hg,cubic,4.147,4.147,4.147,90.0,90.0,90.0,14.263,0.661,metal
W,Ho,cubic,4.227,4.227,4.227,90.0,90.0,90.0,15.104000000000001,0.601,metal
W,In,rhombohedral,5.494,5.494,5.494,70.4,70.4,70.4,14.255,0.0,metal
W,Ir,cubic,3.924,3.924,3.924,90.0,90.0,90.0,12.082,0.571,metal
W,K,orthorhombic,5.315,6.346,10.199,90.0,90.0,90.0,17.2,0.0,metal
W,La,cubic,4.469,4.469,4.469,90.0,90.0,90.0,17.849,0.6,metal
W,Li,orthorhombic,4.763,5.057,7.786,90.0,90.0,90.0,9.376,0.07,metal
W,Lu,cubic,4.134,4.134,4.134,90.0,90.0,90.0,14.129000000000001,0.6,metal
W,Mg,cubic,3.692,3.692,3.692,90.0,90.0,90.0,10.061,0.387,metal
W,Mn,cubic,3.803,3.803,3.803,90.0,90.0,90.0,10.998,1.4,metal
W,Mo,cubic,3.939,3.939,3.939,90.0,90.0,90.0,12.220999999999998,0.798,metal
W,Na,orthorhombic,5.444,5.75,8.334,90.0,90.0,90.0,13.044,0.005,metal
W,Nb,cubic,4.016,4.016,4.016,90.0,90.0,90.0,12.956,0.837,metal
W,Nd,cubic,4.434,4.434,4.434,90.0,90.0,90.0,17.430999999999997,0.599,metal
W,Ni,cubic,3.673,3.673,3.673,90.0,90.0,90.0,9.906,0.779,metal
W,Np,cubic,4.298,4.298,4.298,90.0,90.0,90.0,15.885,-0.434,metal
W,Os,cubic,3.907,3.907,3.907,90.0,90.0,90.0,11.924000000000001,0.547,metal
W,Pa,cubic,4.374,4.374,4.374,90.0,90.0,90.0,16.736,0.993,metal
W,Pd,cubic,3.93,3.93,3.93,90.0,90.0,90.0,12.139000000000001,0.579,metal
W,Pm,cubic,4.398,4.398,4.398,90.0,90.0,90.0,17.012999999999998,0.6,metal
W,Pr,cubic,4.468,4.468,4.468,90.0,90.0,90.0,17.833,0.6,metal
W,Pt,cubic,3.978,3.978,3.978,90.0,90.0,90.0,12.59,0.627,metal
W,Pu,cubic,4.305,4.305,4.305,90.0,90.0,90.0,15.952,0.739,metal
W,Rb,orthorhombic,5.34,6.542,10.783,90.0,90.0,90.0,18.834,0.0,metal
W,Re,cubic,3.925,3.925,3.925,90.0,90.0,90.0,12.095999999999998,0.792,metal
W,Rh,cubic,3.891,3.891,3.891,90.0,90.0,90.0,11.783,0.528,metal
W,Ru,cubic,3.886,3.886,3.886,90.0,90.0,90.0,11.738,0.446,metal
W,Sb,cubic,4.081,4.081,4.081,90.0,90.0,90.0,13.594000000000001,0.869,metal
W,Sc,cubic,3.96,3.96,3.96,90.0,90.0,90.0,12.422,0.599,metal
W,Si,cubic,3.618,3.618,3.618,90.0,90.0,90.0,9.471,0.751,metal
W,Sm,cubic,4.374,4.374,4.374,90.0,90.0,90.0,16.730999999999998,0.599,metal
W,Sn,orthorhombic,5.535,6.462,6.748,90.0,90.0,90.0,12.065999999999999,0.0,metal
W,Sr,rhombohedral,6.037,6.037,6.037,63.1,63.1,63.1,16.614,0.0,insulator
W,Ta,cubic,3.997,3.997,3.997,90.0,90.0,90.0,12.773,0.874,metal
W,Tb,cubic,4.28,4.28,4.28,90.0,90.0,90.0,15.686,0.599,metal
W,Tc,cubic,3.896,3.896,3.896,90.0,90.0,90.0,11.823,0.774,metal
W,Te,cubic,4.165,4.165,4.165,90.0,90.0,90.0,14.453,0.847,metal
W,Th,cubic,4.534,4.534,4.534,90.0,90.0,90.0,18.641,0.8,metal
W,Ti,cubic,3.856,3.856,3.856,90.0,90.0,90.0,11.466,0.719,metal
W,Tl,orthorhombic,5.342,6.559,10.281,90.0,90.0,90.0,18.012,-0.001,metal
W,Tm,cubic,4.176,4.176,4.176,90.0,90.0,90.0,14.565999999999999,0.6,metal
W,U,cubic,4.323,4.323,4.323,90.0,90.0,90.0,16.159000000000002,1.184,metal
W,V,cubic,3.817,3.817,3.817,90.0,90.0,90.0,11.122,1.0,metal
W,W,cubic,3.946,3.946,3.946,90.0,90.0,90.0,12.289000000000001,0.835,metal
W,Y,cubic,4.255,4.255,4.255,90.0,90.0,90.0,15.402000000000001,0.599,metal
W,Yb,rhombohedral,5.95,5.95,5.95,59.3,59.3,59.3,14.644,0.001,insulator
W,Zn,cubic,3.777,3.777,3.777,90.0,90.0,90.0,10.775,0.488,metal
W,Zr,cubic,4.117,4.117,4.117,90.0,90.0,90.0,13.954,0.8,metal
Y,Ac,cubic,4.662,4.662,4.662,90.0,90.0,90.0,20.264,0.0,metal
Y,Ag,cubic,4.023,4.023,4.023,90.0,90.0,90.0,13.023,0.0,metal
Y,Al,orthorhombic,5.188,5.347,7.394,90.0,90.0,90.0,10.255,0.0,insulator
Y,As,cubic,3.992,3.992,3.992,90.0,90.0,90.0,12.728,0.0,metal
Y,Au,cubic,4.099,4.099,4.099,90.0,90.0,90.0,13.772,0.0,metal
Y,B,cubic,3.463,3.463,3.463,90.0,90.0,90.0,8.307,0.0,insulator
Y,Ba,orthorhombic,6.515,6.787,8.403,90.0,90.0,90.0,18.577,0.2,insulator
Y,Be,tetragonal,3.316,3.316,4.365,90.0,90.0,90.0,9.597999999999999,0.031,metal
Y,Bi,cubic,4.362,4.362,4.362,90.0,90.0,90.0,16.599,0.0,metal
Y,Ca,cubic,4.093,4.093,4.093,90.0,90.0,90.0,13.719000000000001,0.193,metal
Y,Cd,cubic,4.093,4.093,4.093,90.0,90.0,90.0,13.719000000000001,0.0,metal
Y,Ce,cubic,4.536,4.536,4.536,90.0,90.0,90.0,18.662,0.0,insulator
Y,Cr,orthorhombic,5.281,5.578,7.6,90.0,90.0,90.0,11.195,0.6,insulator
Y,Cu,orthorhombic,5.237,5.899,7.174,90.0,90.0,90.0,11.081,0.0,insulator
Y,Dy,cubic,4.263,4.263,4.263,90.0,90.0,90.0,15.491,0.0,insulator
Y,Er,cubic,4.219,4.219,4.219,90.0,90.0,90.0,15.017000000000001,0.0,insulator
Y,Eu,cubic,4.256,4.256,4.256,90.0,90.0,90.0,15.424000000000001,0.107,metal
Y,Fe,orthorhombic,5.298,5.607,7.627,90.0,90.0,90.0,11.329,1.0,insulator
Y,Ga,orthorhombic,5.277,5.565,7.569,90.0,90.0,90.0,11.113,0.0,insulator
Y,Gd,cubic,4.317,4.317,4.317,90.0,90.0,90.0,16.090999999999998,0.0,insulator
Y,Ge,cubic,3.871,3.871,3.871,90.0,90.0,90.0,11.597999999999999,0.0,metal
Y,Hf,orthorhombic,5.464,6.051,7.548,90.0,90.0,90.0,12.477,0.001,metal
Y,Hg,cubic,4.191,4.191,4.191,90.0,90.0,90.0,14.72,0.0,metal
Y,Ho,cubic,4.24,4.24,4.24,90.0,90.0,90.0,15.248,0.0,insulator
Y,Ir,cubic,3.954,3.954,3.954,90.0,90.0,90.0,12.365,0.0,metal
Y,K,orthorhombic,5.958,5.981,10.106,90.0,90.0,90.0,18.007,0.4,metal
Y,La,cubic,4.516,4.516,4.516,90.0,90.0,90.0,18.419,0.0,insulator
Y,Li,orthorhombic,5.023,5.772,7.226,90.0,90.0,90.0,10.475999999999999,0.4,metal
Y,Lu,cubic,4.154,4.154,4.154,90.0,90.0,90.0,14.331,0.0,insulator
Y,Mg,orthorhombic,5.423,5.757,7.371,90.0,90.0,90.0,11.505999999999998,0.201,metal
Y,Mn,orthorhombic,5.293,5.739,7.493,90.0,90.0,90.0,11.38,0.8,insulator
Y,Mo,cubic,3.956,3.956,3.956,90.0,90.0,90.0,12.384,0.006,metal
Y,Na,cubic,3.927,3.927,3.927,90.0,90.0,90.0,12.107000000000001,0.4,metal
Y,Nb,cubic,4.027,4.027,4.027,90.0,90.0,90.0,13.062000000000001,0.0,metal
Y,Nd,cubic,4.454,4.454,4.454,90.0,90.0,90.0,17.67,0.0,insulator
Y,Ni,orthorhombic,5.182,5.523,7.409,90.0,90.0,90.0,10.600999999999999,0.2,metal
Y,Os,cubic,3.937,3.937,3.937,90.0,90.0,90.0,12.206,0.003,metal
Y,Pa,cubic,4.463,4.463,4.463,90.0,90.0,90.0,17.775,0.334,metal
Y,Pd,cubic,3.956,3.956,3.956,90.0,90.0,90.0,12.383,0.0,metal
Y,Pm,cubic,4.413,4.413,4.413,90.0,90.0,90.0,17.189,0.0,insulator
Y,Pr,cubic,4.493,4.493,4.493,90.0,90.0,90.0,18.136,0.0,insulator
Y,Pt,cubic,4.016,4.016,4.016,90.0,90.0,90.0,12.95,0.0,metal
Y,Pu,cubic,4.366,4.366,4.366,90.0,90.0,90.0,16.64,0.954,metal
Y,Rb,orthorhombic,6.164,6.253,9.515,90.0,90.0,90.0,18.335,0.0,insulator
Y,Re,cubic,3.947,3.947,3.947,90.0,90.0,90.0,12.3,0.161,metal
Y,Rh,cubic,3.919,3.919,3.919,90.0,90.0,90.0,12.035,0.0,metal
Y,Ru,cubic,3.917,3.917,3.917,90.0,90.0,90.0,12.017999999999999,0.137,metal
Y,Sb,cubic,4.204,4.204,4.204,90.0,90.0,90.0,14.857999999999999,0.0,metal
Y,Sc,orthorhombic,5.43,5.721,7.901,90.0,90.0,90.0,12.270999999999999,0.0,insulator
Y,Si,cubic,3.686,3.686,3.686,90.0,90.0,90.0,10.014,0.0,metal
Y,Sm,cubic,4.386,4.386,4.386,90.0,90.0,90.0,16.879,0.0,insulator
Y,Sn,cubic,4.102,4.102,4.102,90.0,90.0,90.0,13.8,0.002,metal
Y,Sr,orthorhombic,5.812,5.853,9.786,90.0,90.0,90.0,16.643,0.2,metal
Y,Ta,cubic,4.005,4.005,4.005,90.0,90.0,90.0,12.847999999999999,0.001,metal
Y,Tb,cubic,4.291,4.291,4.291,90.0,90.0,90.0,15.798,0.0,insulator
Y,Tc,cubic,3.934,3.934,3.934,90.0,90.0,90.0,12.18,0.321,metal
Y,Te,cubic,4.233,4.233,4.233,90.0,90.0,90.0,15.173,0.01,metal
Y,Th,cubic,4.554,4.554,4.554,90.0,90.0,90.0,18.885,0.152,metal
Y,Ti,orthorhombic,5.309,5.676,7.645,90.0,90.0,90.0,11.517999999999999,0.2,metal
Y,Tl,orthorhombic,5.576,5.93,8.549,90.0,90.0,90.0,14.133,0.0,insulator
Y,Tm,cubic,4.192,4.192,4.192,90.0,90.0,90.0,14.729000000000001,0.0,insulator
Y,U,cubic,4.374,4.374,4.374,90.0,90.0,90.0,16.738,0.566,metal
Y,V,orthorhombic,5.313,5.703,7.605,90.0,90.0,90.0,11.520999999999999,0.4,insulator
Y,W,cubic,3.962,3.962,3.962,90.0,90.0,90.0,12.44,0.001,metal
Y,Y,cubic,4.264,4.264,4.264,90.0,90.0,90.0,15.51,0.0,insulator
Y,Yb,cubic,4.102,4.102,4.102,90.0,90.0,90.0,13.809000000000001,-0.158,metal
Y,Zn,orthorhombic,5.255,5.777,7.461,90.0,90.0,90.0,11.325999999999999,0.0,metal
Y,Zr,cubic,4.126,4.126,4.126,90.0,90.0,90.0,14.046,0.0,metal
Yb,Ac,cubic,4.588,4.588,4.588,90.0,90.0,90.0,19.317999999999998,0.071,metal
Yb,Ag,orthorhombic,5.42,5.804,7.605,90.0,90.0,90.0,11.962,,metal
Yb,Al,cubic,3.674,3.674,3.674,90.0,90.0,90.0,9.918,,metal
Yb,As,orthorhombic,5.322,5.518,7.625,90.0,90.0,90.0,11.197000000000001,,metal
Yb,Au,orthorhombic,5.46,5.898,7.513,90.0,90.0,90.0,12.095999999999998,,metal
Yb,B,cubic,3.394,3.394,3.394,90.0,90.0,90.0,7.821000000000001,,metal
Yb,Ba,orthorhombic,6.361,6.426,8.18,90.0,90.0,90.0,16.717,,insulator
Yb,Be,orthorhombic,4.674,5.217,7.032,90.0,90.0,90.0,8.574,,metal
Yb,Bi,orthorhombic,5.683,5.989,8.256,90.0,90.0,90.0,14.050999999999998,,metal
Yb,Ca,cubic,4.184,4.184,4.184,90.0,90.0,90.0,14.652999999999999,,metal
Yb,Cd,cubic,4.056,4.056,4.056,90.0,90.0,90.0,13.347000000000001,,metal
Yb,Ce,cubic,4.484,4.484,4.484,90.0,90.0,90.0,18.026,0.2,metal
Yb,Cr,orthorhombic,5.191,5.406,7.389,90.0,90.0,90.0,10.367,0.4,insulator
Yb,Cs,cubic,4.455,4.455,4.455,90.0,90.0,90.0,17.683,,metal
Yb,Cu,orthorhombic,5.178,5.302,7.368,90.0,90.0,90.0,10.113,,metal
Yb,Dy,cubic,4.257,4.257,4.257,90.0,90.0,90.0,15.427,0.199,metal
Yb,Er,cubic,4.214,4.214,4.214,90.0,90.0,90.0,14.966,0.2,metal
Yb,Eu,cubic,4.172,4.172,4.172,90.0,90.0,90.0,14.520999999999999,0.001,metal
Yb,Fe,orthorhombic,5.221,5.341,7.429,90.0,90.0,90.0,10.36,0.799,metal
Yb,Ga,orthorhombic,5.21,5.548,7.485,90.0,90.0,90.0,10.817,,metal
Yb,Gd,cubic,4.302,4.302,4.302,90.0,90.0,90.0,15.92,0.2,metal
Yb,Ge,orthorhombic,5.201,5.289,7.404,90.0,90.0,90.0,10.184,,insulator
Yb,Hf,orthorhombic,5.481,5.69,7.881,90.0,90.0,90.0,12.29,0.0,insulator
Yb,Hg,cubic,4.112,4.112,4.112,90.0,90.0,90.0,13.902999999999999,,metal
Yb,Ho,cubic,4.232,4.232,4.232,90.0,90.0,90.0,15.159,0.2,metal
Yb,In,orthorhombic,5.696,5.973,7.488,90.0,90.0,90.0,12.735999999999999,,metal
Yb,Ir,orthorhombic,5.168,5.7,7.55,90.0,90.0,90.0,11.119000000000002,0.048,metal
Yb,K,cubic,4.189,4.189,4.189,90.0,90.0,90.0,14.7,,metal
Yb,La,cubic,4.446,4.446,4.446,90.0,90.0,90.0,17.574,0.189,metal
Yb,Li,cubic,3.608,3.608,3.608,90.0,90.0,90.0,9.394,,metal
Yb,Lu,orthorhombic,5.745,5.968,7.674,90.0,90.0,90.0,13.155,0.2,metal
Yb,Mg,orthorhombic,3.944,6.76,8.278,90.0,90.0,90.0,11.036,,metal
Yb,Mn,orthorhombic,5.193,5.322,7.398,90.0,90.0,90.0,10.224,0.6,insulator
Yb,Mo,orthorhombic,5.329,5.605,7.685,90.0,90.0,90.0,11.478,0.072,metal
Yb,Na,orthorhombic,5.879,6.219,7.21,90.0,90.0,90.0,13.181,,metal
Yb,Nb,orthorhombic,5.432,5.661,7.826,90.0,90.0,90.0,12.034,0.003,metal
Yb,Nd,cubic,4.403,4.403,4.403,90.0,90.0,90.0,17.07,0.2,metal
Yb,Ni,orthorhombic,5.126,5.319,7.323,90.0,90.0,90.0,9.982000000000001,0.0,metal
Yb,Np,cubic,4.363,4.363,4.363,90.0,90.0,90.0,16.614,0.6,metal
Yb,Os,orthorhombic,5.182,5.655,7.574,90.0,90.0,90.0,11.095999999999998,0.167,metal
Yb,Pa,orthorhombic,5.85,6.086,8.497,90.0,90.0,90.0,15.125,0.2,insulator
Yb,Pb,orthorhombic,5.613,5.889,8.125,90.0,90.0,90.0,13.427999999999999,,insulator
Yb,Pd,orthorhombic,5.239,5.65,7.579,90.0,90.0,90.0,11.217,,insulator
Yb,Pm,cubic,4.366,4.366,4.366,90.0,90.0,90.0,16.645,0.2,metal
Yb,Pr,cubic,4.44,4.44,4.44,90.0,90.0,90.0,17.502,0.2,metal
Yb,Pt,orthorhombic,5.227,5.704,7.593,90.0,90.0,90.0,11.319,0.001,insulator
Yb,Pu,orthorhombic,5.729,5.981,8.327,90.0,90.0,90.0,14.265,0.8,insulator
Yb,Rb,cubic,4.259,4.259,4.259,90.0,90.0,90.0,15.449000000000002,,metal
Yb,Re,orthorhombic,5.266,5.624,7.62,90.0,90.0,90.0,11.283,-0.007,metal
Yb,Ru,orthorhombic,5.232,5.586,7.569,90.0,90.0,90.0,11.06,0.346,metal
Yb,Sb,orthorhombic,5.543,5.83,8.016,90.0,90.0,90.0,12.953,,metal
Yb,Sc,orthorhombic,5.524,5.757,7.662,90.0,90.0,90.0,12.182,0.2,metal
Yb,Si,rhombohedral,4.996,4.996,4.996,60.3,60.3,60.3,8.867,,insulator
Yb,Sm,cubic,4.35,4.35,4.35,90.0,90.0,90.0,16.464000000000002,0.2,metal
Yb,Sn,orthorhombic,5.456,5.677,7.858,90.0,90.0,90.0,12.17,,insulator
Yb,Sr,cubic,4.367,4.367,4.367,90.0,90.0,90.0,16.658,,metal
Yb,Ta,orthorhombic,5.41,5.639,7.798,90.0,90.0,90.0,11.895,0.002,metal
Yb,Tb,cubic,4.281,4.281,4.281,90.0,90.0,90.0,15.695,0.2,metal
Yb,Tc,orthorhombic,5.261,5.592,7.615,90.0,90.0,90.0,11.202,0.326,metal
Yb,Te,orthorhombic,5.596,5.928,8.103,90.0,90.0,90.0,13.44,,insulator
Yb,Th,cubic,4.541,4.541,4.541,90.0,90.0,90.0,18.729,0.0,insulator
Yb,Ti,orthorhombic,5.298,5.449,7.566,90.0,90.0,90.0,10.921,0.0,insulator
Yb,Tl,orthorhombic,5.603,5.994,8.038,90.0,90.0,90.0,13.495999999999999,,metal
Yb,Tm,cubic,4.191,4.191,4.191,90.0,90.0,90.0,14.722000000000001,0.2,metal
Yb,U,cubic,4.383,4.383,4.383,90.0,90.0,90.0,16.839000000000002,0.346,metal
Yb,V,orthorhombic,5.228,5.407,7.49,90.0,90.0,90.0,10.585,0.2,insulator
Yb,W,orthorhombic,5.326,5.633,7.703,90.0,90.0,90.0,11.555,0.042,metal
Yb,Y,cubic,4.267,4.267,4.267,90.0,90.0,90.0,15.535,0.2,metal
Yb,Yb,cubic,4.086,4.086,4.086,90.0,90.0,90.0,13.648,,metal
Yb,Zn,orthorhombic,5.258,5.541,7.447,90.0,90.0,90.0,10.847999999999999,,metal
Yb,Zr,orthorhombic,5.525,5.756,7.958,90.0,90.0,90.0,12.652000000000001,0.0,insulator
Zn,Ac,orthorhombic,5.779,6.011,8.703,90.0,90.0,90.0,15.115,0.2,metal
Zn,Ag,cubic,3.97,3.97,3.97,90.0,90.0,90.0,12.512,,metal
Zn,Al,cubic,3.642,3.642,3.642,90.0,90.0,90.0,9.662,,metal
Zn,As,cubic,3.764,3.764,3.764,90.0,90.0,90.0,10.665,,metal
Zn,Au,cubic,4.0,4.0,4.0,90.0,90.0,90.0,12.799000000000001,,metal
Zn,B,cubic,3.341,3.341,3.341,90.0,90.0,90.0,7.457000000000001,,metal
Zn,Ba,orthorhombic,6.108,6.555,8.065,90.0,90.0,90.0,16.147000000000002,,insulator
Zn,Be,cubic,3.445,3.445,3.445,90.0,90.0,90.0,8.176,,metal
Zn,Ca,orthorhombic,5.807,5.954,7.171,90.0,90.0,90.0,12.398,,insulator
Zn,Cd,cubic,4.054,4.054,4.054,90.0,90.0,90.0,13.325999999999999,,metal
Zn,Ce,orthorhombic,5.515,5.978,8.697,90.0,90.0,90.0,14.337,0.2,insulator
Zn,Co,cubic,3.665,3.665,3.665,90.0,90.0,90.0,9.843,0.501,metal
Zn,Cr,cubic,3.733,3.733,3.733,90.0,90.0,90.0,10.405,0.398,metal
Zn,Cs,cubic,4.39,4.39,4.39,90.0,90.0,90.0,16.919,,metal
Zn,Cu,cubic,3.68,3.68,3.68,90.0,90.0,90.0,9.967,,metal
Zn,Dy,cubic,4.273,4.273,4.273,90.0,90.0,90.0,15.600999999999999,-0.219,metal
Zn,Er,cubic,4.241,4.241,4.241,90.0,90.0,90.0,15.258,-0.214,metal
Zn,Eu,orthorhombic,5.884,6.038,7.287,90.0,90.0,90.0,12.944,0.0,insulator
Zn,Fe,cubic,3.718,3.718,3.718,90.0,90.0,90.0,10.280999999999999,0.798,metal
Zn,Ga,cubic,3.779,3.779,3.779,90.0,90.0,90.0,10.793,,metal
Zn,Gd,cubic,4.324,4.324,4.324,90.0,90.0,90.0,16.173,-0.225,metal
Zn,Ge,cubic,3.69,3.69,3.69,90.0,90.0,90.0,10.047,,metal
Zn,Hf,cubic,4.048,4.048,4.048,90.0,90.0,90.0,13.270999999999999,0.0,metal
Zn,Hg,cubic,4.104,4.104,4.104,90.0,90.0,90.0,13.822000000000001,,metal
Zn,Ho,cubic,4.254,4.254,4.254,90.0,90.0,90.0,15.4,-0.005,metal
Zn,In,cubic,4.072,4.072,4.072,90.0,90.0,90.0,13.507,,metal
Zn,Ir,cubic,3.879,3.879,3.879,90.0,90.0,90.0,11.674000000000001,0.037,metal
Zn,K,cubic,4.199,4.199,4.199,90.0,90.0,90.0,14.808,,metal
Zn,La,orthorhombic,5.439,5.977,8.759,90.0,90.0,90.0,14.238,0.2,insulator
Zn,Li,cubic,3.547,3.547,3.547,90.0,90.0,90.0,8.923,,metal
Zn,Lu,cubic,4.182,4.182,4.182,90.0,90.0,90.0,14.623,-0.207,metal
Zn,Mg,cubic,3.804,3.804,3.804,90.0,90.0,90.0,11.011,,metal
Zn,Mn,cubic,3.707,3.707,3.707,90.0,90.0,90.0,10.19,0.632,metal
Zn,Mo,orthorhombic,5.262,5.266,7.728,90.0,90.0,90.0,10.706,0.4,metal
Zn,Na,cubic,3.943,3.943,3.943,90.0,90.0,90.0,12.26,,metal
Zn,Nd,orthorhombic,5.458,5.847,8.694,90.0,90.0,90.0,13.873,0.2,insulator
Zn,Ni,cubic,3.662,3.662,3.662,90.0,90.0,90.0,9.823,-0.004,metal
Zn,Np,cubic,4.274,4.274,4.274,90.0,90.0,90.0,15.615,0.391,metal
Zn,Os,cubic,3.868,3.868,3.868,90.0,90.0,90.0,11.573,0.027,metal
Zn,Pa,rhombohedral,6.136,6.136,6.136,55.6,55.6,55.6,14.663,0.2,insulator
Zn,Pb,rhombohedral,5.778,5.778,5.778,57.3,57.3,57.3,12.800999999999998,,insulator
Zn,Pd,cubic,3.894,3.894,3.894,90.0,90.0,90.0,11.812999999999999,,metal
Zn,Pm,orthorhombic,5.494,5.734,8.386,90.0,90.0,90.0,13.210999999999999,0.2,metal
Zn,Pr,orthorhombic,5.493,5.873,8.743,90.0,90.0,90.0,14.103,0.2,insulator
Zn,Pt,cubic,3.926,3.926,3.926,90.0,90.0,90.0,12.099,0.087,metal
Zn,Pu,cubic,4.291,4.291,4.291,90.0,90.0,90.0,15.805,0.685,metal
Zn,Rb,cubic,4.241,4.241,4.241,90.0,90.0,90.0,15.259,,metal
Zn,Re,rhombohedral,5.145,5.145,5.145,63.5,63.5,63.5,10.38,0.0,metal
Zn,Rh,cubic,3.868,3.868,3.868,90.0,90.0,90.0,11.575999999999999,0.258,metal
Zn,Ru,cubic,3.853,3.853,3.853,90.0,90.0,90.0,11.437999999999999,0.159,metal
Zn,Sb,cubic,3.982,3.982,3.982,90.0,90.0,90.0,12.630999999999998,,metal
Zn,Sc,cubic,4.011,4.011,4.011,90.0,90.0,90.0,12.907,0.001,metal
Zn,Si,cubic,3.511,3.511,3.511,90.0,90.0,90.0,8.655,,metal
Zn,Sm,orthorhombic,5.451,5.759,8.59,90.0,90.0,90.0,13.484000000000002,0.2,insulator
Zn,Sn,cubic,3.996,3.996,3.996,90.0,90.0,90.0,12.764000000000001,,metal
Zn,Sr,orthorhombic,5.974,6.23,7.585,90.0,90.0,90.0,14.115,,insulator
Zn,Tb,cubic,4.296,4.296,4.296,90.0,90.0,90.0,15.857999999999999,-0.215,metal
Zn,Tc,cubic,3.862,3.862,3.862,90.0,90.0,90.0,11.524000000000001,-0.001,metal
Zn,Te,cubic,4.074,4.074,4.074,90.0,90.0,90.0,13.527000000000001,,metal
Zn,Th,cubic,4.513,4.513,4.513,90.0,90.0,90.0,18.387999999999998,-0.105,metal
Zn,Ti,cubic,3.827,3.827,3.827,90.0,90.0,90.0,11.208,0.0,metal
Zn,Tl,cubic,4.153,4.153,4.153,90.0,90.0,90.0,14.328,,metal
Zn,Tm,cubic,4.213,4.213,4.213,90.0,90.0,90.0,14.955,0.005,metal
Zn,U,cubic,4.306,4.306,4.306,90.0,90.0,90.0,15.963,0.114,metal
Zn,V,cubic,3.75,3.75,3.75,90.0,90.0,90.0,10.546,-0.164,metal
Zn,W,rhombohedral,5.18,5.18,5.18,63.6,63.6,63.6,10.607999999999999,0.003,metal
Zn,Y,cubic,4.296,4.296,4.296,90.0,90.0,90.0,15.857000000000001,0.216,metal
Zn,Yb,orthorhombic,5.776,5.878,7.058,90.0,90.0,90.0,11.982000000000001,,insulator
Zn,Zn,cubic,3.779,3.779,3.779,90.0,90.0,90.0,10.790999999999999,,metal
Zn,Zr,cubic,4.108,4.108,4.108,90.0,90.0,90.0,13.86,0.001,metal
Zr,Ac,orthorhombic,6.077,6.412,8.241,90.0,90.0,90.0,16.054000000000002,0.0,metal
Zr,Ag,orthorhombic,5.175,5.471,9.063,90.0,90.0,90.0,12.831,0.0,metal
Zr,Al,orthorhombic,5.16,5.36,7.202,90.0,90.0,90.0,9.959,0.199,metal
Zr,As,cubic,3.945,3.945,3.945,90.0,90.0,90.0,12.280999999999999,0.267,metal
Zr,Au,cubic,4.07,4.07,4.07,90.0,90.0,90.0,13.488,0.164,metal
Zr,B,cubic,3.419,3.419,3.419,90.0,90.0,90.0,7.996,0.0,metal
Zr,Ba,orthorhombic,6.082,6.18,9.958,90.0,90.0,90.0,18.714000000000002,0.0,insulator
Zr,Be,cubic,3.44,3.44,3.44,90.0,90.0,90.0,8.145,0.0,insulator
Zr,Bi,cubic,4.318,4.318,4.318,90.0,90.0,90.0,16.102999999999998,0.341,metal
Zr,Cd,cubic,4.076,4.076,4.076,90.0,90.0,90.0,13.548,0.021,metal
Zr,Ce,orthorhombic,6.08,6.21,7.892,90.0,90.0,90.0,14.898,0.0,metal
Zr,Co,cubic,3.655,3.655,3.655,90.0,90.0,90.0,9.764,-0.116,metal
Zr,Cr,cubic,3.78,3.78,3.78,90.0,90.0,90.0,10.805,0.502,metal
Zr,Cs,cubic,4.491,4.491,4.491,90.0,90.0,90.0,18.113,0.313,metal
Zr,Cu,cubic,3.698,3.698,3.698,90.0,90.0,90.0,10.115,0.0,metal
Zr,Dy,cubic,4.243,4.243,4.243,90.0,90.0,90.0,15.28,0.2,metal
Zr,Er,cubic,4.196,4.196,4.196,90.0,90.0,90.0,14.777000000000001,0.199,metal
Zr,Eu,orthorhombic,5.803,5.904,8.466,90.0,90.0,90.0,14.504000000000001,0.0,insulator
Zr,Fe,cubic,3.791,3.791,3.791,90.0,90.0,90.0,10.898,0.866,metal
Zr,Ga,cubic,3.769,3.769,3.769,90.0,90.0,90.0,10.708,0.008,metal
Zr,Gd,cubic,4.298,4.298,4.298,90.0,90.0,90.0,15.882,0.199,metal
Zr,Ge,cubic,3.818,3.818,3.818,90.0,90.0,90.0,11.129000000000001,0.272,metal
Zr,Hf,cubic,4.061,4.061,4.061,90.0,90.0,90.0,13.395999999999999,0.389,metal
Zr,Hg,cubic,4.166,4.166,4.166,90.0,90.0,90.0,14.463,0.186,metal
Zr,Ho,cubic,4.219,4.219,4.219,90.0,90.0,90.0,15.017999999999999,0.2,metal
Zr,Ir,cubic,3.92,3.92,3.92,90.0,90.0,90.0,12.049000000000001,0.01,metal
Zr,K,orthorhombic,6.463,6.889,7.249,90.0,90.0,90.0,16.137,0.2,insulator
Zr,La,orthorhombic,6.013,6.179,8.004,90.0,90.0,90.0,14.87,0.0,metal
Zr,Li,cubic,3.504,3.504,3.504,90.0,90.0,90.0,8.605,0.2,metal
Zr,Lu,cubic,4.128,4.128,4.128,90.0,90.0,90.0,14.065,0.193,metal
Zr,Mg,cubic,3.705,3.705,3.705,90.0,90.0,90.0,10.17,0.0,insulator
Zr,Mn,cubic,3.796,3.796,3.796,90.0,90.0,90.0,10.942,0.718,metal
Zr,Mo,cubic,3.927,3.927,3.927,90.0,90.0,90.0,12.107000000000001,0.283,metal
Zr,Na,orthorhombic,5.23,5.344,9.525,90.0,90.0,90.0,13.311,0.052,metal
Zr,Nb,cubic,4.006,4.006,4.006,90.0,90.0,90.0,12.860999999999999,0.337,metal
Zr,Nd,cubic,4.436,4.436,4.436,90.0,90.0,90.0,17.463,0.2,metal
Zr,Ni,cubic,3.684,3.684,3.684,90.0,90.0,90.0,9.999,0.34,metal
Zr,Np,orthorhombic,6.1,6.171,7.512,90.0,90.0,90.0,14.138,0.858,metal
Zr,Os,cubic,3.9,3.9,3.9,90.0,90.0,90.0,11.866,0.012,metal
Zr,Pa,cubic,4.382,4.382,4.382,90.0,90.0,90.0,16.831,0.591,metal
Zr,Pd,cubic,3.931,3.931,3.931,90.0,90.0,90.0,12.151,0.011,metal
Zr,Pm,cubic,4.39,4.39,4.39,90.0,90.0,90.0,16.92,0.2,metal
Zr,Pr,orthorhombic,6.054,6.148,7.859,90.0,90.0,90.0,14.625,0.0,metal
Zr,Pt,cubic,3.989,3.989,3.989,90.0,90.0,90.0,12.697000000000001,0.087,metal
Zr,Pu,cubic,4.333,4.333,4.333,90.0,90.0,90.0,16.274,1.2,metal
Zr,Rb,orthorhombic,6.546,7.221,7.247,90.0,90.0,90.0,17.128,0.2,insulator
Zr,Re,cubic,3.912,3.912,3.912,90.0,90.0,90.0,11.975999999999999,0.209,metal
Zr,Rh,cubic,3.887,3.887,3.887,90.0,90.0,90.0,11.744000000000002,0.001,metal
Zr,Ru,cubic,3.874,3.874,3.874,90.0,90.0,90.0,11.625,0.0,metal
Zr,Sb,cubic,4.144,4.144,4.144,90.0,90.0,90.0,14.235,0.389,metal
Zr,Sc,cubic,3.955,3.955,3.955,90.0,90.0,90.0,12.372,0.14,metal
Zr,Si,cubic,3.628,3.628,3.628,90.0,90.0,90.0,9.55,0.247,metal
Zr,Sm,cubic,4.368,4.368,4.368,90.0,90.0,90.0,16.665,0.2,metal
Zr,Sn,orthorhombic,5.909,6.048,8.446,90.0,90.0,90.0,15.092,0.0,insulator
Zr,Sr,orthorhombic,5.87,5.966,9.123,90.0,90.0,90.0,15.972000000000001,0.0,insulator
Zr,Ta,cubic,3.988,3.988,3.988,90.0,90.0,90.0,12.683,0.369,metal
Zr,Tb,cubic,4.27,4.27,4.27,90.0,90.0,90.0,15.572000000000001,0.2,metal
Zr,Tc,cubic,3.888,3.888,3.888,90.0,90.0,90.0,11.751,0.131,metal
Zr,Te,cubic,4.2,4.2,4.2,90.0,90.0,90.0,14.822000000000001,0.382,metal
Zr,Th,cubic,4.536,4.536,4.536,90.0,90.0,90.0,18.669,0.398,metal
Zr,Ti,cubic,3.84,3.84,3.84,90.0,90.0,90.0,11.325,0.178,metal
Zr,Tl,orthorhombic,6.066,6.094,8.007,90.0,90.0,90.0,14.796,0.001,metal
Zr,Tm,cubic,4.169,4.169,4.169,90.0,90.0,90.0,14.495999999999999,0.2,metal
Zr,U,orthorhombic,6.103,6.358,7.481,90.0,90.0,90.0,14.514000000000001,0.644,metal
Zr,V,cubic,3.814,3.814,3.814,90.0,90.0,90.0,11.093,0.543,metal
Zr,W,cubic,3.936,3.936,3.936,90.0,90.0,90.0,12.2,0.339,metal
Zr,Y,cubic,4.243,4.243,4.243,90.0,90.0,90.0,15.277000000000001,0.2,metal
Zr,Yb,orthorhombic,5.558,5.726,8.254,90.0,90.0,90.0,13.136,0.0,insulator
Zr,Zn,cubic,3.78,3.78,3.78,90.0,90.0,90.0,10.804,0.001,metal
Zr,Zr,cubic,4.113,4.113,4.113,90.0,90.0,90.0,13.915,0.382,metal
