atomic_number_feat_1,atomic_number_feat_2,atomic_number_feat_3,atomic_number_feat_4,atomic_weight_feat_1,atomic_weight_feat_2,atomic_weight_feat_3,atomic_weight_feat_4,period_number_feat_1,period_number_feat_2,period_number_feat_3,period_number_feat_4,group_number_feat_1,group_number_feat_2,group_number_feat_3,group_number_feat_4,family_number_feat_1,family_number_feat_2,family_number_feat_3,family_number_feat_4,Mendeleev_number_feat_1,Mendeleev_number_feat_2,Mendeleev_number_feat_3,Mendeleev_number_feat_4,bulk_modulus
123.5,221,13,78,306.1107695,558.258461,26.981539,195.08,10.5,15,3,6,21.5,17,10,13,8.5,7,4,5,131.0,116,63,73,225.230460942406
45.5,9,25,41,101.39124,16.96972,54.93805,92.90638,6.5,3,4,5,9.5,9,5,7,6.0,4,4,4,75.5,57,47,52,232.696340370289
44.0,56,8,72,105.2444,146.4912,15.9994,178.49,5.0,2,2,6,18.0,28,4,16,9.0,10,4,7,109.5,129,45,87,204.573432614044
82.5,9,29,78,192.859,4.44200000000001,63.546,195.08,9.0,6,4,6,21.5,23,10,11,8.0,8,4,4,127.5,129,63,64,159.312639978477
57.0,42,12,78,133.9975,122.165,24.305,195.08,7.5,3,3,6,8.0,4,2,10,5.0,2,2,4,133.5,141,63,68,69.6375648566487
80.0,120,20,28,166.7725,253.389,40.078,58.6934,12.0,16,4,4,26.0,48,2,10,11.0,18,2,4,156.0,298,7,61,124.962171247142
137.5,193,41,78,339.07319,492.33362,92.90638,195.08,11.5,13,5,6,17.5,25,5,10,8.0,8,4,4,118.0,142,47,63,249.902917972133
58.0,52,16,28,120.1061,111.9482,32.066,58.6934,9.0,6,3,4,31.0,2,10,16,13.0,2,4,7,179.5,7,61,88,126.939454423978
38.0,26,25,51,88.349025,66.82195,54.93805,121.76,4.5,1,4,5,11.0,8,7,15,5.0,2,4,6,68.5,33,52,85,53.6577153027449
38.5,23,27,50,88.8216,59.7768,58.9332,118.71,4.5,1,4,5,11.5,5,9,14,4.5,1,4,5,69.0,22,58,80,126.541875744005
11.0,10,3,16,22.974,18.184,6.941,32.066,3.5,1,2,3,9.0,14,1,16,4.5,5,1,7,45.0,86,1,88,40.0761235379479
7.0,2,3,8,14.9407,2.1174,6.941,15.9994,3.0,2,2,2,9.0,14,1,16,4.5,5,1,7,44.5,85,1,87,78.130294793542
19.0,24,7,31,41.86487,55.71626,14.00674,69.723,3.0,2,2,4,14.0,2,13,15,6.0,2,5,7,78.0,8,74,82,171.712878201481
10.0,6,7,13,20.4941395,12.974799,14.00674,26.981539,2.5,1,2,3,14.0,2,13,15,6.0,2,5,7,77.5,9,73,82,194.405488958016
52.0,80,12,46,118.5725,188.535,24.305,106.42,6.5,7,3,5,11.0,18,2,10,5.0,6,2,4,96.0,56,62,68,114.960905124931
24.0,42,3,45,54.92325,95.9645,6.941,102.9055,3.5,3,2,5,5.0,8,1,9,2.5,3,1,4,30.0,58,1,59,108.094799726808
15.5,23,4,27,33.97269,49.92102,9.01218,58.9332,3.0,2,2,4,5.5,7,2,9,3.0,2,2,4,62.5,9,58,67,195.110143585562
50.0,74,13,29,108.8097695,163.656461,26.981539,63.546,7.5,9,3,4,23.0,20,11,13,8.5,7,4,5,132.5,119,64,73,130.547092814645
199.0,242,78,80,498.72,607.28,195.08,200.59,15.0,18,6,6,29.0,38,10,12,10.0,12,4,4,173.5,221,63,71,59.0480077327183
70.0,16,31,78,167.263,55.634,69.723,195.08,7.0,2,4,6,18.0,16,10,13,7.0,6,4,5,105.5,85,63,74,113.662207245725
50.0,4,48,52,120.0055,15.189,112.411,127.6,5.0,0,5,5,14.0,4,12,16,5.0,2,4,6,80.0,20,70,90,35.0067819879051
22.0,4,12,20,44.344,8.532,24.305,40.078,5.0,2,3,4,3.0,2,2,2,3.0,2,2,2,71.5,129,7,68,29.9680588066106
37.0,26,12,50,83.66,70.1,24.305,118.71,5.5,1,3,5,9.0,10,2,14,4.5,1,2,5,108.0,56,68,80,40.7644534002882
86.0,116,28,72,207.8367,298.2866,58.6934,178.49,8.0,8,4,6,9.0,2,4,10,6.0,4,4,4,75.5,29,45,61,129.672122507625
64.0,76,26,51,149.6835,187.673,55.847,121.76,7.0,6,4,5,19.0,22,8,15,8.0,8,4,6,112.5,115,55,85,86.811629604597
89.5,97,41,46,206.08319,226.35362,92.90638,106.42,10.0,10,5,5,17.5,25,5,10,8.0,8,4,4,116.5,139,47,62,200.077213526226
66.5,35,28,49,145.4491,61.2622,58.6934,114.818,8.5,7,4,5,21.5,17,10,13,8.5,7,4,5,129.0,108,61,75,146.954263995433
32.0,38,13,51,74.3707695,94.778461,26.981539,121.76,4.0,2,3,5,14.0,2,13,15,5.5,1,5,6,79.0,12,73,85,49.2031808060912
25.0,2,8,13,50.980639,5.96487800000001,15.9994,26.981539,6.0,0,2,3,37.0,22,13,16,15.5,11,5,7,203.5,115,73,87,231.877180232161
90.0,126,27,51,212.1066,306.3468,58.9332,121.76,9.5,11,4,5,27.0,36,9,15,11.0,14,4,6,156.5,197,58,85,82.9344480642584
86.5,73,41,50,198.71457,160.00914,92.90638,118.71,10.0,10,5,5,14.5,1,5,14,8.5,7,4,5,110.5,61,47,80,164.245901517077
78.0,0,26,78,181.3105,27.539,55.847,195.08,9.0,6,4,6,17.0,14,8,10,8.0,8,4,4,114.0,102,55,63,180.231692804205
32.0,32,16,48,72.2385,80.345,32.066,112.411,4.0,2,3,5,14.0,4,12,16,5.5,3,4,7,79.0,18,70,88,53.3122685866718
24.0,8,14,20,48.1245,16.093,28.0855,40.078,5.0,2,3,4,15.0,26,2,14,7.0,10,2,6,81.5,149,7,78,59.6830510040633
24.5,33,8,41,54.45289,76.90698,15.9994,92.90638,3.5,3,2,5,10.5,11,5,16,5.5,3,4,7,67.0,40,47,87,243.450403313771
36.0,24,4,24,80.07113,56.15006,9.01218,51.9961,14.0,20,2,4,15.0,18,2,6,14.0,20,2,4,426.5,755,49,67,128.063905084663
19.0,24,7,31,41.86487,55.71626,14.00674,69.723,3.0,2,2,4,14.0,2,13,15,6.0,2,5,7,78.0,8,74,82,209.303669585186
63.0,22,26,74,147.767,72.146,55.847,183.84,7.0,2,4,6,11.0,10,6,8,6.0,4,4,4,80.5,59,51,55,259.411488335009
20.0,8,8,24,41.99745,19.9973,15.9994,51.9961,4.0,0,2,4,19.0,26,6,16,9.0,10,4,7,111.5,125,49,87,196.620985326233
24.0,8,14,20,48.1245,16.093,28.0855,40.078,5.0,2,3,4,15.0,26,2,14,7.0,10,2,6,81.5,149,7,78,60.0568178829785
8.0,2,3,7,17.41487,6.81626,6.941,14.00674,4.0,4,2,2,9.0,12,1,15,5.0,4,1,7,42.5,79,1,82,51.7329841704056
18.0,20,8,28,37.3464,42.694,15.9994,58.6934,3.0,2,2,4,13.0,6,10,16,5.5,3,4,7,74.0,26,61,87,181.289899900778
41.0,24,29,53,95.225235,63.35847,63.546,126.90447,4.5,1,4,5,14.0,6,11,17,6.0,4,4,8,80.0,32,64,96,35.7105575213009
89.0,38,12,14,179.58625,78.3175,24.305,28.0855,21.0,12,3,3,44.0,52,2,14,24.0,12,2,6,501.0,222,68,78,58.64439546741
10.0,10,5,15,20.892381,20.162762,10.811,30.973762,2.5,1,2,3,14.0,2,13,15,6.5,1,6,7,77.5,11,72,83,160.518114169707
55.0,46,8,26,115.7693,103.5434,15.9994,55.847,10.0,4,2,4,44.0,40,8,16,20.0,16,4,7,256.5,183,55,87,176.088406191039
66.0,76,28,52,156.9467,196.5066,58.6934,127.6,7.0,6,4,5,21.0,22,10,16,8.0,8,4,6,120.5,119,61,90,48.9530618670908
17.5,19,8,27,37.4663,42.9338,15.9994,58.9332,3.0,2,2,4,12.5,7,9,16,5.5,3,4,7,72.5,29,58,87,129.360416408653
32.0,40,12,52,75.9525,103.295,24.305,127.6,4.0,2,3,5,9.0,14,2,16,4.0,4,2,6,79.0,22,68,90,32.6450102512778
10.0,4,8,12,20.1522,8.3056,15.9994,24.305,2.5,1,2,3,9.0,14,2,16,4.5,5,2,7,77.5,19,68,87,151.497434070215
32.0,32,16,48,72.2385,80.345,32.066,112.411,4.0,2,3,5,14.0,4,12,16,5.5,3,4,7,79.0,18,70,88,52.9104324644543
57.5,29,43,72,138.1986,80.5828,97.9072,178.49,5.5,1,5,6,5.5,3,4,7,4.0,0,4,4,49.0,8,45,53,191.943100430717
29.0,6,26,32,64.2285,16.763,55.847,72.61,4.0,0,4,4,11.0,6,8,14,5.0,2,4,6,67.0,24,55,79,152.621167746432
45.0,58,16,37,101.5008,138.8696,32.066,85.4678,6.5,7,3,5,9.0,14,1,16,4.5,5,1,7,48.0,80,4,88,15.1494008814888
42.0,20,32,52,100.105,54.99,72.61,127.6,4.5,1,4,5,15.0,2,14,16,6.0,0,6,6,84.5,11,79,90,31.0036093795988
8.5,11,3,14,17.51325,21.1445,6.941,28.0855,2.5,1,2,3,7.5,13,1,14,3.5,5,1,6,39.5,77,1,78,52.043810625043
74.0,4,24,76,173.10915,34.2417,51.9961,190.23,9.0,6,4,6,13.0,10,6,8,8.0,8,4,4,102.0,90,49,57,281.865560335257
74.5,5,24,77,174.10415,36.2317,51.9961,192.22,9.0,6,4,6,13.5,9,6,9,8.0,8,4,4,103.5,87,49,60,275.796276667649
16.5,27,3,30,36.1655,58.449,6.941,65.39,3.0,2,2,4,6.5,11,1,12,2.5,3,1,4,35.0,68,1,69,42.3567461302491
102.0,48,42,78,241.45,92.74,95.94,195.08,10.5,9,5,6,14.0,8,6,10,8.0,8,4,4,106.5,87,50,63,266.029101500792
37.5,13,31,44,85.3965,31.347,69.723,101.07,4.5,1,4,5,10.5,5,8,13,4.5,1,4,5,65.0,18,56,74,200.968744595393
50.0,6,47,53,117.386335,19.03627,107.8682,126.90447,5.0,0,5,5,14.0,6,11,17,6.0,4,4,8,80.5,31,65,96,26.770281630008
50.0,6,47,53,117.386335,19.03627,107.8682,126.90447,5.0,0,5,5,14.0,6,11,17,6.0,4,4,8,80.5,31,65,96,25.1152460561844
16.5,9,12,21,34.630455,20.65091,24.305,44.95591,3.5,1,3,4,2.5,1,2,3,2.5,1,2,3,39.5,57,11,68,48.4187362079979
50.0,6,47,53,117.386335,19.03627,107.8682,126.90447,5.0,0,5,5,14.0,6,11,17,6.0,4,4,8,80.5,31,65,96,31.7078080888723
50.0,4,48,52,120.0055,15.189,112.411,127.6,5.0,0,5,5,14.0,4,12,16,5.0,2,4,6,80.0,20,70,90,35.3086379876066
33.0,38,14,26,69.88975,83.6085,28.0855,55.847,5.5,5,3,4,15.0,2,8,14,7.0,2,4,6,94.0,32,55,78,236.527823471565
23.5,11,9,29,50.771403,25.549194,18.998403,63.546,4.0,0,2,4,22.5,23,11,17,10.0,12,4,8,125.0,122,64,93,58.6468729211567
6.0,4,4,8,12.50579,6.98722,9.01218,15.9994,2.0,0,2,2,9.0,14,2,16,4.5,5,2,7,77.0,20,67,87,208.349306645884
38.5,21,28,49,86.7557,56.1246,58.6934,114.818,4.5,1,4,5,11.5,3,10,13,4.5,1,4,5,68.0,14,61,75,103.137996890761
6.0,2,5,7,12.40887,3.19574,10.811,14.00674,2.0,0,2,2,14.0,2,13,15,6.5,1,6,7,77.0,10,72,82,373.241361931398
6.0,2,5,7,12.40887,3.19574,10.811,14.00674,2.0,0,2,2,14.0,2,13,15,6.5,1,6,7,77.0,10,72,82,102.717241386921
30.0,8,26,34,67.4035,23.113,55.847,78.96,4.0,0,4,4,12.0,8,8,16,5.5,3,4,7,72.0,34,55,89,19.3226648713635
14.0,12,8,20,28.0387,24.0786,15.9994,40.078,3.0,2,2,4,9.0,14,2,16,4.5,5,2,7,47.0,80,7,87,105.007058215414
74.5,37,28,31,163.2779,91.7822,58.6934,69.723,10.0,4,4,4,29.5,19,10,13,11.5,7,4,5,172.0,100,61,74,122.864342409206
33.0,50,8,29,71.5457,111.0926,15.9994,63.546,5.0,6,2,4,19.0,6,11,16,7.5,1,4,7,107.5,41,64,87,111.567765924453
16.5,19,7,26,34.92687,41.84026,14.00674,55.847,3.0,2,2,4,11.5,7,8,15,5.5,3,4,7,68.5,27,55,82,266.998117278301
51.0,54,12,78,121.845,146.47,24.305,195.08,6.0,0,3,6,7.0,6,2,10,4.0,0,2,4,99.5,73,63,68,72.726595597066
121.5,217,13,46,279.5407695,505.118461,26.981539,106.42,14.0,22,3,5,31.5,37,10,13,12.5,15,4,5,191.5,237,62,73,161.610983561419
83.5,83,14,25,179.473375,190.43375,28.0855,54.93805,14.5,11,3,4,38.5,7,7,14,19.0,2,4,6,247.0,26,52,78,148.060235626166
69.0,66,12,51,158.2175,170.605,24.305,121.76,9.5,1,3,5,18.0,24,2,15,9.0,6,2,6,187.0,34,68,85,42.2081897287261
41.0,24,29,53,95.225235,63.35847,63.546,126.90447,4.5,1,4,5,14.0,6,11,17,6.0,4,4,8,80.0,32,64,96,38.6287173815752
47.0,42,26,34,106.8835,102.073,55.847,78.96,6.0,4,4,4,20.0,24,8,16,9.0,10,4,7,116.5,123,55,89,117.612827615322
63.0,74,26,50,146.6335,181.573,55.847,118.71,7.0,6,4,5,18.0,20,8,14,7.0,6,4,5,107.5,105,55,80,79.900277808743
63.5,73,27,50,148.1766,178.4868,58.9332,118.71,7.0,6,4,5,18.5,19,9,14,7.0,6,4,5,109.0,102,58,80,101.174684885484
61.5,61,31,46,141.2815,143.117,69.723,106.42,7.0,6,4,5,16.5,7,10,13,6.5,3,4,5,99.0,50,62,74,149.496430554918
123.5,221,13,78,306.1107695,558.258461,26.981539,195.08,10.5,15,3,6,21.5,17,10,13,8.5,7,4,5,131.0,116,63,73,217.883329265865
40.0,40,20,30,85.429,90.702,40.078,65.39,6.0,4,4,4,13.0,22,2,12,5.0,6,2,4,72.5,131,7,69,47.7536617460071
19.0,2,9,20,39.037403,2.081194,18.998403,40.078,4.0,0,2,4,18.0,32,2,17,9.0,14,2,8,96.5,179,7,93,76.5455908868272
280.0,160,50,72,683.645,417.61,118.71,178.49,25.0,10,5,6,38.0,36,4,14,20.0,0,4,5,272.5,95,45,80,111.699964018947
119.5,55,46,49,278.647,131.614,106.42,114.818,12.5,5,5,5,29.5,19,10,13,11.5,7,4,5,174.5,101,62,75,88.7141991129505
43.0,22,27,32,95.2382,45.2564,58.9332,72.61,6.0,4,4,4,16.0,4,9,14,7.0,2,4,6,97.5,37,58,79,199.602404254468
26.5,47,3,50,62.8255,111.769,6.941,118.71,3.5,3,2,5,7.5,13,1,14,3.0,4,1,5,40.5,79,1,80,36.3650636091754
54.5,59,25,28,115.509125,121.14215,54.93805,58.6934,8.0,8,4,4,18.5,23,7,10,8.0,8,4,4,117.5,131,52,61,174.080055784001
46.0,66,13,79,111.9740395,169.985001,26.981539,196.96654,4.5,3,3,6,12.0,2,11,13,4.5,1,4,5,69.5,7,66,73,104.070119520102
48.0,88,4,46,110.92609,203.82782,9.01218,106.42,6.0,8,2,5,11.0,18,2,10,5.0,6,2,4,95.5,57,62,67,166.355184796734
87.0,72,41,51,200.23957,156.95914,92.90638,121.76,10.0,10,5,5,15.0,0,5,15,9.0,6,4,6,113.0,56,47,85,173.943284265363
29.5,3,28,31,64.2082,11.0296,58.6934,69.723,4.0,0,4,4,11.5,3,10,13,4.5,1,4,5,67.5,13,61,74,152.850978491726
34.5,13,14,41,74.53869,36.73538,28.0855,92.90638,5.5,1,3,5,16.5,23,5,14,8.0,8,4,6,101.5,109,47,78,174.634873583796
42.5,71,7,26,90.77387,153.53426,14.00674,55.847,7.0,10,2,4,19.5,9,8,15,9.5,5,4,7,123.5,83,55,82,206.65345883488
67.0,22,56,78,166.2035,57.753,137.327,195.08,6.0,0,6,6,6.0,8,2,10,3.0,2,2,4,36.0,54,9,63,49.5373176079015
214.5,351,13,78,528.1723085,894.455383,26.981539,195.08,19.5,21,3,6,44.5,11,10,13,17.5,5,4,5,267.0,96,63,73,198.824169354902
75.0,126,12,46,171.7825,294.955,24.305,106.42,9.0,12,3,5,16.0,28,2,10,7.0,10,2,4,127.0,118,62,68,139.742897056786
57.0,46,34,80,139.775,121.63,78.96,200.59,5.0,2,4,6,14.0,4,12,16,5.5,3,4,7,80.0,18,71,89,41.1736877206645
29.5,45,7,26,62.85037,97.68726,14.00674,55.847,5.0,6,2,4,15.5,1,8,15,7.5,1,4,7,96.0,28,55,82,243.806431615266
40.0,24,28,52,93.1467,68.9066,58.6934,127.6,4.5,1,4,5,13.0,6,10,16,5.0,2,4,6,75.5,29,61,90,100.542167363321
94.0,32,55,78,230.44543,70.73086,132.90543,195.08,9.0,6,6,6,6.0,8,1,10,3.0,2,1,4,36.5,53,5,63,12.0162432029309
62.0,52,12,44,137.5275,129.225,24.305,101.07,9.5,1,3,5,11.0,10,2,8,7.0,2,2,4,158.0,92,56,68,107.49309280395
78.0,44,50,56,187.3735,100.093,118.71,137.327,8.0,4,5,6,15.0,26,2,14,6.0,8,2,5,84.5,151,9,80,32.7624027091771
27.5,41,7,24,58.99947,89.98546,14.00674,51.9961,5.0,6,2,4,13.5,3,6,15,7.5,1,4,7,90.0,16,49,82,285.059700493297
58.0,76,20,48,132.45,184.744,40.078,112.411,7.0,6,4,5,13.0,22,2,12,5.0,6,2,4,73.5,133,7,70,40.2890635650478
51.5,53,25,78,125.009025,140.14195,54.93805,195.08,5.0,2,4,6,8.5,3,7,10,4.0,0,4,4,57.5,11,52,63,167.798743183824
18.0,4,16,20,36.072,8.012,32.066,40.078,3.5,1,3,4,9.0,14,2,16,4.5,5,2,7,47.5,81,7,88,57.065004268387
17.0,18,8,26,35.9232,39.8476,15.9994,55.847,3.0,2,2,4,12.0,8,8,16,5.5,3,4,7,71.0,32,55,87,180.33514890638
31.0,6,28,34,68.8267,20.2666,58.6934,78.96,4.0,0,4,4,13.0,6,10,16,5.5,3,4,7,75.0,28,61,89,119.028284135044
96.0,32,56,80,237.622,74.064,137.327,200.59,9.0,6,6,6,8.0,8,2,12,4.0,0,2,4,44.5,53,9,71,15.7328970040192
14.0,4,12,16,28.1855,7.761,24.305,32.066,3.0,0,3,3,9.0,14,2,16,4.5,5,2,7,78.0,20,68,88,74.4385630761738
78.0,12,42,72,185.185,13.39,95.94,178.49,8.0,4,5,6,8.0,8,4,6,6.0,4,4,4,72.5,55,45,50,199.930878474328
36.0,40,16,56,84.6965,105.261,32.066,137.327,4.5,3,3,6,9.0,14,2,16,4.5,5,2,7,48.5,79,9,88,41.3901908058397
58.0,92,12,52,139.7525,230.895,24.305,127.6,6.5,7,3,5,17.0,30,2,16,7.0,10,2,6,124.0,112,68,90,37.7474592040147
91.0,134,8,79,220.96564,345.93488,15.9994,196.96654,9.0,6,2,6,35.0,26,11,16,14.5,13,4,7,196.5,129,66,87,81.3289365672533
68.5,109,14,41,153.40232,250.63364,28.0855,92.90638,9.0,12,3,5,14.5,1,5,14,9.0,6,4,6,109.5,63,47,78,184.160468683051
43.0,58,14,24,92.0369,127.9028,28.0855,51.9961,7.5,9,3,4,16.0,4,6,14,9.0,6,4,6,112.5,69,49,78,248.581925601029
161.0,198,31,52,388.723,498.554,69.723,127.6,16.5,17,4,5,53.0,54,13,16,20.0,20,5,6,299.0,302,74,90,14.4348563747307
88.0,22,33,77,208.492385,32.54477,74.92159,192.22,9.0,6,4,6,27.0,36,9,15,11.0,14,4,6,156.0,192,60,84,129.511832499077
72.0,54,33,45,163.835135,121.85927,74.92159,102.9055,8.5,7,4,5,27.0,36,9,15,11.0,14,4,6,155.5,193,59,84,116.057172467748
29.5,1,15,29,62.746762,1.598476,30.973762,63.546,5.0,2,3,4,20.5,19,11,15,9.0,10,4,7,115.0,102,64,83,89.2640866078936
11.5,3,5,13,24.3017695,5.359539,10.811,26.981539,3.5,1,2,3,19.5,13,13,13,8.5,7,5,6,108.5,71,72,73,184.748874885091
20.0,14,9,13,41.988374,30.01367,18.998403,26.981539,4.5,3,2,3,32.0,38,13,17,14.5,19,5,8,176.0,206,73,93,45.112069516579
20.0,12,14,26,41.96625,27.7615,28.0855,55.847,3.5,1,3,4,11.0,6,8,14,5.0,2,4,6,66.5,23,55,78,211.464913097897
24.0,16,16,32,52.338,40.544,32.066,72.61,3.5,1,3,4,15.0,2,14,16,6.5,1,6,7,83.5,9,79,88,21.5237998525999
27.0,2,14,26,56.009,0.323999999999998,28.0855,55.847,5.0,2,3,4,18.0,20,8,14,8.0,8,4,6,105.5,101,55,78,180.65989622615
47.0,62,16,78,113.573,163.014,32.066,195.08,4.5,3,3,6,13.0,6,10,16,5.5,3,4,7,75.5,25,63,88,132.621021147848
58.0,48,34,82,143.08,128.24,78.96,207.2,5.0,2,4,6,15.0,2,14,16,6.0,2,5,7,85.0,8,81,89,47.1361145925022
49.0,66,16,82,119.633,175.134,32.066,207.2,4.5,3,3,6,15.0,2,14,16,6.0,2,5,7,84.5,7,81,88,51.9569814781255
36.0,48,12,15,74.100024,99.590048,24.305,30.973762,7.5,9,3,3,31.0,58,2,15,15.0,26,2,7,200.0,264,68,83,57.7687446222477
15.0,14,8,11,30.989468,29.980136,15.9994,22.989768,4.0,4,2,3,9.0,14,1,16,4.5,5,1,7,45.5,83,2,87,45.6369616832828
23.0,30,8,19,47.098,62.1972,15.9994,39.0983,5.0,6,2,4,9.0,14,1,16,4.5,5,1,7,46.5,81,3,87,27.1161509143502
20.0,28,3,34,46.421,65.078,6.941,78.96,4.0,0,2,4,9.0,14,1,16,4.5,5,1,7,45.5,87,1,89,33.6945627659761
19.0,10,14,24,40.0408,23.9106,28.0855,51.9961,3.5,1,3,4,10.0,8,6,14,5.0,2,4,6,63.5,29,49,78,187.004052120864
99.0,114,42,78,243.05,294.22,95.94,195.08,8.5,7,5,6,13.0,14,6,10,6.0,4,4,4,88.0,76,50,63,271.531562082122
54.0,2,53,55,129.90495,6.00095999999999,126.90447,132.90543,5.5,1,5,6,9.0,16,1,17,4.5,7,1,8,50.5,91,5,96,7.38338053360912
38.0,16,15,46,84.183762,44.472476,30.973762,106.42,5.5,1,3,5,20.0,20,10,15,9.0,10,4,7,114.0,104,62,83,108.678982195438
71.0,134,4,46,164.13609,310.24782,9.01218,106.42,8.5,13,2,5,16.0,28,2,10,7.0,10,2,4,126.5,119,62,67,161.751650492231
620.5,691,25,46,1419.569275,1630.50145,54.93805,106.42,74.5,61,4,5,143.5,133,7,10,64.0,40,4,4,937.0,730,52,62,142.21598554359
42.5,3,41,44,96.98819,8.16362,92.90638,101.07,5.0,0,5,5,6.5,3,5,8,4.0,0,4,4,51.5,9,47,56,237.166439936088
20.5,11,15,26,43.410381,24.873238,30.973762,55.847,3.5,1,3,4,11.5,7,8,15,5.5,3,4,7,69.0,28,55,83,159.229171214749
76.5,3,25,78,179.947075,30.26585,54.93805,195.08,9.0,6,4,6,15.5,11,7,10,8.0,8,4,4,109.5,93,52,63,89.5270244303361
64.5,75,27,51,151.2266,184.5868,58.9332,121.76,7.0,6,4,5,19.5,21,9,15,8.0,8,4,6,114.0,112,58,85,99.4748020280663
69.0,10,32,74,164.53,38.62,72.61,183.84,7.0,2,4,6,17.0,22,6,14,8.0,8,4,6,104.5,107,51,79,171.796510337509
37.0,38,9,56,87.661903,99.330194,18.998403,137.327,5.0,2,2,6,18.0,32,2,17,9.0,14,2,8,97.5,177,9,93,54.429552167315
43.0,26,30,56,101.3585,71.937,65.39,137.327,5.0,2,4,6,7.0,10,2,12,3.0,2,2,4,39.0,60,9,69,20.6966063164823
17.0,20,7,27,36.46997,44.92646,14.00674,58.9332,3.0,2,2,4,12.0,6,9,15,5.5,3,4,7,70.0,24,58,82,250.758486362014
7.0,2,4,6,15.01768,6.01336,9.01218,12.011,3.0,2,2,2,9.0,10,2,14,5.5,3,2,7,105.5,57,67,77,201.088601423036
23.0,16,15,31,50.348381,38.749238,30.973762,69.723,3.5,1,3,4,14.0,2,13,15,6.0,2,5,7,78.5,9,74,83,76.1868498328168
72.0,12,33,78,172.46159,45.23682,74.92159,195.08,7.0,2,4,6,20.0,20,10,15,8.0,8,4,6,115.5,105,63,84,137.492385884333
63.0,34,46,80,153.505,94.17,106.42,200.59,5.5,1,5,6,11.0,2,10,12,4.0,0,4,4,66.5,9,62,71,115.102122547998
55.0,58,26,28,115.9636,120.2332,55.847,58.6934,8.0,8,4,4,19.0,22,8,10,8.0,8,4,4,119.0,128,55,61,203.108628442257
21.0,16,13,29,45.2637695,36.564461,26.981539,63.546,3.5,1,3,4,12.0,2,11,13,4.5,1,4,5,68.5,9,64,73,112.614961542799
43.0,34,15,26,89.871024,68.048048,30.973762,55.847,8.0,8,3,4,34.0,52,8,15,16.0,24,4,7,193.5,277,55,83,140.589170212785
28.5,25,8,41,62.45259,60.90758,15.9994,92.90638,4.5,1,2,5,18.5,27,5,16,9.0,10,4,7,110.5,127,47,87,235.121839419838
29.0,6,26,32,64.2285,16.763,55.847,72.61,4.0,0,4,4,11.0,6,8,14,5.0,2,4,6,67.0,24,55,79,145.271666062701
127.5,45,21,50,290.454775,131.35045,44.95591,118.71,17.5,5,4,5,28.5,27,3,14,15.0,0,3,5,147.5,185,11,80,72.0124591561219
22.5,9,9,27,48.465003,20.936394,18.998403,58.9332,4.0,0,2,4,21.5,25,9,17,10.0,12,4,8,122.0,128,58,93,99.5169507548004
23.0,20,13,33,50.9515645,47.940051,26.981539,74.92159,3.5,1,3,4,14.0,2,13,15,5.5,1,5,6,78.5,11,73,84,69.7813672077733
54.0,48,15,78,128.513762,133.132476,30.973762,195.08,6.0,0,3,6,20.0,20,10,15,9.0,10,4,7,114.5,103,63,83,176.88639753654
19.0,22,5,8,40.4327,48.8666,10.811,15.9994,7.0,10,2,2,47.0,62,13,16,21.5,29,6,7,259.5,345,72,87,226.997483516584
51.0,46,14,74,120.0055,127.669,28.0855,183.84,6.0,0,3,6,17.0,22,6,14,8.0,8,4,6,103.5,105,51,78,218.479917385296
51.0,46,14,74,120.0055,127.669,28.0855,183.84,6.0,0,3,6,17.0,22,6,14,8.0,8,4,6,103.5,105,51,78,220.927552469024
89.0,30,52,74,219.52,71.36,127.6,183.84,8.0,4,5,6,19.0,26,6,16,8.0,8,4,6,115.5,129,51,90,19.8980879491671
19.5,11,14,25,41.511775,26.85255,28.0855,54.93805,3.5,1,3,4,10.5,7,7,14,5.0,2,4,6,65.0,26,52,78,209.610896011016
67.0,34,28,50,147.3951,57.3702,58.6934,118.71,8.5,7,4,5,22.0,16,10,14,8.5,7,4,5,131.5,103,61,80,164.259798181489
56.0,20,33,46,128.13159,43.42318,74.92159,106.42,6.5,3,4,5,20.0,20,10,15,8.0,8,4,6,115.0,106,62,84,107.09750799368
100.5,45,41,78,236.89957,83.63914,92.90638,195.08,10.5,9,5,6,12.5,5,5,10,8.0,8,4,4,102.0,78,47,63,207.216592234716
49.5,67,8,83,120.489585,176.98157,15.9994,208.98037,5.0,2,2,6,23.5,17,15,16,9.5,9,5,7,130.0,88,86,87,40.7897390771445
24.0,16,8,32,52.3044,40.6112,15.9994,72.61,4.0,0,2,4,23.0,18,14,16,10.0,8,6,7,126.5,95,79,87,37.7285105763131
24.0,8,14,20,48.1245,16.093,28.0855,40.078,5.0,2,3,4,15.0,26,2,14,7.0,10,2,6,81.5,149,7,78,62.5604994436703
81.0,78,14,24,172.1185,175.724,28.0855,51.9961,14.5,11,3,4,36.0,12,6,14,19.0,2,4,6,239.5,11,49,78,223.751324314796
25.0,10,20,30,52.734,25.312,40.078,65.39,4.0,0,4,4,7.0,10,2,12,3.0,2,2,4,38.0,62,7,69,32.2601291580336
94.0,124,32,78,231.385,317.55,72.61,195.08,8.0,8,4,6,17.0,6,10,14,7.0,2,4,6,102.5,47,63,79,177.091205144893
17.0,14,5,8,34.8101,26.3762,10.811,15.9994,5.0,2,2,2,37.0,22,13,16,16.5,9,6,7,202.5,117,72,87,33.178018050539
26.0,40,3,46,60.151,92.538,6.941,106.42,4.5,1,2,5,6.0,8,1,10,3.0,2,1,4,32.0,60,1,62,47.9551573516982
53.5,23,13,42,115.4238475,38.967695,26.981539,95.94,10.0,10,3,5,35.5,59,6,13,14.5,21,4,5,207.5,315,50,73,120.588945038886
25.0,2,8,13,50.980639,5.96487800000001,15.9994,26.981539,6.0,0,2,3,37.0,22,13,16,15.5,11,5,7,203.5,115,73,87,185.652418189586
56.0,72,20,46,126.459,172.762,40.078,106.42,7.0,6,4,5,11.0,18,2,10,5.0,6,2,4,65.5,117,7,62,94.2547243193436
43.0,38,8,31,93.7221,91.4478,15.9994,69.723,7.0,2,2,4,37.0,22,13,16,15.5,11,5,7,204.5,113,74,87,155.360591953274
34.0,40,14,27,72.97595,89.7809,28.0855,58.9332,5.5,5,3,4,16.0,4,9,14,7.0,2,4,6,97.0,38,58,78,225.309425168053
65.5,115,4,41,148.37175,260.69478,9.01218,92.90638,9.5,11,2,5,9.5,11,2,5,8.0,8,2,4,137.5,7,47,67,165.109677230009
61.0,34,13,44,131.479617,60.819234,26.981539,101.07,11.5,13,3,5,43.0,70,8,13,17.0,26,4,5,247.0,382,56,73,111.568969506166
35.5,41,15,28,74.180281,86.413038,30.973762,58.6934,5.5,5,3,4,17.5,5,10,15,7.5,1,4,7,102.5,39,61,83,193.617854845528
44.5,61,14,75,107.14625,158.1215,28.0855,186.207,4.5,3,3,6,10.5,7,7,14,5.0,2,4,6,66.0,24,54,78,246.269737962341
42.5,35,15,25,89.416549,68.956998,30.973762,54.93805,8.0,8,3,4,33.5,53,7,15,16.0,24,4,7,192.0,280,52,83,136.738458825381
31.5,5,29,34,71.253,15.414,63.546,78.96,4.0,0,4,4,13.5,5,11,16,5.5,3,4,7,76.5,25,64,89,65.3606458525798
42.0,20,26,32,92.152,39.084,55.847,72.61,6.0,4,4,4,15.0,2,8,14,7.0,2,4,6,94.5,31,55,79,137.816074787637
39.0,14,16,46,85.276,42.288,32.066,106.42,5.5,1,3,5,21.0,22,10,16,9.0,10,4,7,119.0,114,62,88,22.3776419095217
57.0,22,34,46,132.17,51.5,78.96,106.42,6.5,3,4,5,21.0,22,10,16,9.0,10,4,7,120.0,116,62,89,22.5261401551929
50.0,44,14,72,117.3305,122.319,28.0855,178.49,6.0,0,3,6,16.0,24,4,14,8.0,8,4,6,100.5,111,45,78,131.919118005448
29.5,5,16,27,61.5326,5.19880000000001,32.066,58.9332,5.0,2,3,4,20.5,23,9,16,9.0,10,4,7,117.0,118,58,88,124.282645709177
89.0,22,26,50,202.4805,69.879,55.847,118.71,11.0,2,4,5,26.0,4,8,14,11.0,2,4,5,162.5,5,55,80,105.387390973857
42.5,35,15,25,89.416549,68.956998,30.973762,54.93805,8.0,8,3,4,33.5,53,7,15,16.0,24,4,7,192.0,280,52,83,138.341643720572
20.5,13,14,27,43.50935,30.8477,28.0855,58.9332,3.5,1,3,4,11.5,5,9,14,5.0,2,4,6,68.0,20,58,78,210.506734508862
32.0,0,16,32,68.371,8.47799999999999,32.066,72.61,5.0,2,3,4,23.0,18,14,16,10.0,8,6,7,127.5,97,79,88,21.1007184301137
55.0,26,34,42,126.93,61.98,78.96,95.94,6.5,3,4,5,19.0,26,6,16,9.0,10,4,7,114.0,128,50,89,21.7828893895409
33.0,2,32,34,75.785,6.34999999999999,72.61,78.96,4.0,0,4,4,15.0,2,14,16,6.5,1,6,7,84.0,10,79,89,21.1166705441022
28.5,25,16,41,62.48619,60.84038,32.066,92.90638,4.0,2,3,5,10.5,11,5,16,5.5,3,4,7,67.5,41,47,88,179.821191711339
56.5,45,34,79,137.96327,118.00654,78.96,196.96654,5.0,2,4,6,13.5,5,11,16,5.5,3,4,7,77.5,23,66,89,9.36634157378943
54.5,27,34,41,125.41319,65.01362,78.96,92.90638,6.5,3,4,5,18.5,27,5,16,9.0,10,4,7,112.5,131,47,89,22.2553311524514
255.0,210,50,72,624.29,536.32,118.71,178.49,22.5,15,5,6,31.0,22,4,14,17.5,5,4,5,232.5,15,45,80,113.461782298491
101.0,50,42,76,239.025,97.59,95.94,190.23,10.5,9,5,6,13.0,10,6,8,8.0,8,4,4,103.5,93,50,57,291.944530487526
78.0,12,28,72,177.2851,2.40980000000002,58.6934,178.49,9.0,6,4,6,17.0,26,4,10,8.0,8,4,4,114.0,138,45,61,180.668984944387
61.0,42,8,41,132.90488,105.81576,15.9994,92.90638,10.0,0,2,5,45.0,70,5,16,21.5,27,4,7,264.5,341,47,87,138.719072516221
34.5,39,15,27,74.420081,86.892638,30.973762,58.9332,5.5,5,3,4,16.5,3,9,15,7.5,1,4,7,99.5,33,58,83,228.434264774111
29.5,5,27,32,65.7716,13.6768,58.9332,72.61,4.0,0,4,4,11.5,5,9,14,5.0,2,4,6,68.5,21,58,79,157.336942353628
27.0,26,14,20,54.12075,52.0705,28.0855,40.078,5.5,5,3,4,9.0,10,2,14,5.0,2,2,6,46.0,64,7,78,36.7105040292686
76.5,143,5,74,189.2455,356.869,10.811,183.84,7.0,10,2,6,12.5,1,6,13,7.0,2,4,6,87.0,30,51,72,329.821632405627
161.0,10,52,83,400.38037,35.16074,127.6,208.98037,13.5,3,5,6,39.0,18,15,16,14.0,8,5,6,221.0,98,86,90,15.0108998133585
45.0,38,26,32,100.5335,89.373,55.847,72.61,6.0,4,4,4,18.0,20,8,14,8.0,8,4,6,106.5,103,55,79,120.02911907192
88.0,94,41,45,200.81144,215.81012,92.90638,102.9055,10.0,10,5,5,16.0,22,5,9,8.0,8,4,4,112.0,130,47,59,248.872284368281
79.0,130,14,72,192.53275,328.8945,28.0855,178.49,7.5,9,3,6,11.0,6,4,14,7.0,2,4,6,84.0,12,45,78,141.071623450379
43.5,57,15,72,104.731881,147.516238,30.973762,178.49,4.5,3,3,6,9.5,11,4,15,5.5,3,4,7,64.0,38,45,83,148.478515652712
129.0,210,24,78,318.61805,533.2439,51.9961,195.08,11.0,14,4,6,18.0,24,6,10,8.0,8,4,4,119.0,140,49,63,230.813312239246
65.5,77,27,52,157.0666,196.2668,58.9332,127.6,7.0,6,4,5,20.5,23,9,16,8.0,8,4,6,119.0,122,58,90,84.5958825083646
80.0,128,16,72,194.523,324.914,32.066,178.49,7.5,9,3,6,12.0,8,4,16,7.5,1,4,7,89.0,2,45,88,131.398217140803
21.0,12,15,27,44.953481,27.959438,30.973762,58.9332,3.5,1,3,4,12.0,6,9,15,5.5,3,4,7,70.5,25,58,83,193.33211129562
22.0,12,16,28,45.3797,26.6274,32.066,58.6934,3.5,1,3,4,13.0,6,10,16,5.5,3,4,7,74.5,27,61,88,136.095539074673
54.5,27,34,41,125.41319,65.01362,78.96,92.90638,6.5,3,4,5,18.5,27,5,16,9.0,10,4,7,112.5,131,47,89,22.211435733362
38.5,21,28,49,86.7557,56.1246,58.6934,114.818,4.5,1,4,5,11.5,3,10,13,4.5,1,4,5,68.0,14,61,75,125.653391684569
17.5,19,8,27,37.4663,42.9338,15.9994,58.9332,3.0,2,2,4,12.5,7,9,16,5.5,3,4,7,72.5,29,58,87,129.760347532139
24.5,41,4,45,55.95884,93.89332,9.01218,102.9055,3.5,3,2,5,5.5,7,2,9,3.0,2,2,4,63.0,8,59,67,206.582759461092
47.5,3,46,49,110.619,8.398,106.42,114.818,5.0,0,5,5,11.5,3,10,13,4.5,1,4,5,68.5,13,62,75,110.667510343758
71.0,14,32,78,170.15,49.86,72.61,195.08,7.0,2,4,6,19.0,18,10,14,8.0,8,4,6,110.5,95,63,79,115.414369463723
58.0,30,43,73,139.42755,83.0407,97.9072,180.9479,5.5,1,5,6,6.0,2,5,7,4.0,0,4,4,50.5,5,48,53,254.641370337514
35.0,30,20,50,79.394,78.632,40.078,118.71,4.5,1,4,5,8.0,12,2,14,3.5,3,2,5,43.5,73,7,80,38.0329224804236
43.0,34,15,26,89.871024,68.048048,30.973762,55.847,8.0,8,3,4,34.0,52,8,15,16.0,24,4,7,193.5,277,55,83,139.341501258348
28.5,31,13,44,64.0257695,74.088461,26.981539,101.07,4.0,2,3,5,10.5,5,8,13,4.5,1,4,5,64.5,17,56,73,202.21080770318
44.5,59,15,74,107.406881,152.866238,30.973762,183.84,4.5,3,3,6,10.5,9,6,15,5.5,3,4,7,67.0,32,51,83,221.623062585252
64.5,75,27,51,151.2266,184.5868,58.9332,121.76,7.0,6,4,5,19.5,21,9,15,8.0,8,4,6,114.0,112,58,85,98.297313062005
28.5,25,16,41,62.48619,60.84038,32.066,92.90638,4.0,2,3,5,10.5,11,5,16,5.5,3,4,7,67.5,41,47,88,180.253997518947
39.0,24,27,51,90.3466,62.8268,58.9332,121.76,4.5,1,4,5,12.0,6,9,15,5.0,2,4,6,71.5,27,58,85,136.688730336731
44.0,72,8,80,108.2947,184.5906,15.9994,200.59,4.0,4,2,6,14.0,4,12,16,5.5,3,4,7,79.0,16,71,87,23.570234406519
66.0,12,30,72,154.635,47.71,65.39,178.49,7.0,2,4,6,14.0,20,4,12,6.0,4,4,4,91.5,93,45,69,113.15620294049
38.5,25,26,51,88.8035,65.913,55.847,121.76,4.5,1,4,5,11.5,7,8,15,5.0,2,4,6,70.0,30,55,85,93.5109399543641
65.5,49,30,41,144.53819,103.26362,65.39,92.90638,8.5,7,4,5,20.5,31,5,12,8.0,8,4,4,127.0,160,47,69,118.984497050306
28.5,27,15,42,63.456881,64.966238,30.973762,95.94,4.0,2,3,5,10.5,9,6,15,5.5,3,4,7,66.5,33,50,83,219.459757101361
45.0,6,4,42,102.04308,12.20616,9.01218,95.94,14.5,19,2,5,15.0,18,2,6,14.0,20,2,4,427.0,754,50,67,140.522798747175
55.5,97,7,26,118.69737,209.38126,14.00674,55.847,9.0,14,2,4,23.5,17,8,15,11.5,9,4,7,151.0,138,55,82,193.258945684118
106.0,120,46,83,262.19037,311.54074,106.42,208.98037,8.5,7,5,6,20.0,20,10,15,7.0,6,4,5,117.0,110,62,86,55.0875098268159
110.0,52,28,34,245.9601,139.7598,58.6934,78.96,14.0,4,4,4,47.0,34,10,16,20.0,16,4,7,269.5,173,61,89,90.5785095776885
47.5,41,27,34,108.4266,98.9868,58.9332,78.96,6.0,4,4,4,20.5,23,9,16,9.0,10,4,7,118.0,120,58,89,99.1872936585249
39.0,14,32,46,89.515,33.81,72.61,106.42,4.5,1,4,5,12.0,4,10,14,5.0,2,4,6,70.5,17,62,79,122.716158731652
34.0,44,6,56,80.6745,113.305,12.011,137.327,5.0,2,2,6,15.0,26,2,14,8.0,12,2,7,81.5,145,9,77,39.759693374606
43.0,58,14,72,103.28775,150.4045,28.0855,178.49,4.5,3,3,6,9.0,10,4,14,5.0,2,4,6,61.5,33,45,78,152.65474235592
41.5,73,5,78,102.9455,184.269,10.811,195.08,4.0,4,2,6,11.5,3,10,13,5.0,2,4,6,67.5,9,63,72,261.719873476936
37.5,27,24,51,86.87805,69.7639,51.9961,121.76,4.5,1,4,5,10.5,9,6,15,5.0,2,4,6,67.0,36,49,85,71.653054433344
57.5,53,28,31,122.9016,106.3572,58.6934,69.723,8.0,8,4,4,21.5,17,10,13,8.5,7,4,5,128.5,109,61,74,179.942903733006
61.0,22,50,72,148.6,59.78,118.71,178.49,5.5,1,5,6,9.0,10,4,14,4.5,1,4,5,62.5,35,45,80,102.115645643313
26.5,47,3,50,62.8255,111.769,6.941,118.71,3.5,3,2,5,7.5,13,1,14,3.0,4,1,5,40.5,79,1,80,35.1958113897036
48.5,39,29,34,110.733,94.374,63.546,78.96,6.0,4,4,4,21.5,21,11,16,9.0,10,4,7,121.0,114,64,89,64.3552456430903
29.0,2,15,28,60.320462,3.254124,30.973762,58.6934,5.0,2,3,4,20.0,20,10,15,9.0,10,4,7,113.5,105,61,83,106.132193608692
25.0,40,5,45,56.85825,92.0945,10.811,102.9055,3.5,3,2,5,11.0,4,9,13,5.0,2,4,6,65.5,13,59,72,275.143013527385
88.0,20,49,78,212.358,34.556,114.818,195.08,8.0,4,5,6,18.0,16,10,13,7.0,6,4,5,106.5,87,63,75,94.8548945108724
48.5,19,13,29,104.0183085,46.147383,26.981539,63.546,8.5,1,3,4,30.5,17,11,13,11.5,7,4,5,173.5,91,64,73,102.134361983464
32.0,48,8,56,76.6632,121.3276,15.9994,137.327,4.0,4,2,6,9.0,14,2,16,4.5,5,2,7,48.0,78,9,87,68.3565084635153
32.0,40,12,52,75.9525,103.295,24.305,127.6,4.0,2,3,5,9.0,14,2,16,4.0,4,2,6,79.0,22,68,90,34.534211145612
46.0,64,14,26,97.81325,139.4555,28.0855,55.847,7.5,9,3,4,19.0,10,8,14,9.0,6,4,6,121.5,87,55,78,211.877557420584
14.0,2,13,15,28.9776505,3.992223,26.981539,30.973762,3.0,0,3,3,14.0,2,13,15,6.0,2,5,7,78.0,10,73,83,85.1713689289871
17.0,6,14,20,34.08175,11.9925,28.0855,40.078,3.5,1,3,4,8.0,12,2,14,4.0,4,2,6,42.5,71,7,78,53.2686916924973
81.5,137,13,75,199.6977695,345.432461,26.981539,186.207,7.5,9,3,6,13.5,1,7,13,6.5,3,4,5,90.5,35,54,73,255.096388689655
37.0,42,16,29,79.579,95.026,32.066,63.546,5.5,5,3,4,19.0,6,11,16,7.5,1,4,7,108.0,40,64,88,97.0904207176854
44.5,61,14,25,96.449825,136.72865,28.0855,54.93805,7.5,9,3,4,17.5,7,7,14,9.0,6,4,6,117.0,78,52,78,206.24868753514
33.0,2,32,34,75.785,6.34999999999999,72.61,78.96,4.0,0,4,4,15.0,2,14,16,6.5,1,6,7,84.0,10,79,89,58.1917107020384
23.0,22,12,34,51.6325,54.655,24.305,78.96,3.5,1,3,4,9.0,14,2,16,4.5,5,2,7,78.5,21,68,89,58.8234256759791
42.0,20,32,52,100.105,54.99,72.61,127.6,4.5,1,4,5,15.0,2,14,16,6.0,0,6,6,84.5,11,79,90,47.5726273655984
27.0,2,14,26,56.009,0.323999999999998,28.0855,55.847,5.0,2,3,4,18.0,20,8,14,8.0,8,4,6,105.5,101,55,78,182.642522730665
69.5,113,13,42,157.4007695,260.838461,26.981539,95.94,9.0,12,3,5,15.5,5,6,13,8.5,7,4,5,111.5,77,50,73,224.924474102395
30.5,35,13,24,65.4868695,77.010661,26.981539,51.9961,5.5,5,3,4,12.5,1,6,13,6.5,3,4,5,85.5,25,49,73,186.266925475298
51.0,50,13,76,122.096539,136.266922,26.981539,190.23,6.0,0,3,6,17.0,18,8,13,7.0,6,4,5,101.5,89,57,73,190.911575631917
58.0,38,13,77,136.5823085,111.275383,26.981539,192.22,7.5,3,3,6,24.0,30,9,13,9.5,11,4,5,139.5,159,60,73,150.951154155419
62.5,75,25,50,146.179025,182.48195,54.93805,118.71,7.0,6,4,5,17.5,21,7,14,7.0,6,4,5,106.0,108,52,80,64.1608623102402
36.0,20,13,46,80.191539,52.456922,26.981539,106.42,5.5,1,3,5,18.0,16,10,13,7.0,6,4,5,104.0,84,62,73,112.446751938428
84.5,143,13,78,208.5707695,363.178461,26.981539,195.08,7.5,9,3,6,16.5,7,10,13,6.5,3,4,5,99.5,53,63,73,204.536912476261
29.5,33,13,46,66.7007695,79.438461,26.981539,106.42,4.0,2,3,5,11.5,3,10,13,4.5,1,4,5,67.5,11,62,73,156.423388148221
55.0,46,26,32,120.0755,94.931,55.847,72.61,8.0,8,4,4,19.0,10,8,14,9.0,6,4,6,122.0,86,55,79,177.491335962209
99.0,114,13,42,209.859234,227.838468,26.981539,95.94,20.5,31,3,5,81.0,150,6,13,32.0,56,4,5,463.0,826,50,73,91.4193944598799
29.5,33,13,46,66.7007695,79.438461,26.981539,106.42,4.0,2,3,5,11.5,3,10,13,4.5,1,4,5,67.5,11,62,73,147.90690372998
94.0,112,30,38,207.285,239.33,65.39,87.62,12.5,15,4,5,31.0,58,2,12,11.0,18,2,4,176.5,337,8,69,52.9807525290024
47.0,2,46,48,109.4155,5.991,106.42,112.411,5.0,0,5,5,11.0,2,10,12,4.0,0,4,4,66.0,8,62,70,109.58971537791
59.0,6,31,56,138.3865,2.119,69.723,137.327,7.0,2,4,6,14.0,24,2,13,6.0,8,2,5,78.5,139,9,74,35.2326358479071
13.0,2,4,7,27.52501,0.976939999999999,9.01218,14.00674,5.0,2,2,2,18.0,24,2,15,10.0,8,2,7,182.5,37,67,82,213.652055829087
39.0,26,26,52,91.7235,71.753,55.847,127.6,4.5,1,4,5,12.0,8,8,16,5.0,2,4,6,72.5,35,55,90,20.4182484887669
122.0,88,78,83,306.52037,222.88074,195.08,208.98037,9.0,6,6,6,20.0,20,10,15,7.0,6,4,5,117.5,109,63,86,81.5236876474614
122.0,188,14,72,295.8205,479.299,28.0855,178.49,12.0,12,3,6,20.0,16,4,14,12.0,0,4,6,145.5,21,45,78,144.949580812501
95.0,98,46,72,231.7,250.56,106.42,178.49,8.5,7,5,6,9.0,2,4,10,6.0,4,4,4,76.0,28,45,62,136.801693799233
40.0,32,12,56,92.9685,88.717,24.305,137.327,6.0,0,3,6,3.0,2,2,2,3.0,2,2,2,72.5,127,9,68,21.5892800665818
35.0,20,25,45,78.921775,47.96745,54.93805,102.9055,4.5,1,4,5,8.0,2,7,9,4.0,0,4,4,55.5,7,52,59,182.502247889229
41.0,56,13,23,89.9030195,125.842961,26.981539,50.9415,7.5,9,3,4,14.0,2,5,13,8.5,7,4,5,105.5,65,46,73,159.329994897248
31.0,16,13,23,65.9430585,30.003117,26.981539,50.9415,6.5,5,3,4,22.0,34,5,13,9.5,11,4,5,132.5,173,46,73,120.044061493516
24.5,43,3,46,56.6805,99.479,6.941,106.42,3.5,3,2,5,5.5,9,1,10,2.5,3,1,4,31.5,61,1,62,72.7756280906386
24.5,43,3,46,56.6805,99.479,6.941,106.42,3.5,3,2,5,5.5,9,1,10,2.5,3,1,4,31.5,61,1,62,78.6971473798285
24.5,33,4,41,55.46537,74.88202,9.01218,92.90638,4.5,1,2,5,4.5,1,2,5,4.0,0,2,4,90.5,87,47,67,159.212294395109
16.0,16,4,24,35.01023,33.97174,9.01218,51.9961,4.0,0,2,4,5.0,2,2,6,4.0,0,2,4,91.5,85,49,67,182.771666449768
130.5,207,27,78,322.0866,526.3068,58.9332,195.08,11.0,14,4,6,19.5,21,9,10,8.0,8,4,4,123.5,131,58,63,220.629335071596
19.5,13,13,26,41.4142695,28.865461,26.981539,55.847,3.5,1,3,4,10.5,5,8,13,4.5,1,4,5,64.0,18,55,73,174.590959938742
34.0,28,20,48,76.2445,72.333,40.078,112.411,4.5,1,4,5,7.0,10,2,12,3.0,2,2,4,38.5,63,7,70,30.5152855491966
44.5,63,13,76,108.6057695,163.248461,26.981539,190.23,4.5,3,3,6,10.5,5,8,13,4.5,1,4,5,65.0,16,57,73,236.317898711131
110.0,100,20,80,260.707,280.946,40.078,200.59,12.0,0,4,6,15.0,18,2,12,7.0,2,2,4,81.5,121,7,71,30.3792817166099
82.5,125,20,29,178.904,277.652,40.078,63.546,12.0,16,4,4,28.5,53,2,11,11.0,18,2,4,163.5,313,7,64,91.0817228094479
53.0,10,29,48,119.7515,14.681,63.546,112.411,6.5,3,4,5,17.0,10,11,12,6.0,4,4,4,99.0,58,64,70,100.297062679799
85.0,130,20,30,183.514,286.872,40.078,65.39,12.0,16,4,4,31.0,58,2,12,11.0,18,2,4,176.0,338,7,69,61.2590458657104
45.0,10,20,50,99.433,38.554,40.078,118.71,6.5,3,4,5,9.0,10,2,14,4.5,1,2,5,47.0,66,7,80,28.937096379822
50.0,60,20,80,120.334,160.512,40.078,200.59,5.0,2,4,6,7.0,10,2,12,3.0,2,2,4,39.0,64,7,71,35.0244661788122
88.0,16,48,80,212.706,24.232,112.411,200.59,8.0,4,5,6,18.0,12,12,12,6.0,4,4,4,105.5,69,70,71,37.3512082894778
33.0,26,20,46,73.249,66.342,40.078,106.42,4.5,1,4,5,6.0,8,2,10,3.0,2,2,4,34.5,55,7,62,57.5753079153852
26.0,4,14,24,54.08355,4.1749,28.0855,51.9961,5.0,2,3,4,17.0,22,6,14,8.0,8,4,6,102.5,107,49,78,195.535564151261
45.0,64,13,77,109.6007695,165.238461,26.981539,192.22,4.5,3,3,6,11.0,4,9,13,4.5,1,4,5,66.5,13,60,73,229.30849865937
61.5,39,27,42,136.3698,80.8596,58.9332,95.94,8.5,7,4,5,16.5,21,6,9,8.0,8,4,4,112.0,124,50,58,260.42471572555
102.5,115,45,80,252.04275,298.2745,102.9055,200.59,8.5,7,5,6,16.5,15,9,12,6.0,4,4,4,100.5,83,59,71,87.743420959803
68.5,37,29,50,154.674,71.928,63.546,118.71,8.5,7,4,5,23.5,19,11,14,8.5,7,4,5,136.0,112,64,80,107.733810840105
65.5,53,13,46,146.8923085,131.895383,26.981539,106.42,9.5,1,3,5,29.5,19,10,13,11.5,7,4,5,171.5,95,62,73,128.60157137393
85.0,130,20,50,198.104,316.052,40.078,118.71,9.5,11,4,5,22.0,40,2,14,8.5,13,2,5,123.5,233,7,80,43.3535896032057
27.0,2,26,28,57.2702,2.8464,55.847,58.6934,4.0,0,4,4,9.0,2,8,10,4.0,0,4,4,58.0,6,55,61,186.631297298444
42.0,78,3,81,105.66215,197.4423,6.941,204.3833,4.0,4,2,6,7.0,12,1,13,3.0,4,1,5,38.5,75,1,76,31.4382280957356
27.5,37,3,46,63.6215,85.597,6.941,106.42,5.5,1,2,5,6.5,7,1,10,3.5,1,1,4,32.5,59,1,62,36.9573682408666
132.5,203,31,78,327.4815,515.517,69.723,195.08,11.0,14,4,6,21.5,17,10,13,8.5,7,4,5,131.5,115,63,74,216.624053187484
45.5,65,13,26,97.2612695,140.559461,26.981539,55.847,7.5,9,3,4,18.5,11,8,13,8.5,7,4,5,119.0,92,55,73,175.122469814797
48.5,71,13,28,101.5308695,149.098661,26.981539,58.6934,7.5,9,3,4,21.5,17,10,13,8.5,7,4,5,128.0,110,61,73,179.505900916911
53.5,23,13,42,115.4238475,38.967695,26.981539,95.94,10.0,10,3,5,35.5,59,6,13,14.5,21,4,5,207.5,315,50,73,118.531986433327
151.5,159,72,77,377.575,398.17,178.49,192.22,12.0,12,6,6,15.5,23,4,9,8.0,8,4,4,112.5,135,45,60,275.747287891273
119.0,82,78,80,298.13,206.1,195.08,200.59,9.0,6,6,6,17.0,14,10,12,6.0,4,4,4,102.5,79,63,71,83.4766763658687
61.0,22,25,72,144.18305,68.6139,54.93805,178.49,7.0,2,4,6,9.0,10,4,7,6.0,4,4,4,74.5,59,45,52,192.321949544246
74.0,4,72,76,184.36,11.74,178.49,190.23,6.0,0,6,6,6.0,4,4,8,4.0,0,4,4,51.0,12,45,57,229.230930365356
141.5,185,49,78,350.029,470.422,114.818,195.08,11.5,13,5,6,21.5,17,10,13,8.5,7,4,5,132.0,114,63,75,204.587825375523
52.5,51,27,78,127.0066,136.1468,58.9332,195.08,5.0,2,4,6,9.5,1,9,10,4.0,0,4,4,60.5,5,58,63,215.900120186181
164.5,303,13,79,407.4238495,760.884621,26.981539,196.96654,13.5,21,3,6,28.5,31,11,13,10.5,11,4,5,168.5,191,66,73,126.654957618472
82.0,112,26,46,187.5535,263.413,55.847,106.42,9.5,11,4,5,19.0,22,8,10,8.0,8,4,4,120.5,131,55,62,174.358565414521
274.5,543,3,78,686.2505,1358.619,6.941,195.08,22.0,40,2,6,35.5,69,1,10,14.5,27,1,4,221.0,440,1,63,219.959954295927
88.5,93,42,45,202.32825,212.7765,95.94,102.9055,10.0,10,5,5,16.5,21,6,9,8.0,8,4,4,113.5,127,50,59,268.462764251356
79.5,153,3,78,198.5505,383.219,6.941,195.08,7.0,10,2,6,10.5,19,1,10,4.5,7,1,4,63.5,125,1,63,136.494642612477
28.5,33,12,45,63.60525,78.6005,24.305,102.9055,4.0,2,3,5,5.5,7,2,9,3.0,2,2,4,63.5,9,59,68,114.636512972716
62.5,43,28,41,134.49329,83.17382,58.6934,92.90638,8.5,7,4,5,17.5,25,5,10,8.0,8,4,4,115.0,136,47,61,210.845925744363
142.0,116,28,50,325.4601,298.7598,58.6934,118.71,16.0,8,4,5,43.0,26,10,14,16.0,8,4,5,251.5,137,61,80,98.4378089281014
67.0,34,28,50,147.3951,57.3702,58.6934,118.71,8.5,7,4,5,22.0,16,10,14,8.5,7,4,5,131.5,103,61,80,162.692679151928
99.5,47,41,76,234.47457,88.48914,92.90638,190.23,10.5,9,5,6,11.5,7,5,8,8.0,8,4,4,99.0,84,47,57,223.350793003351
105.0,66,46,72,248.875,140.77,106.42,178.49,10.5,9,5,6,17.0,26,4,10,8.0,8,4,4,115.5,141,45,62,178.516567510452
25.5,9,21,30,55.172955,20.43409,44.95591,65.39,4.0,0,4,4,7.5,9,3,12,3.5,1,3,4,40.0,58,11,69,75.1904306288237
98.5,115,41,78,241.53319,297.25362,92.90638,195.08,8.5,7,5,6,12.5,15,5,10,6.0,4,4,4,86.5,79,47,63,244.360582359336
55.0,46,26,32,120.0755,94.931,55.847,72.61,8.0,8,4,4,19.0,10,8,14,9.0,6,4,6,122.0,86,55,79,168.521574614114
99.5,113,13,43,210.842834,225.871268,26.981539,97.9072,20.5,31,3,5,81.5,149,7,13,32.0,56,4,5,464.5,823,53,73,94.8011786236903
106.0,120,46,83,262.19037,311.54074,106.42,208.98037,8.5,7,5,6,20.0,20,10,15,7.0,6,4,5,117.0,110,62,86,55.068109319276
76.0,32,12,46,167.1825,91.315,24.305,106.42,12.5,5,3,5,15.0,10,2,10,9.0,2,2,4,232.0,216,62,68,61.9073299657548
40.5,9,12,45,87.91025,29.9905,24.305,102.9055,7.0,4,3,5,7.5,3,2,9,5.0,2,2,4,131.5,145,59,68,66.0106581791556
27.5,1,14,27,57.5521,2.7622,28.0855,58.9332,5.0,2,3,4,18.5,19,9,14,8.0,8,4,6,107.0,98,58,78,176.911661370664
36.5,17,15,28,75.807343,34.227886,30.973762,58.6934,6.5,5,3,4,27.5,35,10,15,12.5,17,4,7,155.0,188,61,83,114.652477334404
29.5,33,13,46,66.7007695,79.438461,26.981539,106.42,4.0,2,3,5,11.5,3,10,13,4.5,1,4,5,67.5,11,62,73,150.342877490862
73.5,63,14,21,154.518025,140.52305,28.0855,44.95591,14.5,11,3,4,28.5,27,3,14,16.5,3,3,6,144.5,179,11,78,89.0976829829496
36.0,48,12,30,77.5425,106.475,24.305,65.39,5.5,5,3,4,13.0,22,2,12,5.0,6,2,4,103.0,70,68,69,63.7462075991761
108.5,55,27,34,246.3198,139.0404,58.9332,78.96,14.0,4,4,4,45.5,37,9,16,20.0,16,4,7,265.0,182,58,89,94.9272095504372
78.0,0,26,78,181.3105,27.539,55.847,195.08,9.0,6,4,6,17.0,14,8,10,8.0,8,4,4,114.0,102,55,63,177.325737886197
61.0,26,4,74,145.99308,75.69384,9.01218,183.84,15.0,18,2,6,15.0,18,2,6,14.0,20,2,4,427.5,753,51,67,144.260346055493
47.0,2,4,46,107.28308,1.72616000000001,9.01218,106.42,14.5,19,2,5,17.0,14,2,10,14.0,20,2,4,433.0,742,62,67,124.118870491981
30.5,47,7,27,65.93657,103.85966,14.00674,58.9332,5.0,6,2,4,16.5,3,9,15,7.5,1,4,7,99.0,34,58,82,244.767806255364
25.5,11,20,31,54.9005,29.645,40.078,69.723,4.0,0,4,4,7.5,11,2,13,3.5,3,2,5,40.5,67,7,74,35.4714295616981
70.5,59,41,50,165.16319,144.51362,92.90638,118.71,7.5,5,5,5,16.5,23,5,14,7.0,6,4,5,103.5,113,47,80,96.0166326712598
81.5,113,25,46,187.099025,264.32195,54.93805,106.42,9.5,11,4,5,18.5,23,7,10,8.0,8,4,4,119.0,134,52,62,150.700633246704
125.0,210,20,46,286.089,492.022,40.078,106.42,14.5,21,4,5,26.0,48,2,10,11.0,18,2,4,158.5,303,7,62,113.435880798311
20.5,9,8,25,43.468425,22.93925,15.9994,54.93805,4.0,0,2,4,19.5,25,7,16,9.0,10,4,7,113.0,122,52,87,107.009570970031
108.0,24,8,24,225.98665,67.9877,15.9994,51.9961,22.0,4,2,4,111.0,162,6,16,52.0,64,4,7,644.5,799,49,87,58.9234606115221
28.0,26,15,41,61.940071,61.932618,30.973762,92.90638,4.0,2,3,5,10.0,10,5,15,5.5,3,4,7,65.0,36,47,83,188.328536265438
51.0,2,50,52,123.155,8.89,118.71,127.6,5.0,0,5,5,15.0,2,14,16,5.5,1,5,6,85.0,10,80,90,39.5483426876031
50.0,2,49,51,118.289,6.94200000000001,114.818,121.76,5.0,0,5,5,14.0,2,13,15,5.5,1,5,6,80.0,10,75,85,35.393211856892
204.5,1,41,51,475.78595,22.5081,92.90638,121.76,22.5,5,5,5,42.5,35,5,15,22.0,4,4,6,287.5,105,47,85,97.6602544643696
39.5,21,29,50,91.128,55.164,63.546,118.71,4.5,1,4,5,12.5,3,11,14,4.5,1,4,5,72.0,16,64,80,76.5049886904002
80.0,64,48,56,193.5325,162.243,112.411,137.327,8.5,7,5,6,8.0,8,2,12,4.0,0,2,4,44.0,52,9,70,14.2792004595964
129.5,209,25,78,320.089025,530.30195,54.93805,195.08,11.0,14,4,6,18.5,23,7,10,8.0,8,4,4,120.5,137,52,63,217.203794622591
52.0,52,13,78,124.521539,141.116922,26.981539,195.08,6.0,0,3,6,18.0,16,10,13,7.0,6,4,5,104.5,83,63,73,128.642752248931
76.0,16,28,34,167.0001,18.1602,58.6934,78.96,10.0,4,4,4,31.0,2,10,16,13.0,2,4,7,180.5,5,61,89,105.490920607107
58.0,28,24,44,128.52915,54.9183,51.9961,101.07,8.5,7,4,5,13.0,10,6,8,8.0,8,4,4,101.5,91,49,56,264.372076145852
93.5,89,46,49,217.039,204.442,106.42,114.818,10.0,10,5,5,21.5,17,10,13,8.5,7,4,5,130.5,111,62,75,140.621525091859
41.0,10,12,46,89.6675,33.505,24.305,106.42,7.0,4,3,5,8.0,4,2,10,5.0,2,2,4,133.0,142,62,68,59.4121909467811
34.5,11,20,29,71.851,16.61,40.078,63.546,6.0,4,4,4,7.5,7,2,11,4.0,0,2,4,39.0,50,7,64,24.8023720486747
126.5,53,20,51,282.835,164.89,40.078,121.76,17.5,5,4,5,27.5,35,2,15,14.0,8,2,6,145.0,220,7,85,36.4825683416387
70.5,43,46,49,163.829,98.022,106.42,114.818,7.5,5,5,5,16.5,7,10,13,6.5,3,4,5,99.5,49,62,75,128.124653344175
35.5,19,26,45,79.37625,47.0585,55.847,102.9055,4.5,1,4,5,8.5,1,8,9,4.0,0,4,4,57.0,4,55,59,196.690528486181
30.0,42,3,51,71.2915,100.937,6.941,121.76,5.5,1,2,5,9.0,12,1,15,4.5,3,1,6,44.0,82,1,85,27.7618785824456
63.0,30,48,78,153.7455,82.669,112.411,195.08,5.5,1,5,6,11.0,2,10,12,4.0,0,4,4,66.5,7,63,70,136.797101368265
55.0,54,28,82,132.9467,148.5066,58.6934,207.2,5.0,2,4,6,12.0,4,10,14,4.5,1,4,5,71.0,20,61,81,86.2763494663633
52.5,53,13,79,125.464809,143.003462,26.981539,196.96654,6.0,0,3,6,18.5,15,11,13,7.0,6,4,5,106.0,80,66,73,105.021923382685
52.5,57,12,81,126.49665,155.7733,24.305,204.3833,6.0,0,3,6,8.5,9,2,13,4.5,1,2,5,106.0,60,68,76,33.9452277956405
88.0,136,20,78,215.119,350.082,40.078,195.08,8.0,8,4,6,11.0,18,2,10,5.0,6,2,4,66.5,119,7,63,132.034650439823
34.0,8,30,38,76.505,22.23,65.39,87.62,4.5,1,4,5,7.0,10,2,12,3.0,2,2,4,38.5,61,8,69,24.1877095547139
112.0,80,72,76,279.475,201.97,178.49,190.23,9.0,6,6,6,10.0,12,4,8,6.0,4,4,4,79.5,69,45,57,274.016768777829
81.5,13,4,75,192.23748,12.06096,9.01218,186.207,25.0,38,2,6,25.5,37,2,7,24.0,40,2,4,764.0,1420,54,67,136.65295816229
67.0,62,3,14,139.94525,113.3065,6.941,28.0855,22.5,3,2,3,55.0,86,1,14,27.0,30,1,6,279.0,534,1,78,36.0887724495279
20.5,15,13,28,42.8374695,31.711861,26.981539,58.6934,3.5,1,3,4,11.5,3,10,13,4.5,1,4,5,67.0,12,61,73,161.578572599623
79.5,111,24,45,180.3563,256.7204,51.9961,102.9055,9.5,11,4,5,16.5,21,6,9,8.0,8,4,4,113.0,128,49,59,229.774545323732
29.0,6,16,26,59.9895,8.285,32.066,55.847,5.0,2,3,4,20.0,24,8,16,9.0,10,4,7,115.5,121,55,88,145.947625412843
44.5,7,4,41,100.52627,15.23978,9.01218,92.90638,14.5,19,2,5,14.5,19,2,5,14.0,20,2,4,425.5,757,47,67,133.150356045701
29.0,32,13,45,64.9435195,75.923961,26.981539,102.9055,4.0,2,3,5,11.0,4,9,13,4.5,1,4,5,66.0,14,59,73,195.916057494698
111.0,78,72,75,275.452,193.924,178.49,186.207,9.0,6,6,6,9.0,10,4,7,6.0,4,4,4,76.5,63,45,54,262.211629976285
45.0,0,15,45,97.913393,9.98421399999999,30.973762,102.9055,7.0,4,3,5,27.0,36,9,15,12.5,17,4,7,154.0,190,59,83,150.88484508423
60.5,79,21,50,141.187955,192.46409,44.95591,118.71,7.0,6,4,5,15.5,25,3,14,6.5,7,3,5,85.5,149,11,80,64.0419803298332
54.5,27,34,41,125.41319,65.01362,78.96,92.90638,6.5,3,4,5,18.5,27,5,16,9.0,10,4,7,112.5,131,47,89,24.5974548306921
24.5,7,3,14,52.379,7.584,6.941,28.0855,10.0,8,2,3,17.5,21,1,14,9.5,5,1,6,81.5,149,1,78,32.5878809732095
64.0,28,26,50,143.1255,48.831,55.847,118.71,8.5,7,4,5,19.0,10,8,14,8.5,7,4,5,122.5,85,55,80,118.85855078025
45.5,65,13,78,111.0307695,168.098461,26.981539,195.08,4.5,3,3,6,11.5,3,10,13,4.5,1,4,5,68.0,10,63,73,184.177759973675
61.0,74,8,49,138.8171,181.6378,15.9994,114.818,8.0,4,2,5,37.0,22,13,16,15.5,11,5,7,205.5,111,75,87,145.180446852116
15.5,17,7,24,33.00142,37.98936,14.00674,51.9961,3.0,2,2,4,10.5,9,6,15,5.5,3,4,7,65.5,33,49,82,180.754802984483
60.5,35,13,43,129.898217,63.982034,26.981539,97.9072,11.5,13,3,5,42.5,71,7,13,17.0,26,4,5,245.5,385,53,73,107.279078748885
17.0,26,4,15,35.479852,52.935344,9.01218,30.973762,4.0,4,2,3,16.0,28,2,15,8.0,12,2,7,116.5,99,67,83,89.449141408923
100.0,64,4,44,228.20853,150.00294,9.01218,101.07,24.5,19,2,5,29.0,10,2,8,23.0,22,2,4,653.5,971,56,67,153.494411254335
35.5,25,4,23,79.54383,57.20466,9.01218,50.9415,14.0,20,2,4,14.5,19,2,5,14.0,20,2,4,425.0,758,46,67,129.830189299886
87.0,134,20,77,212.259,344.362,40.078,192.22,8.0,8,4,6,10.0,16,2,9,5.0,6,2,4,63.5,113,7,60,162.746156186811
16.5,25,4,29,36.27909,54.53382,9.01218,63.546,3.0,2,2,4,6.5,9,2,11,3.0,2,2,4,65.5,3,64,67,142.229599608257
41.5,67,4,75,102.11568,168.18264,9.01218,186.207,5.0,2,2,6,5.5,3,2,7,4.0,0,2,4,94.0,80,54,67,242.304358838374
47.5,41,27,34,108.4266,98.9868,58.9332,78.96,6.0,4,4,4,20.5,23,9,16,9.0,10,4,7,118.0,120,58,89,106.02524900661
35.0,18,13,44,77.516539,47.106922,26.981539,101.07,5.5,1,3,5,17.0,18,8,13,7.0,6,4,5,101.0,90,56,73,167.317248160936
43.0,34,15,26,89.871024,68.048048,30.973762,55.847,8.0,8,3,4,34.0,52,8,15,16.0,24,4,7,193.5,277,55,83,137.709068939753
60.0,24,16,72,137.344,82.292,32.066,178.49,7.5,3,3,6,26.0,44,4,16,12.5,17,4,7,154.5,219,45,88,18.6173296720289
71.5,11,33,77,171.03159,42.37682,74.92159,192.22,7.0,2,4,6,19.5,21,9,15,8.0,8,4,6,114.0,108,60,84,152.056044021942
36.5,31,21,52,86.277955,82.64409,44.95591,127.6,4.5,1,4,5,9.5,13,3,16,4.5,3,3,6,50.5,79,11,90,62.823125445677
29.5,5,27,32,65.7716,13.6768,58.9332,72.61,4.0,0,4,4,11.5,5,9,14,5.0,2,4,6,68.5,21,58,79,151.912892363623
104.0,112,48,80,256.7955,288.769,112.411,200.59,8.5,7,5,6,18.0,12,12,12,6.0,4,4,4,106.0,72,70,71,28.21208709746
95.0,142,8,83,232.97947,369.96254,15.9994,208.98037,9.0,6,2,6,39.0,18,15,16,15.5,11,5,7,216.5,89,86,87,54.4868339947597
201.0,318,14,72,488.35325,808.1935,28.0855,178.49,19.5,21,3,6,31.0,22,4,14,19.0,2,4,6,229.5,9,45,78,141.417453735011
46.5,61,8,77,112.1094,160.2212,15.9994,192.22,5.0,2,2,6,20.5,23,9,16,9.0,10,4,7,117.0,114,60,87,270.024271614543
36.0,18,15,27,75.927243,33.988086,30.973762,58.9332,6.5,5,3,4,27.0,36,9,15,12.5,17,4,7,153.5,191,58,83,148.903340018829
287.5,517,29,78,714.553,1302.014,63.546,195.08,23.0,38,4,6,40.5,59,10,11,16.0,24,4,4,252.5,377,63,64,244.765196136634
49.5,3,48,51,117.0855,9.349,112.411,121.76,5.0,0,5,5,13.5,3,12,15,5.0,2,4,6,77.5,15,70,85,38.9969365896939
199.5,321,30,39,436.792925,695.77415,65.39,88.90585,26.5,43,4,5,73.5,141,3,12,25.5,45,3,4,420.0,816,12,69,78.7434188392917
65.0,74,28,51,151.1067,184.8266,58.6934,121.76,7.0,6,4,5,20.0,20,10,15,8.0,8,4,6,115.5,109,61,85,87.5105409490425
75.0,14,4,41,169.50991,32.6057,9.01218,92.90638,22.0,24,2,5,22.0,24,2,5,21.0,26,2,4,616.5,1045,47,67,139.857283685774
85.5,63,13,27,180.3501255,124.967451,26.981539,58.9332,17.5,19,3,4,67.5,99,9,13,26.5,37,4,5,386.5,541,58,73,106.101780396713
47.0,10,13,42,101.933078,11.986156,26.981539,95.94,8.5,7,3,5,29.0,46,6,13,12.0,16,4,5,171.0,242,50,73,111.297992349869
52.0,44,15,74,122.893762,121.892476,30.973762,183.84,6.0,0,3,6,18.0,24,6,15,9.0,10,4,7,108.5,115,51,83,189.096534545336
69.0,36,29,51,156.199,68.878,63.546,121.76,8.5,7,4,5,24.0,18,11,15,9.0,6,4,6,138.5,107,64,85,94.9818565881584
89.5,101,13,28,187.2058085,212.522383,26.981539,58.6934,14.5,11,3,4,44.5,11,10,13,17.5,5,4,5,262.0,86,61,73,167.185870641922
97.5,117,13,78,235.5523085,309.215383,26.981539,195.08,10.5,3,3,6,29.5,19,10,13,11.5,7,4,5,172.5,93,63,73,153.487246838388
77.5,25,13,45,170.3593475,70.903305,26.981539,102.9055,12.5,5,3,5,41.5,47,9,13,16.5,17,4,5,241.5,247,59,73,131.049077516923
19.0,10,12,14,38.34775,20.5245,24.305,28.0855,4.5,3,3,3,9.0,10,2,14,5.0,2,2,6,107.0,58,68,78,52.8552188750856
177.0,306,12,30,383.95,670.68,24.305,65.39,25.0,38,3,4,68.0,128,2,12,24.0,40,2,4,447.5,623,68,69,67.275417911931
115.0,22,13,42,251.836156,71.967688,26.981539,95.94,19.5,9,3,5,61.0,86,6,13,26.0,28,4,5,367.0,434,50,73,141.400351276072
33.5,11,13,28,69.8190085,22.251217,26.981539,58.6934,6.5,5,3,4,24.5,29,10,13,9.5,11,4,5,140.0,158,61,73,113.240867901812
152.5,157,74,77,380.25,392.82,183.84,192.22,12.0,12,6,6,16.5,21,6,9,8.0,8,4,4,115.5,129,51,60,351.265170583006
26.5,29,4,41,59.97146,65.86984,9.01218,92.90638,5.5,1,2,5,5.5,1,2,5,5.0,2,2,4,124.0,154,47,67,154.510907187914
320.5,95,13,46,708.9861595,284.747681,26.981539,106.42,51.5,23,3,5,176.5,193,10,13,68.5,73,4,5,1014.5,1037,62,73,108.603508096221
205.0,370,20,78,507.739,935.322,40.078,195.08,17.0,26,4,6,26.0,48,2,10,11.0,18,2,4,161.0,308,7,63,166.402374314057
39.5,25,27,52,93.2666,68.6668,58.9332,127.6,4.5,1,4,5,12.5,7,9,16,5.0,2,4,6,74.0,32,58,90,110.323962077112
44.0,56,8,72,105.2444,146.4912,15.9994,178.49,5.0,2,2,6,18.0,28,4,16,9.0,10,4,7,109.5,129,45,87,248.006641050947
43.5,25,28,31,93.5549,47.6638,58.6934,69.723,6.0,4,4,4,16.5,7,10,13,6.5,3,4,5,98.0,48,61,74,164.214658353834
18.5,21,4,29,40.78518,45.52164,9.01218,63.546,4.0,0,2,4,7.5,7,2,11,4.0,0,2,4,99.0,70,64,67,136.685688197982
34.5,21,12,45,75.75775,54.2955,24.305,102.9055,5.5,1,3,5,6.5,5,2,9,4.0,0,2,4,97.5,77,59,68,65.498863614784
95.5,113,13,76,230.7023085,299.515383,26.981539,190.23,10.5,3,3,6,27.5,23,8,13,11.5,7,4,5,166.5,105,57,73,203.353890765712
50.5,19,30,41,111.84319,37.87362,65.39,92.90638,6.5,3,4,5,14.5,19,5,12,6.0,4,4,4,92.5,91,47,69,140.673496779476
29.0,2,15,28,60.320462,3.254124,30.973762,58.6934,5.0,2,3,4,20.0,20,10,15,9.0,10,4,7,113.5,105,61,83,144.563154216568
103.5,63,45,72,243.60325,130.2265,102.9055,178.49,10.5,9,5,6,15.5,23,4,9,8.0,8,4,4,111.0,132,45,59,219.049911869267
81.0,70,29,46,180.302,147.764,63.546,106.42,10.5,11,4,5,27.0,34,10,11,10.0,12,4,4,159.0,194,62,64,145.878884985126
220.5,9,45,72,524.99875,20.9425,102.9055,178.49,21.5,7,5,6,28.5,33,4,9,16.0,8,4,4,215.0,160,45,59,194.000994199129
60.5,79,3,50,143.0035,188.833,6.941,118.71,12.0,4,2,5,17.5,21,1,14,8.5,3,1,5,83.5,153,1,80,27.6230989100087
57.5,85,3,50,136.0625,202.715,6.941,118.71,10.0,0,2,5,16.5,23,1,14,7.5,5,1,5,82.5,155,1,80,30.7249434356733
85.5,129,3,50,202.3585,307.543,6.941,118.71,14.5,1,2,5,24.5,35,1,14,11.0,8,1,5,123.5,233,1,80,30.5322989730069
75.0,30,12,45,163.668,84.286,24.305,102.9055,12.5,5,3,5,14.0,8,2,9,9.0,2,2,4,229.0,222,59,68,70.8588610898347
223.0,334,56,78,556.3635,838.073,137.327,195.08,18.0,24,6,6,26.0,48,2,10,11.0,18,2,4,162.0,306,9,63,147.646948898138
58.0,4,30,56,134.0535,6.547,65.39,137.327,7.0,2,4,6,13.0,22,2,12,5.0,6,2,4,73.5,129,9,69,26.9418469081214
84.0,78,41,45,190.81232,175.81364,92.90638,102.9055,10.0,10,5,5,12.0,6,5,9,8.0,8,4,4,100.0,82,47,59,203.723993869968
89.5,97,41,46,206.08319,226.35362,92.90638,106.42,10.0,10,5,5,17.5,25,5,10,8.0,8,4,4,116.5,139,47,62,196.103321966193
93.0,38,28,74,209.3068,50.9336,58.6934,183.84,11.0,10,4,6,23.0,34,6,10,10.0,12,4,4,147.5,193,51,61,234.149514427374
143.0,174,46,56,334.7135,394.773,106.42,137.327,15.5,19,5,6,26.0,48,2,10,11.0,18,2,4,159.5,301,9,62,99.0100812972513
59.5,27,23,73,141.41545,79.0649,50.9415,180.9479,7.0,2,4,6,7.5,5,5,5,6.0,4,4,4,70.0,44,46,48,201.170898361428
63.0,30,4,78,151.61308,86.93384,9.01218,195.08,15.0,18,2,6,17.0,14,2,10,14.0,20,2,4,433.5,741,63,67,132.801112641533
40.5,3,13,42,88.4423085,14.995383,26.981539,95.94,7.0,4,3,5,22.5,33,6,13,9.5,11,4,5,134.5,169,50,73,135.523929077608
77.5,7,27,74,180.3198,7.04040000000001,58.9332,183.84,9.0,6,4,6,16.5,21,6,9,8.0,8,4,4,112.5,123,51,58,279.291033144042
17.0,18,4,26,36.93568,37.82264,9.01218,55.847,4.0,0,2,4,6.0,4,2,8,4.0,0,2,4,94.5,79,55,67,158.357589075767
109.5,63,47,78,259.3423,128.5246,107.8682,195.08,10.5,9,5,6,21.5,23,10,11,8.0,8,4,4,129.0,132,63,65,120.191378772415
206.0,328,14,74,501.72825,834.9435,28.0855,183.84,19.5,21,3,6,36.0,12,6,14,19.0,2,4,6,244.5,21,51,78,267.135743987806
33.5,37,15,26,71.333881,80.720238,30.973762,55.847,5.5,5,3,4,15.5,1,8,15,7.5,1,4,7,96.5,27,55,83,215.625479243506
40.5,75,3,78,101.0105,188.139,6.941,195.08,4.0,4,2,6,5.5,9,1,10,2.5,3,1,4,32.0,62,1,63,114.707017588028
66.5,35,28,49,145.4491,61.2622,58.6934,114.818,8.5,7,4,5,21.5,17,10,13,8.5,7,4,5,129.0,108,61,75,150.158849910155
123.5,163,14,41,274.3942,380.2754,28.0855,92.90638,17.0,16,3,5,33.5,17,5,14,19.0,2,4,6,234.5,1,47,78,185.360003460411
21.0,18,4,15,44.492032,34.910984,9.01218,30.973762,6.0,0,2,3,18.0,24,2,15,10.0,8,2,7,183.5,35,67,83,91.1815524487946
75.5,3,74,77,188.03,8.38,183.84,192.22,6.0,0,6,6,7.5,3,6,9,4.0,0,4,4,55.5,9,51,60,334.192234646894
75.0,6,24,78,175.53415,39.0917,51.9961,195.08,9.0,6,4,6,14.0,8,6,10,8.0,8,4,4,105.0,84,49,63,246.205174896311
54.0,12,15,48,118.153024,11.484048,30.973762,112.411,8.5,7,3,5,36.0,48,12,15,16.0,24,4,7,201.0,262,70,83,55.0515387005958
24.0,2,23,25,52.939775,3.99655,50.9415,54.93805,4.0,0,4,4,6.0,2,5,7,4.0,0,4,4,49.0,6,46,52,242.756144654348
20.0,14,13,27,42.9573695,31.951661,26.981539,58.9332,3.5,1,3,4,11.0,4,9,13,4.5,1,4,5,65.5,15,58,73,178.598091913612
64.0,28,26,50,143.1255,48.831,55.847,118.71,8.5,7,4,5,19.0,10,8,14,8.5,7,4,5,122.5,85,55,80,129.061510529713
35.0,22,12,46,77.515,57.81,24.305,106.42,5.5,1,3,5,7.0,6,2,10,4.0,0,2,4,99.0,74,62,68,69.2599116707266
41.0,38,22,30,89.33,82.9,47.88,65.39,6.0,4,4,4,14.0,20,4,12,6.0,4,4,4,90.5,95,43,69,105.985530142062
47.5,17,3,14,101.2875,22.109,6.941,28.0855,19.0,14,2,3,34.5,43,1,14,18.5,11,1,6,162.5,299,1,78,32.4873256091812
123.5,163,14,41,274.3942,380.2754,28.0855,92.90638,17.0,16,3,5,33.5,17,5,14,19.0,2,4,6,234.5,1,47,78,190.84106607609
55.0,70,20,45,122.9445,165.733,40.078,102.9055,7.0,6,4,5,10.0,16,2,9,5.0,6,2,4,62.5,111,7,59,122.646585058678
121.0,58,23,30,265.358,123.184,50.9415,65.39,18.0,4,4,4,40.0,40,5,12,18.0,4,4,4,264.5,161,46,69,125.047976381524
156.5,209,13,29,339.920078,463.987844,26.981539,63.546,24.0,24,3,4,75.5,47,11,13,28.0,16,4,5,434.0,284,64,73,129.365675809269
59.5,55,29,32,131.624,118.028,63.546,72.61,8.0,8,4,4,23.5,19,11,14,9.0,6,4,6,135.5,113,64,79,122.938149747169
18.5,21,8,29,39.7727,47.5466,15.9994,63.546,3.0,2,2,4,13.5,5,11,16,5.5,3,4,7,75.5,23,64,87,145.51778965898
34.5,9,30,39,77.147925,23.51585,65.39,88.90585,4.5,1,4,5,7.5,9,3,12,3.5,1,3,4,40.5,57,12,69,59.8049608195515
75.0,6,72,78,186.785,16.59,178.49,195.08,6.0,0,6,6,7.0,6,4,10,4.0,0,4,4,54.0,18,45,63,184.791822960692
88.0,32,52,72,216.845,76.71,127.6,178.49,8.0,4,5,6,18.0,28,4,16,8.0,8,4,6,112.5,135,45,90,14.5833076151871
67.5,33,28,51,148.9201,54.3202,58.6934,121.76,8.5,7,4,5,22.5,15,10,15,9.0,6,4,6,134.0,98,61,85,164.583761239553
52.0,44,15,74,122.893762,121.892476,30.973762,183.84,6.0,0,3,6,18.0,24,6,15,9.0,10,4,7,108.5,115,51,83,188.095523666993
153.0,162,72,78,381.865,406.75,178.49,195.08,12.0,12,6,6,17.0,26,4,10,8.0,8,4,4,117.0,144,45,63,232.922829560272
115.5,81,13,75,254.992734,137.571468,26.981539,186.207,21.0,30,3,6,81.5,149,7,13,32.0,56,4,5,465.0,822,54,73,95.8980309992847
25.0,34,4,42,56.98218,77.91564,9.01218,95.94,4.5,1,2,5,5.0,2,2,6,4.0,0,2,4,92.0,84,50,67,198.740295613405
236.5,135,13,76,555.8400035,410.159993,26.981539,190.23,31.5,15,3,6,100.5,137,8,13,40.5,49,4,5,588.5,721,57,73,147.328121635848
41.0,24,29,53,95.225235,63.35847,63.546,126.90447,4.5,1,4,5,14.0,6,11,17,6.0,4,4,8,80.0,32,64,96,8.82664114237162
33.0,26,4,46,75.74045,61.3591,9.01218,106.42,7.5,5,2,5,10.0,0,2,10,7.0,6,2,4,198.5,273,62,67,145.902271775206
85.5,145,13,79,210.4573095,366.951541,26.981539,196.96654,7.5,9,3,6,17.5,9,11,13,6.5,3,4,5,102.5,59,66,73,118.388673252791
66.0,28,52,80,164.095,72.99,127.6,200.59,5.5,1,5,6,14.0,4,12,16,5.0,2,4,6,80.5,19,71,90,36.4331873598428
53.0,50,28,78,126.8867,136.3866,58.6934,195.08,5.0,2,4,6,10.0,0,10,10,4.0,0,4,4,62.0,2,61,63,213.227272545734
22.0,12,8,28,45.3461,26.6946,15.9994,58.6934,4.0,0,2,4,21.0,22,10,16,9.0,10,4,7,117.5,113,61,87,46.7573840408891
41.0,14,34,48,95.6855,33.451,78.96,112.411,4.5,1,4,5,14.0,4,12,16,5.5,3,4,7,79.5,19,70,89,44.8367718317234
76.5,3,13,75,174.048117,24.317766,26.981539,186.207,12.0,12,3,6,42.5,71,7,13,17.0,26,4,5,246.0,384,54,73,112.588410571805
134.5,191,13,46,306.5223085,451.155383,26.981539,106.42,17.0,16,3,5,44.5,11,10,13,17.5,5,4,5,264.5,91,62,73,155.616560164735
448.5,351,13,78,1063.6261595,994.027681,26.981539,195.08,55.5,15,3,6,176.5,193,10,13,68.5,73,4,5,1018.5,1029,63,73,132.900984564041
53.5,49,29,78,129.313,131.534,63.546,195.08,5.0,2,4,6,10.5,1,10,11,4.0,0,4,4,63.5,1,63,64,197.013986469517
41.0,20,31,51,95.7415,52.037,69.723,121.76,4.5,1,4,5,14.0,2,13,15,5.5,1,5,6,79.5,11,74,85,44.6537938327506
107.0,58,26,34,241.6905,148.299,55.847,78.96,14.0,4,4,4,44.0,40,8,16,20.0,16,4,7,260.5,191,55,89,88.3656310030121
313.0,262,26,74,746.9845,712.111,55.847,183.84,32.0,8,4,6,46.0,20,6,8,26.0,4,4,4,345.5,79,51,55,270.478477728385
43.5,3,42,45,99.42275,6.96550000000001,95.94,102.9055,5.0,0,5,5,7.5,3,6,9,4.0,0,4,4,54.5,9,50,59,266.300254527155
23.5,37,5,42,53.3755,85.129,10.811,95.94,3.5,3,2,5,9.5,7,6,13,5.0,2,4,6,61.0,22,50,72,309.379159828614
48.5,39,29,34,110.733,94.374,63.546,78.96,6.0,4,4,4,21.5,21,11,16,9.0,10,4,7,121.0,114,64,89,64.8135111172129
27.5,3,13,29,58.754539,9.582922,26.981539,63.546,5.0,2,3,4,18.5,15,11,13,7.0,6,4,5,105.0,82,64,73,99.3845653006039
38.0,24,26,50,87.2785,62.863,55.847,118.71,4.5,1,4,5,11.0,6,8,14,4.5,1,4,5,67.5,25,55,80,99.9110659227729
87.5,71,41,52,203.15957,151.11914,92.90638,127.6,10.0,10,5,5,15.5,1,5,16,9.0,6,4,6,115.5,51,47,90,168.984227383318
50.5,11,3,14,108.2285,8.227,6.941,28.0855,21.0,18,2,3,35.5,41,1,14,19.5,9,1,6,163.5,297,1,78,29.9529364844192
58.0,28,44,72,139.78,77.42,101.07,178.49,5.5,1,5,6,6.0,4,4,8,4.0,0,4,4,50.5,11,45,56,196.593481646698
44.0,62,13,75,106.5942695,159.225461,26.981539,186.207,4.5,3,3,6,10.0,6,7,13,4.5,1,4,5,63.5,19,54,73,220.399964538856
15.5,15,4,23,34.48293,32.91714,9.01218,50.9415,4.0,0,2,4,4.5,1,2,5,4.0,0,2,4,90.0,88,46,67,160.056870297011
42.5,27,29,56,100.4365,73.781,63.546,137.327,5.0,2,4,6,6.5,9,2,11,3.0,2,2,4,36.5,55,9,64,18.3353194889375
77.0,50,51,52,185.56,115.92,121.76,127.6,7.5,5,5,5,23.0,14,15,16,9.0,6,6,6,130.0,80,85,90,32.342547401344
62.0,60,32,46,142.725,140.23,72.61,106.42,7.0,6,4,5,17.0,6,10,14,7.0,2,4,6,101.5,45,62,79,152.050765197662
53.0,58,12,82,127.905,158.59,24.305,207.2,6.0,0,3,6,9.0,10,2,14,4.5,1,2,5,108.5,55,68,81,35.4270350665717
87.5,25,25,50,201.117075,72.60585,54.93805,118.71,11.0,2,4,5,24.5,7,7,14,11.0,2,4,5,158.0,4,52,80,75.1526204163218
61.5,21,51,72,150.125,56.73,121.76,178.49,5.5,1,5,6,9.5,11,4,15,5.0,2,4,6,65.0,40,45,85,101.011187987543
251.0,458,22,30,547.06,998.36,47.88,65.39,34.0,60,4,4,98.0,188,4,12,34.0,60,4,4,573.5,1061,43,69,78.9472952648634
71.5,61,41,51,168.21319,150.61362,92.90638,121.76,7.5,5,5,5,17.5,25,5,15,8.0,8,4,6,108.5,123,47,85,96.9726516141693
54.0,46,31,77,130.9715,122.497,69.723,192.22,5.0,2,4,6,11.0,4,9,13,4.5,1,4,5,67.0,14,60,74,216.825829285057
55.0,46,32,78,133.845,122.47,72.61,195.08,5.0,2,4,6,12.0,4,10,14,5.0,2,4,6,71.0,16,63,79,142.821923741236
29.5,45,7,26,62.85037,97.68726,14.00674,55.847,5.0,6,2,4,15.5,1,8,15,7.5,1,4,7,96.0,28,55,82,244.295987884235
84.5,143,13,78,208.5707695,363.178461,26.981539,195.08,7.5,9,3,6,16.5,7,10,13,6.5,3,4,5,99.5,53,63,73,206.485205554917
123.0,222,12,78,304.7725,560.935,24.305,195.08,10.5,15,3,6,16.0,28,2,10,7.0,10,2,4,128.5,121,63,68,182.237690059108
58.0,76,20,48,132.45,184.744,40.078,112.411,7.0,6,4,5,13.0,22,2,12,5.0,6,2,4,73.5,133,7,70,34.4266460140825
40.0,40,20,30,85.429,90.702,40.078,65.39,6.0,4,4,4,13.0,22,2,12,5.0,6,2,4,72.5,131,7,69,44.5045860679549
54.5,27,34,41,125.41319,65.01362,78.96,92.90638,6.5,3,4,5,18.5,27,5,16,9.0,10,4,7,112.5,131,47,89,22.6574848389329
48.0,40,28,34,108.3067,99.2266,58.6934,78.96,6.0,4,4,4,21.0,22,10,16,9.0,10,4,7,119.5,117,61,89,77.1713333887655
21.5,11,8,27,45.466,26.9344,15.9994,58.9332,4.0,0,2,4,20.5,23,9,16,9.0,10,4,7,116.0,116,58,87,65.9371867778804
141.0,186,48,78,348.8255,472.829,112.411,195.08,11.5,13,5,6,21.0,18,10,12,8.0,8,4,4,129.5,119,63,70,192.017231865149
36.0,24,8,24,75.9952,55.994,15.9994,51.9961,7.0,2,2,4,30.0,36,6,16,14.5,13,4,7,179.5,163,49,87,203.305089967978
42.0,72,3,78,104.481,181.198,6.941,195.08,5.0,2,2,6,6.0,8,1,10,3.0,2,1,4,32.5,61,1,63,68.0679094294314
40.5,39,21,30,87.867955,85.82409,44.95591,65.39,6.0,4,4,4,13.5,21,3,12,5.5,5,3,4,74.5,127,11,69,81.4061290987832
41.0,12,35,47,93.8861,27.9642,79.904,107.8682,4.5,1,4,5,14.0,6,11,17,6.0,4,4,8,80.0,30,65,95,39.5633255109156
41.0,66,4,74,100.93218,165.81564,9.01218,183.84,5.0,2,2,6,5.0,2,2,6,4.0,0,2,4,92.5,83,51,67,217.996689552408
40.5,23,29,52,95.573,64.054,63.546,127.6,4.5,1,4,5,13.5,5,11,16,5.0,2,4,6,77.0,26,64,90,14.7872156604216
56.5,67,23,30,123.55575,145.2285,50.9415,65.39,8.0,8,4,4,20.5,31,5,12,8.0,8,4,4,126.5,161,46,69,112.623621449122
45.0,30,20,30,92.812,54.844,40.078,65.39,8.0,8,4,4,9.0,6,2,12,5.0,2,2,4,45.0,48,7,69,22.1311852711969
29.0,6,16,26,59.9895,8.285,32.066,55.847,5.0,2,3,4,20.0,24,8,16,9.0,10,4,7,115.5,121,55,88,149.861153759437
42.0,64,5,74,102.731,162.218,10.811,183.84,5.0,2,2,6,16.0,20,6,13,8.0,8,4,6,97.5,93,51,72,321.38847057144
20.5,9,16,25,43.502025,22.87205,32.066,54.93805,3.5,1,3,4,11.5,9,7,16,5.5,3,4,7,70.0,36,52,88,55.9278425830203
28.5,3,15,27,60.440362,3.014324,30.973762,58.9332,5.0,2,3,4,19.5,21,9,15,9.0,10,4,7,112.0,108,58,83,163.175697033017
22.5,13,16,29,47.806,31.48,32.066,63.546,3.5,1,3,4,13.5,5,11,16,5.5,3,4,7,76.0,24,64,88,80.1616398282329
104.5,61,45,74,246.27825,124.8765,102.9055,183.84,10.5,9,5,6,16.5,21,6,9,8.0,8,4,4,114.0,126,51,59,282.955714410353
21.0,10,16,26,43.9565,23.781,32.066,55.847,3.5,1,3,4,12.0,8,8,16,5.5,3,4,7,71.5,33,55,88,29.7660489716056
36.0,20,26,46,81.1335,50.573,55.847,106.42,4.5,1,4,5,9.0,2,8,10,4.0,0,4,4,58.5,7,55,62,162.422104641613
52.0,52,26,78,125.4635,139.233,55.847,195.08,5.0,2,4,6,9.0,2,8,10,4.0,0,4,4,59.0,8,55,63,201.19360602741
52.5,79,13,46,119.9107695,185.858461,26.981539,106.42,6.5,7,3,5,16.5,7,10,13,6.5,3,4,5,98.5,51,62,73,158.027039765703
63.0,78,24,51,147.75805,191.5239,51.9961,121.76,7.0,6,4,5,18.0,24,6,15,8.0,8,4,6,109.5,121,49,85,62.1228736360895
28.5,45,3,51,67.821,107.878,6.941,121.76,4.5,1,2,5,8.5,13,1,15,4.0,4,1,6,43.5,83,1,85,31.9150209505632
75.0,126,12,46,171.7825,294.955,24.305,106.42,9.0,12,3,5,16.0,28,2,10,7.0,10,2,4,127.0,118,62,68,130.031993084997
48.5,87,5,46,111.8255,202.029,10.811,106.42,6.0,8,2,5,16.5,7,10,13,7.0,2,4,6,98.0,52,62,72,178.995864555179
28.0,4,15,26,58.897262,6.100524,30.973762,55.847,5.0,2,3,4,19.0,22,8,15,9.0,10,4,7,110.5,111,55,83,179.990415331748
115.0,82,13,74,253.809234,139.938468,26.981539,183.84,21.0,30,3,6,81.0,150,6,13,32.0,56,4,5,463.5,825,51,73,91.6750655316239
134.0,64,34,83,327.42037,181.08074,78.96,208.98037,12.0,0,4,6,39.0,18,15,16,15.5,11,5,7,219.5,95,86,89,12.5037956548077
62.5,43,28,41,134.49329,83.17382,58.6934,92.90638,8.5,7,4,5,17.5,25,5,10,8.0,8,4,4,115.0,136,47,61,209.481750291965
35.5,21,25,46,80.679025,51.48195,54.93805,106.42,4.5,1,4,5,8.5,3,7,10,4.0,0,4,4,57.0,10,52,62,133.581696966527
133.5,165,51,72,328.615,413.71,121.76,178.49,11.5,13,5,6,13.5,3,4,15,9.0,6,4,6,110.0,50,45,85,114.036655322974
54.5,7,29,51,124.426,5.33199999999999,63.546,121.76,6.5,3,4,5,18.5,7,11,15,7.0,2,4,6,106.5,43,64,85,92.1522363163243
110.0,76,72,74,273.085,189.19,178.49,183.84,9.0,6,6,6,8.0,8,4,6,6.0,4,4,4,73.5,57,45,51,222.882219355503
294.0,432,30,39,644.72085,933.8183,65.39,88.90585,39.0,58,4,5,105.0,198,3,12,37.0,62,3,4,598.5,1149,12,69,80.7290681417373
94.5,111,30,39,207.927925,238.04415,65.39,88.90585,12.5,15,4,5,31.5,57,3,12,11.5,17,3,4,178.5,333,12,69,78.7424952548789
49.0,22,30,38,109.2,43.16,65.39,87.62,6.5,3,4,5,13.0,22,2,12,5.0,6,2,4,73.0,130,8,69,34.8749695304298
86.5,91,41,44,198.05819,210.30362,92.90638,101.07,10.0,10,5,5,14.5,19,5,8,8.0,8,4,4,107.5,121,47,56,270.55596055888
190.5,339,21,30,414.817955,739.72409,44.95591,65.39,26.0,44,4,4,73.5,141,3,12,25.5,45,3,4,419.5,817,11,69,80.8823722005729
20.5,9,16,25,43.502025,22.87205,32.066,54.93805,3.5,1,3,4,11.5,9,7,16,5.5,3,4,7,70.0,36,52,88,60.4044759435223
47.5,17,13,28,99.1657085,36.442183,26.981539,58.6934,8.5,1,3,4,29.5,19,10,13,11.5,7,4,5,170.5,97,61,73,130.382765916096
52.0,8,16,56,116.7625,41.129,32.066,137.327,7.5,3,3,6,25.0,46,2,16,11.5,19,2,7,136.5,255,9,88,33.1634713876541
17.5,7,14,21,36.520705,16.87041,28.0855,44.95591,3.5,1,3,4,8.5,11,3,14,4.5,3,3,6,44.5,67,11,78,101.326806676438
101.5,91,28,49,230.9204,227.0672,58.6934,114.818,11.5,7,4,5,29.5,19,10,13,11.5,7,4,5,173.5,103,61,75,92.0026216112759
39.5,65,7,72,96.24837,164.48326,14.00674,178.49,4.0,4,2,6,9.5,11,4,15,5.5,3,4,7,63.5,37,45,82,266.007592945655
27.5,13,21,34,61.957955,34.00409,44.95591,78.96,4.0,0,4,4,9.5,13,3,16,5.0,4,3,7,50.0,78,11,89,80.5143205319535
144.5,211,3,50,341.8915,503.317,6.941,118.71,25.5,1,2,5,41.5,57,1,14,19.0,12,1,5,206.5,387,1,80,29.6287070641352
60.0,24,24,72,141.2411,74.4978,51.9961,178.49,7.0,2,4,6,8.0,8,4,6,6.0,4,4,4,71.5,53,45,49,189.57419399421
130.0,40,22,50,297.765,116.73,47.88,118.71,17.5,5,4,5,31.0,22,4,14,17.5,5,4,5,227.5,25,43,80,106.700042172157
19.0,6,8,22,39.9394,15.8812,15.9994,47.88,4.0,0,2,4,18.0,28,4,16,9.0,10,4,7,108.5,131,43,87,209.103612495069
49.0,46,13,72,116.226539,124.526922,26.981539,178.49,6.0,0,3,6,15.0,22,4,13,7.0,6,4,5,95.5,101,45,73,120.275181013468
35.5,29,21,25,77.416005,64.92019,44.95591,54.93805,6.0,4,4,4,8.5,11,3,7,5.5,5,3,4,57.5,93,11,52,166.48882254065
23.0,30,8,38,51.8097,71.6206,15.9994,87.62,3.5,3,2,5,9.0,14,2,16,4.5,5,2,7,47.5,79,8,87,87.4251720340115
54.0,28,34,40,124.572,66.696,78.96,91.224,6.5,3,4,5,18.0,28,4,16,9.0,10,4,7,111.0,134,44,89,17.5087363949834
48.0,4,46,50,112.565,12.29,106.42,118.71,5.0,0,5,5,12.0,4,10,14,4.5,1,4,5,71.0,18,62,80,101.038715328664
121.5,85,79,82,305.68327,217.43346,196.96654,207.2,9.0,6,6,6,19.5,17,11,14,7.0,6,4,5,114.0,96,66,81,57.2255234426864
188.0,256,20,79,454.05008,667.63216,40.078,196.96654,18.0,12,4,6,25.0,38,2,11,11.0,10,2,4,142.5,243,7,66,51.2028793847522
127.5,213,21,78,315.097955,540.28409,44.95591,195.08,11.0,14,4,6,16.5,27,3,10,7.5,9,3,4,100.0,178,11,63,199.514772342783
26.0,8,15,22,54.913762,14.067524,30.973762,47.88,5.0,2,3,4,17.0,26,4,15,9.0,10,4,7,104.5,123,43,83,130.995812362721
64.0,26,51,77,156.99,70.46,121.76,192.22,5.5,1,5,6,12.0,6,9,15,5.0,2,4,6,72.5,25,60,85,160.280885962257
121.0,86,78,82,304.74,219.32,195.08,207.2,9.0,6,6,6,19.0,18,10,14,7.0,6,4,5,112.5,99,63,81,71.747840487978
68.0,110,13,41,152.8503395,251.737601,26.981539,92.90638,9.0,12,3,5,14.0,2,5,13,8.5,7,4,5,107.0,68,47,73,161.122210141749
91.5,107,29,38,202.675,230.11,63.546,87.62,12.5,15,4,5,28.5,53,2,11,11.0,18,2,4,164.0,312,8,64,82.7147542567908
51.5,53,13,25,108.413642,106.951184,26.981539,54.93805,11.0,14,3,4,42.5,71,7,13,17.0,26,4,5,245.0,386,52,73,103.798144478468
66.5,107,13,40,150.3267695,246.690461,26.981539,91.224,9.0,12,3,5,12.5,1,4,13,8.5,7,4,5,102.5,59,44,73,100.980518626068
72.0,12,22,78,169.36,51.44,47.88,195.08,9.0,6,4,6,11.0,2,4,10,8.0,8,4,4,96.0,66,43,63,166.493782273494
83.0,8,29,79,193.80227,6.32854,63.546,196.96654,9.0,6,4,6,22.0,22,11,11,8.0,8,4,4,129.0,126,64,66,141.752114532241
11.0,2,5,12,22.9635,2.683,10.811,24.305,3.5,1,2,3,14.0,24,2,13,7.0,10,2,6,106.0,76,68,72,148.498340806712
37.5,33,21,27,81.411155,72.91049,44.95591,58.9332,6.0,4,4,4,10.5,15,3,9,5.5,5,3,4,63.5,105,11,58,142.173408644212
24.0,34,7,41,53.45656,78.89964,14.00674,92.90638,3.5,3,2,5,10.0,10,5,15,5.5,3,4,7,64.5,35,47,82,315.024368338395
33.0,22,22,44,74.475,53.19,47.88,101.07,4.5,1,4,5,6.0,4,4,8,4.0,0,4,4,49.5,13,43,56,212.025564843264
29.5,35,12,47,66.0866,83.5632,24.305,107.8682,4.0,2,3,5,6.5,9,2,11,3.0,2,2,4,66.5,3,65,68,64.6115879354005
36.5,7,33,40,83.072795,16.30241,74.92159,91.224,4.5,1,4,5,9.5,11,4,15,5.0,2,4,6,64.0,40,44,84,116.193178567228
36.0,32,13,20,74.002078,67.848156,26.981539,40.078,8.0,8,3,4,27.0,50,2,13,11.0,18,2,5,149.5,285,7,73,56.9225059138995
28.0,8,12,32,60.61,24.0,24.305,72.61,5.0,2,3,4,9.0,10,2,14,5.0,2,2,6,107.5,57,68,79,49.8422138455185
139.5,121,50,79,335.90327,277.87346,118.71,196.96654,13.0,14,5,6,33.5,45,11,14,12.0,16,4,5,193.0,254,66,80,51.2062079602793
59.0,36,41,77,142.56319,99.31362,92.90638,192.22,5.5,1,5,6,7.0,4,5,9,4.0,0,4,4,53.5,13,47,60,258.701875615909
123.0,154,46,50,290.63,368.42,106.42,118.71,12.5,15,5,5,33.0,46,10,14,12.0,16,4,5,191.0,258,62,80,56.4343491777103
54.5,51,29,40,122.997,118.902,63.546,91.224,7.0,6,4,5,9.5,3,4,11,6.0,4,4,4,76.0,24,44,64,109.021895487875
80.0,116,22,46,183.57,271.38,47.88,106.42,9.5,11,4,5,17.0,26,4,10,8.0,8,4,4,114.5,143,43,62,178.093935637349
23.0,10,9,28,48.345103,20.696594,18.998403,58.6934,4.0,0,2,4,22.0,24,10,17,10.0,12,4,8,123.5,125,61,93,107.917358009599
15.0,2,8,14,30.04215,3.9133,15.9994,28.0855,3.5,1,2,3,23.0,18,14,16,10.0,8,6,7,126.0,96,78,87,12.8714894520228
19.0,6,8,22,39.9394,15.8812,15.9994,47.88,4.0,0,2,4,18.0,28,4,16,9.0,10,4,7,108.5,131,43,87,179.325885643054
19.0,22,8,30,40.6947,49.3906,15.9994,65.39,3.0,2,2,4,14.0,4,12,16,5.5,3,4,7,78.0,18,69,87,129.640616382174
51.0,54,8,39,112.90495,129.8135,15.9994,88.90585,8.0,4,2,5,27.0,42,3,16,13.5,15,3,7,142.5,237,12,87,137.734881954089
26.0,10,21,31,57.339455,24.76709,44.95591,69.723,4.0,0,4,4,8.0,10,3,13,4.0,2,3,5,42.5,63,11,74,75.6238578284532
64.5,17,28,73,149.16735,63.5611,58.6934,180.9479,7.0,2,4,6,12.5,15,5,10,6.0,4,4,4,85.0,74,48,61,213.874137464372
33.0,34,8,50,75.3544,86.7112,15.9994,118.71,4.5,1,2,5,23.0,18,14,16,9.5,9,5,7,127.0,94,80,87,171.937217112191
36.0,28,22,25,78.87805,61.9961,47.88,54.93805,6.0,4,4,4,9.0,10,4,7,6.0,4,4,4,73.5,61,43,52,208.803785743595
28.0,24,8,40,61.6114,59.2252,15.9994,91.224,4.5,1,2,5,18.0,28,4,16,9.0,10,4,7,109.0,130,44,87,168.640580348748
82.5,21,31,72,193.8295,30.679,69.723,178.49,9.0,6,4,6,21.5,35,4,13,9.5,11,4,5,133.5,177,45,74,102.31190290125
19.0,6,8,22,39.9394,15.8812,15.9994,47.88,4.0,0,2,4,18.0,28,4,16,9.0,10,4,7,108.5,131,43,87,203.763207614568
24.5,3,23,26,53.39425,4.9055,50.9415,55.847,4.0,0,4,4,6.5,3,5,8,4.0,0,4,4,50.5,9,46,55,196.130111885518
15.0,6,9,12,31.150903,13.691806,18.998403,24.305,3.5,1,2,3,18.0,32,2,17,9.0,14,2,8,127.0,118,68,93,94.5910717503011
47.0,62,8,78,113.5394,163.0812,15.9994,195.08,5.0,2,2,6,21.0,22,10,16,9.0,10,4,7,118.5,111,63,87,201.941349586113
23.0,34,6,40,51.6175,79.213,12.011,91.224,3.5,3,2,5,9.0,10,4,14,5.5,3,4,7,60.5,33,44,77,221.251963509548
39.0,66,6,72,95.2505,166.479,12.011,178.49,4.0,4,2,6,9.0,10,4,14,5.5,3,4,7,61.0,32,45,77,236.170533968996
30.0,6,27,33,66.927395,15.98839,58.9332,74.92159,4.0,0,4,4,12.0,6,9,15,5.0,2,4,6,71.0,26,58,84,163.524652221895
25.5,27,12,39,56.605425,64.60085,24.305,88.90585,4.0,2,3,5,2.5,1,2,3,2.5,1,2,3,40.0,56,12,68,41.0771260131902
77.0,142,6,74,189.8455,355.669,12.011,183.84,7.0,10,2,6,13.0,2,6,14,7.5,1,4,7,89.5,25,51,77,335.798240693288
15.0,2,8,14,30.04215,3.9133,15.9994,28.0855,3.5,1,2,3,23.0,18,14,16,10.0,8,6,7,126.0,96,78,87,147.035008132077
15.0,2,8,14,30.04215,3.9133,15.9994,28.0855,3.5,1,2,3,23.0,18,14,16,10.0,8,6,7,126.0,96,78,87,27.3199583652706
36.0,30,21,51,83.357955,76.80409,44.95591,121.76,4.5,1,4,5,9.0,12,3,15,4.5,3,3,6,48.0,74,11,85,64.7299817807411
23.0,14,16,30,48.728,33.324,32.066,65.39,3.5,1,3,4,14.0,4,12,16,5.5,3,4,7,78.5,19,69,88,68.2530652720375
19.0,22,8,30,40.6947,49.3906,15.9994,65.39,3.0,2,2,4,14.0,4,12,16,5.5,3,4,7,78.0,18,69,87,126.982475031776
42.0,72,6,26,89.776,155.53,12.011,55.847,7.0,10,2,4,19.0,10,8,14,9.5,5,4,7,121.0,88,55,77,197.787094390608
32.0,4,30,34,72.175,13.57,65.39,78.96,4.0,0,4,4,14.0,4,12,16,5.5,3,4,7,79.0,20,69,89,58.2616040189789
27.0,20,17,37,60.46025,50.0151,35.4527,85.4678,4.0,2,3,5,9.0,16,1,17,4.5,7,1,8,49.0,90,4,94,14.6234035602727
41.5,55,14,23,90.455,124.739,28.0855,50.9415,7.5,9,3,4,14.5,1,5,14,9.0,6,4,6,108.0,60,46,78,195.779765894601
43.5,7,40,47,99.5461,16.6442,91.224,107.8682,5.0,0,5,5,7.5,7,4,11,4.0,0,4,4,54.5,21,44,65,105.847202984508
95.5,97,47,72,232.4241,249.1118,107.8682,178.49,8.5,7,5,6,9.5,3,4,11,6.0,4,4,4,77.5,25,45,65,111.503130754612
40.0,68,6,74,97.9255,171.829,12.011,183.84,4.0,4,2,6,10.0,8,6,14,5.5,3,4,7,64.0,26,51,77,385.194239655697
59.5,25,47,72,143.1791,70.6218,107.8682,178.49,5.5,1,5,6,7.5,7,4,11,4.0,0,4,4,55.0,20,45,65,117.29622133452
42.0,72,6,26,89.776,155.53,12.011,55.847,7.0,10,2,4,19.0,10,8,14,9.5,5,4,7,121.0,88,55,77,223.237869948674
30.0,20,4,40,68.14245,46.1631,9.01218,91.224,7.5,5,2,5,7.0,6,2,4,7.0,6,2,4,189.5,291,44,67,126.442725759488
45.0,2,22,46,101.09,10.66,47.88,106.42,6.5,3,4,5,9.0,2,4,10,6.0,4,4,4,74.0,24,43,62,142.0930834316
19.0,22,8,30,40.6947,49.3906,15.9994,65.39,3.0,2,2,4,14.0,4,12,16,5.5,3,4,7,78.0,18,69,87,172.361786716912
57.0,72,21,31,127.062455,164.21309,44.95591,69.723,8.0,8,4,4,21.0,36,3,13,9.0,12,3,5,116.5,211,11,74,72.6692648314226
14.0,16,6,22,29.9455,35.869,12.011,47.88,3.0,2,2,4,9.0,10,4,14,5.5,3,4,7,60.0,34,43,77,252.644651677646
35.0,46,12,29,75.6985,102.787,24.305,63.546,5.5,5,3,4,12.0,20,2,11,5.0,6,2,4,98.0,60,64,68,94.1478259191633
28.5,47,5,26,61.2525,100.883,10.811,55.847,5.0,6,2,4,14.5,3,8,13,7.0,2,4,6,91.0,38,55,72,227.197771927079
23.0,12,17,29,49.49935,28.0933,35.4527,63.546,3.5,1,3,4,14.0,6,11,17,6.0,4,4,8,79.0,30,64,94,48.3154099796185
10.0,8,6,14,20.04825,16.0745,12.011,28.0855,2.5,1,2,3,14.0,0,14,14,6.5,1,6,7,77.5,1,77,78,211.380017052642
64.0,28,50,78,156.895,76.37,118.71,195.08,5.5,1,5,6,12.0,4,10,14,4.5,1,4,5,71.5,17,63,80,127.294145114361
62.0,80,22,51,145.7,195.64,47.88,121.76,7.0,6,4,5,17.0,26,4,15,8.0,8,4,6,106.5,127,43,85,88.8507203299406
45.0,78,6,42,101.9455,179.869,12.011,95.94,6.0,8,2,5,13.0,2,6,14,7.5,1,4,7,88.5,23,50,77,294.33656941256
16.5,13,5,23,36.28175,29.3195,10.811,50.9415,4.0,0,2,4,15.5,21,5,13,8.0,8,4,6,95.0,98,46,72,285.538486047932
88.5,23,50,77,214.82,45.2,118.71,192.22,8.0,4,5,6,18.5,19,9,14,7.0,6,4,5,110.0,100,60,80,110.136818662905
46.5,9,21,51,105.83591,31.84818,44.95591,121.76,6.5,3,4,5,10.5,9,3,15,6.0,0,3,6,53.5,63,11,85,72.7400250032878
15.0,14,4,22,32.95218,29.85564,9.01218,47.88,4.0,0,2,4,4.0,0,2,4,4.0,0,2,4,88.5,91,43,67,123.620278558972
76.0,68,14,22,161.82825,155.1435,28.0855,47.88,14.5,11,3,4,31.0,22,4,14,19.0,2,4,6,224.5,19,43,78,138.960046366008
39.5,33,23,28,84.16415,66.4453,50.9415,58.6934,6.0,4,4,4,12.5,15,5,10,6.0,4,4,4,84.0,76,46,61,210.12346565926
37.0,30,22,26,79.787,63.814,47.88,55.847,6.0,4,4,4,10.0,12,4,8,6.0,4,4,4,76.5,67,43,55,146.630839503188
23.0,14,16,30,48.728,33.324,32.066,65.39,3.5,1,3,4,14.0,4,12,16,5.5,3,4,7,78.5,19,69,88,69.3380706210297
41.5,63,5,73,101.28495,159.3259,10.811,180.9479,5.0,2,2,6,15.5,21,5,13,8.0,8,4,6,96.0,96,48,72,302.299071210247
298.5,495,51,78,743.66,1243.8,121.76,195.08,23.5,37,5,6,42.5,55,10,15,17.0,22,4,6,263.0,356,63,85,210.312118598219
24.5,5,22,27,53.4066,11.0532,47.88,58.9332,4.0,0,4,4,6.5,5,4,9,4.0,0,4,4,50.5,15,43,58,163.172025578044
57.5,43,12,79,134.94077,124.05154,24.305,196.96654,7.5,3,3,6,8.5,5,2,11,5.0,2,2,4,135.0,138,66,68,57.1149084874308
18.0,2,17,19,37.2755,3.6456,35.4527,39.0983,3.5,1,3,4,9.0,16,1,17,4.5,7,1,8,48.5,91,3,94,15.8258283227771
51.0,4,49,53,120.861235,12.08647,114.818,126.90447,5.0,0,5,5,15.0,4,13,17,6.5,3,5,8,85.5,21,75,96,11.9636163525102
42.0,14,35,49,97.361,34.914,79.904,114.818,4.5,1,4,5,15.0,4,13,17,6.5,3,5,8,85.0,20,75,95,12.5639838210189
178.5,315,21,48,415.916455,741.92109,44.95591,112.411,19.5,31,4,5,43.5,81,3,12,15.5,25,3,4,250.5,479,11,70,52.9014626467578
33.0,14,13,40,72.593539,37.260922,26.981539,91.224,5.5,1,3,5,15.0,22,4,13,7.0,6,4,5,95.0,102,44,73,113.460942358747
130.5,219,21,80,323.362955,556.81409,44.95591,200.59,11.0,14,4,6,19.5,33,3,12,7.5,9,3,4,112.0,202,11,71,63.7009764284695
150.0,180,12,80,361.6475,480.245,24.305,200.59,16.5,3,3,6,23.0,26,2,12,11.0,2,2,4,276.5,127,68,71,42.9959925295235
14.0,6,11,17,29.221234,12.462932,22.989768,35.4527,3.0,0,3,3,9.0,16,1,17,4.5,7,1,8,48.0,92,2,94,22.5904901420527
29.0,42,8,50,67.3547,102.7106,15.9994,118.71,3.5,3,2,5,15.0,2,14,16,6.0,2,5,7,83.5,7,80,87,32.2909379739712
75.0,54,16,51,169.859,147.322,32.066,121.76,9.5,1,3,5,39.0,18,15,16,16.5,9,6,7,217.0,94,85,88,16.310557133639
138.0,216,6,41,308.74664,497.38328,12.011,92.90638,20.0,20,2,5,50.0,40,5,14,29.5,11,4,7,333.5,103,47,77,238.860830260855
34.0,36,8,52,79.7994,95.6012,15.9994,127.6,4.5,1,2,5,24.0,16,16,16,10.0,8,6,7,132.0,84,87,90,23.2816775255879
15.0,16,7,23,32.47412,36.93476,14.00674,50.9415,3.0,2,2,4,10.0,10,5,15,5.5,3,4,7,64.0,36,46,82,318.891058802544
10.0,2,9,11,20.9940855,3.991365,18.998403,22.989768,2.5,1,2,3,9.0,16,1,17,4.5,7,1,8,47.5,91,2,93,47.5767829733614
33.0,18,8,21,68.95501,41.91362,15.9994,44.95591,7.0,2,2,4,27.0,42,3,16,13.5,15,3,7,141.5,239,11,87,167.57557180309
32.0,6,29,35,71.725,16.358,63.546,79.904,4.0,0,4,4,14.0,6,11,17,6.0,4,4,8,79.5,31,64,95,42.8641283058151
25.0,30,5,40,56.423,69.602,10.811,91.224,4.5,1,2,5,15.0,22,4,13,8.0,8,4,6,94.0,100,44,72,237.932910277879
25.5,31,5,41,57.26419,71.28438,10.811,92.90638,4.5,1,2,5,15.5,21,5,13,8.0,8,4,6,95.5,97,47,72,287.24893072599
16.0,12,5,22,34.751,26.258,10.811,47.88,4.0,0,2,4,15.0,22,4,13,8.0,8,4,6,93.5,101,43,72,253.291634054285
21.0,14,14,28,43.38945,30.6079,28.0855,58.6934,3.5,1,3,4,12.0,4,10,14,5.0,2,4,6,69.5,17,61,78,164.218581850997
97.5,39,39,78,230.898775,71.63755,88.90585,195.08,10.5,9,5,6,9.5,1,3,10,6.5,5,3,4,49.5,27,12,63,55.5946372176025
44.0,76,6,41,98.91188,173.80176,12.011,92.90638,6.0,8,2,5,12.0,4,5,14,7.5,1,4,7,85.5,17,47,77,227.688314944266
49.0,50,8,74,115.9191,135.8418,15.9994,183.84,6.0,0,2,6,27.0,42,6,16,12.5,17,4,7,156.0,210,51,87,169.835327504185
71.0,62,8,51,161.7585,163.523,15.9994,121.76,10.0,0,2,5,55.0,50,15,16,23.5,23,6,7,302.5,265,85,87,126.852992191052
169.5,261,25,39,374.081225,570.35075,54.93805,88.90585,26.5,43,4,5,43.5,81,3,7,25.5,45,3,4,318.0,612,12,52,150.708265398863
35.0,14,7,14,70.14173,28.22954,14.00674,28.0855,8.5,1,2,3,51.0,18,14,15,23.0,10,6,7,281.0,94,78,82,234.447964684552
115.0,76,51,77,278.75,173.06,121.76,192.22,10.5,9,5,6,27.0,36,9,15,11.0,14,4,6,157.5,195,60,85,98.7179506437878
29.5,7,26,33,65.384295,19.07459,55.847,74.92159,4.0,0,4,4,11.5,7,8,15,5.0,2,4,6,69.5,29,55,84,162.83924427425
23.0,10,9,28,48.345103,20.696594,18.998403,58.6934,4.0,0,2,4,22.0,24,10,17,10.0,12,4,8,123.5,125,61,93,107.42678416766
70.0,112,14,42,157.95275,259.7345,28.0855,95.94,9.0,12,3,5,16.0,4,6,14,9.0,6,4,6,114.0,72,50,78,251.63335086233
24.0,6,9,21,50.9755595,12.039299,18.998403,44.95591,5.0,2,2,4,27.0,48,3,17,13.5,21,3,8,145.0,268,11,93,90.7831547917267
126.0,168,14,42,281.97825,395.4435,28.0855,95.94,17.0,16,3,5,36.0,12,6,14,19.0,2,4,6,242.0,16,50,78,241.252888302225
20.5,5,9,23,44.469153,12.944694,18.998403,50.9415,4.0,0,2,4,19.5,29,5,17,10.0,12,4,8,116.0,140,46,93,92.9844094651898
25.5,37,7,22,54.88337,81.75326,14.00674,47.88,5.0,6,2,4,11.5,7,4,15,7.5,1,4,7,84.0,4,43,82,203.916983226701
34.5,15,9,42,76.4676045,38.944791,18.998403,95.94,5.5,1,2,5,28.5,45,6,17,14.0,20,4,8,164.5,229,50,93,91.9526121043458
63.0,78,8,51,145.7591,195.5218,15.9994,121.76,8.0,4,2,5,39.0,18,15,16,16.5,9,6,7,215.5,91,85,87,19.1167184785154
19.0,6,8,22,39.9394,15.8812,15.9994,47.88,4.0,0,2,4,18.0,28,4,16,9.0,10,4,7,108.5,131,43,87,191.124307058566
241.5,231,42,51,570.07,564.5,95.94,121.76,25.0,20,5,5,61.5,87,6,15,27.0,30,4,6,372.5,445,50,85,107.767140211186
23.0,14,16,30,48.728,33.324,32.066,65.39,3.5,1,3,4,14.0,4,12,16,5.5,3,4,7,78.5,19,69,88,68.7797298955036
63.0,72,27,33,141.848985,165.83157,58.9332,74.92159,8.0,8,4,4,27.0,36,9,15,11.0,14,4,6,155.0,194,58,84,116.619263962076
63.0,82,22,52,151.54,207.32,47.88,127.6,7.0,6,4,5,18.0,28,4,16,8.0,8,4,6,111.5,137,43,90,17.6395912572112
44.5,7,24,41,98.44929,11.08582,51.9961,92.90638,6.5,3,4,5,8.5,7,5,6,6.0,4,4,4,72.5,51,47,49,227.600269486064
58.0,46,35,81,142.14365,124.4793,79.904,204.3833,5.0,2,4,6,15.0,4,13,17,6.5,3,5,8,85.5,19,76,95,18.2646361424649
58.0,46,35,81,142.14365,124.4793,79.904,204.3833,5.0,2,4,6,15.0,4,13,17,6.5,3,5,8,85.5,19,76,95,28.0742316330318
49.0,64,17,81,119.918,168.9306,35.4527,204.3833,4.5,3,3,6,15.0,4,13,17,6.5,3,5,8,85.0,18,76,94,20.2966458766411
32.0,42,11,53,74.947119,103.914702,22.989768,126.90447,4.0,2,3,5,9.0,16,1,17,4.5,7,1,8,49.0,94,2,96,15.7551633660784
45.0,20,35,55,106.404715,53.00143,79.904,132.90543,5.0,2,4,6,9.0,16,1,17,4.5,7,1,8,50.0,90,5,95,6.4761348979337
121.0,190,13,72,294.716539,481.506922,26.981539,178.49,12.0,12,3,6,19.0,14,4,13,11.0,2,4,5,140.5,11,45,73,114.991694369922
199.5,321,13,72,486.6973085,811.505383,26.981539,178.49,19.5,21,3,6,29.5,19,4,13,17.5,5,4,5,222.0,6,45,73,110.976699571284
45.0,16,37,53,106.186135,41.43667,85.4678,126.90447,5.0,0,5,5,9.0,16,1,17,4.5,7,1,8,50.0,92,4,96,9.6552271242306
94.0,88,46,50,218.985,200.55,106.42,118.71,10.0,10,5,5,22.0,16,10,14,8.5,7,4,5,133.0,106,62,80,145.747902691787
52.5,23,32,41,119.06319,52.31362,72.61,92.90638,6.5,3,4,5,16.5,23,5,14,8.0,8,4,6,102.5,111,47,79,142.267015623621
23.0,14,8,30,48.6944,33.3912,15.9994,65.39,4.0,0,2,4,22.0,20,12,16,9.0,10,4,7,121.5,105,69,87,143.833197605823
41.0,62,5,72,100.056,156.868,10.811,178.49,5.0,2,2,6,15.0,22,4,13,8.0,8,4,6,94.5,99,45,72,250.888764854281
86.0,74,41,49,196.76857,163.90114,92.90638,114.818,10.0,10,5,5,14.0,2,5,13,8.5,7,4,5,108.0,66,47,75,152.63956132989
100.0,40,40,80,237.131,73.082,91.224,200.59,10.5,9,5,6,12.0,0,4,12,8.0,8,4,4,101.5,61,44,71,104.211319425363
60.5,25,4,73,144.54703,72.80174,9.01218,180.9479,15.0,18,2,6,14.5,19,2,5,14.0,20,2,4,426.0,756,48,67,136.972608113269
26.0,40,6,23,56.947,89.872,12.011,50.9415,5.0,6,2,4,12.0,4,5,14,7.5,1,4,7,84.5,15,46,77,244.055398964594
6.0,6,3,9,12.9697015,12.057403,6.941,18.998403,2.0,0,2,2,9.0,16,1,17,4.5,7,1,8,47.0,92,1,93,69.8811262699684
102.5,67,23,34,234.33225,163.0155,50.9415,78.96,14.0,4,4,4,39.5,49,5,16,20.0,16,4,7,247.0,218,46,89,80.0098879577544
28.0,10,23,33,62.931545,23.98009,50.9415,74.92159,4.0,0,4,4,10.0,10,5,15,5.0,2,4,6,65.0,38,46,84,140.196804585328
23.0,24,11,35,51.446884,56.914232,22.989768,79.904,3.5,1,3,4,9.0,16,1,17,4.5,7,1,8,48.5,93,2,95,27.0541490127586
33.5,35,8,51,76.8794,89.7612,15.9994,121.76,4.5,1,2,5,23.5,17,15,16,10.0,8,6,7,129.5,89,85,87,91.8659915029253
45.0,30,15,30,94.642524,58.505048,30.973762,65.39,8.0,8,3,4,36.0,48,12,15,16.0,24,4,7,200.5,263,69,83,61.3715561244332
28.0,20,9,38,62.808403,49.623194,18.998403,87.62,4.5,1,2,5,18.0,32,2,17,9.0,14,2,8,97.0,178,8,93,65.0247418818289
75.0,58,46,52,180.81,148.78,106.42,127.6,7.5,5,5,5,21.0,22,10,16,8.0,8,4,6,121.0,118,62,90,52.6379679501917
41.0,22,30,52,96.495,62.21,65.39,127.6,4.5,1,4,5,14.0,4,12,16,5.0,2,4,6,79.5,21,69,90,45.982043663759
126.0,210,21,77,310.807955,531.70409,44.95591,192.22,11.0,14,4,6,15.0,24,3,9,7.5,9,3,4,95.5,169,11,60,242.65533562998
32.0,2,31,33,72.322295,5.19859,69.723,74.92159,4.0,0,4,4,14.0,2,13,15,5.5,1,5,6,79.0,10,74,84,60.7370481259618
22.0,8,9,26,46.921903,17.850194,18.998403,55.847,4.0,0,2,4,21.0,26,8,17,10.0,12,4,8,120.5,131,55,93,97.1173390394374
82.5,19,46,73,196.89395,31.8921,106.42,180.9479,8.0,4,5,6,12.5,15,5,10,6.0,4,4,4,86.0,76,48,62,204.690649229611
121.5,43,13,25,258.2745645,77.0447290000001,26.981539,54.93805,24.5,17,3,4,85.5,115,7,13,35.5,39,4,5,505.5,595,52,73,125.411732096698
27.5,25,15,40,61.098881,60.250238,30.973762,91.224,4.0,2,3,5,9.5,11,4,15,5.5,3,4,7,63.5,39,44,83,134.382709820796
89.0,138,20,79,217.00554,353.85508,40.078,196.96654,8.0,8,4,6,12.0,20,2,11,5.0,6,2,4,69.5,125,7,66,66.560928500969
38.0,28,8,52,87.7991,79.6018,15.9994,127.6,5.5,1,2,5,32.0,32,16,16,13.5,15,6,7,175.5,171,87,90,90.4155780029553
68.5,113,6,25,149.356125,250.66825,12.011,54.93805,12.0,16,2,4,31.5,7,7,14,17.0,6,4,7,207.0,106,52,77,219.998342507616
24.0,12,9,30,51.693403,27.393194,18.998403,65.39,4.0,0,2,4,23.0,22,12,17,10.0,12,4,8,127.5,117,69,93,98.4930968236918
122.5,217,14,77,302.37275,548.5745,28.0855,192.22,10.5,15,3,6,20.5,13,9,14,9.0,6,4,6,129.0,102,60,78,299.001824372836
191.0,118,22,50,440.415,306.27,47.88,118.71,24.5,1,4,5,47.0,46,4,14,24.5,1,4,5,329.0,142,43,80,104.978676560415
41.0,22,30,52,96.495,62.21,65.39,127.6,4.5,1,4,5,14.0,4,12,16,5.0,2,4,6,79.5,21,69,90,43.4146112197278
32.0,4,30,34,72.175,13.57,65.39,78.96,4.0,0,4,4,14.0,4,12,16,5.5,3,4,7,79.0,20,69,89,55.6712881859518
46.0,40,26,33,102.84509,93.99618,55.847,74.92159,6.0,4,4,4,19.0,22,8,15,8.0,8,4,6,111.5,113,55,84,133.651459203324
28.0,24,8,40,61.6114,59.2252,15.9994,91.224,4.5,1,2,5,18.0,28,4,16,9.0,10,4,7,109.0,130,44,87,190.175004209618
36.5,31,21,26,78.324955,66.73809,44.95591,55.847,6.0,4,4,4,9.5,13,3,8,5.5,5,3,4,60.5,99,11,55,127.913682070547
35.0,14,14,42,76.0555,39.769,28.0855,95.94,5.5,1,3,5,17.0,22,6,14,8.0,8,4,6,103.0,106,50,78,206.594504360884
30.0,28,8,44,66.5344,69.0712,15.9994,101.07,4.5,1,2,5,20.0,24,8,16,9.0,10,4,7,115.0,118,56,87,251.979548500951
45.5,25,29,33,101.006795,52.17041,63.546,74.92159,6.0,4,4,4,18.5,7,11,15,7.0,2,4,6,106.0,44,64,84,107.576352038519
30.0,36,12,48,68.358,88.106,24.305,112.411,4.0,2,3,5,7.0,10,2,12,3.0,2,2,4,69.0,2,68,70,43.2387467594965
87.5,113,31,72,213.3515,287.257,69.723,178.49,8.0,8,4,6,10.5,5,4,13,6.5,3,4,5,82.0,16,45,74,118.992757295978
138.5,139,23,52,331.61225,357.5755,50.9415,127.6,16.0,8,4,5,39.5,49,5,16,18.0,12,4,6,249.0,222,46,90,53.1847920785984
24.0,34,7,41,53.45656,78.89964,14.00674,92.90638,3.5,3,2,5,10.0,10,5,15,5.5,3,4,7,64.5,35,47,82,312.851964927866
47.5,5,45,50,110.80775,15.8045,102.9055,118.71,5.0,0,5,5,11.5,5,9,14,4.5,1,4,5,69.5,21,59,80,139.089130006381
15.0,2,8,14,30.04215,3.9133,15.9994,28.0855,3.5,1,2,3,23.0,18,14,16,10.0,8,6,7,126.0,96,78,87,20.1026967859164
45.5,63,14,77,110.15275,164.1345,28.0855,192.22,4.5,3,3,6,11.5,5,9,14,5.0,2,4,6,69.0,18,60,78,214.868679023662
29.0,30,14,44,64.57775,72.9845,28.0855,101.07,4.0,2,3,5,11.0,6,8,14,5.0,2,4,6,67.0,22,56,78,204.464427529576
29.5,31,14,45,65.4955,74.82,28.0855,102.9055,4.0,2,3,5,11.5,5,9,14,5.0,2,4,6,68.5,19,59,78,195.086040995721
25.0,38,6,22,53.8855,83.749,12.011,47.88,5.0,6,2,4,11.0,6,4,14,7.5,1,4,7,81.5,9,43,77,138.937889822022
32.0,4,17,30,68.1477,5.5154,35.4527,65.39,5.0,2,3,4,23.0,22,12,17,10.0,12,4,8,128.5,119,69,94,6.59717658652985
87.5,133,21,77,214.697955,339.48409,44.95591,192.22,8.0,8,4,6,10.5,15,3,9,5.5,5,3,4,65.5,109,11,60,220.01425273203
53.5,25,33,41,121.37478,56.9368,74.92159,92.90638,6.5,3,4,5,17.5,25,5,15,8.0,8,4,6,107.5,121,47,84,124.473498346506
39.0,0,13,39,84.9252335,7.96123299999999,26.981539,88.90585,7.0,4,3,5,21.0,36,3,13,9.0,12,3,5,115.5,207,12,73,76.3174464750981
29.0,46,6,26,61.8525,99.683,12.011,55.847,5.0,6,2,4,15.0,2,8,14,7.5,1,4,7,93.5,33,55,77,220.948293651354
172.5,45,39,50,400.329625,88.39925,88.90585,118.71,20.0,10,5,5,28.5,27,3,14,15.0,0,3,5,150.0,180,12,80,62.4627159699634
37.0,8,33,41,83.913985,17.98479,74.92159,92.90638,4.5,1,4,5,10.0,10,5,15,5.0,2,4,6,65.5,37,47,84,161.515852249174
47.5,7,44,51,111.415,20.69,101.07,121.76,5.0,0,5,5,11.5,7,8,15,5.0,2,4,6,70.5,29,56,85,146.587584846303
73.0,58,44,51,172.295,142.45,101.07,121.76,7.5,5,5,5,19.0,22,8,15,8.0,8,4,6,113.0,114,56,85,115.598567921339
39.5,67,6,73,96.47945,168.9369,12.011,180.9479,4.0,4,2,6,9.5,9,5,14,5.5,3,4,7,62.5,29,48,77,323.93623321573
89.0,26,51,76,216.875,53.29,121.76,190.23,8.0,4,5,6,19.0,22,8,15,8.0,8,4,6,113.5,113,57,85,129.409112300636
68.0,8,32,72,161.855,33.27,72.61,178.49,7.0,2,4,6,16.0,24,4,14,8.0,8,4,6,101.5,113,45,79,112.660400639687
60.0,36,21,78,142.49591,105.16818,44.95591,195.08,7.0,2,4,6,8.0,4,3,10,5.0,2,3,4,42.5,41,11,63,90.7379996566729
10.0,8,6,14,20.04825,16.0745,12.011,28.0855,2.5,1,2,3,14.0,0,14,14,6.5,1,6,7,77.5,1,77,78,212.381744680571
98.0,104,46,50,231.275,249.71,106.42,118.71,10.0,10,5,5,26.0,32,10,14,9.5,11,4,5,151.0,178,62,80,64.1378893846865
27.5,9,16,23,57.53675,13.1905,32.066,50.9415,5.0,2,3,4,18.5,27,5,16,9.0,10,4,7,111.0,130,46,88,19.6682674579565
73.0,14,22,80,172.115,56.95,47.88,200.59,9.0,6,4,6,12.0,0,4,12,8.0,8,4,4,100.0,58,43,71,117.313253005281
203.5,323,14,73,494.498,820.483,28.0855,180.9479,19.5,21,3,6,33.5,17,5,14,19.0,2,4,6,237.0,6,48,78,214.711211695808
23.0,18,14,16,46.10875,36.0465,28.0855,32.066,4.5,3,3,3,23.0,18,14,16,10.0,8,6,7,127.0,98,78,88,24.4682718705911
36.0,2,35,37,82.6859,5.5638,79.904,85.4678,4.5,1,4,5,9.0,16,1,17,4.5,7,1,8,49.5,91,4,95,13.7924872565837
27.0,16,19,35,59.50115,40.8057,39.0983,79.904,4.0,0,4,4,9.0,16,1,17,4.5,7,1,8,49.0,92,3,95,21.6369265461462
62.0,20,26,72,145.092,66.796,55.847,178.49,7.0,2,4,6,10.0,12,4,8,6.0,4,4,4,77.5,65,45,55,162.042951449482
74.0,10,23,79,174.89552,44.14204,50.9415,196.96654,9.0,6,4,6,13.0,4,5,11,8.0,8,4,4,102.0,72,46,66,180.277104282244
72.0,120,12,33,161.99568,275.38136,24.305,74.92159,9.5,13,3,4,31.0,58,2,15,13.0,22,2,6,202.0,268,68,84,43.2300076635469
131.5,43,22,51,302.34,125.88,47.88,121.76,17.5,5,4,5,32.5,25,4,15,19.0,2,4,6,235.0,40,43,85,110.910531543519
14.0,14,7,21,29.481325,30.94917,14.00674,44.95591,3.0,2,2,4,9.0,12,3,15,5.0,4,3,7,46.5,71,11,82,199.881980200438
19.0,8,15,23,40.957631,19.967738,30.973762,50.9415,3.5,1,3,4,10.0,10,5,15,5.5,3,4,7,64.5,37,46,83,170.696037388592
35.0,26,16,22,72.039,48.318,32.066,47.88,6.5,5,3,4,26.0,44,4,16,12.5,17,4,7,153.5,221,43,88,18.9021790391693
14.0,18,5,23,30.87625,40.1305,10.811,50.9415,3.0,2,2,4,9.0,8,5,13,5.0,2,4,6,59.0,26,46,72,272.635751493672
85.0,142,14,78,209.12275,362.0745,28.0855,195.08,7.5,9,3,6,17.0,6,10,14,7.0,2,4,6,102.0,48,63,78,203.296021650757
56.0,14,21,49,124.842865,20.04973,44.95591,114.818,8.5,7,4,5,11.0,4,3,13,7.0,4,3,5,54.0,42,11,75,63.4610853166278
80.0,132,14,73,194.99065,333.8103,28.0855,180.9479,7.5,9,3,6,12.0,4,5,14,7.0,2,4,6,87.0,18,48,78,215.3836825108
59.5,19,23,50,135.76725,34.1145,50.9415,118.71,8.5,7,4,5,14.5,1,5,14,8.5,7,4,5,109.0,58,46,80,162.641553442133
69.0,6,33,72,164.16659,28.64682,74.92159,178.49,7.0,2,4,6,17.0,26,4,15,8.0,8,4,6,106.5,123,45,84,114.731038508495
54.0,4,13,56,122.626578,29.400844,26.981539,137.327,9.0,6,3,6,27.0,50,2,13,11.0,18,2,5,150.5,283,9,73,50.9643014303262
52.5,39,33,72,126.705795,103.56841,74.92159,178.49,5.0,2,4,6,9.5,11,4,15,5.0,2,4,6,64.5,39,45,84,127.395782641787
36.0,6,33,39,81.91372,13.98426,74.92159,88.90585,4.5,1,4,5,9.0,12,3,15,4.5,3,3,6,48.0,72,12,84,75.4874432540582
83.0,54,14,22,175.871,127.058,28.0855,47.88,16.0,8,3,4,38.0,36,4,14,22.0,4,4,6,263.5,97,43,78,142.185647463623
71.0,118,6,26,151.6285,255.213,12.011,55.847,12.0,16,2,4,34.0,12,8,14,17.0,6,4,7,214.5,121,55,77,233.335593418168
90.0,24,51,78,219.3,48.44,121.76,195.08,8.0,4,5,6,20.0,20,10,15,8.0,8,4,6,116.5,107,63,85,103.666859177089
22.0,16,14,15,45.016512,33.862024,28.0855,30.973762,4.5,3,3,3,22.0,16,14,15,10.0,8,6,7,122.0,88,78,83,12.1602954712073
269.0,398,14,78,655.45375,1030.0525,28.0855,195.08,25.5,21,3,6,65.0,10,10,14,27.0,6,4,6,384.0,12,63,78,181.081265782398
152.0,158,73,77,378.80395,395.7121,180.9479,192.22,12.0,12,6,6,16.0,22,5,9,8.0,8,4,4,114.0,132,48,60,324.70226007291
40.5,21,30,51,93.575,56.37,65.39,121.76,4.5,1,4,5,13.5,3,12,15,5.0,2,4,6,77.0,16,69,85,47.7876587372618
72.5,13,22,79,170.30327,53.32654,47.88,196.96654,9.0,6,4,6,11.5,1,4,11,8.0,8,4,4,97.5,63,43,66,138.99626373471
18.0,8,14,22,37.98275,19.7945,28.0855,47.88,3.5,1,3,4,9.0,10,4,14,5.0,2,4,6,60.5,35,43,78,145.85965499768
41.0,16,33,49,94.869795,39.89641,74.92159,114.818,4.5,1,4,5,14.0,2,13,15,5.5,1,5,6,79.5,9,75,84,49.1591509022141
59.0,18,34,50,138.315,39.21,78.96,118.71,6.5,3,4,5,23.0,18,14,16,9.5,9,5,7,129.0,98,80,89,14.7780228967919
51.0,74,14,44,115.11275,174.0545,28.0855,101.07,6.5,7,3,5,15.0,2,8,14,7.0,2,4,6,95.0,34,56,78,256.768080753274
33.0,32,17,49,75.13535,79.3653,35.4527,114.818,4.0,2,3,5,15.0,4,13,17,6.5,3,5,8,84.5,19,75,94,9.2986105470134
36.0,38,17,55,84.179065,97.45273,35.4527,132.90543,4.5,3,3,6,9.0,16,1,17,4.5,7,1,8,49.5,89,5,94,15.2253232053524
33.0,12,27,39,73.919525,29.97265,58.9332,88.90585,4.5,1,4,5,6.0,6,3,9,3.5,1,3,4,35.0,46,12,58,69.9044954208282
33.5,13,27,40,75.0786,32.2908,58.9332,91.224,4.5,1,4,5,6.5,5,4,9,4.0,0,4,4,51.0,14,44,58,130.636681420453
30.5,5,28,33,66.807495,16.22819,58.6934,74.92159,4.0,0,4,4,12.5,5,10,15,5.0,2,4,6,72.5,23,61,84,134.946498840621
49.5,51,8,75,117.1026,138.2088,15.9994,186.207,6.0,0,2,6,27.5,41,7,16,12.5,17,4,7,157.5,207,54,87,243.229693725036
222.5,345,25,79,547.3544,874.9566,54.93805,196.96654,19.0,22,4,6,34.5,41,7,11,14.0,12,4,4,217.0,226,52,66,126.644116649376
58.0,38,39,77,140.562925,103.31415,88.90585,192.22,5.5,1,5,6,6.0,6,3,9,3.5,1,3,4,36.0,48,12,60,128.497980920427
23.5,33,7,40,52.61537,77.21726,14.00674,91.224,3.5,3,2,5,9.5,11,4,15,5.5,3,4,7,63.0,38,44,82,246.852016312515
30.0,6,27,33,66.927395,15.98839,58.9332,74.92159,4.0,0,4,4,12.0,6,9,15,5.0,2,4,6,71.0,26,58,84,157.138460161227
36.5,29,22,51,84.82,73.88,47.88,121.76,4.5,1,4,5,9.5,11,4,15,5.0,2,4,6,64.0,42,43,85,89.2680427219683
101.5,49,42,77,240.02,95.6,95.94,192.22,10.5,9,5,6,13.5,9,6,9,8.0,8,4,4,105.0,90,50,60,288.168360516273
42.5,43,21,32,95.087955,100.26409,44.95591,72.61,6.0,4,4,4,15.5,25,3,14,7.5,9,3,6,84.5,147,11,79,80.5057882918051
47.0,62,8,78,113.5394,163.0812,15.9994,195.08,5.0,2,2,6,21.0,22,10,16,9.0,10,4,7,118.5,111,63,87,48.1329768239114
32.0,4,17,30,68.1477,5.5154,35.4527,65.39,5.0,2,3,4,23.0,22,12,17,10.0,12,4,8,128.5,119,69,94,7.44586490653171
71.5,103,5,41,160.98157,235.47514,10.811,92.90638,11.5,7,2,5,33.5,37,5,13,18.0,12,4,6,214.5,147,47,72,273.944754254429
36.5,15,22,29,79.653,32.214,47.88,63.546,6.0,4,4,4,9.5,3,4,11,6.0,4,4,4,75.0,22,43,64,125.754995803125
49.0,6,46,52,117.01,21.18,106.42,127.6,5.0,0,5,5,13.0,6,10,16,5.0,2,4,6,76.0,28,62,90,98.1819700617104
30.0,4,28,32,65.6517,13.9166,58.6934,72.61,4.0,0,4,4,12.0,4,10,14,5.0,2,4,6,70.0,18,61,79,135.788286327478
42.0,60,6,24,90.00515,131.9663,12.011,51.9961,8.0,8,2,4,23.0,10,6,14,13.0,2,4,7,150.5,7,49,77,319.821081301985
110.0,56,46,82,263.23,112.06,106.42,207.2,10.5,9,5,6,22.0,16,10,14,8.5,7,4,5,133.5,105,62,81,131.505746499586
49.0,50,8,74,115.9191,135.8418,15.9994,183.84,6.0,0,2,6,27.0,42,6,16,12.5,17,4,7,156.0,210,51,87,196.212937749776
70.0,40,45,50,162.2605,87.101,102.9055,118.71,7.5,5,5,5,16.0,4,9,14,6.5,3,4,5,99.0,38,59,80,177.005248947472
93.0,106,8,73,220.9464,281.8988,15.9994,180.9479,11.0,2,2,6,45.0,70,5,16,21.5,27,4,7,265.5,339,48,87,129.04725532343
49.5,41,29,35,111.677,96.262,63.546,79.904,6.0,4,4,4,22.5,23,11,17,10.0,12,4,8,127.0,126,64,95,6.97548368326393
74.0,52,16,50,166.809,141.222,32.066,118.71,9.5,1,3,5,38.0,20,14,16,15.5,11,5,7,212.0,104,80,88,16.9248172740868
72.0,64,8,52,167.5985,175.203,15.9994,127.6,10.0,0,2,5,56.0,48,16,16,23.5,23,6,7,307.5,255,87,90,46.2186338635761
18.5,5,16,21,38.510955,12.88991,32.066,44.95591,3.5,1,3,4,9.5,13,3,16,5.0,4,3,7,49.5,77,11,88,101.290492471803
46.0,12,40,52,109.412,36.376,91.224,127.6,5.0,0,5,5,10.0,12,4,16,5.0,2,4,6,67.0,46,44,90,87.1773728008314
128.0,212,22,78,316.56,537.36,47.88,195.08,11.0,14,4,6,17.0,26,4,10,8.0,8,4,4,116.0,146,43,63,234.16053514779
25.0,26,6,38,55.821,63.598,12.011,87.62,4.5,1,2,5,15.0,26,2,14,8.0,12,2,7,81.0,146,8,77,45.6975131421112
16.0,8,6,20,32.05,16.056,12.011,40.078,4.0,0,2,4,15.0,26,2,14,8.0,12,2,7,80.5,147,7,77,55.9766619067378
16.0,8,6,20,32.05,16.056,12.011,40.078,4.0,0,2,4,15.0,26,2,14,8.0,12,2,7,80.5,147,7,77,53.3785484239195
27.0,10,16,22,56.006,16.252,32.066,47.88,5.0,2,3,4,18.0,28,4,16,9.0,10,4,7,109.5,133,43,88,18.3561019379432
28.0,24,8,40,61.6114,59.2252,15.9994,91.224,4.5,1,2,5,18.0,28,4,16,9.0,10,4,7,109.0,130,44,87,234.735991480506
32.0,6,29,35,71.725,16.358,63.546,79.904,4.0,0,4,4,14.0,6,11,17,6.0,4,4,8,79.5,31,64,95,6.17374327012824
76.0,140,6,73,186.9534,349.8848,12.011,180.9479,7.0,10,2,6,12.0,4,5,14,7.5,1,4,7,86.5,19,48,77,255.963483658651
64.5,29,50,79,157.83827,78.25654,118.71,196.96654,5.5,1,5,6,12.5,3,11,14,4.5,1,4,5,73.0,14,66,80,71.9181419103224
135.0,168,51,73,332.30185,421.0837,121.76,180.9479,11.5,13,5,6,15.0,0,5,15,9.0,6,4,6,114.5,59,48,85,185.23863583479
62.5,79,23,51,147.23075,192.5785,50.9415,121.76,7.0,6,4,5,17.5,25,5,15,8.0,8,4,6,108.0,124,46,85,98.3751285915495
47.5,13,27,41,105.38639,24.96002,58.9332,92.90638,6.5,3,4,5,11.5,13,5,9,6.0,4,4,4,81.5,69,47,58,231.177269576847
36.0,34,19,53,83.001385,87.80617,39.0983,126.90447,4.5,1,4,5,9.0,16,1,17,4.5,7,1,8,49.5,93,3,96,9.52062512955514
14.0,10,9,19,29.0483515,20.099897,18.998403,39.0983,3.0,2,2,4,9.0,16,1,17,4.5,7,1,8,48.0,90,3,93,28.8691431953919
60.0,18,23,51,137.29225,31.0645,50.9415,121.76,8.5,7,4,5,15.0,0,5,15,9.0,6,4,6,111.5,53,46,85,178.286013965246
26.0,36,8,22,55.8797,79.7606,15.9994,47.88,5.0,6,2,4,12.0,8,4,16,7.5,1,4,7,86.5,1,43,87,183.783387773467
50.5,1,50,51,120.235,3.05000000000001,118.71,121.76,5.0,0,5,5,14.5,1,14,15,5.5,1,5,6,82.5,5,80,85,50.133371559652
42.0,6,39,45,95.905675,13.99965,88.90585,102.9055,5.0,0,5,5,6.0,6,3,9,3.5,1,3,4,35.5,47,12,59,108.73310368271
43.5,9,39,48,100.658425,23.50515,88.90585,112.411,5.0,0,5,5,7.5,9,3,12,3.5,1,3,4,41.0,58,12,70,56.8926842253262
45.0,12,39,51,105.332925,32.85415,88.90585,121.76,5.0,0,5,5,9.0,12,3,15,4.5,3,3,6,48.5,73,12,85,61.6664777587597
18.0,6,15,21,37.964836,13.982148,30.973762,44.95591,3.5,1,3,4,9.0,12,3,15,5.0,4,3,7,47.0,72,11,83,97.5736820269956
24.0,6,9,21,50.9755595,12.039299,18.998403,44.95591,5.0,2,2,4,27.0,48,3,17,13.5,21,3,8,145.0,268,11,93,88.803160274273
27.5,25,15,40,61.098881,60.250238,30.973762,91.224,4.0,2,3,5,9.5,11,4,15,5.5,3,4,7,63.5,39,44,83,134.387469058386
78.5,131,13,72,191.9807695,329.998461,26.981539,178.49,7.5,9,3,6,10.5,5,4,13,6.5,3,4,5,81.5,17,45,73,113.219898710737
24.0,36,6,42,53.9755,83.929,12.011,95.94,3.5,3,2,5,10.0,8,6,14,5.5,3,4,7,63.5,27,50,77,349.847926408899
30.5,31,15,23,66.428381,70.909238,30.973762,50.9415,5.5,5,3,4,12.5,5,5,15,7.5,1,4,7,87.5,9,46,83,207.416263334493
99.0,114,14,78,237.20825,305.9035,28.0855,195.08,10.5,3,3,6,31.0,22,10,14,13.0,10,4,6,180.0,108,63,78,160.933227153692
47.0,66,14,40,105.26675,154.3625,28.0855,91.224,6.5,7,3,5,11.0,6,4,14,7.0,2,4,6,83.0,10,44,78,126.202853315743
25.5,5,14,23,53.55625,5.2295,28.0855,50.9415,5.0,2,3,4,16.5,23,5,14,8.0,8,4,6,101.0,110,46,78,174.498090186002
50.5,37,23,32,112.71725,80.2145,50.9415,72.61,8.0,8,4,4,14.5,1,5,14,9.0,6,4,6,108.5,59,46,79,183.808057246519
40.0,64,4,72,98.25718,160.46564,9.01218,178.49,5.0,2,2,6,4.0,0,2,4,4.0,0,2,4,89.5,89,45,67,128.485270228664
25.5,27,6,39,56.463925,64.88385,12.011,88.90585,4.5,1,2,5,15.5,25,3,14,8.5,11,3,7,83.0,142,12,77,112.502036460502
24.0,12,9,30,51.693403,27.393194,18.998403,65.39,4.0,0,2,4,23.0,22,12,17,10.0,12,4,8,127.5,117,69,93,95.899582805938
111.5,65,72,79,276.97327,160.01346,178.49,196.96654,9.0,6,6,6,9.5,3,4,11,6.0,4,4,4,78.0,24,45,66,133.850755056721
40.0,2,13,41,86.9254985,11.961763,26.981539,92.90638,7.0,4,3,5,22.0,34,5,13,9.5,11,4,5,133.0,172,47,73,126.895706525712
8.0,10,3,13,16.9612695,20.040539,6.941,26.981539,2.5,1,2,3,7.0,12,1,13,3.0,4,1,5,37.0,72,1,73,49.7943883705379
17.5,17,3,13,37.393039,33.140078,6.941,26.981539,6.0,0,2,3,14.5,23,1,13,6.5,7,1,5,74.5,143,1,73,39.266521853839
15.0,6,9,12,31.150903,13.691806,18.998403,24.305,3.5,1,2,3,18.0,32,2,17,9.0,14,2,8,127.0,118,68,93,102.916009206974
58.0,36,40,76,140.727,99.006,91.224,190.23,5.5,1,5,6,6.0,4,4,8,4.0,0,4,4,50.5,13,44,57,208.829600751293
48.5,19,29,39,107.998925,38.18615,63.546,88.90585,6.5,3,4,5,12.5,19,3,11,5.5,5,3,4,70.0,116,12,64,79.9975822321927
34.5,25,22,47,77.8741,59.9882,47.88,107.8682,4.5,1,4,5,7.5,7,4,11,4.0,0,4,4,54.0,22,43,65,100.511961889692
33.5,23,22,45,75.39275,55.0255,47.88,102.9055,4.5,1,4,5,6.5,5,4,9,4.0,0,4,4,51.0,16,43,59,189.534059353102
78.5,113,22,45,178.29825,260.8365,47.88,102.9055,9.5,11,4,5,15.5,23,4,9,8.0,8,4,4,110.0,134,43,59,230.485031534652
46.0,12,40,52,109.412,36.376,91.224,127.6,5.0,0,5,5,10.0,12,4,16,5.0,2,4,6,67.0,46,44,90,93.0663948516821
290.5,119,50,77,703.815,254.31,118.71,192.22,26.5,17,5,6,62.5,71,9,14,23.5,23,4,5,370.0,380,60,80,102.307231249222
214.0,352,38,78,531.51,887.78,87.62,195.08,17.5,25,5,6,26.0,48,2,10,11.0,18,2,4,161.5,307,8,63,160.630106677125
34.0,12,28,40,74.9587,32.5306,58.6934,91.224,4.5,1,4,5,7.0,6,4,10,4.0,0,4,4,52.5,17,44,61,138.492216140832
27.5,29,13,21,58.4466795,62.930281,26.981539,44.95591,5.5,5,3,4,9.5,7,3,13,5.5,1,3,5,47.5,51,11,73,70.2846905741491
62.5,71,27,49,144.2846,170.7028,58.9332,114.818,7.0,6,4,5,17.5,17,9,13,7.0,6,4,5,104.0,92,58,75,88.5359049610456
39.5,53,13,22,85.3107695,116.658461,26.981539,47.88,7.5,9,3,4,12.5,1,4,13,8.5,7,4,5,101.0,56,43,73,115.217535804764
32.0,12,13,38,70.791539,33.656922,26.981539,87.62,5.5,1,3,5,14.0,24,2,13,6.0,8,2,5,77.0,138,8,73,44.7666635943403
56.0,34,13,73,130.9462585,100.003283,26.981539,180.9479,7.5,3,3,6,22.0,34,5,13,9.5,11,4,5,133.5,171,48,73,132.791498373469
45.5,33,29,31,101.496,75.9,63.546,69.723,6.0,4,4,4,18.5,15,11,13,7.0,6,4,5,106.0,84,64,74,77.5441211430419
46.5,67,13,40,104.7147695,155.466461,26.981539,91.224,6.5,7,3,5,10.5,5,4,13,6.5,3,4,5,80.5,15,44,73,103.222249232028
30.5,37,12,49,69.5615,90.513,24.305,114.818,4.0,2,3,5,7.5,11,2,13,3.5,3,2,5,71.5,7,68,75,39.764442231624
45.5,65,13,39,102.3966195,150.830161,26.981539,88.90585,6.5,7,3,5,9.5,7,3,13,5.5,1,3,5,48.5,49,12,73,54.618769394597
41.5,75,4,79,102.98936,187.95436,9.01218,196.96654,4.0,4,2,6,6.5,9,2,11,3.0,2,2,4,66.5,1,66,67,147.929198849732
30.5,17,13,22,64.4123085,33.064617,26.981539,47.88,6.5,5,3,4,21.5,35,4,13,9.5,11,4,5,131.0,176,43,73,107.484907172271
107.0,102,56,79,265.63004,256.60608,137.327,196.96654,9.0,6,6,6,12.0,20,2,11,5.0,6,2,4,70.5,123,9,66,44.6597889956834
208.0,216,20,79,494.12808,587.47616,40.078,196.96654,22.0,4,4,6,27.0,34,2,11,13.0,6,2,4,149.5,229,7,66,41.5901318172454
75.0,142,4,73,185.45399,352.88362,9.01218,180.9479,7.0,10,2,6,6.0,8,2,5,5.0,6,2,4,81.5,29,48,67,186.817992060847
153.0,6,50,78,373.145,34.03,118.71,195.08,13.5,3,5,6,31.0,22,10,14,11.5,7,4,5,183.0,114,63,80,101.780370672443
13.0,18,4,22,28.44609,38.86782,9.01218,47.88,3.0,2,2,4,3.0,2,2,4,3.0,2,2,4,55.0,24,43,67,125.896576783553
26.0,26,13,39,57.9436945,61.924311,26.981539,88.90585,4.0,2,3,5,8.0,10,3,13,4.0,2,3,5,42.5,61,12,73,59.583134177009
120.0,234,3,79,298.92031,583.95862,6.941,196.96654,10.0,16,2,6,17.0,32,1,11,6.5,11,1,4,99.5,197,1,66,98.8092526747997
73.5,9,23,78,173.95225,42.2555,50.9415,195.08,9.0,6,4,6,12.5,5,5,10,8.0,8,4,4,100.5,75,46,63,217.710031445627
16.5,17,4,25,36.481205,36.91369,9.01218,54.93805,4.0,0,2,4,5.5,3,2,7,4.0,0,2,4,93.0,82,52,67,163.159846441264
51.5,55,12,79,122.78827,148.35654,24.305,196.96654,6.0,0,3,6,7.5,7,2,11,4.0,0,2,4,101.0,70,66,68,58.416503250352
25.0,8,21,29,54.250955,18.59009,44.95591,63.546,4.0,0,4,4,7.0,8,3,11,3.5,1,3,4,37.5,53,11,64,81.1563903443838
52.0,62,21,83,126.96814,164.02446,44.95591,208.98037,5.0,2,4,6,9.0,12,3,15,4.0,2,3,5,48.5,75,11,86,57.5666869540789
24.0,32,4,40,54.62418,73.19964,9.01218,91.224,4.5,1,2,5,4.0,0,2,4,4.0,0,2,4,89.0,90,44,67,119.495806176637
49.5,57,21,78,120.017955,150.12409,44.95591,195.08,5.0,2,4,6,6.5,7,3,10,3.5,1,3,4,37.0,52,11,63,135.979025709318
103.0,40,41,83,243.849755,69.73877,92.90638,208.98037,10.5,9,5,6,15.0,0,5,15,8.5,7,4,5,113.5,55,47,86,158.238444786782
27.0,26,14,40,59.65475,63.1385,28.0855,91.224,4.0,2,3,5,9.0,10,4,14,5.0,2,4,6,61.0,34,44,78,141.454945501108
45.0,46,22,34,102.9,110.04,47.88,78.96,6.0,4,4,4,18.0,28,4,16,9.0,10,4,7,110.5,135,43,89,16.1244480348742
52.0,76,14,45,116.94825,177.7255,28.0855,102.9055,6.5,7,3,5,16.0,4,9,14,7.0,2,4,6,98.0,40,59,78,219.868676977243
43.0,6,23,40,96.5535,10.659,50.9415,91.224,6.5,3,4,5,7.0,6,4,5,6.0,4,4,4,68.0,48,44,46,140.20138577308
29.0,4,27,31,64.3281,10.7898,58.9332,69.723,4.0,0,4,4,11.0,4,9,13,4.5,1,4,5,66.0,16,58,74,175.826844019109
91.5,133,25,79,224.435565,338.99503,54.93805,196.96654,8.0,8,4,6,14.5,15,7,11,6.0,4,4,4,92.0,80,52,66,123.701145333834
97.5,117,39,78,239.532925,301.25415,88.90585,195.08,8.5,7,5,6,11.5,17,3,10,5.5,5,3,4,69.0,114,12,63,162.397078084203
35.0,26,22,24,75.9361,56.1122,47.88,51.9961,6.0,4,4,4,8.0,8,4,6,6.0,4,4,4,70.5,55,43,49,198.906534364704
24.0,4,22,26,51.8635,7.967,47.88,55.847,4.0,0,4,4,6.0,4,4,8,4.0,0,4,4,49.0,12,43,55,193.942907254664
24.0,6,21,27,51.944555,13.97729,44.95591,58.9332,4.0,0,4,4,6.0,6,3,9,3.5,1,3,4,34.5,47,11,58,120.99641522554
77.0,8,27,73,178.87375,4.14830000000001,58.9332,180.9479,9.0,6,4,6,16.0,22,5,9,8.0,8,4,4,111.0,126,48,58,146.850755929918
34.5,27,21,48,78.683455,67.45509,44.95591,112.411,4.5,1,4,5,7.5,9,3,12,3.5,1,3,4,40.5,59,11,70,67.0415808284292
34.5,15,21,27,74.42251,30.97862,44.95591,58.9332,6.0,4,4,4,7.5,3,3,9,5.0,2,3,4,40.0,36,11,58,86.7452622983638
44.0,8,24,40,97.6081,12.7682,51.9961,91.224,6.5,3,4,5,8.0,8,4,6,6.0,4,4,4,71.0,54,44,49,181.142542435136
20.5,1,4,21,45.008405,0.104990000000001,9.01218,44.95591,7.0,6,2,4,6.5,7,2,3,6.5,7,2,3,173.0,324,11,67,108.471144069703
41.5,77,3,80,103.7655,193.649,6.941,200.59,4.0,4,2,6,6.5,11,1,12,2.5,3,1,4,36.0,70,1,71,31.4531173113638
86.5,119,27,73,210.4145,302.9626,58.9332,180.9479,8.0,8,4,6,9.5,1,5,9,6.0,4,4,4,77.0,38,48,58,221.749289190768
67.0,52,31,41,151.03769,116.26262,69.723,92.90638,8.5,7,4,5,22.0,34,5,13,9.5,11,4,5,134.5,175,47,74,122.304232911037
41.5,41,21,31,92.200955,94.49009,44.95591,69.723,6.0,4,4,4,14.5,23,3,13,6.5,7,3,5,79.5,137,11,74,80.1050137080773
26.5,9,22,31,58.8015,21.843,47.88,69.723,4.0,0,4,4,8.5,9,4,13,4.5,1,4,5,58.5,31,43,74,114.723704455297
50.5,55,23,78,123.01075,144.1385,50.9415,195.08,5.0,2,4,6,7.5,5,5,10,4.0,0,4,4,54.5,17,46,63,242.973532362449
50.5,23,31,39,114.175925,50.54015,69.723,88.90585,6.5,3,4,5,14.5,23,3,13,6.5,7,3,5,80.0,136,12,74,73.3504928890249
41.5,41,21,31,92.200955,94.49009,44.95591,69.723,6.0,4,4,4,14.5,23,3,13,6.5,7,3,5,79.5,137,11,74,73.9464720204251
40.0,66,7,73,97.47732,166.94116,14.00674,180.9479,4.0,4,2,6,10.0,10,5,15,5.5,3,4,7,65.0,34,48,82,337.658846461175
118.5,51,31,72,283.0745,147.811,69.723,178.49,12.0,0,4,6,23.5,31,4,13,11.5,7,4,5,156.0,132,45,74,116.67390187786
40.0,74,3,77,99.5805,185.279,6.941,192.22,4.0,4,2,6,5.0,8,1,9,2.5,3,1,4,30.5,59,1,60,143.874800508225
86.0,148,12,80,212.7425,376.875,24.305,200.59,7.5,9,3,6,13.0,22,2,12,5.0,6,2,4,105.0,74,68,71,40.627733658291
46.0,12,40,52,109.412,36.376,91.224,127.6,5.0,0,5,5,10.0,12,4,16,5.0,2,4,6,67.0,46,44,90,93.2992409370039
25.0,26,12,38,55.9625,63.315,24.305,87.62,4.0,2,3,5,2.0,0,2,2,2.0,0,2,2,38.0,60,8,68,19.0708673065793
45.5,77,7,28,95.04347,162.07346,14.00674,58.6934,7.0,10,2,4,22.5,15,10,15,9.5,5,4,7,132.5,101,61,82,197.020587770465
63.5,27,50,77,155.465,73.51,118.71,192.22,5.5,1,5,6,11.5,5,9,14,4.5,1,4,5,70.0,20,60,80,154.596482018873
49.0,56,21,77,118.587955,147.26409,44.95591,192.22,5.0,2,4,6,6.0,6,3,9,3.5,1,3,4,35.5,49,11,60,165.681249552673
63.0,42,28,42,136.0101,80.1402,58.6934,95.94,8.5,7,4,5,18.0,24,6,10,8.0,8,4,4,116.5,133,50,61,230.011174754409
127.0,208,23,77,313.80075,525.7185,50.9415,192.22,11.0,14,4,6,16.0,22,5,9,8.0,8,4,4,113.0,134,46,60,319.664541463601
78.0,114,21,45,176.836205,263.76059,44.95591,102.9055,9.5,11,4,5,15.0,24,3,9,7.5,9,3,4,94.0,166,11,59,184.318903290039
65.0,26,52,78,161.34,67.48,127.6,195.08,5.5,1,5,6,13.0,6,10,16,5.0,2,4,6,76.5,27,63,90,47.538570003958
128.5,211,23,78,318.09075,534.2985,50.9415,195.08,11.0,14,4,6,17.5,25,5,10,8.0,8,4,4,117.5,143,46,63,241.379142113005
89.5,101,28,39,191.186425,204.56115,58.6934,88.90585,12.5,15,4,5,26.5,47,3,10,11.5,17,3,4,158.5,293,12,61,147.90942512501
25.5,7,22,29,55.713,15.666,47.88,63.546,4.0,0,4,4,7.5,7,4,11,4.0,0,4,4,53.5,21,43,64,130.490451209989
33.5,25,21,46,75.687955,61.46409,44.95591,106.42,4.5,1,4,5,6.5,7,3,10,3.5,1,3,4,36.5,51,11,62,114.018130034359
32.5,21,22,43,72.8936,50.0272,47.88,97.9072,4.5,1,4,5,5.5,3,4,7,4.0,0,4,4,48.0,10,43,53,206.535266855816
42.0,4,40,44,96.147,9.84599999999999,91.224,101.07,5.0,0,5,5,6.0,4,4,8,4.0,0,4,4,50.0,12,44,56,185.339918309107
54.0,48,30,78,130.235,129.69,65.39,195.08,5.0,2,4,6,11.0,2,10,12,4.0,0,4,4,66.0,6,63,69,171.967602000045
33.0,20,23,43,74.42435,46.9657,50.9415,97.9072,4.5,1,4,5,6.0,2,5,7,4.0,0,4,4,49.5,7,46,53,253.946232383477
33.0,24,21,45,73.930705,57.94959,44.95591,102.9055,4.5,1,4,5,6.0,6,3,9,3.5,1,3,4,35.0,48,11,59,137.713924288377
72.5,55,45,50,170.16275,134.5145,102.9055,118.71,7.5,5,5,5,18.5,19,9,14,7.0,6,4,5,109.5,101,59,80,108.143005615668
79.5,117,21,46,182.107955,274.30409,44.95591,106.42,9.5,11,4,5,16.5,27,3,10,7.5,9,3,4,98.5,175,11,62,155.674262488307
38.0,16,30,46,85.905,41.03,65.39,106.42,4.5,1,4,5,11.0,2,10,12,4.0,0,4,4,65.5,7,62,69,139.094193866328
13.0,14,3,20,26.98,26.196,6.941,40.078,4.0,0,2,4,2.0,0,1,2,2.0,0,1,2,4.5,5,1,7,15.9849770870612
49.5,59,20,79,118.52227,156.88854,40.078,196.96654,5.0,2,4,6,6.5,9,2,11,3.0,2,2,4,36.5,59,7,66,46.8277446195271
180.0,48,12,13,368.481734,89.406532,24.305,26.981539,43.5,15,3,3,95.0,122,2,13,47.0,26,2,5,1016.0,280,68,73,49.6701642376964
61.0,32,15,77,142.570643,99.298714,30.973762,192.22,7.5,3,3,6,27.0,36,9,15,12.5,17,4,7,154.5,189,60,83,170.402068688227
135.5,191,40,77,333.942,485.436,91.224,192.22,11.5,13,5,6,15.5,23,4,9,8.0,8,4,4,112.0,136,44,60,267.248958516727
63.5,81,23,52,153.07075,204.2585,50.9415,127.6,7.0,6,4,5,18.5,27,5,16,8.0,8,4,6,113.0,134,46,90,26.4308331616387
87.5,29,51,73,212.23395,62.5721,121.76,180.9479,8.0,4,5,6,17.5,25,5,15,8.0,8,4,6,109.0,122,48,85,101.896942956343
49.5,51,8,75,117.1026,138.2088,15.9994,186.207,6.0,0,2,6,27.5,41,7,16,12.5,17,4,7,157.5,207,54,87,240.083022036528
27.0,38,8,46,61.2097,90.4206,15.9994,106.42,3.5,3,2,5,13.0,6,10,16,5.5,3,4,7,74.5,25,62,87,159.374758731494
49.0,34,32,33,111.22659,77.23318,72.61,74.92159,6.0,4,4,4,22.0,16,14,15,9.0,6,6,6,123.5,89,79,84,14.8149008421485
136.5,189,42,77,336.3,480.72,95.94,192.22,11.5,13,5,6,16.5,21,6,9,8.0,8,4,4,115.0,130,50,60,336.958408076833
148.0,164,22,46,337.87,388.46,47.88,106.42,18.5,13,4,5,31.0,38,4,10,16.0,8,4,4,219.5,181,43,62,161.78639168835
18.5,7,15,22,39.426881,16.906238,30.973762,47.88,3.5,1,3,4,9.5,11,4,15,5.5,3,4,7,63.0,40,43,83,138.54250353859
241.0,218,44,50,567.09,527.76,101.07,118.71,25.0,20,5,5,61.0,74,8,14,23.5,23,4,5,364.0,392,56,80,109.398679951168
63.5,31,48,79,154.68877,84.55554,112.411,196.96654,5.5,1,5,6,11.5,1,11,12,4.0,0,4,4,68.0,4,66,70,91.6993878752903
132.0,186,39,45,301.716675,425.62165,88.90585,102.9055,15.0,20,5,5,24.0,42,3,9,11.5,17,3,4,153.5,283,12,59,177.61967968303
53.0,54,26,40,119.1475,126.601,55.847,91.224,7.0,6,4,5,8.0,0,4,8,6.0,4,4,4,71.5,33,44,55,124.266670180497
45.0,62,14,76,109.15775,162.1445,28.0855,190.23,4.5,3,3,6,11.0,6,8,14,5.0,2,4,6,67.5,21,57,78,295.077544986597
44.5,71,3,80,110.7065,179.767,6.941,200.59,6.0,0,2,6,7.5,9,1,12,3.5,1,1,4,37.0,68,1,71,25.8496818196219
83.0,142,12,77,204.3725,360.135,24.305,192.22,7.5,9,3,6,10.0,16,2,9,5.0,6,2,4,94.0,52,60,68,196.344965674081
193.5,75,12,77,446.3125,260.695,24.305,192.22,28.5,21,3,6,26.5,1,2,9,19.0,14,2,4,532.0,704,60,68,60.2204597089323
23.5,5,13,21,49.459494,9.007168,26.981539,44.95591,5.0,2,3,4,14.5,23,3,13,6.5,7,3,5,78.5,135,11,73,87.8057106763596
42.5,59,13,72,102.7357695,151.508461,26.981539,178.49,4.5,3,3,6,8.5,9,4,13,4.5,1,4,5,59.0,28,45,73,117.126949588956
99.5,117,41,79,243.41973,301.0267,92.90638,196.96654,8.5,7,5,6,13.5,17,5,11,6.0,4,4,4,89.5,85,47,66,175.036969869195
59.5,35,42,77,144.08,96.28,95.94,192.22,5.5,1,5,6,7.5,3,6,9,4.0,0,4,4,55.0,10,50,60,310.157990483033
91.0,26,52,78,225.14,60.12,127.6,195.08,8.0,4,5,6,21.0,22,10,16,8.0,8,4,6,121.5,117,63,90,49.4292805552969
125.0,110,14,45,276.02475,271.1945,28.0855,102.9055,17.5,5,3,5,53.0,34,9,14,23.0,14,4,6,313.0,154,59,78,180.915585836693
30.5,17,13,22,64.4123085,33.064617,26.981539,47.88,6.5,5,3,4,21.5,35,4,13,9.5,11,4,5,131.0,176,43,73,105.798346052263
60.5,25,24,73,142.47005,76.9557,51.9961,180.9479,7.0,2,4,6,8.5,7,5,6,6.0,4,4,4,73.0,50,48,49,243.957761488677
80.5,119,21,28,169.211455,248.51109,44.95591,58.6934,12.0,16,4,4,26.5,47,3,10,11.5,17,3,4,158.0,294,11,61,158.696526875429
36.5,7,33,40,83.072795,16.30241,74.92159,91.224,4.5,1,4,5,9.5,11,4,15,5.0,2,4,6,64.0,40,44,84,117.973162353441
27.5,11,22,33,61.400795,27.04159,47.88,74.92159,4.0,0,4,4,9.5,11,4,15,5.0,2,4,6,63.5,41,43,84,116.118650315648
32.5,13,13,39,71.434464,34.942772,26.981539,88.90585,5.5,1,3,5,14.5,23,3,13,6.5,7,3,5,79.0,134,12,73,79.6095421342455
51.0,36,23,33,113.873045,77.90291,50.9415,74.92159,8.0,8,4,4,15.0,0,5,15,9.0,6,4,6,111.0,54,46,84,193.927343211238
73.0,14,22,80,172.115,56.95,47.88,200.59,9.0,6,4,6,12.0,0,4,12,8.0,8,4,4,100.0,58,43,71,118.553010991675
77.5,91,32,41,175.66457,206.10914,72.61,92.90638,9.5,11,4,5,14.5,1,5,14,9.0,6,4,6,110.0,62,47,79,171.240286998313
49.0,54,22,76,119.055,142.35,47.88,190.23,5.0,2,4,6,6.0,4,4,8,4.0,0,4,4,50.0,14,43,57,248.470914591527
15.5,11,5,21,33.288955,23.33391,10.811,44.95591,4.0,0,2,4,14.5,23,3,13,7.5,9,3,6,77.5,133,11,72,191.326247270597
59.5,41,39,80,144.747925,111.68415,88.90585,200.59,5.5,1,5,6,7.5,9,3,12,3.5,1,3,4,41.5,59,12,71,65.0546032629499
128.0,212,22,78,316.56,537.36,47.88,195.08,11.0,14,4,6,17.0,26,4,10,8.0,8,4,4,116.0,146,43,63,237.057095434155
51.0,30,12,33,111.37909,76.92818,24.305,74.92159,8.5,1,3,4,18.0,24,2,15,9.0,6,2,6,186.0,36,68,84,53.5637940084472
158.0,152,78,82,396.22,378.04,195.08,207.2,12.0,12,6,6,22.0,16,10,14,8.5,7,4,5,135.0,108,63,81,171.875859675453
48.5,41,23,28,105.75895,94.1311,50.9415,58.6934,8.0,8,4,4,12.5,5,5,10,8.0,8,4,4,99.5,77,46,61,200.529635009887
44.0,8,16,40,93.711,4.974,32.066,91.224,7.0,4,3,5,26.0,44,4,16,12.5,17,4,7,154.0,220,44,88,22.1754338809158
33.5,11,28,39,73.799625,30.21245,58.6934,88.90585,4.5,1,4,5,6.5,7,3,10,3.5,1,3,4,36.5,49,12,61,78.4863142841584
35.0,10,30,40,78.307,25.834,65.39,91.224,4.5,1,4,5,8.0,8,4,12,4.0,0,4,4,56.5,25,44,69,107.499738297424
35.0,42,14,28,72.73615,89.3013,28.0855,58.6934,5.5,5,3,4,17.0,6,10,14,7.0,2,4,6,100.0,44,61,78,202.756805248521
46.5,15,27,39,103.386125,28.96055,58.9332,88.90585,6.5,3,4,5,10.5,15,3,9,5.5,5,3,4,64.0,104,12,58,114.943455015017
89.0,22,50,78,216.25,42.34,118.71,195.08,8.0,4,5,6,19.0,18,10,14,7.0,6,4,5,111.5,97,63,80,93.2712908048166
53.5,61,23,28,113.51085,125.1387,50.9415,58.6934,8.0,8,4,4,17.5,25,5,10,8.0,8,4,4,114.5,137,46,61,213.092789231371
101.0,130,12,83,245.43787,345.04574,24.305,208.98037,10.5,3,3,6,18.0,24,2,15,8.0,4,2,5,188.0,32,68,86,36.5032032359315
45.5,7,21,49,102.36491,24.90618,44.95591,114.818,6.5,3,4,5,9.5,7,3,13,5.5,1,3,5,48.5,53,11,75,65.0139801752932
28.5,9,24,33,63.458845,22.92549,51.9961,74.92159,4.0,0,4,4,10.5,9,6,15,5.0,2,4,6,66.5,35,49,84,88.407798888238
93.0,126,6,39,207.8392,295.5684,12.011,88.90585,15.0,10,2,5,41.0,58,3,14,23.5,23,3,7,216.5,337,12,77,100.812005616498
19.0,6,8,22,39.9394,15.8812,15.9994,47.88,4.0,0,2,4,18.0,28,4,16,9.0,10,4,7,108.5,131,43,87,180.828051975779
99.5,41,40,79,235.31927,76.70546,91.224,196.96654,10.5,9,5,6,11.5,1,4,11,8.0,8,4,4,99.0,66,44,66,118.434464447135
44.0,76,6,41,98.91188,173.80176,12.011,92.90638,6.0,8,2,5,12.0,4,5,14,7.5,1,4,7,85.5,17,47,77,219.275854929022
62.0,44,28,40,133.6521,84.8562,58.6934,91.224,8.5,7,4,5,17.0,26,4,10,8.0,8,4,4,113.5,139,44,61,170.475819543489
34.0,10,29,39,76.225925,25.35985,63.546,88.90585,4.5,1,4,5,7.0,8,3,11,3.5,1,3,4,38.0,52,12,64,70.2421136430804
30.0,32,14,46,67.25275,78.3345,28.0855,106.42,4.0,2,3,5,12.0,4,10,14,5.0,2,4,6,70.0,16,62,78,148.947350039467
71.5,11,22,77,167.93,48.58,47.88,192.22,9.0,6,4,6,10.5,3,4,9,8.0,8,4,4,94.5,69,43,60,168.452641663873
53.5,53,27,40,120.6906,123.5148,58.9332,91.224,7.0,6,4,5,8.5,1,4,9,6.0,4,4,4,73.0,30,44,58,107.260109064159
66.5,53,31,40,150.1965,117.945,69.723,91.224,8.5,7,4,5,21.5,35,4,13,9.5,11,4,5,133.0,178,44,74,97.1007458070195
44.0,8,24,40,97.6081,12.7682,51.9961,91.224,6.5,3,4,5,8.0,8,4,6,6.0,4,4,4,71.0,54,44,49,179.398650062647
70.5,39,45,51,163.7855,84.051,102.9055,121.76,7.5,5,5,5,16.5,3,9,15,7.0,2,4,6,101.5,33,59,85,169.217728629276
45.5,11,40,51,106.492,30.536,91.224,121.76,5.0,0,5,5,9.5,11,4,15,5.0,2,4,6,64.5,41,44,85,103.708550258277
49.0,50,8,74,115.9191,135.8418,15.9994,183.84,6.0,0,2,6,27.0,42,6,16,12.5,17,4,7,156.0,210,51,87,223.438850525053
142.0,184,50,78,351.975,466.53,118.71,195.08,11.5,13,5,6,22.0,16,10,14,8.5,7,4,5,134.5,109,63,80,200.766213162048
23.5,35,6,41,52.45869,80.89538,12.011,92.90638,3.5,3,2,5,9.5,9,5,14,5.5,3,4,7,62.0,30,47,77,300.148044887863
39.0,0,13,39,84.9252335,7.96123299999999,26.981539,88.90585,7.0,4,3,5,21.0,36,3,13,9.0,12,3,5,115.5,207,12,73,72.2903611619151
54.5,67,21,44,123.547955,157.18409,44.95591,101.07,7.0,6,4,5,9.5,13,3,8,5.5,5,3,4,61.5,101,11,56,189.909545913388
86.5,131,21,76,212.707955,335.50409,44.95591,190.23,8.0,8,4,6,9.5,13,3,8,5.5,5,3,4,62.5,103,11,57,237.196495064874
133.5,207,30,79,328.14481,525.50962,65.39,196.96654,11.0,14,4,6,22.5,21,11,12,8.0,8,4,4,133.5,129,66,69,124.622772217952
180.5,271,3,79,445.99058,683.75116,6.941,196.96654,27.0,6,2,6,29.5,29,1,11,15.5,1,1,4,139.5,249,1,66,28.4174470410676
86.5,115,29,72,210.263,293.434,63.546,178.49,8.0,8,4,6,9.5,3,4,11,6.0,4,4,4,77.0,26,45,64,123.368839905996
58.0,44,12,80,136.7525,127.675,24.305,200.59,7.5,3,3,6,9.0,6,2,12,5.0,2,2,4,137.5,133,68,71,43.0128340852319
54.5,65,22,29,119.259,142.758,47.88,63.546,8.0,8,4,4,18.5,29,4,11,8.0,8,4,4,117.5,149,43,64,139.580066641873
139.0,122,50,78,334.96,279.76,118.71,195.08,13.0,14,5,6,33.0,46,10,14,12.0,16,4,5,191.5,257,63,80,59.2236768111909
93.5,107,40,49,217.839,253.23,91.224,114.818,10.0,10,5,5,21.5,35,4,13,9.5,11,4,5,134.5,181,44,75,72.3367814975407
74.0,56,46,51,174.97,137.1,106.42,121.76,7.5,5,5,5,20.0,20,10,15,8.0,8,4,6,116.0,108,62,85,84.4596244457498
54.5,47,26,31,118.632,97.818,55.847,69.723,8.0,8,4,4,18.5,11,8,13,8.5,7,4,5,119.5,91,55,74,174.305440475573
64.5,27,51,78,158.42,73.32,121.76,195.08,5.5,1,5,6,12.5,5,10,15,5.0,2,4,6,74.0,22,63,85,124.487857100031
50.5,45,14,73,118.55945,124.7769,28.0855,180.9479,6.0,0,3,6,16.5,23,5,14,8.0,8,4,6,102.0,108,48,78,185.564853907914
71.0,42,46,50,165.775,94.13,106.42,118.71,7.5,5,5,5,17.0,6,10,14,6.5,3,4,5,102.0,44,62,80,133.393521001957
54.0,52,28,40,120.5707,123.7546,58.6934,91.224,7.0,6,4,5,9.0,2,4,10,6.0,4,4,4,74.5,27,44,61,121.82879707514
43.0,6,40,46,98.822,15.196,91.224,106.42,5.0,0,5,5,7.0,6,4,10,4.0,0,4,4,53.0,18,44,62,134.034137339871
169.0,294,22,79,417.87308,739.98616,47.88,196.96654,14.0,20,4,6,24.0,40,4,11,10.0,12,4,4,153.5,221,43,66,143.784306028689
33.5,21,23,44,76.00575,50.1285,50.9415,101.07,4.5,1,4,5,6.5,3,5,8,4.0,0,4,4,51.0,10,46,56,252.416430031676
28.0,24,8,40,61.6114,59.2252,15.9994,91.224,4.5,1,2,5,18.0,28,4,16,9.0,10,4,7,109.0,130,44,87,183.05128645134
94.5,111,39,75,230.659925,283.50815,88.90585,186.207,8.5,7,5,6,8.5,11,3,7,5.5,5,3,4,60.0,96,12,54,202.848192241105
56.5,41,12,77,132.5675,119.305,24.305,192.22,7.5,3,3,6,7.5,3,2,9,5.0,2,2,4,132.0,144,60,68,75.5882537713671
17.0,8,13,21,35.9687245,17.974371,26.981539,44.95591,3.5,1,3,4,8.0,10,3,13,4.0,2,3,5,42.0,62,11,73,78.1877938010252
85.5,129,21,75,208.684955,327.45809,44.95591,186.207,8.0,8,4,6,8.5,11,3,7,5.5,5,3,4,59.5,97,11,54,225.991663657314
207.5,375,20,79,512.45535,944.7547,40.078,196.96654,17.0,26,4,6,28.5,53,2,11,11.0,18,2,4,168.5,323,7,66,98.8685256099197
103.0,146,6,22,221.5475,322.985,12.011,47.88,21.0,22,2,4,51.0,38,4,14,33.5,3,4,7,364.5,41,43,77,169.910649424218
73.0,54,46,50,171.92,131.0,106.42,118.71,7.5,5,5,5,19.0,18,10,14,7.0,6,4,5,111.0,98,62,80,80.650099702625
109.0,134,14,44,244.26825,320.0235,28.0855,101.07,14.5,11,3,5,37.0,10,8,14,17.0,2,4,6,229.0,10,56,78,232.283371258926
29.5,49,5,27,64.3387,107.0554,10.811,58.9332,5.0,6,2,4,15.5,5,9,13,7.0,2,4,6,94.0,44,58,72,246.740999431763
48.0,6,45,51,112.33275,18.8545,102.9055,121.76,5.0,0,5,5,12.0,6,9,15,5.0,2,4,6,72.0,26,59,85,134.74994902976
45.5,69,11,80,111.789884,177.600232,22.989768,200.59,4.5,3,3,6,6.5,11,1,12,2.5,3,1,4,36.5,69,2,71,16.9341468342905
35.0,26,4,22,78.01308,60.26616,9.01218,47.88,14.0,20,2,4,14.0,20,2,4,14.0,20,2,4,423.5,761,43,67,121.770353661396
167.0,82,42,52,399.11,222.58,95.94,127.6,17.5,5,5,5,41.0,46,6,16,18.0,12,4,6,255.0,210,50,90,32.9829388022978
47.5,69,13,41,106.3971495,158.831221,26.981539,92.90638,6.5,7,3,5,11.5,3,5,13,6.5,3,4,5,83.5,21,47,73,160.525371604855
63.5,49,39,44,145.522925,113.23415,88.90585,101.07,7.5,5,5,5,9.5,13,3,8,5.5,5,3,4,62.0,100,12,56,166.914128566531
58.0,52,28,32,124.3451,103.4702,58.6934,72.61,8.0,8,4,4,22.0,16,10,14,9.0,6,4,6,131.0,104,61,79,174.70867328757
36.0,16,22,28,77.2267,37.0666,47.88,58.6934,6.0,4,4,4,9.0,2,4,10,6.0,4,4,4,73.5,25,43,61,141.418273555684
27.0,26,14,40,59.65475,63.1385,28.0855,91.224,4.0,2,3,5,9.0,10,4,14,5.0,2,4,6,61.0,34,44,78,142.091231858312
228.0,324,22,78,559.52,831.76,47.88,195.08,21.0,18,4,6,31.0,38,4,10,16.0,8,4,4,222.0,186,43,63,201.513883721433
46.5,67,13,40,104.7147695,155.466461,26.981539,91.224,6.5,7,3,5,10.5,5,4,13,6.5,3,4,5,80.5,15,44,73,100.118706178194
33.5,11,14,39,72.538425,32.73485,28.0855,88.90585,5.5,1,3,5,15.5,25,3,14,7.5,9,3,6,84.0,144,12,78,84.8371882292318
54.5,29,8,23,116.41075,72.8275,15.9994,50.9415,11.0,2,2,4,47.5,65,5,16,23.5,23,4,7,286.5,297,46,87,184.854231710045
221.0,26,52,78,547.82,74.84,127.6,195.08,19.0,2,5,6,47.0,34,10,16,18.0,12,4,6,274.5,171,63,90,49.2543832984455
58.5,15,22,51,132.7,21.88,47.88,121.76,8.5,7,4,5,13.5,3,4,15,9.0,6,4,6,107.0,44,43,85,109.40500450324
71.0,62,34,40,164.052,145.656,78.96,91.224,8.5,7,4,5,26.0,44,4,16,12.5,17,4,7,155.5,223,44,89,16.4217022882466
26.5,7,15,23,56.444512,11.006024,30.973762,50.9415,5.0,2,3,4,17.5,25,5,15,9.0,10,4,7,106.0,120,46,83,152.165101961242
47.0,38,28,33,104.26829,91.14978,58.6934,74.92159,6.0,4,4,4,20.0,20,10,15,8.0,8,4,6,114.5,107,61,84,112.711993961423
51.0,66,6,21,107.92832,143.79064,12.011,44.95591,11.0,10,2,4,27.0,30,3,14,16.5,9,3,7,137.5,187,11,77,111.890569166106
137.0,142,22,52,327.02,366.76,47.88,127.6,16.0,8,4,5,38.0,52,4,16,18.0,12,4,6,244.5,231,43,90,59.6339669840788
73.5,57,45,51,173.21275,140.6145,102.9055,121.76,7.5,5,5,5,19.5,21,9,15,8.0,8,4,6,114.5,111,59,85,103.847802982027
133.5,183,14,45,299.392,430.271,28.0855,102.9055,17.0,16,3,5,43.5,3,9,14,19.0,2,4,6,264.5,61,59,78,198.723082869064
76.0,124,14,46,173.67275,291.1745,28.0855,106.42,9.0,12,3,5,22.0,16,10,14,9.0,6,4,6,132.0,108,62,78,160.832109797642
35.0,42,14,28,72.73615,89.3013,28.0855,58.6934,5.5,5,3,4,17.0,6,10,14,7.0,2,4,6,100.0,44,61,78,193.211028095485
79.0,112,23,45,179.829,257.775,50.9415,102.9055,9.5,11,4,5,16.0,22,5,9,8.0,8,4,4,111.5,131,46,59,250.717680647258
33.0,32,17,49,75.13535,79.3653,35.4527,114.818,4.0,2,3,5,15.0,4,13,17,6.5,3,5,8,84.5,19,75,94,10.2151975757329
49.0,50,8,74,115.9191,135.8418,15.9994,183.84,6.0,0,2,6,27.0,42,6,16,12.5,17,4,7,156.0,210,51,87,60.3410918608984
74.0,10,23,79,174.89552,44.14204,50.9415,196.96654,9.0,6,4,6,13.0,4,5,11,8.0,8,4,4,102.0,72,46,66,186.333587369946
153.5,161,73,78,383.09395,404.2921,180.9479,195.08,12.0,12,6,6,17.5,25,5,10,8.0,8,4,4,118.5,141,48,63,261.537622141757
78.5,11,28,73,178.51405,4.86770000000001,58.6934,180.9479,9.0,6,4,6,17.5,25,5,10,8.0,8,4,4,115.5,135,48,61,218.508028314518
217.5,345,30,45,476.48775,747.1645,65.39,102.9055,28.5,47,4,5,82.5,147,9,12,28.0,48,4,4,478.0,838,59,69,88.0678424392254
42.5,5,40,45,97.06475,11.6815,91.224,102.9055,5.0,0,5,5,6.5,5,4,9,4.0,0,4,4,51.5,15,44,59,156.347548917984
71.5,41,46,51,167.3,91.08,106.42,121.76,7.5,5,5,5,17.5,5,10,15,7.0,2,4,6,104.5,39,62,85,127.120561261972
638.5,563,46,51,1490.36,1276.08,106.42,121.76,67.5,65,5,5,152.5,95,10,15,61.0,38,4,6,917.5,645,62,85,139.795491408148
44.0,24,28,32,94.9984,44.7768,58.6934,72.61,6.0,4,4,4,17.0,6,10,14,7.0,2,4,6,100.5,43,61,79,167.604089928805
104.0,62,45,73,244.8322,127.7686,102.9055,180.9479,10.5,9,5,6,16.0,22,5,9,8.0,8,4,4,112.5,129,48,59,260.289475346872
60.5,25,24,73,142.47005,76.9557,51.9961,180.9479,7.0,2,4,6,8.5,7,5,6,6.0,4,4,4,73.0,50,48,49,243.082916470948
99.5,121,39,80,245.042925,312.27415,88.90585,200.59,8.5,7,5,6,13.5,21,3,12,5.5,5,3,4,77.0,130,12,71,64.3844355921302
57.5,69,23,46,131.89075,161.8985,50.9415,106.42,7.0,6,4,5,12.5,15,5,10,6.0,4,4,4,85.0,78,46,62,190.135945761638
101.0,44,41,79,237.84284,81.7526,92.90638,196.96654,10.5,9,5,6,13.0,4,5,11,8.0,8,4,4,103.5,75,47,66,183.763599023591
333.0,114,12,13,684.230585,250.43117,24.305,26.981539,79.5,21,3,3,218.0,344,2,13,98.0,104,2,5,1877.0,626,68,73,55.724231893707
90.5,135,23,79,222.43729,342.99158,50.9415,196.96654,8.0,8,4,6,13.5,17,5,11,6.0,4,4,4,89.0,86,46,66,126.753677432722
34.5,11,29,40,77.385,27.678,63.546,91.224,4.5,1,4,5,7.5,7,4,11,4.0,0,4,4,54.0,20,44,64,117.108117434794
63.5,19,27,73,149.40715,63.0815,58.9332,180.9479,7.0,2,4,6,11.5,13,5,9,6.0,4,4,4,82.0,68,48,58,243.377469713029
140.5,35,41,79,336.32611,115.21394,92.90638,196.96654,13.5,3,5,6,18.5,7,5,11,10.0,4,4,4,136.5,9,47,66,172.899965336042
168.0,132,51,78,414.38,341.72,121.76,195.08,14.0,8,5,6,30.0,0,10,15,12.0,0,4,6,179.5,19,63,85,135.276000263729
55.5,49,31,40,126.0855,112.725,69.723,91.224,7.0,6,4,5,10.5,5,4,13,6.5,3,4,5,81.0,14,44,74,107.114665213619
63.5,33,40,47,145.1581,74.5798,91.224,107.8682,7.5,5,5,5,9.5,3,4,11,6.0,4,4,4,76.5,23,44,65,101.290767039787
45.5,67,12,79,110.63577,172.66154,24.305,196.96654,4.5,3,3,6,6.5,9,2,11,3.0,2,2,4,67.0,2,66,68,79.4947036262841
222.5,345,50,79,551.77135,866.1227,118.71,196.96654,17.5,25,5,6,34.5,41,11,14,12.5,15,4,5,205.0,250,66,80,114.395764697118
72.0,56,44,50,169.245,136.35,101.07,118.71,7.5,5,5,5,18.0,20,8,14,7.0,6,4,5,108.0,104,56,80,117.828084408374
42.0,12,12,48,92.663,39.496,24.305,112.411,7.0,4,3,5,9.0,6,2,12,5.0,2,2,4,137.0,134,68,70,39.8842394192823
24.5,7,21,28,51.824655,13.73749,44.95591,58.6934,4.0,0,4,4,6.5,7,3,10,3.5,1,3,4,36.0,50,11,61,110.485640503523
91.5,105,39,48,213.069425,248.32715,88.90585,112.411,10.0,10,5,5,19.5,33,3,12,7.5,9,3,4,111.0,198,12,70,55.811284681931
57.5,23,23,46,129.62225,46.4045,50.9415,106.42,8.5,7,4,5,12.5,5,5,10,8.0,8,4,4,100.0,76,46,62,196.949670722107
29.0,2,28,30,62.0417,6.6966,58.6934,65.39,4.0,0,4,4,11.0,2,10,12,4.0,0,4,4,65.0,8,61,69,146.046429644494
13.5,17,5,22,29.3455,37.069,10.811,47.88,3.0,2,2,4,8.5,9,4,13,5.0,2,4,6,57.5,29,43,72,207.157860211182
91.0,58,31,40,206.559,134.226,69.723,91.224,11.5,7,4,5,19.0,14,4,13,11.0,2,4,5,140.0,16,44,74,111.816739451525
26.5,1,26,27,57.3901,3.0862,55.847,58.9332,4.0,0,4,4,8.5,1,8,9,4.0,0,4,4,56.5,3,55,58,189.179697869555
24.0,4,13,22,50.921539,6.083078,26.981539,47.88,5.0,2,3,4,15.0,22,4,13,7.0,6,4,5,94.5,103,43,73,108.559846110263
48.0,42,23,27,105.87885,93.8913,50.9415,58.9332,8.0,8,4,4,12.0,6,5,9,8.0,8,4,4,98.0,80,46,58,210.630750740839
99.5,121,13,40,222.9203085,283.951383,26.981539,91.224,14.5,11,3,5,27.5,23,4,13,15.5,1,4,5,197.5,43,44,73,108.128256248422
105.0,118,46,82,260.41,307.98,106.42,207.2,8.5,7,5,6,19.0,18,10,14,7.0,6,4,5,112.0,100,62,81,66.059428621321
38.0,32,22,27,82.8732,69.9864,47.88,58.9332,6.0,4,4,4,11.0,14,4,9,6.0,4,4,4,79.5,73,43,58,167.659240792011
86.5,13,31,40,195.8085,26.721,69.723,91.224,11.0,2,4,5,23.5,31,4,13,11.5,7,4,5,155.0,134,44,74,110.728829748378
31.5,15,12,39,68.757925,40.29585,24.305,88.90585,5.5,1,3,5,3.5,1,2,3,3.5,1,2,3,74.0,124,12,68,42.844383820091
51.0,22,31,40,115.335,48.222,69.723,91.224,6.5,3,4,5,15.0,22,4,13,7.0,6,4,5,96.0,104,44,74,99.7757618059074
48.5,35,22,31,106.6815,73.917,47.88,69.723,8.0,8,4,4,12.5,1,4,13,8.5,7,4,5,101.5,55,43,74,117.998856086092
149.0,140,73,79,369.90512,345.87716,180.9479,196.96654,12.0,12,6,6,13.0,4,5,11,8.0,8,4,4,105.0,78,48,66,202.791224747331
63.0,18,27,72,148.1782,60.6236,58.9332,178.49,7.0,2,4,6,11.0,14,4,9,6.0,4,4,4,80.5,71,45,58,156.488963921341
50.0,54,23,77,121.58075,141.2785,50.9415,192.22,5.0,2,4,6,7.0,4,5,9,4.0,0,4,4,53.0,14,46,60,272.815977673776
88.0,76,42,50,203.265,169.11,95.94,118.71,10.0,10,5,5,16.0,4,6,14,8.5,7,4,5,115.0,70,50,80,216.811518142327
56.5,41,12,77,132.5675,119.305,24.305,192.22,7.5,3,3,6,7.5,3,2,9,5.0,2,2,4,132.0,144,60,68,76.7752474336413
75.0,4,73,77,186.58395,11.2721,180.9479,192.22,6.0,0,6,6,7.0,4,5,9,4.0,0,4,4,54.0,12,48,60,273.691762590248
91.5,105,13,72,218.9623085,276.035383,26.981539,178.49,10.5,3,3,6,23.5,31,4,13,11.5,7,4,5,154.5,129,45,73,113.947332920461
61.5,45,28,39,132.493025,87.17435,58.6934,88.90585,8.5,7,4,5,16.5,27,3,10,7.5,9,3,4,97.5,171,12,61,131.957089328677
28.0,24,16,40,61.645,59.158,32.066,91.224,4.0,2,3,5,10.0,12,4,16,5.5,3,4,7,66.0,44,44,88,119.26340605477
134.0,192,38,46,309.86,444.48,87.62,106.42,15.0,20,5,5,26.0,48,2,10,11.0,18,2,4,159.0,302,8,62,107.968604749087
87.5,95,40,45,199.97025,217.4925,91.224,102.9055,10.0,10,5,5,15.5,23,4,9,8.0,8,4,4,110.5,133,44,59,211.033551178576
91.0,50,22,29,198.912,110.544,47.88,63.546,14.0,4,4,4,28.0,32,4,11,14.0,4,4,4,192.5,127,43,64,132.374941915334
109.5,57,46,81,261.82165,114.8767,106.42,204.3833,10.5,9,5,6,21.5,17,10,13,8.5,7,4,5,131.0,110,62,76,132.922872416779
323.0,602,22,78,804.26,1512.76,47.88,195.08,26.0,44,4,6,42.0,76,4,10,18.0,28,4,4,273.5,461,43,63,241.602382817281
78.5,11,28,73,178.51405,4.86770000000001,58.6934,180.9479,9.0,6,4,6,17.5,25,5,10,8.0,8,4,4,115.5,135,48,61,221.471118296921
47.0,6,22,50,107.235,22.95,47.88,118.71,6.5,3,4,5,11.0,6,4,14,6.5,3,4,5,83.0,6,43,80,115.365445978523
137.0,194,40,78,338.232,494.016,91.224,195.08,11.5,13,5,6,17.0,26,4,10,8.0,8,4,4,116.5,145,44,63,228.069246843108
94.5,111,39,50,222.517925,267.22415,88.90585,118.71,10.0,10,5,5,22.5,39,3,14,9.0,12,3,5,126.0,228,12,80,61.9185747500501
32.5,23,21,44,73.012955,56.11409,44.95591,101.07,4.5,1,4,5,5.5,5,3,8,3.5,1,3,4,33.5,45,11,56,144.19768430896
134.5,169,50,73,330.77685,424.1337,118.71,180.9479,11.5,13,5,6,14.5,1,5,14,8.5,7,4,5,112.0,64,48,80,178.659973233811
114.5,83,73,78,285.55395,209.2121,180.9479,195.08,9.0,6,6,6,12.5,15,5,10,6.0,4,4,4,87.0,78,48,63,243.07133658818
25.5,45,3,48,59.676,105.47,6.941,112.411,3.5,3,2,5,6.5,11,1,12,2.5,3,1,4,35.5,69,1,70,34.8336956556842
14.5,17,6,23,31.47625,38.9305,12.011,50.9415,3.0,2,2,4,9.5,9,5,14,5.5,3,4,7,61.5,31,46,77,306.758645206128
25.5,37,7,22,54.88337,81.75326,14.00674,47.88,5.0,6,2,4,11.5,7,4,15,7.5,1,4,7,84.0,4,43,82,179.00952916459
503.0,866,14,78,1240.69375,2200.5325,28.0855,195.08,43.5,57,3,6,95.0,50,10,14,39.0,18,4,6,573.0,366,63,78,204.889959425935
92.0,28,53,78,224.44447,58.72894,126.90447,195.08,8.0,4,5,6,22.0,24,10,17,10.0,12,4,8,127.5,129,63,96,4.08575533791597
63.5,19,27,73,149.40715,63.0815,58.9332,180.9479,7.0,2,4,6,11.5,13,5,9,6.0,4,4,4,82.0,68,48,58,221.71168151792
19.5,15,12,27,41.6191,34.6282,24.305,58.9332,3.5,1,3,4,5.5,7,2,9,3.0,2,2,4,63.0,10,58,68,77.2556364772513
65.5,43,22,29,143.199,94.878,47.88,63.546,10.0,4,4,4,20.5,25,4,11,10.0,4,4,4,139.0,106,43,64,133.111004038838
65.5,43,22,29,143.199,94.878,47.88,63.546,10.0,4,4,4,20.5,25,4,11,10.0,4,4,4,139.0,106,43,64,131.806377468409
95.5,79,14,45,210.52925,196.3745,28.0855,102.9055,13.5,3,3,5,41.5,29,9,14,18.0,12,4,6,244.5,135,59,78,179.580629196527
145.5,159,22,45,329.08375,370.8875,47.88,102.9055,18.5,13,4,5,28.5,33,4,9,16.0,8,4,4,212.0,166,43,59,205.124626233649
24.0,4,13,22,50.921539,6.083078,26.981539,47.88,5.0,2,3,4,15.0,22,4,13,7.0,6,4,5,94.5,103,43,73,108.174701065483
57.5,71,22,31,128.5245,161.289,47.88,69.723,8.0,8,4,4,21.5,35,4,13,9.5,11,4,5,132.5,179,43,74,99.693469799569
46.0,4,22,48,104.0855,16.651,47.88,112.411,6.5,3,4,5,10.0,4,4,12,6.0,4,4,4,78.0,16,43,70,91.4069981805044
28.0,24,16,40,61.645,59.158,32.066,91.224,4.0,2,3,5,10.0,12,4,16,5.5,3,4,7,66.0,44,44,88,131.037845219613
28.0,12,22,34,63.42,31.08,47.88,78.96,4.0,0,4,4,10.0,12,4,16,5.5,3,4,7,66.0,46,43,89,111.743688319474
128.5,211,23,78,318.09075,534.2985,50.9415,195.08,11.0,14,4,6,17.5,25,5,10,8.0,8,4,4,117.5,143,46,63,240.743942553926
96.5,115,39,77,236.672925,295.53415,88.90585,192.22,8.5,7,5,6,10.5,15,3,9,5.5,5,3,4,66.0,108,12,60,196.129885677965
91.0,94,22,46,207.51,223.5,47.88,106.42,11.5,7,4,5,19.0,22,4,10,10.0,4,4,4,136.0,100,43,62,156.590415618318
44.5,49,5,23,98.03425,109.5805,10.811,50.9415,10.0,4,2,4,33.5,37,5,13,18.0,12,4,6,213.0,150,46,72,278.173998010845
62.5,21,26,73,146.32095,69.2539,55.847,180.9479,7.0,2,4,6,10.5,11,5,8,6.0,4,4,4,79.0,62,48,55,228.470242117834
47.0,62,8,78,113.5394,163.0812,15.9994,195.08,5.0,2,2,6,21.0,22,10,16,9.0,10,4,7,118.5,111,63,87,45.9050036476771
37.5,13,22,31,82.7415,26.037,47.88,69.723,6.0,4,4,4,10.5,5,4,13,6.5,3,4,5,80.0,12,43,74,120.849419131651
79.5,1,40,79,189.70727,14.51854,91.224,196.96654,8.0,4,5,6,9.5,3,4,11,6.0,4,4,4,77.0,22,44,66,119.537577983129
104.0,116,46,81,257.5933,302.3466,106.42,204.3833,8.5,7,5,6,18.0,16,10,13,7.0,6,4,5,107.0,90,62,76,54.0939890997716
28.0,12,22,34,63.42,31.08,47.88,78.96,4.0,0,4,4,10.0,12,4,16,5.5,3,4,7,66.0,46,43,89,104.778397226504
136.5,195,39,78,337.072925,496.33415,88.90585,195.08,11.5,13,5,6,16.5,27,3,10,7.5,9,3,4,100.5,177,12,63,171.87760425906
60.0,24,24,72,141.2411,74.4978,51.9961,178.49,7.0,2,4,6,8.0,8,4,6,6.0,4,4,4,71.5,53,45,49,190.516359414744
119.0,62,44,50,279.135,153.99,101.07,118.71,12.5,5,5,5,29.0,26,8,14,11.5,7,4,5,176.0,128,56,80,127.080359333037
50.0,38,23,31,111.27375,83.1015,50.9415,69.723,8.0,8,4,4,14.0,2,5,13,8.5,7,4,5,106.0,64,46,74,168.27451881217
80.5,115,23,46,185.10075,268.3185,50.9415,106.42,9.5,11,4,5,17.5,25,5,10,8.0,8,4,4,116.0,140,46,62,177.638794706043
78.5,73,14,23,169.482,170.451,28.0855,50.9415,14.5,11,3,4,33.5,17,5,14,19.0,2,4,6,232.0,4,46,78,183.69435432708
59.5,41,13,40,131.6963085,101.503383,26.981539,91.224,9.5,1,3,5,23.5,31,4,13,11.5,7,4,5,153.5,131,44,73,107.901794443004
78.5,73,14,23,169.482,170.451,28.0855,50.9415,14.5,11,3,4,33.5,17,5,14,19.0,2,4,6,232.0,4,46,78,193.759280273883
36.5,25,12,49,81.714,66.208,24.305,114.818,5.5,1,3,5,8.5,9,2,13,4.5,1,2,5,105.5,61,68,75,39.9273733330007
77.0,8,27,73,178.87375,4.14830000000001,58.9332,180.9479,9.0,6,4,6,16.0,22,5,9,8.0,8,4,4,111.0,126,48,58,246.926502530262
42.0,60,6,24,90.00515,131.9663,12.011,51.9961,8.0,8,2,4,23.0,10,6,14,13.0,2,4,7,150.5,7,49,77,308.913403382965
79.5,135,12,49,184.3795,320.149,24.305,114.818,9.0,12,3,5,20.5,37,2,13,8.5,13,2,5,146.5,157,68,75,40.0691102712167
96.0,112,40,76,235.842,289.236,91.224,190.23,8.5,7,5,6,10.0,12,4,8,6.0,4,4,4,79.0,70,44,57,264.807737144459
50.5,57,22,79,122.42327,149.08654,47.88,196.96654,5.0,2,4,6,7.5,7,4,11,4.0,0,4,4,54.5,23,43,66,137.281192817226
73.0,8,23,77,172.52225,39.3955,50.9415,192.22,9.0,6,4,6,12.0,6,5,9,8.0,8,4,4,99.0,78,46,60,238.926704862789
44.0,24,28,32,94.9984,44.7768,58.6934,72.61,6.0,4,4,4,17.0,6,10,14,7.0,2,4,6,100.5,43,61,79,176.986368473582
37.0,30,22,52,87.74,79.72,47.88,127.6,4.5,1,4,5,10.0,12,4,16,5.0,2,4,6,66.5,47,43,90,87.0813988543379
34.0,12,14,40,73.6975,35.053,28.0855,91.224,5.5,1,3,5,16.0,24,4,14,8.0,8,4,6,100.0,112,44,78,124.68055219991
35.0,26,22,24,75.9361,56.1122,47.88,51.9961,6.0,4,4,4,8.0,8,4,6,6.0,4,4,4,70.5,55,43,49,196.805772541128
61.5,23,25,73,145.412,71.0718,54.93805,180.9479,7.0,2,4,6,9.5,9,5,7,6.0,4,4,4,76.0,56,48,52,242.600071514123
105.5,65,46,73,250.10395,138.3121,106.42,180.9479,10.5,9,5,6,17.5,25,5,10,8.0,8,4,4,117.0,138,48,62,214.211437803319
89.5,133,23,78,220.55075,339.2185,50.9415,195.08,8.0,8,4,6,12.5,15,5,10,6.0,4,4,4,86.0,80,46,63,246.364334590811
60.0,42,27,39,132.852725,87.89375,58.9332,88.90585,8.5,7,4,5,15.0,24,3,9,7.5,9,3,4,93.0,162,12,58,153.834872250014
57.0,24,23,45,127.865,49.919,50.9415,102.9055,8.5,7,4,5,12.0,6,5,9,8.0,8,4,4,98.5,79,46,59,216.609263119709
36.5,19,9,46,81.7076045,49.424791,18.998403,106.42,5.5,1,2,5,30.5,41,10,17,14.0,20,4,8,170.5,217,62,93,41.8560387010659
26.5,1,9,26,56.4211045,1.148209,18.998403,55.847,5.0,2,2,4,29.5,43,8,17,14.0,20,4,8,167.0,224,55,93,103.983384261757
57.5,43,12,79,134.94077,124.05154,24.305,196.96654,7.5,3,3,6,8.5,5,2,11,5.0,2,2,4,135.0,138,66,68,57.3675169969728
40.5,65,4,73,99.48613,162.92354,9.01218,180.9479,5.0,2,2,6,4.5,1,2,5,4.0,0,2,4,91.0,86,48,67,167.593683927903
99.0,108,45,51,234.09275,262.3745,102.9055,121.76,10.0,10,5,5,27.0,36,9,15,11.0,14,4,6,157.0,196,59,85,88.9138766923609
100.0,46,41,77,235.46957,86.49914,92.90638,192.22,10.5,9,5,6,12.0,6,5,9,8.0,8,4,4,100.5,81,47,60,222.785225352697
58.0,16,22,50,131.175,24.93,47.88,118.71,8.5,7,4,5,13.0,2,4,14,8.5,7,4,5,104.5,49,43,80,114.309666255843
132.0,204,30,78,325.315,519.85,65.39,195.08,11.0,14,4,6,21.0,18,10,12,8.0,8,4,4,129.0,120,63,69,213.416222607591
39.5,1,13,40,86.0843085,10.279383,26.981539,91.224,7.0,4,3,5,21.5,35,4,13,9.5,11,4,5,131.5,175,44,73,100.287278692345
63.0,34,40,46,144.434,76.028,91.224,106.42,7.5,5,5,5,9.0,2,4,10,6.0,4,4,4,75.0,26,44,62,123.411726974792
217.5,57,27,41,484.98534,144.90588,58.9332,92.90638,29.0,2,4,5,46.5,33,5,9,26.0,4,4,4,344.0,124,47,58,213.128245829526
59.0,40,39,79,142.936195,108.06069,88.90585,196.96654,5.5,1,5,6,7.0,8,3,11,3.5,1,3,4,39.0,54,12,66,86.3881391019983
136.5,197,38,47,313.4805,451.721,87.62,107.8682,15.0,20,5,5,28.5,53,2,11,11.0,18,2,4,166.5,317,8,65,59.4983888946822
52.0,56,12,80,124.6,151.98,24.305,200.59,6.0,0,3,6,8.0,8,2,12,4.0,0,2,4,103.5,65,68,71,44.5382820430981
126.0,168,30,42,276.835,361.79,65.39,95.94,16.5,23,4,5,45.0,78,6,12,16.0,24,4,4,266.5,433,50,69,102.10467777593
95.0,110,40,75,231.819,281.19,91.224,186.207,8.5,7,5,6,9.0,10,4,7,6.0,4,4,4,76.0,64,44,54,251.426967448067
34.0,26,21,47,76.412055,62.91229,44.95591,107.8682,4.5,1,4,5,7.0,8,3,11,3.5,1,3,4,38.0,54,11,65,82.1375011656246
136.0,190,41,77,334.78319,483.75362,92.90638,192.22,11.5,13,5,6,16.0,22,5,9,8.0,8,4,4,113.5,133,47,60,313.421049514519
50.0,58,21,79,120.961225,152.01063,44.95591,196.96654,5.0,2,4,6,7.0,8,3,11,3.5,1,3,4,38.5,55,11,66,102.787192456064
100.0,164,6,26,213.481,354.896,12.011,55.847,17.0,22,2,4,49.0,14,8,14,24.5,7,4,7,308.0,154,55,77,242.406511718754
85.0,70,40,50,196.191,154.962,91.224,118.71,10.0,10,5,5,13.0,2,4,14,8.5,7,4,5,106.0,52,44,80,102.550430514718
15.5,21,5,26,33.329,45.036,10.811,55.847,3.0,2,2,4,10.5,5,8,13,5.0,2,4,6,63.5,17,55,72,294.543701149353
64.0,112,8,40,144.8357,257.6726,15.9994,91.224,8.5,13,2,5,14.0,4,4,16,9.5,5,4,7,109.5,45,44,87,133.96646813237
67.0,46,30,44,148.62,95.1,65.39,101.07,8.5,7,4,5,22.0,28,8,12,8.0,8,4,4,131.5,151,56,69,137.969164306636
51.5,59,22,27,112.3398,128.9196,47.88,58.9332,8.0,8,4,4,15.5,23,4,9,8.0,8,4,4,108.5,131,43,58,194.1985265179
84.5,91,26,39,184.070425,190.32915,55.847,88.90585,12.5,15,4,5,21.5,37,3,8,11.5,17,3,4,143.5,263,12,55,104.76226363619
49.5,53,23,76,120.58575,139.2885,50.9415,190.23,5.0,2,4,6,6.5,3,5,8,4.0,0,4,4,51.5,11,46,57,283.784605384292
77.0,92,31,41,174.22107,208.99614,69.723,92.90638,9.5,11,4,5,14.0,2,5,13,8.5,7,4,5,107.5,67,47,74,165.3815177826
28.0,24,8,40,61.6114,59.2252,15.9994,91.224,4.5,1,2,5,18.0,28,4,16,9.0,10,4,7,109.0,130,44,87,109.324176534117
78.0,132,12,48,180.769,312.928,24.305,112.411,9.0,12,3,5,19.0,34,2,12,7.0,10,2,4,139.0,142,68,70,44.7712697714048
170.5,291,25,79,421.402105,732.92811,54.93805,196.96654,14.0,20,4,6,25.5,37,7,11,10.0,12,4,4,158.0,212,52,66,128.546023663027
52.0,54,25,79,125.952295,142.02849,54.93805,196.96654,5.0,2,4,6,9.0,4,7,11,4.0,0,4,4,59.0,14,52,66,116.306292468433
15.0,14,8,22,31.9397,31.8806,15.9994,47.88,3.0,2,2,4,10.0,12,4,16,5.5,3,4,7,65.0,44,43,87,236.746167508431
82.5,123,21,48,191.094455,292.27709,44.95591,112.411,9.5,11,4,5,19.5,33,3,12,7.5,9,3,4,110.5,199,11,70,61.0196614943225
19.5,7,16,23,41.50375,18.8755,32.066,50.9415,3.5,1,3,4,10.5,11,5,16,5.5,3,4,7,67.0,42,46,88,164.077486495667
30.5,5,28,33,66.807495,16.22819,58.6934,74.92159,4.0,0,4,4,12.5,5,10,15,5.0,2,4,6,72.5,23,61,84,133.800117665957
19.0,6,8,22,39.9394,15.8812,15.9994,47.88,4.0,0,2,4,18.0,28,4,16,9.0,10,4,7,108.5,131,43,87,151.649324730635
30.0,18,13,21,62.9502635,35.988707,26.981539,44.95591,6.5,5,3,4,21.0,36,3,13,9.0,12,3,5,115.0,208,11,73,84.2925359830422
56.0,24,4,22,124.48353,57.44706,9.01218,47.88,21.0,26,2,4,21.0,26,2,4,21.0,26,2,4,612.5,1053,43,67,127.079106459513
51.0,58,22,80,124.235,152.71,47.88,200.59,5.0,2,4,6,8.0,8,4,12,4.0,0,4,4,57.0,28,43,71,104.196656912881
25.0,6,14,22,52.0255,8.291,28.0855,47.88,5.0,2,3,4,16.0,24,4,14,8.0,8,4,6,99.5,113,43,78,142.542353314588
98.0,116,40,52,237.012,291.576,91.224,127.6,10.0,10,5,5,26.0,44,4,16,11.0,14,4,6,157.0,226,44,90,20.7807757340903
48.5,5,46,51,114.09,15.34,106.42,121.76,5.0,0,5,5,12.5,5,10,15,5.0,2,4,6,73.5,23,62,85,103.961412671234
54.0,50,29,79,130.25627,133.42054,63.546,196.96654,5.0,2,4,6,11.0,0,11,11,4.0,0,4,4,65.0,2,64,66,134.949674373562
56.0,14,21,49,124.842865,20.04973,44.95591,114.818,8.5,7,4,5,11.0,4,3,13,7.0,4,3,5,54.0,42,11,75,61.8485780594545
126.5,209,22,77,312.27,528.78,47.88,192.22,11.0,14,4,6,15.5,23,4,9,8.0,8,4,4,111.5,137,43,60,294.463907243315
84.5,71,40,49,194.245,158.854,91.224,114.818,10.0,10,5,5,12.5,1,4,13,8.5,7,4,5,103.5,57,44,75,96.6994630341518
29.0,30,14,44,64.57775,72.9845,28.0855,101.07,4.0,2,3,5,11.0,6,8,14,5.0,2,4,6,67.0,22,56,78,248.09245737161
19.5,7,8,23,41.47015,18.9427,15.9994,50.9415,4.0,0,2,4,18.5,27,5,16,9.0,10,4,7,110.0,128,46,87,42.1776596485008
42.0,72,6,39,94.91135,165.8007,12.011,88.90585,6.0,8,2,5,10.0,8,3,14,6.5,1,3,7,50.5,53,12,77,61.3389622340008
53.0,26,33,40,120.53359,58.61918,74.92159,91.224,6.5,3,4,5,17.0,26,4,15,8.0,8,4,6,106.0,124,44,84,109.990628721136
58.5,15,22,51,132.7,21.88,47.88,121.76,8.5,7,4,5,13.5,3,4,15,9.0,6,4,6,107.0,44,43,85,119.822379134391
66.5,5,16,23,140.54425,24.5605,32.066,50.9415,12.0,0,3,4,39.5,49,5,16,20.0,16,4,7,245.0,214,46,88,98.164368007807
26.5,25,14,39,58.495675,60.82035,28.0855,88.90585,4.0,2,3,5,8.5,11,3,14,4.5,3,3,6,45.0,66,12,78,89.4181612612309
35.0,10,15,40,76.585762,29.276476,30.973762,91.224,5.5,1,3,5,17.0,26,4,15,9.0,10,4,7,105.0,122,44,83,126.62027156316
23.0,6,13,20,47.020539,13.885078,26.981539,40.078,5.0,2,3,4,14.0,24,2,13,6.0,8,2,5,76.5,139,7,73,56.463329617296
21.0,36,3,13,43.9428085,74.003617,6.941,26.981539,5.5,7,2,3,20.0,38,1,13,8.0,14,1,5,110.0,218,1,73,64.0886202353147
19.0,6,16,22,39.973,15.814,32.066,47.88,3.5,1,3,4,10.0,12,4,16,5.5,3,4,7,65.5,45,43,88,138.036636423387
26.5,27,13,40,59.1027695,64.242461,26.981539,91.224,4.0,2,3,5,8.5,9,4,13,4.5,1,4,5,58.5,29,44,73,108.269871326404
90.5,23,51,79,220.24327,46.55346,121.76,196.96654,8.0,4,5,6,20.5,19,11,15,8.0,8,4,6,118.0,104,66,85,71.189626888333
19.0,28,5,33,42.866295,64.11059,10.811,74.92159,3.0,2,2,4,14.0,2,13,15,6.0,0,6,6,78.0,12,72,84,127.881558242294
33.0,42,12,27,71.0857,93.5614,24.305,58.9332,5.5,5,3,4,10.0,16,2,9,5.0,6,2,4,92.0,48,58,68,118.521124880602
57.5,17,22,49,129.229,28.822,47.88,114.818,8.5,7,4,5,12.5,1,4,13,8.5,7,4,5,102.0,54,43,75,108.402411980802
39.0,0,13,39,84.9252335,7.96123299999999,26.981539,88.90585,7.0,4,3,5,21.0,36,3,13,9.0,12,3,5,115.5,207,12,73,71.5568104275308
27.0,10,16,22,56.006,16.252,32.066,47.88,5.0,2,3,4,18.0,28,4,16,9.0,10,4,7,109.5,133,43,88,47.0588085943633
46.5,11,26,41,102.30019,18.78762,55.847,92.90638,6.5,3,4,5,10.5,11,5,8,6.0,4,4,4,78.5,63,47,55,195.5639847138
139.5,201,39,80,345.337925,512.86415,88.90585,200.59,11.5,13,5,6,19.5,33,3,12,7.5,9,3,4,112.5,201,12,71,59.436415165303
65.0,104,13,39,146.8495445,239.736011,26.981539,88.90585,9.0,12,3,5,11.0,4,3,13,7.0,4,3,5,54.5,37,12,73,49.3324155574276
45.5,45,23,34,104.43075,106.9785,50.9415,78.96,6.0,4,4,4,18.5,27,5,16,9.0,10,4,7,112.0,132,46,89,15.7303920146281
69.5,61,39,50,163.162925,148.51415,88.90585,118.71,7.5,5,5,5,15.5,25,3,14,6.5,7,3,5,86.0,148,12,80,58.1225569114775
37.5,15,30,45,84.14775,37.5155,65.39,102.9055,4.5,1,4,5,10.5,3,9,12,4.0,0,4,4,64.0,10,59,69,173.480837669321
14.5,15,7,22,30.94337,33.87326,14.00674,47.88,3.0,2,2,4,9.5,11,4,15,5.5,3,4,7,62.5,39,43,82,280.939374130413
15.0,2,8,14,30.04215,3.9133,15.9994,28.0855,3.5,1,2,3,23.0,18,14,16,10.0,8,6,7,126.0,96,78,87,26.0645124118906
76.0,60,46,53,180.11447,147.38894,106.42,126.90447,7.5,5,5,5,22.0,24,10,17,10.0,12,4,8,127.0,130,62,96,4.48120672817332
19.5,7,16,23,41.50375,18.8755,32.066,50.9415,3.5,1,3,4,10.5,11,5,16,5.5,3,4,7,67.0,42,46,88,147.442427331037
31.0,14,12,38,68.115,39.01,24.305,87.62,5.5,1,3,5,3.0,2,2,2,3.0,2,2,2,72.0,128,8,68,25.7125608174784
35.0,14,14,42,76.0555,39.769,28.0855,95.94,5.5,1,3,5,17.0,22,6,14,8.0,8,4,6,103.0,106,50,78,207.2884576241
46.0,52,4,72,111.77545,133.4291,9.01218,178.49,8.0,4,2,6,7.0,6,2,4,7.0,6,2,4,190.0,290,45,67,131.233035978345
51.0,52,25,77,123.579025,137.28195,54.93805,192.22,5.0,2,4,6,8.0,2,7,9,4.0,0,4,4,56.0,8,52,60,266.874637013389
64.5,51,39,45,147.358425,116.90515,88.90585,102.9055,7.5,5,5,5,10.5,15,3,9,5.5,5,3,4,65.0,106,12,59,152.480681647238
26.0,26,13,39,57.9436945,61.924311,26.981539,88.90585,4.0,2,3,5,8.0,10,3,13,4.0,2,3,5,42.5,61,12,73,64.8770714743912
87.0,96,27,39,191.785925,205.76015,58.9332,88.90585,12.5,15,4,5,24.0,42,3,9,11.5,17,3,4,151.0,278,12,58,148.059288096501
367.5,35,50,77,896.035,130.13,118.71,192.22,32.5,5,5,6,71.5,53,9,14,27.5,15,4,5,430.0,260,60,80,135.199266407287
46.5,39,27,33,104.38819,90.90998,58.9332,74.92159,6.0,4,4,4,19.5,21,9,15,8.0,8,4,6,113.0,110,58,84,131.808263948366
46.0,64,14,78,111.58275,166.9945,28.0855,195.08,4.5,3,3,6,12.0,4,10,14,5.0,2,4,6,70.5,15,63,78,174.184999286545
49.5,51,8,75,117.1026,138.2088,15.9994,186.207,6.0,0,2,6,27.5,41,7,16,12.5,17,4,7,157.5,207,54,87,238.348393141985
52.0,24,32,40,118.222,53.996,72.61,91.224,6.5,3,4,5,16.0,24,4,14,8.0,8,4,6,101.0,114,44,79,107.231363065539
84.0,126,21,49,194.704955,299.49809,44.95591,114.818,9.5,11,4,5,21.0,36,3,13,9.0,12,3,5,118.0,214,11,75,56.3490118353548
63.5,31,48,79,154.68877,84.55554,112.411,196.96654,5.5,1,5,6,11.5,1,11,12,4.0,0,4,4,68.0,4,66,70,89.7832011686795
221.0,386,14,46,506.9755,901.609,28.0855,106.42,25.5,39,3,5,59.0,62,10,14,24.0,24,4,6,357.0,402,62,78,163.277986017993
124.5,225,12,79,307.60231,566.59462,24.305,196.96654,10.5,15,3,6,17.5,31,2,11,7.0,10,2,4,133.0,130,66,68,111.000081687449
26.5,11,21,32,58.782955,27.65409,44.95591,72.61,4.0,0,4,4,8.5,11,3,14,4.5,3,3,6,45.0,68,11,79,89.2575795572627
23.0,36,5,41,51.85869,82.09538,10.811,92.90638,3.5,3,2,5,9.0,8,5,13,5.0,2,4,6,59.5,25,47,72,263.820916937412
29.5,31,14,45,65.4955,74.82,28.0855,102.9055,4.0,2,3,5,11.5,5,9,14,5.0,2,4,6,68.5,19,59,78,183.609372271842
77.0,142,6,74,189.8455,355.669,12.011,183.84,7.0,10,2,6,13.0,2,6,14,7.5,1,4,7,89.5,25,51,77,334.175445604878
16.5,23,5,28,34.7522,47.8824,10.811,58.6934,3.0,2,2,4,11.5,3,10,13,5.0,2,4,6,66.5,11,61,72,259.329259621063
69.5,19,20,79,158.60027,76.73254,40.078,196.96654,9.0,6,4,6,8.5,5,2,11,5.0,2,2,4,43.5,45,7,66,26.3573867393175
29.5,31,14,45,65.4955,74.82,28.0855,102.9055,4.0,2,3,5,11.5,5,9,14,5.0,2,4,6,68.5,19,59,78,221.451359081635
48.0,60,6,39,106.92235,141.7787,12.011,88.90585,8.0,4,2,5,24.0,36,3,14,13.5,15,3,7,127.5,207,12,77,119.621758548571
16.0,22,5,27,34.8721,48.1222,10.811,58.9332,3.0,2,2,4,11.0,4,9,13,5.0,2,4,6,65.0,14,58,72,302.639838047118
47.0,38,28,33,104.26829,91.14978,58.6934,74.92159,6.0,4,4,4,20.0,20,10,15,8.0,8,4,6,114.5,107,61,84,113.902911892637
19.0,12,13,25,40.9597945,27.956511,26.981539,54.93805,3.5,1,3,4,10.0,6,7,13,4.5,1,4,5,62.5,21,52,73,132.966489545488
124.0,220,14,78,306.66275,557.1545,28.0855,195.08,10.5,15,3,6,22.0,16,10,14,9.0,6,4,6,133.5,111,63,78,205.090150512038
71.5,91,13,39,160.340314,212.754472,26.981539,88.90585,10.5,9,3,5,17.5,17,3,13,9.5,1,3,5,91.0,110,12,73,58.4590452447438
88.0,112,32,72,214.795,284.37,72.61,178.49,8.0,8,4,6,11.0,6,4,14,7.0,2,4,6,84.5,11,45,79,132.699265905712
120.0,84,78,81,301.9233,213.6866,195.08,204.3833,9.0,6,6,6,18.0,16,10,13,7.0,6,4,5,107.5,89,63,76,65.406547187616
159.5,89,23,51,370.87375,232.3325,50.9415,121.76,20.0,0,4,5,42.5,35,5,15,22.0,4,4,6,285.0,110,46,85,89.3046065633594
88.5,99,39,46,204.082925,230.35415,88.90585,106.42,10.0,10,5,5,16.5,27,3,10,7.5,9,3,4,99.0,174,12,62,126.260405619912
17.5,9,13,22,37.4307695,20.898461,26.981539,47.88,3.5,1,3,4,8.5,9,4,13,4.5,1,4,5,58.0,30,43,73,115.053434247753
26.5,5,12,29,56.078,14.936,24.305,63.546,5.0,2,3,4,7.5,7,2,11,4.0,0,2,4,100.0,72,64,68,56.0897219046302
50.5,59,21,80,122.772955,155.63409,44.95591,200.59,5.0,2,4,6,7.5,9,3,12,3.5,1,3,4,41.0,60,11,71,75.8333814374203
77.0,70,28,42,165.3568,138.8336,58.6934,95.94,10.5,11,4,5,23.0,34,6,10,10.0,12,4,4,147.0,194,50,61,222.524823054318
49.5,45,27,72,118.7116,119.5568,58.9332,178.49,5.0,2,4,6,6.5,5,4,9,4.0,0,4,4,51.5,13,45,58,152.863737476548
30.5,51,5,28,64.0989,106.5758,10.811,58.6934,5.0,6,2,4,16.5,7,10,13,7.0,2,4,6,97.0,50,61,72,249.787047758217
58.5,29,44,73,141.00895,79.8779,101.07,180.9479,5.5,1,5,6,6.5,3,5,8,4.0,0,4,4,52.0,8,48,56,252.402875488246
49.5,55,22,77,120.05,144.34,47.88,192.22,5.0,2,4,6,6.5,5,4,9,4.0,0,4,4,51.5,17,43,60,228.357481168158
55.5,33,13,72,129.7173085,97.545383,26.981539,178.49,7.5,3,3,6,21.5,35,4,13,9.5,11,4,5,132.0,174,45,73,106.737290371687
40.5,67,7,74,98.92337,169.83326,14.00674,183.84,4.0,4,2,6,10.5,9,6,15,5.5,3,4,7,66.5,31,51,82,375.045641542159
95.5,113,39,76,234.682925,291.55415,88.90585,190.23,8.5,7,5,6,9.5,13,3,8,5.5,5,3,4,63.0,102,12,57,212.331641605824
49.5,59,4,79,121.01372,151.90564,9.01218,196.96654,8.0,4,2,6,10.5,1,2,11,7.0,6,2,4,200.5,269,66,67,137.578070667982
53.5,47,15,77,127.083762,130.272476,30.973762,192.22,6.0,0,3,6,19.5,21,9,15,9.0,10,4,7,113.0,106,60,83,193.227994301503
42.5,19,26,33,93.307795,36.77241,55.847,74.92159,6.0,4,4,4,15.5,1,8,15,7.0,2,4,6,97.0,26,55,84,140.235598875139
87.0,118,28,73,210.2946,303.2024,58.6934,180.9479,8.0,8,4,6,10.0,0,5,10,6.0,4,4,4,78.5,35,48,61,215.28223896963
19.0,6,8,22,39.9394,15.8812,15.9994,47.88,4.0,0,2,4,18.0,28,4,16,9.0,10,4,7,108.5,131,43,87,68.4407561290567
45.5,13,39,52,108.252925,38.69415,88.90585,127.6,5.0,0,5,5,9.5,13,3,16,4.5,3,3,6,51.0,78,12,90,60.1086517284804
284.5,161,51,73,695.88975,417.6995,121.76,180.9479,25.0,10,5,6,42.5,35,5,15,22.0,4,4,6,290.0,100,48,85,106.688208205157
65.5,29,40,51,152.104,60.688,91.224,121.76,7.5,5,5,5,11.5,7,4,15,7.0,2,4,6,86.5,3,44,85,106.454734070296
25.0,6,22,28,53.2867,10.8134,47.88,58.6934,4.0,0,4,4,7.0,6,4,10,4.0,0,4,4,52.0,18,43,61,152.563333358559
91.5,105,39,48,213.069425,248.32715,88.90585,112.411,10.0,10,5,5,19.5,33,3,12,7.5,9,3,4,111.0,198,12,70,55.4386299267069
45.0,58,8,74,107.9194,151.8412,15.9994,183.84,5.0,2,2,6,19.0,26,6,16,9.0,10,4,7,112.5,123,51,87,228.807004593977
6.0,2,5,7,12.40887,3.19574,10.811,14.00674,2.0,0,2,2,14.0,2,13,15,6.5,1,6,7,77.0,10,72,82,372.748
17.0,18,8,26,35.7663666666667,39.8476,15.9994,55.847,3.0,2,2,4,13.6666666666667,9,8,17,6.33333333333333,4,4,8,78.6666666666667,39,55,94,27.6379018325329
51.3333333333333,54,25,79,123.538196666667,142.02849,54.93805,196.96654,5.0,2,4,6,10.6666666666667,7,7,14,4.33333333333333,1,4,5,66.0,28,52,80,80.0316048656363
42.6666666666667,74,14,44,95.3575,174.0545,28.0855,101.07,5.66666666666667,7,3,5,12.6666666666667,2,8,14,6.0,2,4,6,81.6666666666667,23,55,78,236.770956507563
22.6666666666667,38,3,41,49.28186,85.96538,6.941,92.90638,4.33333333333333,1,2,5,18.0,47,1,16,8.66666666666667,20,1,7,103.0,260,1,87,102.393793477469
157.0,279,21,50,362.281403333333,667.30409,44.95591,118.71,19.3333333333333,6,4,5,43.0,81,3,14,19.0,27,3,5,267.666666666667,469,11,80,112.526406142515
27.3333333333333,46,7,53,62.9304033333333,112.89773,14.00674,126.90447,3.66666666666667,3,2,5,12.0,13,4,17,6.33333333333333,4,4,8,73.6666666666667,53,43,96,23.8515310169862
33.6666666666667,28,22,50,76.712,70.83,47.88,118.71,4.33333333333333,1,4,5,9.66666666666667,10,4,14,4.33333333333333,1,4,5,62.3333333333333,37,43,80,102.809176053413
33.3333333333333,46,7,53,77.3784033333333,112.89773,14.00674,126.90447,4.0,3,2,5,12.0,13,4,17,6.33333333333333,4,4,8,74.0,52,44,96,19.3023070351842
25.0,55,3,29,54.0395,120.151,6.941,63.546,4.33333333333333,6,2,4,12.3333333333333,13,1,14,5.0,5,1,6,69.0,77,1,78,104.064291232528
15.3333333333333,15,7,22,32.44648,33.87326,14.00674,47.88,3.0,2,2,4,12.0,13,4,17,6.33333333333333,4,4,8,73.0,51,43,94,29.0176435153604
32.3333333333333,34,12,46,73.2102833333333,82.115,24.305,106.42,4.33333333333333,2,3,5,5.0,8,2,10,3.0,2,2,4,47.3333333333333,56,12,68,70.1809317851633
30.6666666666667,39,12,51,69.8703333333333,97.455,24.305,121.76,4.0,2,3,5,9.33333333333333,13,2,15,4.0,4,2,6,72.3333333333333,21,64,85,67.6102881387597
37.3333333333333,23,8,47,82.92426,59.87,15.9994,107.8682,5.33333333333333,1,2,5,21.3333333333333,43,5,16,9.66666666666667,17,4,7,124.333333333333,214,47,87,190.271864690305
31.3333333333333,33,8,49,70.1209333333333,82.8192,15.9994,114.818,4.33333333333333,1,2,5,18.6666666666667,21,11,16,7.66666666666667,10,4,7,104.333333333333,110,64,87,120.799033048173
22.0,13,8,29,46.83357,31.5472,15.9994,63.546,4.0,0,2,4,15.3333333333333,29,3,16,7.0,11,3,7,83.0,163,11,87,135.379559133619
63.3333333333333,106,8,46,141.111866666667,255.2624,15.9994,106.42,9.0,7,2,5,32.0,62,2,16,14.0,26,2,7,180.333333333333,341,7,87,165.799200241426
42.6666666666667,39,7,46,95.0802966666667,92.41326,14.00674,106.42,6.33333333333333,3,2,5,15.3333333333333,6,7,15,7.66666666666667,3,4,7,100.0,74,52,82,158.386686794316
50.6666666666667,22,17,46,108.809133333333,35.3908,35.4527,106.42,8.33333333333333,7,3,5,26.6666666666667,66,1,17,12.6666666666667,30,1,8,148.0,370,3,94,12.6954702192626
139.0,378,12,78,343.559587333333,951.095,24.305,195.08,12.0,27,3,6,22.3333333333333,13,2,15,9.66666666666667,5,2,7,155.333333333333,232,63,83,197.569525302931
128.666666666667,14,47,80,307.981426666667,15.1464,107.8682,200.59,12.0,14,5,6,34.0,46,11,17,14.6666666666667,28,4,8,195.0,254,65,96,10.7772137644838
35.6666666666667,7,24,31,77.8043666666667,17.7269,51.9961,69.723,5.33333333333333,4,4,4,11.6666666666667,7,6,13,5.66666666666667,3,4,5,77.6666666666667,25,49,74,243.946047750054
22.0,2,8,22,45.3187333333333,0.118199999999995,15.9994,47.88,4.66666666666667,2,2,4,18.0,46,2,16,9.0,19,2,7,103.666666666667,254,7,87,171.994666522876
37.0,47,3,50,84.2476666666667,111.769,6.941,118.71,5.0,3,2,5,12.3333333333333,13,1,14,4.66666666666667,4,1,5,69.6666666666667,79,1,80,74.2620286014076
46.3333333333333,59,13,72,107.779313,151.508461,26.981539,178.49,5.66666666666667,3,3,6,11.6666666666667,9,4,13,5.66666666666667,3,4,5,78.0,28,45,73,172.350258487522
85.6666666666667,226,5,77,210.80897,565.849,10.811,192.22,8.0,16,2,6,14.3333333333333,10,3,13,7.0,3,3,6,87.6666666666667,61,11,72,238.490279692232
24.0,13,8,29,51.4926666666667,31.5472,15.9994,63.546,4.0,0,2,4,17.3333333333333,23,9,16,7.33333333333333,10,4,7,98.6666666666667,116,58,87,211.104094108433
44.6666666666667,10,29,39,100.76501,25.35985,63.546,88.90585,5.66666666666667,3,4,5,14.6666666666667,27,3,15,6.33333333333333,9,3,6,81.3333333333333,156,12,84,89.4316722096456
22.0,13,8,29,46.83357,31.5472,15.9994,63.546,4.0,0,2,4,15.3333333333333,29,3,16,7.0,11,3,7,83.0,163,11,87,137.731775638901
70.6666666666667,112,24,34,159.843366666667,263.8439,51.9961,78.96,9.33333333333333,0,4,4,28.6666666666667,58,6,16,13.3333333333333,20,4,7,171.666666666667,307,49,89,68.5333159538184
94.0,38,34,49,219.295666666667,86.204,78.96,114.818,10.3333333333333,6,4,5,34.0,52,12,16,14.0,24,4,7,192.0,286,70,89,23.3903206034103
94.0,38,34,49,219.295666666667,86.204,78.96,114.818,10.3333333333333,6,4,5,34.0,52,12,16,14.0,24,4,7,192.0,286,70,89,25.4671088335287
23.6666666666667,13,8,29,50.4639333333333,31.5472,15.9994,63.546,4.0,0,2,4,17.0,24,8,16,7.33333333333333,10,4,7,97.6666666666667,119,55,87,143.330517032922
43.0,58,8,82,102.046566666667,159.2018,15.9994,207.2,5.33333333333333,0,2,6,22.3333333333333,43,5,16,10.0,17,4,7,129.333333333333,215,46,87,54.4058472675033
98.6666666666667,77,53,82,240.272946666667,173.51341,126.90447,207.2,9.0,9,5,6,22.0,50,1,17,10.0,23,1,8,124.666666666667,283,5,96,10.220518345988
21.6666666666667,27,8,35,47.9278,63.9046,15.9994,79.904,3.33333333333333,2,2,4,12.3333333333333,13,4,17,6.33333333333333,4,4,8,75.0,52,43,95,14.8330783247431
39.6666666666667,20,30,50,91.00195,53.32,65.39,118.71,4.66666666666667,1,4,5,9.66666666666667,11,3,14,4.0,2,3,5,53.6666666666667,68,12,80,64.2668143505737
43.3333333333333,38,7,45,94.8177466666667,88.89876,14.00674,102.9055,6.33333333333333,3,2,5,16.0,9,8,15,7.66666666666667,3,4,7,102.0,83,55,82,199.905578811297
30.6666666666667,54,6,22,65.2491666666667,119.618,12.011,47.88,6.33333333333333,8,2,4,18.0,30,4,14,10.6666666666667,2,4,7,120.333333333333,51,43,78,184.068619371713
23.0,4,9,23,49.0116696666667,6.05370900000001,18.998403,50.9415,4.66666666666667,2,2,4,19.0,50,1,17,9.66666666666667,23,1,8,109.333333333333,276,3,93,67.8243592760801
22.0,2,8,22,45.3187333333333,0.118199999999995,15.9994,47.88,4.66666666666667,2,2,4,18.0,46,2,16,9.0,19,2,7,103.666666666667,254,7,87,174.769431965529
29.0,10,9,37,64.4681696666667,28.472591,18.998403,85.4678,5.0,1,2,5,19.0,50,1,17,9.66666666666667,23,1,8,109.666666666667,275,4,93,64.8041201647709
36.6666666666667,30,13,56,82.487026,83.363922,26.981539,137.327,6.0,0,3,6,18.6666666666667,26,2,14,8.0,10,2,6,103.666666666667,147,9,78,42.0658565562111
18.3333333333333,12,8,28,37.8939893333333,26.6946,15.9994,58.6934,3.66666666666667,0,2,4,14.3333333333333,31,1,16,6.33333333333333,13,1,7,79.0,172,2,87,99.7832473982099
23.0,1,8,25,47.6714166666667,6.93985,15.9994,54.93805,4.66666666666667,2,2,4,19.0,46,2,16,9.0,19,2,7,106.666666666667,254,7,87,146.72527027267
42.6666666666667,58,8,82,101.026066666667,159.2018,15.9994,207.2,5.33333333333333,0,2,6,22.0,44,4,16,10.0,17,4,7,128.333333333333,218,43,87,170.98070679521
70.0,129,15,72,169.904587333333,326.006238,30.973762,178.49,6.66666666666667,9,3,6,12.6666666666667,22,4,15,7.0,1,4,7,86.0,5,45,85,123.597881598539
13.0,2,12,14,26.4573463333333,3.7805,24.305,28.0855,3.0,0,3,3,9.66666666666667,12,2,14,4.33333333333333,4,2,6,73.0,10,68,78,68.2049064201082
10.6666666666667,10,3,13,21.9737796666667,20.040539,6.941,26.981539,3.0,1,2,3,15.3333333333333,31,1,16,6.66666666666667,13,1,7,82.6666666666667,173,1,87,142.009702856008
34.0,32,8,56,77.7350666666667,89.3288,15.9994,137.327,5.33333333333333,0,2,6,18.0,46,2,16,9.0,19,2,7,104.333333333333,252,9,87,105.530624143152
24.3333333333333,47,3,50,55.243,111.769,6.941,118.71,3.66666666666667,3,2,5,5.66666666666667,13,1,14,2.66666666666667,4,1,5,29.3333333333333,79,1,80,32.8082046346105
63.3333333333333,65,39,52,150.658016666667,166.29415,88.90585,127.6,6.66666666666667,0,5,5,15.3333333333333,29,3,16,6.33333333333333,9,3,6,85.6666666666667,168,12,90,41.382967985598
70.0,88,24,34,158.559733333333,211.8478,51.9961,78.96,9.33333333333333,0,4,4,28.0,52,6,16,13.3333333333333,24,4,7,169.666666666667,258,49,89,48.5929449666774
45.3333333333333,26,21,47,103.58137,62.91229,44.95591,107.8682,5.66666666666667,3,4,5,15.3333333333333,29,3,16,7.0,11,3,7,84.6666666666667,167,11,89,62.4852469044668
43.3333333333333,26,25,51,98.18815,66.82195,54.93805,121.76,5.66666666666667,3,4,5,13.3333333333333,8,7,15,6.0,2,4,6,84.3333333333333,33,52,85,150.006661607443
26.0,48,4,56,61.1216133333333,119.30264,9.01218,137.327,4.66666666666667,2,2,6,12.0,26,2,15,6.66666666666667,10,2,7,102.333333333333,155,9,82,98.357639097862
30.3333333333333,31,8,47,66.1868,75.8694,15.9994,107.8682,4.33333333333333,1,2,5,17.6666666666667,22,10,16,7.33333333333333,10,4,7,100.0,113,61,87,124.372927642925
43.0,44,14,72,99.4023333333333,122.319,28.0855,178.49,5.33333333333333,0,3,6,14.3333333333333,24,4,14,6.66666666666667,8,4,6,88.3333333333333,111,45,78,135.422553921245
11.3333333333333,2,5,12,23.3163333333333,2.683,10.811,24.305,3.66666666666667,1,2,3,18.6666666666667,26,2,14,9.33333333333333,12,2,7,122.0,86,68,77,157.978944702899
15.6666666666667,14,8,22,33.1107,31.8806,15.9994,47.88,3.0,2,2,4,12.3333333333333,13,4,17,6.33333333333333,4,4,8,74.6666666666667,51,43,94,21.3819135400328
58.0,8,9,46,130.448672666667,7.570418,18.998403,106.42,9.0,7,2,5,38.0,100,1,17,18.0,46,1,8,209.333333333333,550,4,93,16.5080709450554
16.6666666666667,15,9,12,34.7633256666667,32.690209,18.998403,24.305,4.0,3,2,3,18.0,50,1,17,9.0,23,1,8,116.333333333333,277,2,93,69.6235122780328
22.0,24,5,29,46.163,52.735,10.811,63.546,4.0,2,2,4,18.6666666666667,21,11,16,8.0,10,4,7,104.0,112,64,88,114.222502126163
24.6666666666667,16,13,29,51.5531796666667,36.564461,26.981539,63.546,4.33333333333333,2,3,4,18.6666666666667,21,11,16,7.66666666666667,10,4,7,104.333333333333,112,64,88,80.4427632081368
30.6666666666667,34,13,47,66.3272463333333,80.886661,26.981539,107.8682,4.66666666666667,1,3,5,18.6666666666667,21,11,16,7.66666666666667,10,4,7,104.666666666667,111,65,88,63.3972743551134
45.3333333333333,42,8,74,104.4092,119.8424,15.9994,183.84,6.0,2,2,6,27.3333333333333,58,6,16,12.0,24,4,7,156.0,297,51,87,142.034798727838
140.0,162,40,78,328.648,352.264,91.224,195.08,15.3333333333333,4,5,6,21.3333333333333,6,4,15,13.3333333333333,8,4,6,165.666666666667,94,44,85,119.093659233465
42.6666666666667,34,13,47,97.589913,80.886661,26.981539,107.8682,5.33333333333333,2,3,5,18.6666666666667,21,11,16,7.66666666666667,10,4,7,105.333333333333,113,65,89,51.8846776210822
54.6666666666667,91,13,52,130.016579666667,228.218461,26.981539,127.6,6.0,7,3,5,18.6666666666667,21,11,16,7.0,8,4,6,106.0,115,65,90,42.3605357730243
107.666666666667,274,6,73,262.268713,687.7586,12.011,180.9479,11.0,18,2,6,25.0,22,5,14,14.0,5,4,7,165.333333333333,39,48,77,237.472464667563
35.3333333333333,32,8,56,80.3907333333333,89.3288,15.9994,137.327,5.33333333333333,0,2,6,19.3333333333333,46,2,16,9.0,19,2,7,108.333333333333,252,9,87,116.123018432921
34.6666666666667,20,9,47,76.7511363333333,50.872991,18.998403,107.8682,5.0,1,2,5,24.6666666666667,40,11,17,10.6666666666667,20,4,8,137.666666666667,214,65,93,80.5992380408322
19.3333333333333,8,9,19,40.1328363333333,17.896909,18.998403,39.0983,4.33333333333333,2,2,4,18.0,50,1,17,9.0,23,1,8,116.666666666667,276,3,93,64.07587782546
28.6666666666667,59,7,22,61.5427596666667,129.63326,14.00674,47.88,5.66666666666667,10,2,4,13.3333333333333,3,4,15,8.0,5,4,7,94.6666666666667,47,43,82,163.271039331561
84.6666666666667,24,17,78,192.9106,17.6362,35.4527,195.08,11.3333333333333,12,3,6,38.0,100,1,17,18.0,46,1,8,211.666666666667,556,4,94,10.9710542356039
21.6666666666667,25,13,38,47.5623463333333,60.638461,26.981539,87.62,3.66666666666667,2,3,5,9.66666666666667,12,2,14,4.33333333333333,4,2,6,53.0,70,8,78,52.2877491718578
44.3333333333333,59,8,83,104.27519,160.98217,15.9994,208.98037,5.33333333333333,0,2,6,23.6666666666667,40,8,16,10.0,17,4,7,134.0,206,55,87,109.105961814304
41.3333333333333,20,32,52,97.1446666666667,54.99,72.61,127.6,4.66666666666667,1,4,5,11.3333333333333,12,4,16,5.33333333333333,2,4,6,71.0,46,44,90,58.0588072126988
80.6666666666667,23,35,82,193.272476666667,32.512,79.904,207.2,8.0,6,4,6,22.0,50,1,17,10.0,23,1,8,123.666666666667,280,5,95,12.8698171918764
26.6666666666667,22,8,38,58.4886,55.6212,15.9994,87.62,4.33333333333333,1,2,5,14.0,30,2,16,6.66666666666667,12,2,7,79.0,166,8,87,100.593581398736
48.0,75,8,83,117.294746666667,192.98097,15.9994,208.98037,4.33333333333333,4,2,6,16.0,2,15,17,6.66666666666667,3,5,8,89.6666666666667,10,86,96,16.9538487446281
44.6666666666667,48,8,72,104.702733333333,130.4918,15.9994,178.49,5.66666666666667,0,2,6,18.0,46,2,16,9.0,19,2,7,104.666666666667,253,8,87,163.237383618569
21.3333333333333,42,3,45,47.2817666666667,95.9645,6.941,102.9055,3.66666666666667,1,2,5,14.0,31,1,16,6.33333333333333,13,1,7,78.0,173,1,87,121.26436117979
30.0,29,8,45,66.1501,70.9067,15.9994,102.9055,4.33333333333333,1,2,5,17.3333333333333,23,9,16,7.33333333333333,10,4,7,99.0,115,59,87,163.962272022887
62.0,6,28,50,139.514933333333,1.3232,58.6934,118.71,7.66666666666667,3,4,5,14.0,6,4,14,7.0,3,4,5,96.6666666666667,8,44,80,132.544840420073
47.3333333333333,75,13,44,107.342639666667,175.158461,26.981539,101.07,6.0,7,3,5,11.3333333333333,8,5,13,5.66666666666667,3,4,5,77.3333333333333,26,47,73,230.519133990893
20.6666666666667,30,3,33,45.9031966666667,67.98059,6.941,74.92159,3.33333333333333,2,2,4,8.0,14,1,15,3.66666666666667,5,1,6,46.6666666666667,83,1,84,67.746982140052
30.0,14,13,27,65.263613,31.951661,26.981539,58.9332,5.0,1,3,4,12.0,1,7,13,5.66666666666667,1,4,5,78.3333333333333,31,52,73,158.727352903118
104.666666666667,74,46,83,256.04258,205.12074,106.42,208.98037,9.33333333333333,2,5,6,17.3333333333333,28,2,15,6.66666666666667,8,2,5,101.666666666667,163,9,86,59.9444365777928
64.0,44,29,34,145.527333333333,109.788,63.546,78.96,8.0,0,4,4,28.0,26,11,16,11.6666666666667,13,4,7,158.0,139,64,89,59.9224336942105
68.0,75,6,81,161.037283333333,192.3723,12.011,204.3833,7.66666666666667,4,2,6,12.0,5,3,14,7.0,2,3,7,63.0,41,12,77,75.1091876444251
22.6666666666667,25,8,41,49.298316,60.90758,15.9994,92.90638,4.0,1,2,5,12.6666666666667,31,1,16,6.33333333333333,13,1,7,74.3333333333333,172,2,87,145.548541590368
33.3333333333333,37,12,49,76.0096166666667,90.513,24.305,114.818,4.33333333333333,2,3,5,6.0,11,2,13,3.33333333333333,3,2,5,51.6666666666667,63,12,75,53.9375172331698
43.3333333333333,46,26,72,102.315666666667,122.643,55.847,178.49,4.66666666666667,2,4,6,8.66666666666667,10,4,14,4.66666666666667,2,4,6,59.6666666666667,34,45,79,197.173059456218
88.0,98,29,52,209.534,255.708,63.546,127.6,9.33333333333333,7,4,5,28.0,26,11,16,10.3333333333333,10,4,6,159.333333333333,142,64,90,45.7393567548013
27.0,27,12,39,59.5336166666667,64.60085,24.305,88.90585,4.0,2,3,5,5.66666666666667,10,2,12,3.0,2,2,4,49.6666666666667,57,12,69,54.6209617261545
27.3333333333333,27,12,39,60.97795,64.60085,24.305,88.90585,4.0,2,3,5,6.0,11,2,13,3.33333333333333,3,2,5,51.3333333333333,62,12,74,59.6858021661125
18.6666666666667,19,11,30,39.78451,42.400232,22.989768,65.39,3.33333333333333,1,3,4,9.33333333333333,14,1,15,4.0,6,1,7,51.3333333333333,81,2,83,44.102970658977
45.3333333333333,44,6,50,104.389666666667,106.699,12.011,118.71,5.66666666666667,3,2,5,12.0,6,4,14,6.66666666666667,1,4,7,81.6666666666667,8,44,80,127.339082928159
24.6666666666667,22,11,33,54.433786,51.931822,22.989768,74.92159,3.66666666666667,1,3,4,9.33333333333333,14,1,15,3.66666666666667,5,1,6,51.6666666666667,82,2,84,38.851340103917
66.0,150,8,83,160.67518,385.96194,15.9994,208.98037,6.33333333333333,8,2,6,26.0,2,15,16,10.3333333333333,4,5,7,144.666666666667,84,86,88,44.3636708017333
69.0,120,6,72,161.989539,308.936,12.011,178.49,9.66666666666667,4,2,6,34.3333333333333,48,4,14,17.0,20,4,7,205.666666666667,218,45,77,196.711948812849
59.3333333333333,58,8,82,144.562733333333,159.2018,15.9994,207.2,6.0,0,2,6,22.0,44,4,16,10.0,17,4,7,129.0,216,45,87,167.439973164102
44.6666666666667,48,8,72,104.702733333333,130.4918,15.9994,178.49,5.66666666666667,0,2,6,18.0,46,2,16,9.0,19,2,7,104.666666666667,253,8,87,152.285445699734
42.6666666666667,58,8,82,101.026066666667,159.2018,15.9994,207.2,5.33333333333333,0,2,6,22.0,44,4,16,10.0,17,4,7,128.333333333333,218,43,87,62.5051778450484
33.0,43,6,49,74.1963333333333,102.807,12.011,114.818,5.0,3,2,5,11.6666666666667,6,4,14,6.66666666666667,1,4,7,79.3333333333333,9,43,77,126.888218304094
33.6666666666667,21,3,27,71.542,45.0512,6.941,58.9332,6.66666666666667,0,2,4,26.3333333333333,66,1,17,12.6666666666667,30,1,8,145.333333333333,374,1,94,24.9623422799455
34.0,74,6,40,75.5083333333333,170.437,12.011,91.224,5.0,8,2,5,12.6666666666667,8,4,16,7.33333333333333,1,4,7,84.3333333333333,0,44,88,165.00914873165
22.0,38,6,22,46.6123333333333,83.749,12.011,47.88,4.33333333333333,6,2,4,12.6666666666667,8,4,16,7.33333333333333,1,4,7,83.6666666666667,2,43,88,179.802607478089
16.6666666666667,7,8,23,35.3100226666667,18.9427,15.9994,50.9415,3.66666666666667,0,2,4,12.6666666666667,31,1,16,6.33333333333333,13,1,7,74.0,172,2,87,114.178662720262
17.6666666666667,10,8,26,36.9451893333333,23.8482,15.9994,55.847,3.66666666666667,0,2,4,13.6666666666667,31,1,16,6.33333333333333,13,1,7,77.0,172,2,87,114.253857301657
33.3333333333333,29,21,50,75.7373033333333,73.75409,44.95591,118.71,4.33333333333333,1,4,5,9.33333333333333,11,3,14,4.0,2,3,5,51.6666666666667,69,11,80,84.1782363798332
23.3333333333333,22,11,33,51.252786,51.931822,22.989768,74.92159,3.66666666666667,1,3,4,8.0,14,1,15,3.66666666666667,5,1,6,47.0,82,2,84,50.1405377582202
29.3333333333333,14,8,38,63.8217333333333,39.6218,15.9994,87.62,5.0,1,2,5,19.3333333333333,46,2,16,9.0,19,2,7,108.0,253,8,87,131.382746837627
40.0,26,9,28,83.626806,55.297018,18.998403,58.6934,8.0,8,2,4,38.0,100,1,17,18.0,46,1,8,208.333333333333,552,3,93,17.0272991899606
45.6666666666667,43,6,49,104.21392,102.807,12.011,114.818,5.66666666666667,3,2,5,12.3333333333333,4,5,14,6.66666666666667,1,4,7,82.0,17,47,77,158.081619535735
33.6666666666667,9,30,39,75.6352833333333,23.51585,65.39,88.90585,4.33333333333333,1,4,5,9.66666666666667,11,3,14,4.33333333333333,3,3,6,53.3333333333333,67,12,79,76.29809789782
37.6666666666667,65,13,78,89.980513,168.098461,26.981539,195.08,4.33333333333333,3,3,6,9.0,9,4,13,4.33333333333333,1,4,5,59.6666666666667,30,43,73,161.534154851449
26.6666666666667,27,12,39,58.91895,64.60085,24.305,88.90585,4.0,2,3,5,5.33333333333333,9,2,11,3.0,2,2,4,48.0,56,12,68,59.5735038096473
25.3333333333333,15,8,31,55.0892666666667,37.7242,15.9994,69.723,4.0,0,2,4,18.6666666666667,21,11,16,7.66666666666667,10,4,7,104.0,110,64,87,151.259622249538
57.3333333333333,82,20,51,131.158033333333,203.442,40.078,121.76,7.33333333333333,2,4,5,15.3333333333333,28,2,15,7.33333333333333,10,2,6,93.6666666666667,163,7,85,35.0499080372321
27.6666666666667,25,13,38,62.4038463333333,60.638461,26.981539,87.62,4.0,2,3,5,9.66666666666667,12,2,14,4.33333333333333,4,2,6,53.3333333333333,71,8,79,46.5861485418721
37.6666666666667,2,6,26,79.5862433333333,7.803,12.011,55.847,8.0,4,2,4,24.3333333333333,47,3,14,13.6666666666667,19,3,7,132.0,275,11,77,178.041297533871
36.3333333333333,39,12,51,84.1616666666667,97.455,24.305,121.76,4.33333333333333,2,3,5,9.0,13,2,15,4.0,4,2,6,71.6666666666667,23,62,85,80.6590789768242
41.6666666666667,11,14,39,90.72295,32.73485,28.0855,88.90585,6.33333333333333,1,3,5,17.6666666666667,25,3,14,7.66666666666667,9,3,6,98.6666666666667,144,12,78,117.070705900677
106.333333333333,265,5,45,241.334666666667,606.622,10.811,102.9055,13.3333333333333,28,2,5,25.0,5,4,13,12.6666666666667,18,4,6,170.666666666667,14,43,72,227.789378825071
50.0,45,32,77,119.24546,119.61,72.61,192.22,5.0,2,4,6,9.33333333333333,9,5,14,4.66666666666667,2,4,6,62.0,32,47,79,223.747404559198
85.3333333333333,40,19,78,197.630866666667,116.8834,39.0983,195.08,10.0,10,4,6,26.6666666666667,66,1,17,12.6666666666667,30,1,8,149.666666666667,374,3,95,10.8124806344064
35.6666666666667,75,3,78,85.328026,188.139,6.941,195.08,4.66666666666667,4,2,6,12.3333333333333,25,1,13,5.0,9,1,5,70.0,145,1,73,126.875529907979
25.6666666666667,17,16,33,55.2269966666667,42.85559,32.066,74.92159,3.66666666666667,1,3,4,13.6666666666667,6,10,16,5.66666666666667,3,4,7,77.6666666666667,27,61,88,109.014421403985
40.3333333333333,43,6,49,90.1563333333334,102.807,12.011,114.818,6.33333333333333,3,2,5,13.0,2,4,14,8.0,5,4,7,93.6666666666667,52,43,77,144.969478437009
21.3333333333333,20,12,32,45.6643333333333,48.305,24.305,72.61,3.66666666666667,1,3,4,6.0,12,2,14,3.33333333333333,4,2,6,51.3333333333333,72,7,79,46.8294579210578
142.333333333333,17,13,82,342.914231666667,72.292305,26.981539,207.2,17.0,9,3,6,29.6666666666667,4,2,14,13.3333333333333,5,2,5,163.666666666667,36,9,81,28.6394697103214
50.0,38,13,32,106.472359333333,91.256922,26.981539,72.61,8.66666666666667,2,3,4,20.0,22,2,14,9.33333333333333,6,2,6,108.333333333333,137,7,79,46.6881627436719
26.0,17,16,33,56.84453,42.85559,32.066,74.92159,3.66666666666667,1,3,4,14.0,5,11,16,5.66666666666667,3,4,7,78.6666666666667,24,64,88,67.2403684773842
22.3333333333333,17,12,29,47.2713593333333,39.241,24.305,63.546,4.33333333333333,2,3,4,13.0,24,2,13,5.33333333333333,8,2,5,92.6666666666667,82,64,73,77.945235518753
18.6666666666667,35,3,38,41.8449206666667,80.679,6.941,87.62,3.33333333333333,3,2,5,6.0,14,1,15,3.33333333333333,6,1,7,30.6666666666667,82,1,83,44.2994690988834
26.6666666666667,26,3,38,59.110508,59.856,6.941,87.62,6.33333333333333,3,2,5,12.0,26,1,15,6.66666666666667,10,1,7,59.3333333333333,162,1,83,42.2934817292715
37.3333333333333,6,25,31,80.6826166666667,14.78495,54.93805,69.723,5.33333333333333,4,4,4,13.3333333333333,6,7,13,5.66666666666667,3,4,5,82.6666666666667,22,52,74,157.810609797912
60.0,75,29,52,142.204733333333,191.654,63.546,127.6,6.33333333333333,6,4,5,18.0,21,11,16,6.66666666666667,8,4,6,103.0,116,64,90,16.0562735273303
68.6666666666667,60,21,81,168.179736666667,159.42739,44.95591,204.3833,6.66666666666667,2,4,6,16.0,29,3,16,6.66666666666667,9,3,6,89.0,169,11,90,33.7862586780793
44.6666666666667,49,16,81,104.490403333333,140.2513,32.066,204.3833,5.33333333333333,0,3,6,16.0,29,3,16,7.33333333333333,11,3,7,87.6666666666667,165,11,88,50.3165720226095
56.6666666666667,60,21,81,135.75307,159.42739,44.95591,204.3833,6.0,2,4,6,16.0,29,3,16,7.33333333333333,11,3,7,88.3333333333333,167,11,89,40.9478636593352
44.0,42,8,74,101.2282,119.8424,15.9994,183.84,6.0,2,2,6,26.0,58,6,16,12.0,24,4,7,151.333333333333,297,51,87,141.200062024547
33.0,29,21,50,74.11977,73.75409,44.95591,118.71,4.33333333333333,1,4,5,9.0,11,3,14,4.0,2,3,5,50.6666666666667,69,11,80,99.5466637529635
34.0,32,8,56,77.7350666666667,89.3288,15.9994,137.327,5.33333333333333,0,2,6,18.0,46,2,16,9.0,19,2,7,104.333333333333,252,9,87,95.0763575049004
30.0,31,8,47,66.2667333333333,75.8694,15.9994,107.8682,4.33333333333333,1,2,5,17.3333333333333,23,9,16,7.33333333333333,10,4,7,99.0,116,58,87,128.020720954397
30.6666666666667,12,13,38,65.918026,33.656922,26.981539,87.62,5.66666666666667,1,3,5,18.6666666666667,26,2,14,8.0,10,2,6,103.333333333333,148,8,78,59.042894164132
21.3333333333333,37,7,22,45.5827596666667,81.75326,14.00674,47.88,4.33333333333333,6,2,4,12.0,7,4,15,6.66666666666667,1,4,7,80.3333333333333,4,43,82,155.363632248258
49.3333333333333,66,12,39,109.736233333333,153.5067,24.305,88.90585,7.0,7,3,5,10.0,20,2,11,5.33333333333333,6,2,4,73.3333333333333,44,12,68,61.9148524671087
25.3333333333333,17,8,41,54.6314493333333,44.90818,15.9994,92.90638,4.66666666666667,1,2,5,18.0,47,1,16,8.66666666666667,20,1,7,103.333333333333,259,2,87,181.335378553984
16.0,15,8,23,34.1312,34.9421,15.9994,50.9415,3.0,2,2,4,12.6666666666667,12,5,17,6.33333333333333,4,4,8,75.6666666666667,48,46,94,22.1971564125583
179.666666666667,331,29,72,437.375333333333,828.904,63.546,178.49,16.3333333333333,26,4,6,24.3333333333333,22,4,14,13.0,11,4,5,176.333333333333,15,45,80,118.208813071797
61.6666666666667,7,28,49,138.2176,2.5688,58.6934,114.818,7.66666666666667,3,4,5,13.6666666666667,5,4,13,7.0,3,4,5,95.0,13,44,75,132.130433622961
49.6666666666667,45,27,72,118.711066666667,119.5568,58.9332,178.49,5.0,2,4,6,9.0,10,4,14,4.33333333333333,1,4,5,61.0,35,45,80,139.833027152378
32.3333333333333,17,24,41,72.50416,40.91028,51.9961,92.90638,4.33333333333333,1,4,5,8.33333333333333,9,5,14,4.66666666666667,2,4,6,58.3333333333333,32,47,79,195.71686581805
33.6666666666667,43,13,56,78.9728463333333,110.345461,26.981539,137.327,4.33333333333333,3,3,6,9.66666666666667,12,2,14,4.33333333333333,4,2,6,53.6666666666667,70,9,79,43.6347943689614
35.6666666666667,30,14,29,76.07297,70.921,28.0855,63.546,6.0,2,3,4,17.6666666666667,25,3,14,7.66666666666667,9,3,6,98.3333333333333,145,11,78,120.037808909546
36.0,32,8,56,81.3395333333333,89.3288,15.9994,137.327,5.33333333333333,0,2,6,20.0,46,2,16,9.0,19,2,7,110.333333333333,252,9,87,84.9064133488139
56.6666666666667,73,29,51,131.990616666667,179.974,63.546,121.76,6.33333333333333,6,4,5,14.6666666666667,27,3,15,6.33333333333333,9,3,6,82.0,158,12,85,70.2540346234029
30.0,41,13,27,65.2631463333333,90.884861,26.981539,58.9332,5.0,5,3,4,12.0,8,5,13,5.66666666666667,3,4,5,78.3333333333333,27,46,73,192.224397835613
43.6666666666667,58,14,72,103.160333333333,150.4045,28.0855,178.49,4.66666666666667,3,3,6,9.0,10,4,14,4.66666666666667,2,4,6,60.6666666666667,33,45,78,189.713707820457
30.3333333333333,39,12,51,68.2528,97.455,24.305,121.76,4.0,2,3,5,9.0,13,2,15,4.0,4,2,6,71.3333333333333,24,61,85,85.6932350168399
36.0,75,6,27,77.92217,164.7886,12.011,58.9332,6.0,10,2,4,14.6666666666667,11,3,14,7.33333333333333,4,3,7,87.3333333333333,66,11,77,214.478806441155
50.0,58,21,79,120.210816666667,152.01063,44.95591,196.96654,5.0,2,4,6,9.33333333333333,11,3,14,4.0,2,3,5,52.3333333333333,69,11,80,89.9899301821354
60.6666666666667,46,32,78,148.726666666667,122.47,72.61,195.08,5.33333333333333,2,4,6,9.33333333333333,10,4,14,4.66666666666667,2,4,6,62.3333333333333,34,45,79,176.83330715207
28.0,14,8,38,61.1660666666667,39.6218,15.9994,87.62,5.0,1,2,5,18.0,46,2,16,9.0,19,2,7,104.0,253,8,87,172.738442602351
23.3333333333333,6,8,13,47.4218926666667,10.034522,15.9994,26.981539,5.66666666666667,2,2,3,30.6666666666667,62,2,16,13.3333333333333,26,2,7,187.333333333333,280,68,87,180.375591258328
39.3333333333333,8,15,38,86.481208,25.672476,30.973762,87.62,6.33333333333333,1,3,5,15.3333333333333,28,2,15,8.0,12,2,7,92.6666666666667,158,8,83,78.0041213349656
116.333333333333,93,13,53,270.963493,226.827401,26.981539,126.90447,12.6666666666667,7,3,5,32.3333333333333,16,10,17,13.6666666666667,4,4,8,191.666666666667,118,62,96,19.5895801577265
33.6666666666667,29,22,51,76.1111333333333,73.88,47.88,121.76,4.33333333333333,1,4,5,9.66666666666667,11,4,15,4.66666666666667,2,4,6,63.0,42,43,85,128.335214780891
51.3333333333333,111,6,39,116.150516666667,254.70655,12.011,88.90585,7.0,13,2,5,12.0,5,3,14,7.0,2,3,7,62.3333333333333,41,12,77,78.8718775538267
26.0,27,6,39,57.2870166666667,64.88385,12.011,88.90585,4.33333333333333,1,2,5,13.3333333333333,25,3,14,7.0,11,3,7,74.6666666666667,142,12,77,167.26120358804
172.0,422,19,49,396.6157,994.2637,39.0983,114.818,19.0,37,4,5,46.0,116,1,13,18.0,44,1,5,266.666666666667,672,3,75,40.4715866926346
63.6666666666667,142,14,78,154.40047,362.0745,28.0855,195.08,6.33333333333333,9,3,6,12.3333333333333,11,3,14,5.66666666666667,3,3,6,71.6666666666667,67,11,78,173.344080892511
171.333333333333,422,19,49,396.775566666667,994.2637,39.0983,114.818,19.0,37,4,5,45.3333333333333,116,1,13,18.0,44,1,5,264.666666666667,672,3,75,46.825512112323
49.0,59,20,79,116.48518,156.88854,40.078,196.96654,5.0,2,4,6,8.33333333333333,10,2,12,3.33333333333333,2,2,4,47.6666666666667,63,7,70,52.8652571927411
38.0,16,14,44,82.3842733333333,44.899,28.0855,101.07,6.33333333333333,1,3,5,14.0,22,3,14,7.33333333333333,6,3,6,78.0,134,11,78,122.170542488968
66.3333333333333,89,15,52,156.207254,224.226238,30.973762,127.6,7.66666666666667,7,3,5,18.3333333333333,24,4,16,9.0,1,4,7,117.0,92,44,90,26.6787480929374
60.0,67,37,52,143.191216666667,169.7322,85.4678,127.6,6.66666666666667,0,5,5,12.0,31,1,16,5.33333333333333,11,1,6,65.3333333333333,176,4,90,26.8706347519632
43.6666666666667,42,8,74,100.925216666667,119.8424,15.9994,183.84,6.0,2,2,6,25.6666666666667,58,6,16,12.0,24,4,7,150.333333333333,297,51,87,127.373049759673
22.3333333333333,13,11,24,46.3726226666667,29.006332,22.989768,51.9961,4.33333333333333,2,3,4,13.0,31,1,16,6.33333333333333,13,1,7,75.6666666666667,174,2,88,59.8911204344918
128.666666666667,14,47,80,307.981426666667,15.1464,107.8682,200.59,12.0,14,5,6,34.0,46,11,17,14.6666666666667,28,4,8,195.0,254,65,96,14.024623282757
51.3333333333333,42,8,74,120.082866666667,119.8424,15.9994,183.84,6.33333333333333,2,2,6,27.3333333333333,58,6,16,12.0,24,4,7,156.333333333333,297,51,87,118.277653495116
44.6666666666667,44,6,50,99.4206666666667,106.699,12.011,118.71,6.33333333333333,3,2,5,17.3333333333333,10,8,14,8.0,5,4,7,107.333333333333,85,55,80,139.990017524827
116.666666666667,22,29,80,278.433293333333,73.498,63.546,200.59,11.3333333333333,2,4,6,34.0,46,11,17,14.6666666666667,28,4,8,194.333333333333,256,64,96,18.2401066472227
10.6666666666667,10,3,13,21.9737796666667,20.040539,6.941,26.981539,3.0,1,2,3,15.3333333333333,31,1,16,6.66666666666667,13,1,7,82.6666666666667,173,1,87,93.4281291421097
15.6666666666667,7,13,20,31.715013,13.096461,26.981539,40.078,3.33333333333333,1,3,4,9.66666666666667,12,2,14,4.33333333333333,4,2,6,52.6666666666667,71,7,78,57.093192349997
33.0,29,15,44,74.4225873333333,70.096238,30.973762,101.07,4.33333333333333,2,3,5,9.0,11,4,15,5.0,3,4,7,61.0,39,44,83,207.517484977389
34.0,32,8,56,77.7350666666667,89.3288,15.9994,137.327,5.33333333333333,0,2,6,18.0,46,2,16,9.0,19,2,7,104.333333333333,252,9,87,97.275222728986
27.6666666666667,43,13,56,64.1313463333333,110.345461,26.981539,137.327,4.0,3,3,6,9.66666666666667,12,2,14,4.33333333333333,4,2,6,53.3333333333333,69,9,78,48.6377317146924
72.6666666666667,24,17,78,161.9976,17.6362,35.4527,195.08,10.6666666666667,12,3,6,38.0,100,1,17,18.0,46,1,8,211.0,558,3,94,12.4907612121285
37.3333333333333,25,6,31,82.1827166666667,57.712,12.011,69.723,6.0,2,2,4,16.0,7,7,14,8.0,5,4,7,102.333333333333,79,52,77,208.422750881081
29.6666666666667,31,8,47,65.238,75.8694,15.9994,107.8682,4.33333333333333,1,2,5,17.0,24,8,16,7.33333333333333,10,4,7,98.0,119,55,87,131.314758856239
84.6666666666667,40,48,56,201.889666666667,87.495,112.411,137.327,8.66666666666667,4,5,6,18.6666666666667,28,2,15,7.33333333333333,10,2,6,106.333333333333,161,9,85,35.6327066847226
18.6666666666667,36,3,39,41.3107833333333,81.96485,6.941,88.90585,3.33333333333333,3,2,5,6.0,13,1,14,3.33333333333333,5,1,6,30.3333333333333,77,1,78,62.0890626471899
36.3333333333333,50,8,74,84.942656,135.8418,15.9994,183.84,5.0,0,2,6,18.3333333333333,47,1,16,8.66666666666667,20,1,7,104.666666666667,259,2,87,191.230295641786
40.3333333333333,62,8,78,95.3373333333333,163.0812,15.9994,195.08,4.66666666666667,2,2,6,17.0,23,9,16,7.33333333333333,10,4,7,98.3333333333333,116,58,87,178.597647250128
29.6666666666667,30,8,46,65.784,74.4212,15.9994,106.42,4.33333333333333,1,2,5,17.0,23,9,16,7.33333333333333,10,4,7,98.0,116,58,87,152.870918687089
20.0,34,3,40,44.37316,77.342,6.941,91.224,4.33333333333333,1,2,5,12.0,28,1,15,6.66666666666667,12,1,7,70.0,162,1,82,132.168864760151
32.6666666666667,31,14,45,73.29895,74.82,28.0855,102.9055,4.33333333333333,2,3,5,8.66666666666667,11,3,14,4.33333333333333,3,3,6,49.6666666666667,66,12,78,124.012555039628
19.3333333333333,13,8,29,40.842113,31.5472,15.9994,63.546,3.66666666666667,0,2,4,18.6666666666667,21,11,16,7.66666666666667,10,4,7,103.666666666667,110,64,87,171.74944460015
26.6666666666667,31,14,45,58.64897,74.82,28.0855,102.9055,4.0,2,3,5,8.66666666666667,11,3,14,4.33333333333333,3,3,6,49.3333333333333,67,11,78,147.880501962238
34.0,8,9,28,70.961204,17.300212,18.998403,58.6934,6.66666666666667,4,2,4,26.6666666666667,66,1,17,12.6666666666667,30,1,8,146.333333333333,366,3,93,46.7891061477288
18.6666666666667,5,8,21,38.6843366666667,12.95711,15.9994,44.95591,4.0,0,2,4,12.0,31,1,16,6.0,13,1,7,62.6666666666667,171,3,87,97.5965253319663
80.6666666666667,24,9,78,191.627092666667,81.089582,18.998403,195.08,10.0,6,2,6,38.0,100,1,17,18.0,46,1,8,210.333333333333,548,5,93,19.62974908002
36.6666666666667,16,13,29,77.446113,36.564461,26.981539,63.546,6.33333333333333,8,3,4,30.6666666666667,57,11,17,13.6666666666667,28,4,8,171.0,312,64,94,11.5979132205499
68.6666666666667,24,9,78,160.002006,81.089582,18.998403,195.08,9.33333333333333,6,2,6,38.0,100,1,17,18.0,46,1,8,209.666666666667,550,4,93,21.6072210737497
13.3333333333333,0,7,14,26.8013266666667,0.0720199999999984,14.00674,28.0855,3.33333333333333,1,2,3,15.3333333333333,28,2,15,7.33333333333333,12,2,7,103.333333333333,96,68,82,172.760648906754
82.3333333333333,106,9,80,196.697336,287.189582,18.998403,200.59,9.33333333333333,0,2,6,47.0,78,12,17,20.6666666666667,40,4,8,261.333333333333,416,71,93,15.5294218528627
28.0,27,15,42,61.9489873333333,64.966238,30.973762,95.94,4.0,2,3,5,10.0,9,6,15,5.0,3,4,7,63.6666666666667,33,50,83,257.900395766741
45.3333333333333,38,16,26,95.3313333333334,72.417,32.066,55.847,8.0,8,3,4,27.3333333333333,54,5,16,13.3333333333333,24,4,7,166.333333333333,260,46,88,90.4344541806903
21.3333333333333,32,8,40,46.4298,75.2246,15.9994,91.224,3.33333333333333,3,2,5,12.0,12,4,16,6.0,3,4,7,73.0,44,44,88,168.200038093551
59.3333333333333,72,20,46,134.253726666667,172.762,40.078,106.42,7.33333333333333,2,4,5,17.3333333333333,28,2,15,7.33333333333333,10,2,6,99.6666666666667,161,7,84,87.0116448027772
47.3333333333333,62,15,46,104.955174666667,150.892476,30.973762,106.42,6.66666666666667,4,3,5,17.3333333333333,28,2,15,8.0,12,2,7,99.0,159,7,83,112.319874044885
24.6666666666667,1,9,28,51.5956363333333,1.69819099999999,18.998403,58.6934,4.66666666666667,2,2,4,20.6666666666667,50,1,17,9.66666666666667,23,1,8,114.333333333333,276,3,93,74.6759915643542
18.6666666666667,17,12,29,39.608254,39.241,24.305,63.546,3.33333333333333,1,3,4,9.33333333333333,13,2,15,4.33333333333333,5,2,7,71.6666666666667,19,64,83,93.8933241469332
58.0,23,16,29,123.281166666667,62.374,32.066,63.546,9.33333333333333,0,3,4,34.0,59,5,16,14.6666666666667,16,4,7,196.666666666667,306,46,88,39.0619845939113
59.3333333333333,26,15,56,137.371508,75.379476,30.973762,137.327,7.33333333333333,0,3,6,17.3333333333333,28,2,15,8.0,12,2,7,99.6666666666667,157,9,83,60.8128368198535
71.3333333333333,10,33,56,166.67006,12.51618,74.92159,137.327,8.0,2,4,6,17.3333333333333,28,2,15,7.33333333333333,10,2,6,100.333333333333,159,9,84,55.2943430909921
110.0,164,35,46,252.259866666667,373.004,79.904,106.42,13.0,19,4,5,38.0,100,1,17,18.0,46,1,8,213.333333333333,562,4,95,12.1021066095472
61.3333333333333,10,17,78,138.362466666667,53.2692,35.4527,195.08,8.66666666666667,6,3,6,26.6666666666667,66,1,17,12.6666666666667,30,1,8,148.333333333333,370,3,94,11.795198513674
156.666666666667,4,37,78,375.81414,24.1444,85.4678,195.08,15.3333333333333,24,5,6,38.0,100,1,17,18.0,46,1,8,215.666666666667,568,4,96,9.36426505521462
160.0,58,52,55,384.945893333333,495.61596,126.90447,132.90543,15.6666666666667,18,5,6,40.0,100,1,17,18.6666666666667,46,1,8,225.333333333333,566,5,96,7.80132699267879
54.6666666666667,66,15,48,124.796508,162.874476,30.973762,112.411,7.0,4,3,5,18.6666666666667,28,2,15,8.0,12,2,7,104.666666666667,158,8,83,53.3905997293401
48.6666666666667,32,12,56,111.926726666667,88.717,24.305,137.327,6.66666666666667,0,3,6,12.0,26,2,15,6.0,8,2,6,104.333333333333,159,9,84,44.9990657443413
72.6666666666667,10,33,56,170.66406,12.51618,74.92159,137.327,8.0,2,4,6,18.6666666666667,28,2,15,7.33333333333333,10,2,6,105.666666666667,159,9,84,44.4017108824731
42.6666666666667,8,15,38,93.4491746666667,25.672476,30.973762,87.62,6.33333333333333,1,3,5,18.6666666666667,28,2,15,8.0,12,2,7,104.0,158,8,83,63.2121613481728
60.6666666666667,26,15,56,141.365508,75.379476,30.973762,137.327,7.33333333333333,0,3,6,18.6666666666667,28,2,15,8.0,12,2,7,105.0,157,9,83,50.757671222017
36.6666666666667,32,12,56,82.6281746666667,88.717,24.305,137.327,6.0,0,3,6,12.0,26,2,15,6.66666666666667,10,2,7,103.666666666667,157,9,83,51.0469985467461
62.0,56,17,46,132.444266666667,106.2962,35.4527,106.42,10.3333333333333,13,3,5,38.0,100,1,17,18.0,46,1,8,210.666666666667,558,3,94,11.9294296285414
74.0,56,17,46,163.357266666667,106.2962,35.4527,106.42,11.0,13,3,5,38.0,100,1,17,18.0,46,1,8,211.333333333333,556,4,94,11.4991984753834
80.6666666666667,54,13,80,190.131026,146.626922,26.981539,200.59,9.33333333333333,0,3,6,34.0,52,12,16,14.0,24,4,7,191.0,285,71,89,31.6901967255378
40.0,10,9,46,86.8700706666667,30.426388,18.998403,106.42,7.0,3,2,5,26.6666666666667,66,1,17,12.6666666666667,30,1,8,146.666666666667,366,3,93,23.9876606963578
45.6666666666667,107,5,28,95.2208666666667,223.9626,10.811,58.6934,7.33333333333333,14,2,4,18.3333333333333,11,2,13,8.0,4,2,6,107.666666666667,65,7,72,132.903747485027
160.0,98,34,78,388.96362,269.4,78.96,195.08,15.3333333333333,2,4,6,32.0,62,1,16,14.0,26,1,7,185.0,346,5,89,16.8766325467846
60.0,14,16,46,127.756066666667,42.288,32.066,106.42,9.66666666666667,13,3,5,48.0,92,10,17,22.0,44,4,8,267.333333333333,502,62,94,3.59444672970522
116.666666666667,22,29,80,278.433293333333,73.498,63.546,200.59,11.3333333333333,2,4,6,34.0,46,11,17,14.6666666666667,28,4,8,194.333333333333,256,64,96,13.6345237626416
39.3333333333333,45,8,53,86.7329233333334,110.90507,15.9994,126.90447,6.33333333333333,3,2,5,12.0,14,1,17,6.0,5,1,8,64.0,87,3,96,18.207560378099
26.0,25,15,40,57.7130873333333,60.250238,30.973762,91.224,4.0,2,3,5,8.0,11,4,15,5.0,3,4,7,57.6666666666667,39,44,83,176.709353574516
46.6666666666667,44,20,32,100.894933333333,105.142,40.078,72.61,6.66666666666667,0,4,4,16.6666666666667,26,2,14,7.33333333333333,10,2,6,95.6666666666667,151,7,79,89.8062995082363
48.6666666666667,58,8,82,115.474066666667,159.2018,15.9994,207.2,5.66666666666667,0,2,6,22.0,44,4,16,10.0,17,4,7,128.666666666667,217,44,87,119.349142859055
61.3333333333333,80,8,56,143.291866666667,210.6564,15.9994,137.327,8.33333333333333,4,2,6,24.0,60,2,16,12.0,24,2,7,136.666666666667,330,9,87,106.234891347055
248.0,63,51,55,594.792173333333,155.19629,121.76,132.90543,24.3333333333333,27,5,6,62.0,150,1,17,29.0,69,1,8,349.666666666667,849,5,96,8.39562931874291
25.3333333333333,17,16,33,55.30693,42.85559,32.066,74.92159,3.66666666666667,1,3,4,13.3333333333333,7,9,16,5.66666666666667,3,4,7,76.6666666666667,30,58,88,138.954594870089
82.0,98,29,52,194.167333333333,255.708,63.546,127.6,9.0,11,4,5,28.0,26,11,16,10.6666666666667,10,4,6,159.0,142,64,90,49.1222035549721
26.6666666666667,26,8,14,54.0151926666667,51.9115,15.9994,28.0855,6.33333333333333,7,2,3,40.0,54,13,16,17.0,25,5,7,219.666666666667,289,73,87,141.263949763159
23.3333333333333,13,8,29,50.16095,31.5472,15.9994,63.546,4.0,0,2,4,16.6666666666667,25,7,16,7.33333333333333,10,4,7,96.6666666666667,122,52,87,112.047418801511
19.3333333333333,13,8,29,40.842113,31.5472,15.9994,63.546,3.66666666666667,0,2,4,18.6666666666667,21,11,16,7.66666666666667,10,4,7,103.666666666667,110,64,87,170.53146474678
39.0,11,33,44,89.0718633333333,26.14841,74.92159,101.07,4.66666666666667,1,4,5,9.0,11,4,15,4.66666666666667,2,4,6,61.3333333333333,40,44,84,187.042026178365
30.6666666666667,47,8,55,70.8169433333333,116.90603,15.9994,132.90543,4.0,4,2,6,9.33333333333333,15,1,16,4.0,6,1,7,52.0,82,5,87,19.9296296880514
28.0,23,8,39,61.48355,56.90705,15.9994,88.90585,4.33333333333333,1,2,5,15.3333333333333,29,3,16,7.0,11,3,7,83.3333333333333,162,12,87,114.280216354712
84.0,10,46,56,199.959,30.907,106.42,137.327,8.66666666666667,1,5,6,18.0,40,2,14,7.0,13,2,5,103.666666666667,231,9,80,55.0205639813693
25.3333333333333,10,9,37,55.5893363333333,28.472591,18.998403,85.4678,4.66666666666667,1,2,5,18.0,50,1,17,9.0,23,1,8,117.0,275,4,93,65.2814097194037
49.6666666666667,63,15,78,121.126920666667,164.106238,30.973762,195.08,5.0,3,3,6,9.0,13,2,15,4.33333333333333,5,2,7,51.6666666666667,74,9,83,79.631181312949
49.6666666666667,45,33,78,119.207196666667,120.15841,74.92159,195.08,5.0,2,4,6,9.0,13,2,15,4.0,4,2,6,51.6666666666667,76,8,84,72.1069711887597
24.0,29,8,45,52.631356,70.9067,15.9994,102.9055,4.0,1,2,5,14.0,31,1,16,6.33333333333333,13,1,7,78.3333333333333,172,2,87,116.300462332481
72.3333333333333,61,17,41,158.852726666667,119.80982,35.4527,92.90638,11.0,13,3,5,36.3333333333333,100,1,17,18.0,46,1,8,206.333333333333,556,4,94,9.46832369316605
27.3333333333333,13,20,33,59.5151966666667,34.84359,40.078,74.92159,4.0,0,4,4,9.33333333333333,13,2,15,4.0,4,2,6,51.6666666666667,77,7,84,62.9019124334373
33.3333333333333,20,15,25,70.6338746666667,47.928576,30.973762,54.93805,6.0,2,3,4,15.3333333333333,28,2,15,8.0,12,2,7,92.3333333333333,159,7,83,86.5943432379275
57.3333333333333,43,6,49,131.182183333333,102.807,12.011,114.818,7.33333333333333,3,2,5,12.0,5,3,14,7.0,2,3,7,62.6666666666667,41,12,77,76.5677946268022
24.6666666666667,23,8,39,53.3343166666667,56.90705,15.9994,88.90585,4.33333333333333,1,2,5,12.0,31,1,16,6.0,13,1,7,63.0,171,3,87,79.6739223378308
54.6666666666667,18,9,72,123.559006,64.499582,18.998403,178.49,8.66666666666667,6,2,6,36.0,100,1,17,18.0,46,1,8,203.0,552,3,93,51.9579494956812
27.3333333333333,25,15,40,60.3769873333333,60.250238,30.973762,91.224,4.0,2,3,5,9.33333333333333,11,4,15,5.0,3,4,7,61.6666666666667,39,44,83,192.673970713888
27.6666666666667,26,15,41,60.9377806666667,61.932618,30.973762,92.90638,4.0,2,3,5,9.66666666666667,10,5,15,5.0,3,4,7,62.6666666666667,36,47,83,238.24080668492
54.6666666666667,18,9,72,123.559006,64.499582,18.998403,178.49,8.66666666666667,6,2,6,36.0,100,1,17,18.0,46,1,8,203.0,552,3,93,14.4066573010404
38.0,58,15,73,89.2562206666667,149.974138,30.973762,180.9479,4.33333333333333,3,3,6,9.33333333333333,10,5,15,5.0,3,4,7,62.0,35,48,83,263.946996255493
71.3333333333333,10,33,56,166.67006,12.51618,74.92159,137.327,8.0,2,4,6,17.3333333333333,28,2,15,7.33333333333333,10,2,6,100.333333333333,159,9,84,63.7352320412892
22.6666666666667,17,9,19,47.357817,36.895312,18.998403,39.0983,5.0,4,2,4,27.3333333333333,67,1,17,12.6666666666667,31,1,8,149.333333333333,369,3,93,46.3268502015379
21.3333333333333,14,15,29,44.8659206666667,32.572238,30.973762,63.546,3.66666666666667,1,3,4,9.33333333333333,13,2,15,4.33333333333333,5,2,7,51.3333333333333,76,7,83,74.3001005358924
55.6666666666667,45,33,78,135.776196666667,120.15841,74.92159,195.08,5.33333333333333,2,4,6,9.0,13,2,15,4.0,4,2,6,52.0,75,9,84,68.8856234299886
28.0,17,8,41,60.00096,44.90818,15.9994,92.90638,5.0,1,2,5,18.0,47,1,16,8.66666666666667,20,1,7,103.666666666667,258,3,87,104.615499638359
28.0,17,8,41,60.00096,44.90818,15.9994,92.90638,5.0,1,2,5,18.0,47,1,16,8.66666666666667,20,1,7,103.666666666667,258,3,87,102.648916804054
24.0,33,6,39,53.28335,76.89485,12.011,88.90585,3.66666666666667,3,2,5,8.66666666666667,11,3,14,4.66666666666667,4,3,7,49.0,65,12,77,142.522292466779
51.3333333333333,2,16,31,108.801133333333,11.182,32.066,69.723,8.0,4,3,4,33.3333333333333,54,10,16,14.0,24,4,7,187.0,291,61,88,20.16541449386
20.3333333333333,4,9,23,43.642159,6.05370900000001,18.998403,50.9415,4.33333333333333,2,2,4,19.0,50,1,17,9.66666666666667,23,1,8,109.0,277,2,93,68.554251905598
98.0,142,13,56,234.454692666667,358.017922,26.981539,137.327,11.3333333333333,12,3,6,20.0,22,2,14,8.66666666666667,4,2,5,111.0,133,9,80,31.0249492443979
80.0,74,13,50,184.747692666667,183.456922,26.981539,118.71,10.3333333333333,4,3,5,20.0,22,2,14,8.66666666666667,4,2,5,110.0,136,8,80,36.4041655225204
48.3333333333333,39,13,39,104.975772333333,96.867083,26.981539,88.90585,8.33333333333333,4,3,5,24.3333333333333,22,3,14,11.0,6,3,6,133.0,132,12,78,86.0710988807946
49.6666666666667,58,20,78,118.972666666667,155.002,40.078,195.08,5.0,2,4,6,9.0,13,2,15,4.0,4,2,6,51.6666666666667,78,7,85,82.0998393825329
37.6666666666667,63,15,78,88.7105873333333,164.106238,30.973762,195.08,4.33333333333333,3,3,6,9.0,13,2,15,4.33333333333333,5,2,7,51.0,76,7,83,95.3943282079375
132.0,141,34,81,323.929966666667,376.2699,78.96,204.3833,11.6666666666667,6,4,6,34.0,9,13,16,14.0,6,5,7,193.333333333333,39,76,89,14.0569210284524
20.0,38,3,41,43.9487266666667,85.96538,6.941,92.90638,3.66666666666667,1,2,5,12.6666666666667,31,1,16,6.33333333333333,13,1,7,74.0,173,1,87,154.197109669935
26.0,3,6,21,53.9778423333333,8.92291,12.011,44.95591,6.33333333333333,2,2,4,28.0,39,3,14,13.0,18,3,7,153.666666666667,220,11,77,166.440302470953
144.0,280,13,51,328.304359333333,676.596922,26.981539,121.76,18.6666666666667,24,3,5,42.0,80,2,15,18.6666666666667,26,2,6,230.333333333333,475,7,85,39.2026390585526
52.0,2,16,31,111.033333333333,11.182,32.066,69.723,8.0,4,3,4,34.0,52,12,16,14.0,24,4,7,189.666666666667,283,69,88,44.030198357244
40.0,14,8,38,87.5700666666667,39.6218,15.9994,87.62,6.33333333333333,1,2,5,24.0,46,2,16,10.3333333333333,19,2,7,132.333333333333,253,8,87,93.9712477749356
45.6666666666667,67,14,27,98.26564,148.7141,28.0855,58.9332,7.66666666666667,9,3,4,15.6666666666667,8,3,14,8.0,0,3,6,91.3333333333333,56,11,78,154.849610323806
68.6666666666667,149,15,41,153.844160666667,340.651758,30.973762,92.90638,9.0,17,3,5,14.6666666666667,5,5,15,9.0,3,4,7,109.666666666667,105,47,83,197.351376646856
39.3333333333333,43,6,49,87.2322433333333,102.807,12.011,114.818,6.33333333333333,3,2,5,12.0,5,3,14,7.0,2,3,7,61.6666666666667,44,11,77,97.4432883704746
25.3333333333333,3,9,30,53.8278363333333,8.394791,18.998403,65.39,4.66666666666667,2,2,4,21.3333333333333,50,1,17,9.66666666666667,23,1,8,117.0,276,3,93,68.7884799355943
187.333333333333,404,28,72,457.7178,1012.2466,58.6934,178.49,16.6666666666667,32,4,6,21.3333333333333,6,4,15,13.3333333333333,8,4,6,167.0,100,45,85,126.266755538261
27.3333333333333,57,6,21,57.953423,122.85673,12.011,44.95591,5.66666666666667,10,2,4,12.0,5,3,14,7.0,2,3,7,61.0,44,11,77,101.734241171874
28.6666666666667,1,9,37,62.814317,9.474188,18.998403,85.4678,5.33333333333333,3,2,5,27.3333333333333,67,1,17,12.6666666666667,31,1,8,149.666666666667,368,4,93,55.9261421848223
28.6666666666667,1,9,37,62.814317,9.474188,18.998403,85.4678,5.33333333333333,3,2,5,27.3333333333333,67,1,17,12.6666666666667,31,1,8,149.666666666667,368,4,93,41.9840175503636
55.6666666666667,40,38,78,134.82,107.46,87.62,195.08,5.33333333333333,1,5,6,9.0,13,2,15,4.0,4,2,6,52.0,77,8,85,60.473718440548
28.0,23,8,39,61.48355,56.90705,15.9994,88.90585,4.33333333333333,1,2,5,15.3333333333333,29,3,16,7.0,11,3,7,83.3333333333333,162,12,87,114.762690054636
12.6666666666667,3,11,14,26.0189356666667,5.095732,22.989768,28.0855,3.0,0,3,3,9.33333333333333,13,1,14,4.0,5,1,6,51.0,76,2,78,41.3154709887425
44.0,58,21,79,104.84415,152.01063,44.95591,196.96654,4.66666666666667,2,4,6,9.33333333333333,11,3,14,4.33333333333333,3,3,6,52.0,68,11,79,100.061243628072
48.0,61,16,77,115.348666666667,160.154,32.066,192.22,4.66666666666667,3,3,6,13.3333333333333,7,9,16,5.66666666666667,3,4,7,77.6666666666667,28,60,88,141.078113259089
28.0,31,14,45,61.97635,74.82,28.0855,102.9055,4.0,2,3,5,10.0,7,7,14,4.66666666666667,2,4,6,63.0,26,52,78,153.520846025745
19.6666666666667,8,8,24,41.0310666666667,19.9973,15.9994,51.9961,4.0,0,2,4,13.0,31,1,16,6.33333333333333,13,1,7,75.3333333333333,171,3,87,111.268557294495
76.0,127,32,53,179.59707,308.10341,72.61,126.90447,8.0,11,4,5,22.0,50,1,17,10.3333333333333,23,1,8,123.666666666667,284,4,96,18.0539675327419
53.3333333333333,71,7,78,124.63363,181.07326,14.00674,195.08,6.66666666666667,4,2,6,15.3333333333333,6,7,15,7.66666666666667,3,4,7,100.333333333333,74,52,82,172.535885176149
34.0,22,15,26,71.2398413333333,49.746476,30.973762,55.847,6.0,2,3,4,16.0,28,2,15,8.0,12,2,7,94.3333333333333,159,7,83,88.759674211933
30.6666666666667,19,9,46,67.504503,49.424791,18.998403,106.42,5.0,1,2,5,20.6666666666667,50,1,17,9.66666666666667,23,1,8,114.666666666667,276,3,93,67.9143463149693
34.0,57,11,34,77.283756,134.930232,22.989768,78.96,5.0,5,3,4,12.6666666666667,31,1,16,6.33333333333333,13,1,7,75.3333333333333,176,2,89,46.3885445890658
27.3333333333333,14,19,33,59.8032966666667,35.82329,39.0983,74.92159,4.0,0,4,4,9.33333333333333,14,1,15,3.66666666666667,5,1,6,52.0,81,3,84,30.9445819746287
31.6666666666667,18,22,40,71.3418633333333,43.344,47.88,91.224,4.33333333333333,1,4,5,7.66666666666667,11,4,15,4.66666666666667,2,4,6,57.0,41,43,84,137.639721788849
46.0,26,15,56,103.656174666667,75.379476,30.973762,137.327,6.66666666666667,0,3,6,16.0,28,2,15,8.0,12,2,7,95.0,157,9,83,90.14736397691
58.0,52,28,40,130.328193333333,123.7546,58.6934,91.224,7.33333333333333,2,4,5,16.0,22,4,15,8.0,8,4,6,105.666666666667,80,44,84,138.587474608907
46.0,22,13,48,98.2126926666667,58.447922,26.981539,112.411,7.66666666666667,7,3,5,34.0,52,12,16,14.0,24,4,7,189.333333333333,282,70,88,38.6883472052695
50.6666666666667,44,14,72,115.451666666667,122.319,28.0855,178.49,6.66666666666667,0,3,6,16.0,24,4,14,8.0,4,4,6,103.666666666667,111,45,78,192.711084991054
32.6666666666667,59,7,73,77.3170493333333,152.93442,14.00674,180.9479,4.33333333333333,2,2,6,12.0,29,1,15,6.33333333333333,13,1,7,71.3333333333333,162,2,82,136.025927332385
42.3333333333333,27,23,50,95.8393,67.7685,50.9415,118.71,5.66666666666667,3,4,5,12.3333333333333,9,5,14,5.66666666666667,3,4,5,80.6666666666667,34,46,80,175.006550134484
58.6666666666667,78,3,81,141.3881,197.4423,6.941,204.3833,6.0,4,2,6,11.3333333333333,12,1,13,4.66666666666667,4,1,5,67.0,75,1,76,95.8539518208521
36.6666666666667,52,14,33,81.1062266666667,121.75768,28.0855,74.92159,5.0,5,3,4,18.6666666666667,18,12,15,7.33333333333333,8,4,6,105.0,99,69,84,65.8848808336779
33.3333333333333,32,19,51,75.4161,82.6617,39.0983,121.76,4.33333333333333,1,4,5,9.33333333333333,14,1,15,3.66666666666667,5,1,6,52.3333333333333,82,3,85,23.7978736565394
72.6666666666667,82,20,51,169.473333333333,203.442,40.078,121.76,8.0,6,4,5,18.6666666666667,28,2,15,7.33333333333333,10,2,6,105.666666666667,163,7,85,38.8707732736778
27.0,26,15,41,59.606064,61.932618,30.973762,92.90638,4.0,2,3,5,9.0,10,5,15,5.0,3,4,7,60.6666666666667,36,47,83,228.002514681395
55.0,88,8,56,128.732733333333,226.6558,15.9994,137.327,7.33333333333333,6,2,6,21.0,44,2,16,9.66666666666667,17,2,7,114.333333333333,243,9,87,80.803957435899
78.6666666666667,64,38,51,185.320666666667,155.9,87.62,121.76,8.33333333333333,0,5,5,18.6666666666667,28,2,15,7.33333333333333,10,2,6,106.0,162,8,85,36.9689767950861
33.3333333333333,33,19,52,76.7481,88.5017,39.0983,127.6,4.33333333333333,1,4,5,9.33333333333333,15,1,16,3.66666666666667,5,1,6,52.3333333333333,87,3,90,28.7978033087517
48.6666666666667,26,15,56,110.018174666667,75.379476,30.973762,137.327,6.66666666666667,0,3,6,18.6666666666667,28,2,15,8.0,12,2,7,104.333333333333,157,9,83,55.3960246012426
21.3333333333333,15,15,30,45.1540206666667,34.416238,30.973762,65.39,3.66666666666667,1,3,4,9.33333333333333,14,1,15,4.0,6,1,7,51.6666666666667,80,3,83,36.0814089149205
24.6666666666667,23,11,34,55.165256,55.970232,22.989768,78.96,3.66666666666667,1,3,4,9.33333333333333,15,1,16,4.0,6,1,7,51.6666666666667,87,2,89,41.4206877027634
30.6666666666667,41,11,52,71.3785893333333,104.610232,22.989768,127.6,4.0,2,3,5,9.33333333333333,15,1,16,3.66666666666667,5,1,6,52.0,88,2,90,35.7116019152365
42.6666666666667,58,14,72,100.8385,150.4045,28.0855,178.49,4.66666666666667,3,3,6,8.0,10,4,14,4.66666666666667,2,4,6,57.6666666666667,33,45,78,188.508229050055
43.6666666666667,44,8,38,96.7263666666667,111.2424,15.9994,87.62,7.33333333333333,2,2,5,24.3333333333333,60,2,16,12.0,24,2,7,136.666666666667,332,8,87,130.685203164728
18.3333333333333,21,7,28,37.5927133333333,44.68666,14.00674,58.6934,3.33333333333333,2,2,4,9.0,13,2,15,4.33333333333333,5,2,7,50.0,75,7,82,97.8481581698456
28.0,16,7,30,57.85316,37.37652,14.00674,65.39,5.33333333333333,0,2,4,15.3333333333333,26,2,15,7.33333333333333,10,2,7,82.3333333333333,150,7,82,79.9057715048211
32.3333333333333,23,21,44,72.8786366666667,56.11409,44.95591,101.07,4.33333333333333,1,4,5,8.33333333333333,11,3,14,4.33333333333333,3,3,6,48.6666666666667,68,11,79,152.24937217732
32.6666666666667,32,14,46,74.0418333333333,78.3345,28.0855,106.42,4.33333333333333,2,3,5,8.66666666666667,12,2,14,4.0,4,2,6,49.3333333333333,70,8,78,68.3910524705903
72.0,48,16,56,164.714,146.39,32.066,137.327,9.66666666666667,0,3,6,24.0,60,2,16,12.0,24,2,7,138.0,334,9,88,55.6318563568729
46.6666666666667,36,16,28,96.9832,69.5706,32.066,58.6934,8.0,8,3,4,28.6666666666667,52,6,16,13.3333333333333,24,4,7,170.333333333333,254,49,88,111.80440590508
44.6666666666667,44,8,38,98.3615333333333,111.2424,15.9994,87.62,7.33333333333333,2,2,5,25.3333333333333,60,2,16,12.0,24,2,7,139.666666666667,332,8,87,111.47136024998
88.0,5,50,55,210.77628,14.19543,118.71,132.90543,8.66666666666667,9,5,6,22.0,50,1,17,10.0,23,1,8,124.333333333333,283,5,96,15.5228392411562
34.3333333333333,7,9,29,72.5787373333333,12.447612,18.998403,63.546,6.66666666666667,4,2,4,27.0,66,1,17,12.6666666666667,30,1,8,147.333333333333,366,3,93,43.4191462083341
46.0,38,9,37,101.874204,94.941988,18.998403,85.4678,7.33333333333333,2,2,5,26.6666666666667,66,1,17,12.6666666666667,30,1,8,147.0,364,4,93,41.0944518954605
40.6666666666667,38,9,37,90.411404,94.941988,18.998403,85.4678,7.0,2,2,5,24.0,66,1,17,12.0,30,1,8,149.333333333333,364,4,93,39.849698196488
138.0,258,12,45,313.80812,593.128,24.305,102.9055,16.3333333333333,27,3,5,38.6666666666667,58,2,15,16.6666666666667,22,2,6,252.666666666667,18,59,84,172.608362869855
31.3333333333333,40,11,51,69.627256,98.770232,22.989768,121.76,4.66666666666667,1,3,5,16.0,31,1,16,7.0,13,1,7,87.6666666666667,174,2,88,22.5423988523377
23.6666666666667,13,8,29,50.4639333333333,31.5472,15.9994,63.546,4.0,0,2,4,17.0,24,8,16,7.33333333333333,10,4,7,97.6666666666667,119,55,87,143.7397892967
38.6666666666667,59,7,73,90.8357933333333,152.93442,14.00674,180.9479,4.66666666666667,2,2,6,15.3333333333333,25,5,15,7.33333333333333,10,4,7,92.0,116,48,82,203.023941531224
16.6666666666667,22,3,28,34.8580666666667,44.8114,6.941,58.6934,4.0,0,2,4,14.6666666666667,30,1,16,6.66666666666667,12,1,7,79.0,172,1,87,113.879008015079
48.0,46,32,78,115.55,122.47,72.61,195.08,4.66666666666667,2,4,6,13.3333333333333,6,10,16,5.66666666666667,3,4,7,77.0,26,63,89,120.581704588268
75.0,159,3,27,161.478416,346.6582,6.941,58.9332,12.6666666666667,22,2,4,38.3333333333333,59,1,15,17.6666666666667,27,1,7,227.0,331,1,83,199.256119663695
37.3333333333333,64,14,78,87.7478333333334,166.9945,28.0855,195.08,4.33333333333333,3,3,6,8.66666666666667,12,2,14,4.0,4,2,6,49.3333333333333,71,7,78,101.93163885987
37.3333333333333,64,14,78,87.7478333333334,166.9945,28.0855,195.08,4.33333333333333,3,3,6,8.66666666666667,12,2,14,4.0,4,2,6,49.3333333333333,71,7,78,60.0074799556471
30.3333333333333,31,8,47,66.1868,75.8694,15.9994,107.8682,4.33333333333333,1,2,5,17.6666666666667,22,10,16,7.33333333333333,10,4,7,100.0,113,61,87,126.540183535234
43.0,52,8,38,95.5947333333333,127.2418,15.9994,87.62,6.66666666666667,4,2,5,21.0,44,2,16,9.66666666666667,17,2,7,113.666666666667,245,8,87,97.8250494577091
79.6666666666667,65,13,39,170.914187333333,126.946462,26.981539,88.90585,15.0,19,3,5,43.6666666666667,101,3,13,19.6666666666667,37,3,5,264.0,572,12,73,119.557574602845
44.6666666666667,43,8,75,103.045933333333,122.2094,15.9994,186.207,6.0,2,2,6,26.6666666666667,57,7,16,12.0,24,4,7,153.333333333333,294,54,87,162.767242618704
33.3333333333333,26,7,33,69.7207766666667,60.91485,14.00674,74.92159,6.0,2,2,4,12.0,9,2,15,6.33333333333333,1,2,7,62.3333333333333,63,7,84,59.6588862820327
33.3333333333333,39,8,55,76.1500766666667,100.90663,15.9994,132.90543,4.66666666666667,2,2,6,14.6666666666667,31,1,16,6.33333333333333,13,1,7,81.0,169,5,87,28.9387623072423
84.6666666666667,62,28,45,193.448133333333,147.1176,58.6934,102.9055,10.0,6,4,5,30.6666666666667,46,9,16,13.3333333333333,20,4,7,178.333333333333,238,59,89,87.3763733672977
44.0,63,15,78,104.986537333333,164.106238,30.973762,195.08,4.66666666666667,3,3,6,9.33333333333333,12,3,15,4.66666666666667,4,3,7,52.6666666666667,71,12,83,127.231869800875
68.3333333333333,76,6,82,161.976183333333,195.189,12.011,207.2,7.66666666666667,4,2,6,12.3333333333333,5,3,14,7.0,2,3,7,64.6666666666667,45,12,81,76.0737128169309
17.3333333333333,16,3,22,36.5867333333333,33.998,6.941,47.88,4.66666666666667,2,2,4,18.0,46,1,16,9.0,19,1,7,102.0,259,1,87,110.207232579937
35.3333333333333,26,15,28,73.1374413333333,55.439276,30.973762,58.6934,6.0,2,3,4,17.3333333333333,28,2,15,8.0,12,2,7,98.3333333333333,159,7,83,114.2669302455
48.0,53,9,80,114.351003,143.594791,18.998403,200.59,5.66666666666667,0,2,6,21.3333333333333,50,1,17,9.66666666666667,23,1,8,118.0,275,4,93,51.3444231044547
33.6666666666667,0,14,28,69.2618953333333,2.5224,28.0855,58.6934,6.33333333333333,5,3,4,27.6666666666667,35,10,15,12.3333333333333,17,4,7,155.333333333333,188,61,83,105.043039483777
88.0,46,29,41,199.794793333333,97.73162,63.546,92.90638,11.0,11,4,5,34.0,59,5,16,14.6666666666667,16,4,7,198.333333333333,309,47,89,33.1677992133355
27.3333333333333,3,16,29,57.5446366666667,0.586000000000006,32.066,63.546,4.66666666666667,2,3,4,15.3333333333333,29,3,16,7.0,11,3,7,83.6666666666667,165,11,88,83.735243406405
38.6666666666667,24,16,56,86.7174666666667,73.195,32.066,137.327,5.33333333333333,0,3,6,14.6666666666667,30,2,16,6.66666666666667,12,2,7,82.0,167,9,88,59.8796746117224
31.3333333333333,69,6,25,67.935563,152.80315,12.011,54.93805,5.66666666666667,10,2,4,16.0,7,7,14,8.0,5,4,7,102.0,79,52,77,215.334203765961
36.6666666666667,42,7,56,85.5214933333333,109.31352,14.00674,137.327,5.0,2,2,6,12.0,28,2,15,6.66666666666667,12,2,7,72.3333333333333,155,9,82,99.9566830673999
30.6666666666667,45,13,29,66.3431496666667,100.110461,26.981539,63.546,5.0,5,3,4,12.6666666666667,10,3,13,5.33333333333333,2,3,5,70.6666666666667,62,11,73,107.848217533602
51.6666666666667,50,16,82,121.412793333333,143.068,32.066,207.2,5.66666666666667,0,3,6,17.0,27,5,16,7.66666666666667,10,4,7,101.333333333333,129,47,88,69.4689535587366
69.3333333333333,4,15,56,158.020682666667,13.431952,30.973762,137.327,9.33333333333333,6,3,6,27.3333333333333,58,2,15,12.6666666666667,26,2,7,155.0,323,9,83,87.6283226274461
28.6666666666667,37,13,25,62.599713,82.894561,26.981539,54.93805,5.0,5,3,4,10.6666666666667,8,5,13,5.66666666666667,1,4,5,74.3333333333333,27,46,73,184.521485556058
28.0,19,9,26,59.273518,39.145015,18.998403,55.847,5.66666666666667,6,2,4,35.3333333333333,77,8,17,16.3333333333333,36,4,8,197.666666666667,410,55,93,99.87332493267
47.3333333333333,30,14,26,97.3613493333333,56.495,28.0855,55.847,9.33333333333333,8,3,4,41.3333333333333,52,8,15,18.6666666666667,24,4,7,233.0,277,55,83,115.241014849825
31.0,5,8,29,63.9000666666667,15.5478,15.9994,63.546,6.0,2,2,4,21.0,44,2,16,9.66666666666667,17,2,7,113.0,247,7,87,113.443611884227
53.3333333333333,12,14,44,112.435682666667,11.272,28.0855,101.07,9.66666666666667,7,3,5,41.3333333333333,52,8,15,18.6666666666667,24,4,7,233.333333333333,276,56,83,119.832447088272
19.3333333333333,6,7,20,38.9004933333333,12.06452,14.00674,40.078,4.66666666666667,0,2,4,12.0,26,2,15,6.66666666666667,10,2,7,102.333333333333,157,7,82,101.14540009317
74.0,142,13,56,174.038359333333,358.017922,26.981539,137.327,10.0,12,3,6,20.0,22,2,14,9.33333333333333,6,2,6,109.666666666667,129,9,78,35.1707248879744
28.0,26,6,32,62.168,60.599,12.011,72.61,4.66666666666667,2,2,4,12.6666666666667,4,5,14,7.0,1,4,7,82.6666666666667,13,46,79,179.536319056251
37.6666666666667,64,14,78,89.3738033333333,166.9945,28.0855,195.08,4.33333333333333,3,3,6,9.0,11,3,14,4.33333333333333,3,3,6,50.6666666666667,67,11,78,149.079983530593
18.6666666666667,34,7,41,40.97084,78.89964,14.00674,92.90638,3.0,3,2,5,12.0,11,5,16,6.0,3,4,7,72.0,40,47,87,236.5283145596
4.66666666666667,3,3,6,9.921,5.07,6.941,12.011,2.0,0,2,2,9.33333333333333,13,1,14,4.66666666666667,6,1,7,50.0,76,1,77,153.150609888003
45.6666666666667,10,41,51,105.857293333333,28.85362,92.90638,121.76,5.0,0,5,5,9.66666666666667,10,5,15,4.66666666666667,2,4,6,63.6666666666667,38,47,85,152.573555823644
44.0,76,3,79,107.53918,190.02554,6.941,196.96654,4.33333333333333,4,2,6,8.66666666666667,13,1,14,3.33333333333333,4,1,5,49.0,79,1,80,61.0796469027223
52.6666666666667,134,3,35,119.267666666667,305.734,6.941,79.904,7.66666666666667,12,2,4,24.0,66,1,17,12.0,30,1,8,150.0,378,1,95,20.7794016623883
44.6666666666667,42,8,74,102.177,119.8424,15.9994,183.84,6.0,2,2,6,26.6666666666667,58,6,16,12.0,24,4,7,153.333333333333,297,51,87,151.883665118263
22.0,27,7,41,47.969876,64.8929,14.00674,92.90638,4.0,1,2,5,12.0,29,1,15,6.33333333333333,13,1,7,71.0,162,2,82,130.548564110033
113.0,21,34,81,277.1411,32.4967,78.96,204.3833,10.0,6,4,6,27.0,28,10,16,11.3333333333333,13,4,7,156.333333333333,141,63,89,23.773466195036
52.3333333333333,34,8,41,113.580786666667,89.81636,15.9994,92.90638,8.66666666666667,2,2,5,38.3333333333333,86,5,16,18.0,38,4,7,224.666666666667,428,47,87,142.868445687267
95.0,33,16,81,230.2471,108.1853,32.066,204.3833,9.0,3,3,6,27.0,28,10,16,11.3333333333333,13,4,7,155.333333333333,138,63,88,29.120421315577
122.666666666667,14,29,73,293.9953,9.6901,63.546,180.9479,12.6666666666667,6,4,6,34.0,59,5,16,13.3333333333333,12,4,6,200.0,312,48,90,28.5443326795424
52.0,98,7,56,122.685826666667,246.64052,14.00674,137.327,6.66666666666667,8,2,6,15.3333333333333,26,2,15,7.33333333333333,10,2,7,83.6666666666667,146,9,82,52.6822921654693
47.3333333333333,18,8,33,101.510993333333,53.84678,15.9994,74.92159,8.0,4,2,4,45.3333333333333,86,10,16,19.3333333333333,38,4,7,250.333333333333,461,61,87,147.631272384937
47.0,18,8,33,101.590926666667,53.84678,15.9994,74.92159,8.0,4,2,4,45.0,87,9,16,19.3333333333333,38,4,7,249.333333333333,464,58,87,143.424007161156
82.6666666666667,8,16,72,193.802666666667,50.226,32.066,178.49,10.0,6,3,6,24.0,60,2,16,12.0,24,2,7,138.333333333333,334,9,88,57.6062580985571
123.333333333333,78,26,52,286.130333333333,199.353,55.847,127.6,14.6666666666667,6,4,5,21.3333333333333,8,4,16,13.3333333333333,8,4,6,166.333333333333,84,44,90,113.629748691958
34.0,10,8,42,72.877,31.9424,15.9994,95.94,5.66666666666667,3,2,5,26.6666666666667,58,6,16,12.0,24,4,7,153.0,298,50,87,147.04709586067
30.0,26,15,41,67.6133806666667,61.932618,30.973762,92.90638,4.0,2,3,5,12.0,11,5,16,6.0,3,4,7,73.0,42,47,89,128.991922631043
33.6666666666667,10,8,42,72.9569333333333,31.9424,15.9994,95.94,5.66666666666667,3,2,5,26.3333333333333,58,6,16,12.0,24,4,7,152.0,298,50,87,140.207784459067
34.3333333333333,45,3,51,80.6873333333333,107.878,6.941,121.76,4.66666666666667,1,2,5,9.0,13,1,15,4.0,4,1,6,49.6666666666667,83,1,85,65.6266771852798
95.0,17,28,73,227.0449,63.5611,58.6934,180.9479,9.66666666666667,2,4,6,24.3333333333333,43,5,16,10.0,10,4,6,146.666666666667,222,48,90,17.6601450084786
30.6666666666667,26,7,40,68.9524933333333,63.21052,14.00674,91.224,4.66666666666667,1,2,5,12.0,28,2,15,6.66666666666667,12,2,7,72.0,156,8,82,150.007781541668
41.0,18,16,50,91.9161266666667,54.578,32.066,118.71,5.33333333333333,1,3,5,17.0,27,5,16,7.66666666666667,10,4,7,101.0,129,47,88,70.7093885405966
70.0,22,13,48,160.738026,58.447922,26.981539,112.411,9.0,1,3,5,34.0,52,12,16,14.0,24,4,7,190.666666666667,286,70,89,33.0144234629123
32.6666666666667,30,14,44,73.4598333333333,72.9845,28.0855,101.07,4.33333333333333,2,3,5,8.66666666666667,10,4,14,4.66666666666667,2,4,6,59.3333333333333,34,44,78,191.454515218135
29.3333333333333,27,14,41,65.30449,64.82088,28.0855,92.90638,4.0,2,3,5,11.3333333333333,10,5,15,5.33333333333333,2,4,6,69.6666666666667,37,47,84,153.037529985516
92.6666666666667,18,31,80,218.625333333333,61.144,69.723,200.59,10.0,10,4,6,34.0,52,12,16,14.0,24,4,7,191.666666666667,285,71,89,31.5516541824457
40.6666666666667,65,15,40,90.7849873333333,151.474238,30.973762,91.224,5.66666666666667,7,3,5,10.6666666666667,7,4,15,6.33333333333333,3,4,7,76.3333333333333,5,44,83,154.273124354404
39.3333333333333,25,26,51,90.1711266666667,65.913,55.847,121.76,4.66666666666667,1,4,5,9.33333333333333,10,5,15,4.66666666666667,2,4,6,62.3333333333333,38,47,85,165.815690590307
45.3333333333333,10,41,51,105.24546,28.85362,92.90638,121.76,5.0,0,5,5,9.33333333333333,10,5,15,4.66666666666667,2,4,6,62.6666666666667,38,47,85,168.107387262535
27.0,27,13,40,58.966313,64.242461,26.981539,91.224,4.0,2,3,5,9.0,9,4,13,4.33333333333333,1,4,5,59.3333333333333,29,44,73,138.352377358732
20.0,15,6,27,42.6370366666667,34.9112,12.011,58.9332,4.0,0,2,4,13.3333333333333,25,3,14,7.0,11,3,7,74.3333333333333,143,11,77,200.663613120547
44.6666666666667,48,8,72,104.702733333333,130.4918,15.9994,178.49,5.66666666666667,0,2,6,18.0,46,2,16,9.0,19,2,7,104.666666666667,253,8,87,156.735564758326
26.3333333333333,11,21,32,57.8043033333333,27.65409,44.95591,72.61,4.0,0,4,4,8.33333333333333,11,3,14,4.33333333333333,3,3,6,48.3333333333333,68,11,79,101.506584513724
41.0,65,15,40,90.705054,151.474238,30.973762,91.224,5.66666666666667,7,3,5,11.0,7,4,15,6.33333333333333,3,4,7,77.3333333333333,5,44,83,151.781925895131
50.0,36,14,78,113.761341333333,110.8235,28.0855,195.08,7.0,0,3,6,27.3333333333333,20,10,15,12.0,10,4,7,154.333333333333,103,63,83,122.606309818418
47.3333333333333,26,15,56,105.553774666667,75.379476,30.973762,137.327,6.66666666666667,0,3,6,17.3333333333333,28,2,15,8.0,12,2,7,99.0,157,9,83,74.9451085487828
33.0,1,9,37,72.4361373333333,9.474188,18.998403,85.4678,5.66666666666667,3,2,5,25.6666666666667,67,1,17,12.3333333333333,31,1,8,143.666666666667,368,4,93,36.0003627263695
58.0,124,12,34,131.369359333333,291.535,24.305,78.96,8.33333333333333,10,3,4,30.6666666666667,62,2,16,13.3333333333333,26,2,7,190.0,288,68,89,14.7303332836111
32.0,7,9,19,66.7233846666667,16.795415,18.998403,39.0983,7.0,2,2,4,33.3333333333333,83,1,17,15.6666666666667,38,1,8,181.333333333333,459,3,93,26.1779045855931
57.3333333333333,134,3,35,129.781666666667,305.734,6.941,79.904,8.0,12,2,4,26.0,66,1,17,12.6666666666667,30,1,8,145.666666666667,378,1,95,20.3863266896428
16.6666666666667,14,6,13,34.0966926666667,29.941078,12.011,26.981539,4.33333333333333,2,2,3,18.6666666666667,26,2,14,8.66666666666667,12,2,7,122.666666666667,86,68,77,133.912847249703
23.0,13,8,29,49.1803,31.5472,15.9994,63.546,4.0,0,2,4,16.3333333333333,26,6,16,7.33333333333333,10,4,7,95.6666666666667,125,49,87,153.937338426382
14.6666666666667,23,3,26,31.2539206666667,48.906,6.941,55.847,3.0,2,2,4,8.0,14,1,15,4.0,6,1,7,46.3333333333333,82,1,83,80.3288522389867
27.3333333333333,24,14,38,60.3651666666667,59.5345,28.0855,87.62,4.0,2,3,5,9.33333333333333,12,2,14,4.0,4,2,6,51.6666666666667,70,8,78,49.2227614649351
48.6666666666667,78,12,51,110.736,194.91,24.305,121.76,6.66666666666667,4,3,5,12.0,26,2,15,6.0,8,2,6,104.333333333333,163,7,85,38.9440664345956
82.0,142,12,83,201.299246666667,369.35074,24.305,208.98037,8.0,6,3,6,12.0,26,2,15,5.33333333333333,6,2,5,105.666666666667,163,9,86,31.5080800761947
36.6666666666667,30,15,30,77.6018413333333,68.832476,30.973762,65.39,6.0,2,3,4,18.6666666666667,28,2,15,8.0,12,2,7,103.666666666667,159,7,83,66.904484589555
60.6666666666667,32,12,56,143.152333333333,88.717,24.305,137.327,7.33333333333333,0,3,6,12.0,26,2,15,6.0,8,2,6,105.0,161,9,85,36.075921155745
54.6666666666667,78,12,51,126.583333333333,194.91,24.305,121.76,7.0,4,3,5,12.0,26,2,15,6.0,8,2,6,104.666666666667,162,8,85,38.6746872272013
48.6666666666667,46,20,33,106.900393333333,109.76518,40.078,74.92159,6.66666666666667,0,4,4,18.6666666666667,28,2,15,7.33333333333333,10,2,6,104.333333333333,161,7,84,57.4704351394834
36.6666666666667,42,12,33,79.5103933333333,101.23318,24.305,74.92159,6.0,2,3,4,12.0,26,2,15,6.0,8,2,6,103.666666666667,161,7,84,49.6451687610789
22.0,47,4,51,51.2539826666667,112.74782,9.01218,121.76,3.33333333333333,3,2,5,6.0,14,1,15,3.0,5,1,6,51.3333333333333,83,2,85,34.7627763494688
48.6666666666667,66,15,48,108.949174666667,162.874476,30.973762,112.411,6.66666666666667,4,3,5,18.6666666666667,28,2,15,8.0,12,2,7,104.333333333333,159,7,83,56.8670395635621
38.0,34,13,20,76.7893593333333,66.270922,26.981539,40.078,8.0,6,3,4,20.0,22,2,14,9.33333333333333,6,2,6,107.666666666667,135,7,78,49.7392293900426
16.0,29,4,33,35.6411793333333,65.90941,9.01218,74.92159,3.0,2,2,4,6.0,14,1,15,3.0,5,1,6,51.0,82,2,84,45.4061850635968
34.6666666666667,6,9,30,73.193404,10.603612,18.998403,65.39,6.66666666666667,4,2,4,27.3333333333333,66,1,17,12.6666666666667,30,1,8,149.0,366,3,93,44.2378878045719
56.0,26,46,72,134.54,72.07,106.42,178.49,5.33333333333333,1,5,6,9.33333333333333,10,4,14,4.33333333333333,1,4,5,62.3333333333333,35,45,80,122.433850960781
13.3333333333333,27,3,30,28.7792466666667,58.449,6.941,65.39,2.66666666666667,2,2,4,9.33333333333333,14,1,15,4.0,6,1,7,50.6666666666667,81,1,82,115.754080864045
19.3333333333333,48,3,51,45.9043933333333,114.819,6.941,121.76,3.0,3,2,5,6.0,14,1,15,3.0,5,1,6,51.0,84,1,85,56.6342230926861
40.6666666666667,17,8,49,90.5739933333333,50.8204,15.9994,114.818,6.0,3,2,5,27.3333333333333,59,5,16,12.3333333333333,24,4,7,156.666666666667,301,47,87,161.320559817621
33.3333333333333,34,3,40,73.0321393333334,77.342,6.941,91.224,7.0,7,2,5,36.0,100,1,17,18.0,46,1,8,201.333333333333,556,1,93,57.8578337074267
102.0,50,21,76,238.388486666667,79.50546,44.95591,190.23,13.3333333333333,18,4,6,19.3333333333333,14,3,16,11.3333333333333,6,3,6,101.0,114,11,90,71.9086838529787
34.0,24,8,28,69.8233,53.3892,15.9994,58.6934,6.33333333333333,0,2,4,32.6666666666667,44,10,16,14.0,20,4,7,182.666666666667,226,61,87,198.54655479519
88.0,92,14,40,194.675666666667,217.501,28.0855,91.224,12.3333333333333,9,3,5,28.0,16,4,14,13.3333333333333,4,4,6,181.333333333333,24,44,78,137.719069176155
56.6666666666667,24,9,78,129.089006,81.089582,18.998403,195.08,8.66666666666667,6,2,6,38.0,100,1,17,18.0,46,1,8,209.0,552,3,93,26.4052432757751
25.3333333333333,31,8,47,55.6161796666667,75.8694,15.9994,107.8682,4.0,1,2,5,18.6666666666667,21,11,16,7.66666666666667,10,4,7,104.0,109,65,87,153.971969804825
14.0,20,3,23,29.9604333333333,44.0005,6.941,50.9415,3.33333333333333,0,2,4,12.6666666666667,31,1,16,6.33333333333333,13,1,7,73.6666666666667,173,1,87,120.096675092211
18.3333333333333,19,3,25,38.9394166666667,41.05605,6.941,54.93805,4.66666666666667,2,2,4,19.0,46,1,16,9.0,19,1,7,105.0,259,1,87,111.735506712667
48.6666666666667,24,16,56,109.517,73.195,32.066,137.327,6.66666666666667,0,3,6,18.6666666666667,30,2,16,8.0,12,2,7,104.333333333333,167,9,88,65.9579102370663
22.0,24,3,27,47.2892706666667,51.9922,6.941,58.9332,4.66666666666667,4,2,4,26.0,67,1,17,12.3333333333333,31,1,8,143.666666666667,371,1,93,61.2777296438747
42.6666666666667,37,17,31,91.6932666666667,72.0878,35.4527,69.723,6.66666666666667,8,3,4,30.6666666666667,57,11,17,13.6666666666667,28,4,8,171.333333333333,312,64,94,9.69682256788153
36.0,36,13,31,77.829026,85.482922,26.981539,69.723,6.0,2,3,4,18.0,24,2,13,7.33333333333333,8,2,5,100.333333333333,141,7,74,57.6992651404253
53.0,74,28,51,121.9198,184.8266,58.6934,121.76,6.0,6,4,5,17.0,20,10,15,6.66666666666667,8,4,6,98.3333333333333,109,61,85,91.9200863684336
111.0,277,15,73,270.204120666667,692.817838,30.973762,180.9479,10.3333333333333,21,3,6,14.3333333333333,5,5,15,9.0,3,4,7,110.0,109,48,83,218.525901413565
90.6666666666667,183,29,53,213.62896,444.07188,63.546,126.90447,9.33333333333333,16,4,5,30.6666666666667,57,11,17,13.6666666666667,28,4,8,174.0,320,64,96,4.61773025877717
42.6666666666667,72,5,77,103.150333333333,181.409,10.811,192.22,4.33333333333333,4,2,6,10.6666666666667,4,9,13,4.66666666666667,2,4,6,64.6666666666667,12,60,72,235.58373960545
111.0,213,27,40,252.040126666667,488.4108,58.9332,91.224,14.0,22,4,5,21.0,6,4,15,13.3333333333333,8,4,6,163.333333333333,96,44,84,124.495721133655
43.6666666666667,30,5,40,96.5485333333333,69.602,10.811,91.224,7.0,1,2,5,19.0,22,4,13,9.33333333333333,0,4,6,120.666666666667,100,44,72,243.996619938677
62.0,129,15,72,148.962320666667,326.006238,30.973762,178.49,6.33333333333333,9,3,6,10.6666666666667,7,4,15,6.33333333333333,3,4,7,77.0,7,45,83,166.065155592309
18.6666666666667,22,11,33,40.738786,51.931822,22.989768,74.92159,3.33333333333333,1,3,4,6.0,14,1,15,3.0,5,1,6,51.3333333333333,82,2,84,33.3955464585559
52.0,34,5,39,111.496816666667,78.09485,10.811,88.90585,7.66666666666667,3,2,5,18.6666666666667,10,3,13,8.33333333333333,3,3,6,109.333333333333,60,12,72,156.453758956421
21.3333333333333,14,14,28,44.8863,30.6079,28.0855,58.6934,3.66666666666667,1,3,4,9.33333333333333,10,4,14,4.66666666666667,2,4,6,60.6666666666667,35,43,78,176.552063966298
51.0,34,9,79,118.501518333333,101.974525,18.998403,196.96654,6.66666666666667,4,2,6,35.6666666666667,74,11,17,16.0,36,4,8,198.333333333333,401,64,93,28.4454896378866
28.3333333333333,27,15,42,61.869054,64.966238,30.973762,95.94,4.0,2,3,5,10.3333333333333,9,6,15,5.0,3,4,7,64.6666666666667,33,50,83,241.284890612592
27.3333333333333,16,3,22,58.5841393333333,33.998,6.941,47.88,6.66666666666667,8,2,4,36.0,100,1,17,18.0,46,1,8,201.0,556,1,93,49.2846536100693
23.3333333333333,29,7,12,47.9723163333333,58.90826,14.00674,24.305,5.66666666666667,3,2,3,24.0,45,2,17,12.3333333333333,18,2,8,188.333333333333,75,68,93,108.559634439976
44.0,45,27,72,104.11493,119.5568,58.9332,178.49,4.66666666666667,2,4,6,9.33333333333333,11,4,15,4.66666666666667,2,4,6,62.3333333333333,39,45,84,181.319443334227
39.6666666666667,23,28,51,90.5591333333333,63.0666,58.6934,121.76,4.66666666666667,1,4,5,9.66666666666667,11,4,15,4.66666666666667,2,4,6,63.3333333333333,41,44,85,134.600935010656
50.6666666666667,2,16,31,107.852333333333,11.182,32.066,69.723,8.0,4,3,4,32.6666666666667,56,8,16,14.0,24,4,7,185.0,297,55,88,19.4894630309227
28.3333333333333,3,16,29,59.8913666666667,0.586000000000006,32.066,63.546,4.66666666666667,2,3,4,16.3333333333333,26,6,16,7.33333333333333,10,4,7,96.3333333333333,127,49,88,94.2241145371435
35.3333333333333,38,14,52,82.3031666666667,99.5145,28.0855,127.6,4.33333333333333,2,3,5,11.3333333333333,12,4,16,5.33333333333333,2,4,6,70.6666666666667,46,44,90,35.1612138623486
56.0,52,30,82,136.639,141.81,65.39,207.2,5.33333333333333,2,4,6,9.33333333333333,12,2,14,3.66666666666667,3,2,5,53.0,72,9,81,29.5645763965712
41.0,27,25,52,96.31935,72.66195,54.93805,127.6,4.66666666666667,1,4,5,11.0,9,7,16,4.66666666666667,2,4,6,68.0,38,52,90,83.5118221456738
38.0,3,6,27,80.6149766666667,10.8892,12.011,58.9332,8.0,4,2,4,24.6666666666667,47,3,14,13.6666666666667,19,3,7,133.0,275,11,77,179.674870137242
39.3333333333333,27,29,56,91.93153,73.781,63.546,137.327,4.66666666666667,2,4,6,9.33333333333333,13,2,15,4.0,4,2,6,52.3333333333333,75,9,84,52.6724570767875
78.6666666666667,146,20,83,189.304946666667,377.88274,40.078,208.98037,8.0,4,4,6,15.3333333333333,28,2,15,6.66666666666667,8,2,5,94.3333333333333,165,7,86,32.5861338191178
45.3333333333333,46,20,33,99.9324266666667,109.76518,40.078,74.92159,6.66666666666667,0,4,4,15.3333333333333,28,2,15,7.33333333333333,10,2,6,93.0,161,7,84,59.5851461364181
32.3333333333333,1,14,27,68.3386733333333,2.7622,28.0855,58.9332,6.0,2,3,4,14.3333333333333,22,3,14,7.33333333333333,6,3,6,78.6666666666667,134,11,78,122.530830350104
27.3333333333333,39,12,51,61.7211,97.455,24.305,121.76,4.0,2,3,5,6.0,14,1,15,3.0,5,1,6,52.0,82,3,85,22.6040284446484
7.33333333333333,9,4,13,15.601573,17.969359,9.01218,26.981539,2.33333333333333,1,2,3,9.33333333333333,11,2,13,4.33333333333333,4,2,6,70.6666666666667,6,67,73,141.068265621727
22.0,13,14,27,47.3189166666667,30.8477,28.0855,58.9332,3.66666666666667,1,3,4,10.0,7,7,14,4.66666666666667,2,4,6,62.6666666666667,26,52,78,160.553278423418
57.0,20,16,42,123.695166666667,63.616,32.066,95.94,8.66666666666667,2,3,5,27.0,59,5,16,13.3333333333333,20,4,7,166.0,306,46,88,94.7134900840067
200.0,332,32,52,484.283333333333,820.59,72.61,127.6,19.6666666666667,31,4,5,62.0,98,14,16,24.0,0,6,6,349.666666666667,551,79,90,21.112000367334
39.0,44,5,49,86.8322433333333,104.007,10.811,114.818,6.33333333333333,3,2,5,11.6666666666667,4,3,13,6.66666666666667,3,3,6,60.0,42,11,75,78.6239516047505
44.6666666666667,38,16,26,93.2903333333333,72.417,32.066,55.847,8.0,8,3,4,26.6666666666667,56,4,16,13.3333333333333,24,4,7,164.333333333333,266,43,88,61.1918525038111
27.3333333333333,26,6,32,60.127,60.599,12.011,72.61,4.66666666666667,2,2,4,12.0,6,4,14,7.0,1,4,7,80.6666666666667,7,43,79,153.448008463862
44.0,76,6,82,104.990333333333,195.189,12.011,207.2,5.33333333333333,4,2,6,12.0,6,4,14,6.66666666666667,1,4,7,81.3333333333333,5,43,81,118.252964555289
39.3333333333333,21,29,50,90.3872833333333,55.164,63.546,118.71,4.66666666666667,1,4,5,9.33333333333333,11,3,14,4.0,2,3,5,52.0,68,12,80,75.8205294513811
34.3333333333333,76,6,41,76.2658406666667,173.80176,12.011,92.90638,5.0,8,2,5,13.0,5,5,15,7.33333333333333,1,4,7,84.6666666666667,11,47,83,223.557895130912
36.6666666666667,18,15,48,82.3228413333333,50.463476,30.973762,112.411,5.0,1,3,5,18.6666666666667,18,12,15,8.0,10,4,7,105.0,96,70,83,65.2420515111467
24.6666666666667,36,5,41,54.1369266666667,82.09538,10.811,92.90638,3.66666666666667,3,2,5,9.33333333333333,8,5,13,4.66666666666667,2,4,6,60.0,25,47,72,239.206849195278
27.6666666666667,36,6,24,59.6519,79.9702,12.011,51.9961,5.33333333333333,4,2,4,15.0,23,5,14,8.66666666666667,6,4,7,99.3333333333333,108,46,77,291.102393047312
43.3333333333333,32,8,56,101.345066666667,89.3288,15.9994,137.327,5.66666666666667,0,2,6,21.3333333333333,46,2,16,9.33333333333333,19,2,7,116.666666666667,252,9,87,133.959542406073
40.0,32,8,56,92.1830666666667,89.3288,15.9994,137.327,5.66666666666667,0,2,6,18.0,46,2,16,9.0,19,2,7,104.666666666667,252,9,87,148.867329247307
27.0,25,15,40,59.348254,60.250238,30.973762,91.224,4.0,2,3,5,9.0,11,4,15,5.0,3,4,7,60.6666666666667,39,44,83,202.29373960397
45.0,11,40,51,104.684666666667,30.536,91.224,121.76,5.0,0,5,5,9.0,11,4,15,4.66666666666667,2,4,6,61.6666666666667,41,44,85,135.573395748334
50.0,25,16,73,113.563966666667,84.7499,32.066,180.9479,6.33333333333333,3,3,6,21.3333333333333,43,5,16,9.66666666666667,17,4,7,125.333333333333,216,48,88,43.2978192057472
39.3333333333333,28,23,51,91.2571666666667,70.8185,50.9415,121.76,4.66666666666667,1,4,5,9.33333333333333,10,5,15,4.66666666666667,2,4,6,62.3333333333333,39,46,85,164.457551721923
68.3333333333333,150,14,41,152.881406666667,343.54002,28.0855,92.90638,9.0,17,3,5,14.3333333333333,6,5,14,8.66666666666667,2,4,6,108.0,110,47,78,191.248351844221
24.3333333333333,53,3,28,50.8044333333333,110.4458,6.941,58.6934,4.33333333333333,6,2,4,11.6666666666667,13,1,14,5.0,5,1,6,67.0,77,1,78,148.769715180795
16.0,29,3,32,35.5108463333333,65.669,6.941,72.61,3.0,2,2,4,9.33333333333333,13,1,14,4.0,5,1,6,51.0,78,1,79,60.9561857651368
45.0,23,33,56,106.222863333333,62.40541,74.92159,137.327,5.0,2,4,6,9.0,13,2,15,4.0,4,2,6,51.6666666666667,75,9,84,58.7046409156128
38.6666666666667,22,5,42,85.6834666666667,52.696,10.811,95.94,7.0,3,2,5,25.3333333333333,46,6,13,12.0,20,4,6,151.333333333333,238,50,72,302.722212074611
41.0,71,12,83,97.3262566666667,184.67537,24.305,208.98037,4.33333333333333,3,3,6,9.0,13,2,15,3.66666666666667,3,2,5,71.6666666666667,25,61,86,66.4796311583294
30.6666666666667,34,14,48,67.4813413333333,84.3255,28.0855,112.411,4.66666666666667,1,3,5,18.6666666666667,18,12,15,8.0,10,4,7,104.666666666667,96,70,83,74.875078340151
39.0,13,33,46,89.6538633333333,31.49841,74.92159,106.42,4.66666666666667,1,4,5,9.0,13,2,15,4.0,4,2,6,51.3333333333333,76,8,84,62.6351621564576
39.6666666666667,44,6,50,88.5295766666667,106.699,12.011,118.71,6.33333333333333,3,2,5,12.3333333333333,5,3,14,7.0,2,3,7,63.3333333333333,47,11,80,102.075847822523
43.3333333333333,29,5,39,95.7758166666667,67.28385,10.811,88.90585,7.0,1,2,5,18.6666666666667,23,3,13,9.0,9,3,6,110.0,132,12,72,203.857757291948
56.0,39,39,78,135.248616666667,106.17415,88.90585,195.08,5.33333333333333,1,5,6,9.33333333333333,12,3,15,4.33333333333333,3,3,6,53.3333333333333,73,12,85,96.8667702911528
40.0,69,3,28,84.2684733333333,141.3752,6.941,58.6934,9.33333333333333,6,2,4,26.6666666666667,40,1,15,12.6666666666667,16,1,7,144.666666666667,241,1,82,78.7664705073604
42.6666666666667,77,13,45,95.9101963333333,178.829461,26.981539,102.9055,5.66666666666667,7,3,5,12.6666666666667,6,7,13,5.66666666666667,3,4,5,81.0,21,52,73,184.446191101859
25.6666666666667,26,14,40,56.7503333333333,63.1385,28.0855,91.224,4.0,2,3,5,7.66666666666667,10,4,14,4.66666666666667,2,4,6,56.0,34,44,78,155.882818056364
24.6666666666667,21,12,33,54.25753,50.61659,24.305,74.92159,3.66666666666667,1,3,4,9.33333333333333,13,2,15,4.0,4,2,6,72.0,20,64,84,74.4803360092018
35.3333333333333,18,28,46,79.2411333333333,47.7266,58.6934,106.42,4.33333333333333,1,4,5,11.3333333333333,4,10,14,4.66666666666667,2,4,6,67.3333333333333,18,61,79,157.336042752615
19.0,19,3,22,39.651,40.939,6.941,47.88,4.0,2,2,4,12.3333333333333,31,1,16,6.33333333333333,13,1,7,73.3333333333333,175,1,88,67.9169439341132
50.0,77,5,82,117.626243333333,196.389,10.811,207.2,6.66666666666667,4,2,6,12.0,5,3,14,6.66666666666667,3,3,6,62.0,48,11,81,79.3211642558236
68.3333333333333,56,9,55,157.569219333333,151.820442,18.998403,132.90543,9.66666666666667,0,2,6,36.3333333333333,100,1,17,18.0,46,1,8,205.0,548,5,93,20.0628946407473
28.0,8,25,33,61.9022133333333,19.98354,54.93805,74.92159,4.0,0,4,4,10.0,8,7,15,4.66666666666667,2,4,6,63.6666666666667,32,52,84,110.464644309782
64.0,34,16,49,141.096666666667,101.372,32.066,114.818,8.66666666666667,2,3,5,34.0,52,12,16,14.0,24,4,7,190.333333333333,283,69,88,34.1703734855198
31.6666666666667,35,16,51,70.8398,89.694,32.066,121.76,4.0,2,3,5,13.6666666666667,6,10,16,5.66666666666667,3,4,7,78.0,27,61,88,95.7533269174175
19.3333333333333,36,4,40,42.7738933333333,82.21182,9.01218,91.224,3.33333333333333,3,2,5,6.66666666666667,12,2,14,4.0,4,2,6,63.0,34,44,78,138.236252945172
26.3333333333333,26,14,40,58.0825166666667,63.1385,28.0855,91.224,4.0,2,3,5,8.33333333333333,10,4,14,4.66666666666667,2,4,6,58.0,34,44,78,146.294735868112
38.3333333333333,58,14,72,90.0405,150.4045,28.0855,178.49,4.33333333333333,3,3,6,9.66666666666667,10,4,14,4.66666666666667,2,4,6,62.3333333333333,33,45,78,154.856933590516
46.6666666666667,60,13,73,108.598613,153.966361,26.981539,180.9479,5.66666666666667,3,3,6,12.0,8,5,13,5.66666666666667,3,4,5,79.0,25,48,73,202.773486985581
34.6666666666667,44,3,50,81.6676666666667,104.828,6.941,118.71,4.66666666666667,1,2,5,9.33333333333333,12,1,14,3.66666666666667,3,1,5,50.6666666666667,78,1,80,36.7389437403791
73.6666666666667,126,14,77,176.505616666667,328.269,28.0855,192.22,7.66666666666667,6,3,6,16.3333333333333,25,3,14,7.66666666666667,9,3,6,96.0,144,12,78,180.436359539955
28.0,26,13,39,62.832463,61.924311,26.981539,88.90585,4.0,2,3,5,10.0,11,3,14,4.66666666666667,3,3,6,54.6666666666667,67,12,79,79.9771832642239
28.3333333333333,7,25,32,62.0804833333333,17.67195,54.93805,72.61,4.0,0,4,4,10.3333333333333,7,7,14,4.66666666666667,2,4,6,64.0,27,52,79,130.593392346124
21.6666666666667,15,14,29,46.5038333333333,35.4605,28.0855,63.546,3.66666666666667,1,3,4,9.66666666666667,10,4,14,4.66666666666667,2,4,6,61.6666666666667,35,43,78,148.392938618801
43.3333333333333,79,13,46,98.2531963333333,185.858461,26.981539,106.42,5.66666666666667,7,3,5,13.3333333333333,6,7,13,5.66666666666667,3,4,5,83.0,21,52,73,141.404478824633
129.333333333333,160,14,72,300.665333333333,423.128,28.0855,178.49,15.3333333333333,6,3,6,37.3333333333333,44,4,14,17.3333333333333,8,4,6,234.333333333333,177,45,78,153.481403783085
40.3333333333333,26,25,51,93.2011833333333,66.82195,54.93805,121.76,4.66666666666667,1,4,5,10.3333333333333,8,7,15,4.66666666666667,2,4,6,65.3333333333333,33,52,85,110.676964579977
50.3333333333333,7,46,53,120.308156666667,21.18,106.42,127.6,5.0,0,5,5,14.3333333333333,7,10,17,6.0,4,4,8,82.6666666666667,34,62,96,25.4936501680471
98.0,214,13,40,220.000159333333,493.380922,26.981539,91.224,13.3333333333333,24,3,5,20.0,2,4,13,12.6666666666667,6,4,5,157.0,118,44,73,104.829807247386
42.6666666666667,57,15,72,100.790047333333,147.516238,30.973762,178.49,4.66666666666667,3,3,6,8.0,11,4,15,5.0,3,4,7,58.3333333333333,38,45,83,178.7254774187
33.3333333333333,30,21,51,75.1364366666667,76.80409,44.95591,121.76,4.33333333333333,1,4,5,9.33333333333333,12,3,15,4.33333333333333,3,3,6,52.3333333333333,74,11,85,103.624927882636
42.0,10,15,40,90.186108,29.276476,30.973762,91.224,6.33333333333333,1,3,5,18.0,26,4,15,8.66666666666667,6,4,7,110.666666666667,122,44,83,177.428111927776
40.3333333333333,76,6,41,90.9151166666667,173.80176,12.011,92.90638,5.33333333333333,8,2,5,13.0,5,5,15,7.0,1,4,7,85.0,10,47,84,205.65202927255
146.0,244,37,53,346.260806666667,590.49122,85.4678,126.90447,15.0,0,5,5,38.0,100,1,17,18.0,46,1,8,215.333333333333,568,4,96,8.69114464878321
47.3333333333333,58,7,72,114.61016,150.47652,14.00674,178.49,5.33333333333333,2,2,6,12.0,28,2,15,6.66666666666667,12,2,7,72.6666666666667,155,9,82,104.294803223249
34.3333333333333,26,25,51,78.54375,66.82195,54.93805,121.76,4.33333333333333,1,4,5,10.3333333333333,8,7,15,4.66666666666667,2,4,6,65.0,33,52,85,114.409784251239
28.0,17,8,41,60.00096,44.90818,15.9994,92.90638,5.0,1,2,5,18.0,47,1,16,8.66666666666667,20,1,7,103.666666666667,258,3,87,170.627814373596
60.6666666666667,72,30,51,142.54,178.13,65.39,121.76,6.33333333333333,6,4,5,18.6666666666667,18,12,15,7.0,8,4,6,106.333333333333,101,69,85,40.4091301364594
28.3333333333333,14,8,38,62.1865666666667,39.6218,15.9994,87.62,5.0,1,2,5,18.3333333333333,46,2,16,9.0,19,2,7,105.0,253,8,87,180.533205778007
33.3333333333333,44,12,56,78.0806666666667,113.022,24.305,137.327,4.33333333333333,3,3,6,6.0,12,2,14,3.33333333333333,4,2,6,52.0,70,9,79,32.7885594023664
43.0,25,25,50,97.1714833333333,63.77195,54.93805,118.71,5.66666666666667,3,4,5,13.0,7,7,14,5.66666666666667,3,4,5,82.6666666666667,28,52,80,169.096679513252
32.0,26,15,41,71.7013806666667,61.932618,30.973762,92.90638,4.33333333333333,2,3,5,8.0,11,4,15,5.0,3,4,7,58.0,39,44,83,173.750905062964
52.3333333333333,71,7,78,121.69168,181.07326,14.00674,195.08,6.66666666666667,4,2,6,14.3333333333333,3,6,15,7.66666666666667,3,4,7,97.3333333333333,65,49,82,266.781929511654
38.0,24,6,30,81.6473333333333,53.379,12.011,65.39,6.0,2,2,4,16.6666666666667,10,8,14,7.66666666666667,5,4,7,103.666666666667,88,55,77,213.07698420365
33.3333333333333,29,22,51,76.1910666666667,73.88,47.88,121.76,4.33333333333333,1,4,5,9.33333333333333,11,4,15,4.66666666666667,2,4,6,62.0,42,43,85,141.991405228781
38.0,32,9,22,80.0223393333333,66.110418,18.998403,47.88,8.0,8,2,4,36.0,100,1,17,18.0,46,1,8,202.333333333333,552,3,93,26.7553643488064
56.3333333333333,21,29,50,129.355666666667,55.164,63.546,118.71,6.33333333333333,1,4,5,14.3333333333333,4,9,14,5.66666666666667,3,4,5,87.3333333333333,38,59,80,177.222141641121
79.3333333333333,108,9,81,190.212339333333,294.776182,18.998403,204.3833,9.33333333333333,0,2,6,44.0,98,4,17,20.6666666666667,44,4,8,251.0,515,43,93,25.2473823770671
82.0,113,23,34,185.8065,264.8985,50.9415,78.96,10.6666666666667,0,4,4,34.0,59,5,16,14.6666666666667,16,4,7,198.0,310,46,89,35.9386599322785
30.3333333333333,41,13,27,65.6146796666667,90.884861,26.981539,58.9332,5.0,5,3,4,12.3333333333333,7,6,13,5.66666666666667,3,4,5,79.3333333333333,24,49,73,203.115171869301
60.6666666666667,2,29,56,140.779666666667,10.235,63.546,137.327,7.33333333333333,2,4,6,18.6666666666667,30,2,16,8.0,12,2,7,105.0,169,9,89,54.0797742771676
92.0,94,17,81,218.999133333333,266.9558,35.4527,204.3833,9.66666666666667,0,3,6,34.6666666666667,58,10,17,15.3333333333333,28,4,8,196.666666666667,314,62,94,13.9029124810518
31.0,17,22,39,69.7986166666667,41.02585,47.88,88.90585,4.33333333333333,1,4,5,7.0,11,3,14,4.33333333333333,3,3,6,44.6666666666667,67,12,79,87.2857992119272
27.6666666666667,8,24,32,61.1797666666667,20.6139,51.9961,72.61,4.0,0,4,4,9.66666666666667,8,6,14,4.66666666666667,2,4,6,62.0,30,49,79,174.573859548249
44.3333333333333,64,14,78,105.357293333333,166.9945,28.0855,195.08,4.66666666666667,3,3,6,9.66666666666667,9,5,14,4.66666666666667,2,4,6,62.6666666666667,31,47,78,214.952793252754
54.6666666666667,64,14,78,133.885166666667,166.9945,28.0855,195.08,5.0,3,3,6,9.33333333333333,10,4,14,4.66666666666667,2,4,6,62.0,33,45,78,192.145511691219
50.6666666666667,34,5,39,111.81655,78.09485,10.811,88.90585,7.66666666666667,3,2,5,17.3333333333333,10,3,13,8.33333333333333,3,3,6,105.333333333333,60,12,72,164.155355998244
33.3333333333333,31,14,45,74.63246,74.82,28.0855,102.9055,4.33333333333333,2,3,5,9.33333333333333,9,5,14,4.66666666666667,2,4,6,61.3333333333333,31,47,78,221.400699085637
24.6666666666667,21,8,37,54.1408366666667,53.469,15.9994,85.4678,4.33333333333333,1,2,5,12.0,31,1,16,6.0,13,1,7,63.0,170,4,87,95.0065225372126
42.6666666666667,28,22,50,94.6589333333333,70.83,47.88,118.71,5.66666666666667,3,4,5,12.6666666666667,10,4,14,5.66666666666667,3,4,5,81.6666666666667,37,43,80,155.794940609267
22.6666666666667,27,3,33,50.7831966666667,61.03959,6.941,74.92159,4.0,0,2,4,9.33333333333333,13,1,15,4.0,4,1,6,50.0,82,1,84,50.3649750266584
54.3333333333333,27,23,50,125.154166666667,67.7685,50.9415,118.71,6.33333333333333,1,4,5,12.3333333333333,9,5,14,5.66666666666667,3,4,5,81.3333333333333,34,46,80,188.891078158577
45.0,72,3,78,110.240666666667,181.198,6.941,195.08,5.0,2,2,6,9.0,13,1,15,4.0,4,1,6,50.0,83,1,85,81.3313698302412
35.0,63,5,39,78.0889,145.3787,10.811,88.90585,6.66666666666667,6,2,5,24.3333333333333,22,3,14,12.6666666666667,8,3,7,131.333333333333,130,12,77,149.411743268922
69.0,5,22,39,154.519283333333,6.85415,47.88,88.90585,9.66666666666667,11,4,5,21.0,49,3,13,10.3333333333333,17,3,5,131.333333333333,284,12,74,95.2032484943962
25.3333333333333,24,7,38,54.7478266666667,59.60652,14.00674,87.62,5.0,1,2,5,12.0,26,2,15,6.66666666666667,10,2,7,102.666666666667,156,8,82,94.1710927425393
36.6666666666667,38,13,32,79.7536926666667,91.256922,26.981539,72.61,6.0,2,3,4,18.6666666666667,26,2,14,8.0,10,2,6,103.666666666667,151,7,79,57.5883034500262
44.0,63,14,77,104.40396,164.1345,28.0855,192.22,4.66666666666667,3,3,6,9.33333333333333,9,5,14,4.66666666666667,2,4,6,61.6666666666667,31,47,78,244.470674304658
54.6666666666667,63,14,77,133.751133333333,164.1345,28.0855,192.22,5.0,3,3,6,9.33333333333333,9,5,14,4.66666666666667,2,4,6,62.0,30,48,78,258.599353373409
39.0,11,14,39,84.9843166666667,32.73485,28.0855,88.90585,6.33333333333333,1,3,5,15.0,25,3,14,7.66666666666667,9,3,6,90.6666666666667,144,12,78,127.573557467112
50.3333333333333,46,27,73,120.547033333333,122.0147,58.9332,180.9479,5.0,2,4,6,9.66666666666667,10,5,15,4.66666666666667,2,4,6,63.6666666666667,37,48,85,163.257593050755
32.3333333333333,27,15,42,72.7125873333333,64.966238,30.973762,95.94,4.33333333333333,2,3,5,8.33333333333333,11,4,15,5.0,3,4,7,59.0,39,44,83,197.786641242991
30.6666666666667,53,3,56,73.0631966666667,130.386,6.941,137.327,4.0,4,2,6,6.0,14,1,15,3.0,5,1,6,31.3333333333333,83,1,84,34.0302314473071
33.0,29,22,51,75.1623333333333,73.88,47.88,121.76,4.33333333333333,1,4,5,9.0,11,4,15,4.66666666666667,2,4,6,61.0,42,43,85,113.40134735953
24.6666666666667,53,3,56,58.4139206666667,130.386,6.941,137.327,3.66666666666667,4,2,6,6.0,14,1,15,3.33333333333333,6,1,7,31.0,82,1,83,37.7683399925764
43.6666666666667,39,7,46,95.9892466666667,92.41326,14.00674,106.42,6.33333333333333,3,2,5,16.3333333333333,9,8,15,7.66666666666667,3,4,7,103.0,83,55,82,187.480450629517
34.6666666666667,28,14,28,71.2119333333333,61.2158,28.0855,58.6934,6.0,2,3,4,16.6666666666667,26,2,14,7.33333333333333,10,2,6,95.0,149,7,78,104.406551882952
27.6666666666667,29,13,21,57.6881196666667,62.930281,26.981539,44.95591,5.66666666666667,2,3,4,15.6666666666667,22,3,14,7.66666666666667,6,3,6,83.6666666666667,134,11,78,101.515756355225
36.0,28,13,41,79.2514396666667,65.924841,26.981539,92.90638,5.33333333333333,2,3,5,12.0,8,5,13,5.66666666666667,3,4,5,78.6666666666667,26,47,73,192.044411608906
33.3333333333333,41,15,56,77.282254,106.353238,30.973762,137.327,4.33333333333333,3,3,6,9.33333333333333,13,2,15,4.33333333333333,5,2,7,52.0,74,9,83,57.2644023647649
86.0,142,13,56,203.721359333333,358.017922,26.981539,137.327,10.6666666666667,12,3,6,20.0,22,2,14,9.33333333333333,6,2,6,110.333333333333,131,9,79,33.2692263235303
34.6666666666667,45,3,51,81.1700666666667,107.878,6.941,121.76,4.66666666666667,1,2,5,9.33333333333333,13,1,15,4.0,4,1,6,50.6666666666667,83,1,85,46.9376128739325
28.0,7,25,32,62.1604166666667,17.67195,54.93805,72.61,4.0,0,4,4,10.0,7,7,14,4.66666666666667,2,4,6,63.0,27,52,79,161.529081132605
31.0,41,13,27,66.898313,90.884861,26.981539,58.9332,5.0,5,3,4,13.0,5,8,13,5.66666666666667,3,4,5,81.3333333333333,18,55,73,187.880732162281
29.6666666666667,14,8,38,64.8504666666667,39.6218,15.9994,87.62,5.0,1,2,5,19.6666666666667,46,2,16,9.0,19,2,7,109.0,253,8,87,134.215277257485
54.0,129,6,45,121.89447,296.7055,12.011,102.9055,7.0,13,2,5,14.6666666666667,11,3,14,7.33333333333333,4,3,7,88.3333333333333,66,11,77,214.967767362922
54.6666666666667,78,20,49,125.378,189.558,40.078,114.818,6.33333333333333,6,4,5,12.6666666666667,24,2,13,5.33333333333333,8,2,5,73.0,143,7,75,59.3598423895338
44.0,59,14,73,103.979633333333,152.8624,28.0855,180.9479,4.66666666666667,3,3,6,9.33333333333333,9,5,14,4.66666666666667,2,4,6,61.6666666666667,30,48,78,235.425456751402
33.3333333333333,75,6,27,71.930713,164.7886,12.011,58.9332,5.66666666666667,10,2,4,18.0,13,9,14,8.0,5,4,7,108.0,97,58,77,234.45450964741
34.0,78,6,28,70.7987333333333,164.0692,12.011,58.6934,5.66666666666667,10,2,4,15.3333333333333,12,2,14,7.0,5,2,7,109.333333333333,106,61,77,175.617544847377
48.6666666666667,36,15,51,111.727254,90.786238,30.973762,121.76,6.0,2,3,5,12.6666666666667,7,4,15,7.0,1,4,7,85.3333333333333,3,44,85,113.238097634499
39.3333333333333,22,29,51,90.9753333333333,58.214,63.546,121.76,4.66666666666667,1,4,5,9.33333333333333,13,2,15,4.0,4,2,6,52.3333333333333,77,8,85,47.5965903362268
74.6666666666667,9,16,73,166.616633333333,52.6839,32.066,180.9479,10.0,6,3,6,34.0,59,5,16,14.6666666666667,16,4,7,197.333333333333,304,48,88,38.0904911915927
30.3333333333333,5,16,37,65.8266,21.3358,32.066,85.4678,5.0,1,3,5,12.3333333333333,31,1,16,6.33333333333333,13,1,7,74.3333333333333,172,4,88,52.2454910085748
41.6666666666667,63,12,29,89.1111666666667,142.028,24.305,63.546,7.0,9,3,4,17.0,10,2,14,7.33333333333333,2,2,6,135.333333333333,114,64,78,98.1164321958674
45.3333333333333,111,6,39,101.903363,254.70655,12.011,88.90585,6.66666666666667,13,2,5,12.0,5,3,14,7.0,2,3,7,62.0,41,12,77,79.6465865086525
38.6666666666667,65,13,78,92.3331963333333,168.098461,26.981539,195.08,4.33333333333333,3,3,6,10.0,6,7,13,4.33333333333333,1,4,5,62.6666666666667,21,52,73,122.912556848747
55.6666666666667,27,12,39,122.46495,64.60085,24.305,88.90585,8.0,2,3,5,16.3333333333333,42,2,11,7.0,14,2,4,112.0,56,12,68,92.0463039660597
116.666666666667,18,31,80,283.478666666667,61.144,69.723,200.59,11.3333333333333,2,4,6,34.0,52,12,16,12.6666666666667,20,4,6,193.0,289,71,90,24.1377424960487
27.3333333333333,10,22,32,59.7278,24.73,47.88,72.61,4.0,0,4,4,9.33333333333333,10,4,14,4.66666666666667,2,4,6,61.0,36,43,79,157.422356196799
44.3333333333333,45,28,73,104.083766666667,122.2545,58.6934,180.9479,4.66666666666667,2,4,6,9.66666666666667,9,5,14,4.66666666666667,2,4,6,62.6666666666667,31,48,79,198.93267674916
30.0,42,14,28,61.8501,89.3013,28.0855,58.6934,5.0,5,3,4,12.0,12,2,14,5.33333333333333,4,2,6,69.0,71,7,78,83.3102818236332
34.3333333333333,17,8,41,76.17486,44.90818,15.9994,92.90638,5.33333333333333,1,2,5,18.3333333333333,46,2,16,9.0,19,2,7,105.333333333333,253,8,87,173.142199696701
39.6666666666667,65,13,39,86.9880796666667,150.830161,26.981539,88.90585,6.33333333333333,4,3,5,15.6666666666667,22,3,14,7.66666666666667,6,3,6,84.3333333333333,132,12,78,84.1434419504679
52.0,78,8,47,118.051733333333,183.7376,15.9994,107.8682,6.33333333333333,6,2,5,21.3333333333333,22,10,16,8.66666666666667,10,4,7,122.0,112,62,87,83.8719911831579
81.3333333333333,50,29,79,192.117513333333,133.42054,63.546,196.96654,8.66666666666667,10,4,6,28.6666666666667,53,11,16,12.0,24,4,7,162.0,292,64,89,28.8835243423633
24.6666666666667,6,13,20,50.0706926666667,13.885078,26.981539,40.078,5.33333333333333,2,3,4,18.6666666666667,26,2,14,8.0,10,2,6,103.0,149,7,78,61.7809139065244
44.0,65,14,79,104.65263,168.88104,28.0855,196.96654,4.66666666666667,3,3,6,9.33333333333333,11,3,14,4.33333333333333,3,3,6,52.0,66,12,78,92.98977700074
31.6666666666667,6,28,34,70.85833,20.2666,58.6934,78.96,4.0,0,4,4,13.6666666666667,6,10,16,5.66666666666667,3,4,7,78.0,28,61,89,101.001694439444
43.3333333333333,44,8,38,95.7058666666667,111.2424,15.9994,87.62,7.33333333333333,2,2,5,24.0,60,2,16,12.0,24,2,7,135.666666666667,332,8,87,126.9818886319
44.3333333333333,59,8,83,104.27519,160.98217,15.9994,208.98037,5.33333333333333,0,2,6,23.6666666666667,40,8,16,10.0,17,4,7,134.0,206,55,87,164.658306291657
43.6666666666667,17,34,51,102.38,42.8,78.96,121.76,4.66666666666667,1,4,5,13.6666666666667,6,10,16,5.66666666666667,3,4,7,78.6666666666667,27,62,89,84.2808101247971
49.6666666666667,6,46,52,118.593333333333,21.18,106.42,127.6,5.0,0,5,5,13.6666666666667,6,10,16,5.33333333333333,2,4,6,79.0,28,62,90,80.6530051564864
37.6666666666667,23,28,51,86.4711333333333,63.0666,58.6934,121.76,4.33333333333333,1,4,5,13.6666666666667,6,10,16,5.66666666666667,3,4,7,78.3333333333333,28,61,89,90.3908877038804
41.3333333333333,12,14,40,88.2606,35.053,28.0855,91.224,6.33333333333333,1,3,5,17.3333333333333,24,4,14,8.0,4,4,6,107.333333333333,112,44,78,170.808692491803
19.6666666666667,13,15,28,40.5777206666667,27.719638,30.973762,58.6934,3.33333333333333,1,3,4,13.6666666666667,6,10,16,6.0,3,4,7,77.3333333333333,27,61,88,118.283793422892
20.3333333333333,9,15,24,43.6166206666667,21.022338,30.973762,51.9961,3.66666666666667,1,3,4,8.33333333333333,11,4,15,5.0,3,4,7,58.3333333333333,40,43,83,204.306818684611
47.3333333333333,46,20,33,102.435993333333,109.76518,40.078,74.92159,6.66666666666667,0,4,4,17.3333333333333,28,2,15,7.33333333333333,10,2,6,99.0,161,7,84,83.3188123323773
80.0,12,13,29,170.038104,38.331688,26.981539,63.546,14.6666666666667,8,3,4,50.0,102,2,13,19.3333333333333,38,2,5,282.333333333333,577,7,73,92.8605099130671
28.3333333333333,60,6,22,60.877513,131.629,12.011,47.88,5.66666666666667,10,2,4,13.0,2,4,14,8.0,5,4,7,93.0,52,43,77,152.909427177908
38.0,66,13,79,90.6093596666667,169.985001,26.981539,196.96654,4.33333333333333,3,3,6,9.33333333333333,9,4,13,4.33333333333333,1,4,5,60.6666666666667,30,43,73,128.112688264731
21.6666666666667,13,8,29,45.2076,31.5472,15.9994,63.546,4.0,0,2,4,15.0,30,2,16,6.66666666666667,12,2,7,81.6666666666667,167,7,87,120.575927887937
44.0,34,6,46,100.4592,82.398,12.011,106.42,6.33333333333333,1,2,5,13.3333333333333,26,1,14,6.66666666666667,12,1,7,74.6666666666667,146,4,77,31.2519054974106
66.6666666666667,66,6,78,161.63762,171.058,12.011,195.08,7.33333333333333,2,2,6,13.3333333333333,26,1,14,6.66666666666667,12,1,7,75.6666666666667,144,5,77,33.2807637028537
78.0,150,12,27,167.266416,329.2942,24.305,58.9332,13.0,12,3,4,38.6666666666667,58,2,15,18.0,26,2,7,249.333333333333,16,58,83,202.874570459447
56.0,98,6,55,132.084286666667,241.78886,12.011,132.90543,7.0,8,2,6,13.3333333333333,26,1,14,6.66666666666667,12,1,7,75.3333333333333,144,5,77,28.6376455303917
54.6666666666667,66,6,78,130.012533333333,171.058,12.011,195.08,6.66666666666667,2,2,6,13.3333333333333,26,1,14,6.66666666666667,12,1,7,75.0,146,4,77,36.7756874271885
31.6666666666667,30,16,46,71.1358633333333,74.354,32.066,106.42,4.0,2,3,5,13.6666666666667,6,10,16,5.66666666666667,3,4,7,78.0,26,62,88,103.083087440133
20.3333333333333,12,14,26,42.9628033333333,27.7615,28.0855,55.847,3.66666666666667,1,3,4,8.33333333333333,11,3,14,4.33333333333333,3,3,6,48.0,67,11,78,139.432818100065
40.0,76,6,41,87.3185866666667,173.80176,12.011,92.90638,6.0,8,2,5,18.6666666666667,22,5,16,9.66666666666667,6,4,7,115.666666666667,82,47,88,34.6797919729046
60.6666666666667,82,20,51,138.126,203.442,40.078,121.76,7.33333333333333,2,4,5,18.6666666666667,28,2,15,7.33333333333333,10,2,6,105.0,163,7,85,43.7468513453519
48.6666666666667,22,8,46,109.886066666667,58.4218,15.9994,106.42,7.0,1,2,5,20.6666666666667,44,2,16,9.66666666666667,17,2,7,113.0,245,8,87,95.7543103082389
76.3333333333333,8,14,39,165.012933333333,37.3842,28.0855,88.90585,12.3333333333333,5,3,5,34.3333333333333,64,3,14,16.0,24,3,6,196.0,366,12,78,139.586021412156
97.3333333333333,214,13,40,219.051359333333,493.380922,26.981539,91.224,13.3333333333333,24,3,5,19.3333333333333,2,4,13,12.6666666666667,6,4,5,155.0,118,44,73,104.571810712525
32.6666666666667,16,25,41,73.48481,37.96833,54.93805,92.90638,4.33333333333333,1,4,5,8.66666666666667,9,5,14,4.66666666666667,2,4,6,59.3333333333333,32,47,79,180.111161862116
98.6666666666667,118,29,56,222.815393333333,243.949,63.546,137.327,12.6666666666667,2,4,6,32.6666666666667,28,2,15,12.6666666666667,10,2,6,187.0,159,9,84,66.8702406202013
43.6666666666667,20,6,44,94.6605766666667,53.026,12.011,101.07,8.33333333333333,3,2,5,24.3333333333333,47,3,14,13.6666666666667,19,3,7,132.333333333333,275,11,77,180.181831869336
68.0,10,46,56,162.422333333333,30.907,106.42,137.327,7.0,1,5,6,14.0,28,2,15,6.0,10,2,6,80.3333333333333,161,9,85,54.6671929998749
18.6666666666667,21,11,32,40.8604356666667,49.620232,22.989768,72.61,3.33333333333333,1,3,4,9.33333333333333,13,1,14,4.0,5,1,6,51.3333333333333,77,2,79,36.2113214625627
38.0,65,7,72,90.8002466666667,164.48326,14.00674,178.49,4.0,4,2,6,12.0,13,4,17,6.33333333333333,4,4,8,74.0,50,45,95,37.9532122545606
82.3333333333333,197,3,50,194.283666666667,467.899,6.941,118.71,9.0,18,2,5,21.6666666666667,55,1,14,8.33333333333333,19,1,5,125.666666666667,319,1,80,68.2194665760538
41.6666666666667,29,21,50,93.8441033333333,73.75409,44.95591,118.71,5.66666666666667,3,4,5,11.6666666666667,11,3,14,5.33333333333333,2,3,5,69.0,69,11,80,136.240899136851
50.3333333333333,17,14,45,112.296066666667,46.7345,28.0855,102.9055,7.0,1,3,5,14.3333333333333,22,3,14,7.33333333333333,6,3,6,79.6666666666667,132,12,78,105.590753054438
33.3333333333333,46,7,53,77.3784033333333,112.89773,14.00674,126.90447,4.0,3,2,5,12.0,13,4,17,6.33333333333333,4,4,8,74.0,52,44,96,22.0274620446386
84.6666666666667,24,21,51,189.70082,26.21546,44.95591,121.76,12.6666666666667,6,4,5,18.6666666666667,12,3,15,11.3333333333333,6,3,6,97.0,104,11,85,72.0081775311191
120.666666666667,76,26,51,277.6007,187.673,55.847,121.76,14.6666666666667,6,4,5,18.6666666666667,12,3,15,11.3333333333333,6,3,6,99.0,98,12,85,58.8975977842546
44.6666666666667,47,16,79,104.013346666667,132.83454,32.066,196.96654,5.33333333333333,0,3,6,16.0,27,5,16,7.33333333333333,10,4,7,96.0,130,46,88,105.558124870655
50.3333333333333,76,6,82,118.026243333333,195.189,12.011,207.2,6.66666666666667,4,2,6,12.3333333333333,5,3,14,7.0,2,3,7,63.6666666666667,48,11,81,96.9600245725794
30.0,68,4,72,71.86256,169.47782,9.01218,178.49,3.66666666666667,4,2,6,6.66666666666667,12,2,14,4.0,4,2,6,63.3333333333333,33,45,78,147.636454547542
53.6666666666667,130,5,45,121.49447,297.9055,10.811,102.9055,7.0,13,2,5,14.3333333333333,10,3,13,7.0,3,3,6,86.6666666666667,61,11,72,194.006411791176
50.0,54,29,83,120.04879,145.43437,63.546,208.98037,5.0,2,4,6,9.33333333333333,13,2,15,3.66666666666667,3,2,5,52.6666666666667,78,8,86,40.2119677045117
30.3333333333333,40,14,27,65.6311333333333,89.7809,28.0855,58.9332,5.0,5,3,4,12.3333333333333,9,5,14,6.0,2,4,6,80.0,32,46,78,213.110230469293
78.0,126,30,78,189.320333333333,324.77,65.39,195.08,7.0,8,4,6,14.6666666666667,4,10,12,5.33333333333333,0,4,4,88.3333333333333,56,63,70,154.799283690336
163.0,150,25,50,376.931383333333,382.6317,54.93805,118.71,19.6666666666667,6,4,5,43.0,81,3,14,19.0,27,3,5,268.0,468,12,80,110.129827443483
47.0,59,13,72,107.619446333333,151.508461,26.981539,178.49,5.66666666666667,3,3,6,12.3333333333333,9,4,13,5.66666666666667,3,4,5,80.0,28,45,73,164.503953716469
13.3333333333333,3,8,13,27.323369,5.017261,15.9994,26.981539,3.33333333333333,1,2,3,15.3333333333333,31,1,16,6.66666666666667,13,1,7,83.0,172,2,87,133.412360317286
30.6666666666667,2,15,32,66.6491746666667,10.662476,30.973762,72.61,4.66666666666667,2,3,4,18.6666666666667,18,12,15,8.0,10,4,7,104.666666666667,97,69,83,74.9233740887374
30.6666666666667,31,16,47,67.8267333333333,75.8022,32.066,107.8682,4.0,2,3,5,12.6666666666667,5,11,16,5.0,3,4,7,72.3333333333333,24,64,88,45.9264761576199
43.3333333333333,45,9,81,102.452817,128.389688,18.998403,204.3833,5.66666666666667,2,2,6,31.3333333333333,55,13,17,14.0,27,5,8,173.666666666667,299,73,93,58.735761026381
63.6666666666667,63,13,27,133.592750333333,124.967451,26.981539,58.9332,13.0,19,3,4,45.6666666666667,115,2,13,18.3333333333333,43,2,5,260.0,650,7,73,84.504469707315
42.3333333333333,20,29,38,94.8116666666667,39.472,63.546,87.62,5.66666666666667,3,4,5,12.3333333333333,11,2,13,5.0,3,2,5,70.0,66,8,74,52.9959539071539
208.333333333333,139,27,83,515.944646666667,359.02754,58.9332,208.98037,17.3333333333333,8,4,6,21.0,6,4,15,12.6666666666667,6,4,5,166.666666666667,98,45,86,112.447644929621
60.6666666666667,48,31,79,148.39318,127.24354,69.723,196.96654,5.33333333333333,2,4,6,9.33333333333333,9,4,13,4.33333333333333,1,4,5,61.6666666666667,29,45,74,130.762948420702
122.666666666667,76,26,51,282.237,187.673,55.847,121.76,14.6666666666667,6,4,5,20.6666666666667,6,4,15,13.3333333333333,8,4,6,163.0,94,44,85,113.177400755138
42.0,79,13,46,94.9258163333333,185.858461,26.981539,106.42,5.66666666666667,7,3,5,12.0,10,3,13,5.33333333333333,2,3,5,69.3333333333333,62,11,73,130.558593382192
44.6666666666667,53,25,78,106.58035,140.14195,54.93805,195.08,4.66666666666667,2,4,6,10.0,6,7,13,4.33333333333333,1,4,5,63.0,22,52,74,122.43127991458
29.6666666666667,31,8,47,65.238,75.8694,15.9994,107.8682,4.33333333333333,1,2,5,17.0,24,8,16,7.33333333333333,10,4,7,98.0,119,55,87,130.993752569224
79.0,83,19,34,176.720766666667,197.7817,39.0983,78.96,10.6666666666667,0,4,4,31.0,47,1,16,12.6666666666667,20,1,7,175.333333333333,264,3,89,39.9091639671105
28.3333333333333,44,3,50,65.3793333333333,104.828,6.941,118.71,4.33333333333333,1,2,5,9.0,12,1,14,3.66666666666667,3,1,5,48.6666666666667,78,1,80,51.7105842469038
37.6666666666667,57,15,72,88.4369206666667,147.516238,30.973762,178.49,4.33333333333333,3,3,6,9.0,11,4,15,5.0,3,4,7,61.0,38,45,83,212.752587253395
56.0,122,5,44,126.265026,281.588,10.811,101.07,8.33333333333333,11,2,5,25.3333333333333,15,8,13,11.3333333333333,0,4,6,152.666666666667,22,56,73,229.825242358252
42.0,8,16,40,91.6806666666667,4.974,32.066,91.224,6.33333333333333,4,3,5,18.0,46,2,16,9.0,19,2,7,105.333333333333,256,8,88,69.6515799845567
26.6666666666667,30,14,44,59.0118333333333,72.9845,28.0855,101.07,4.0,2,3,5,8.66666666666667,10,4,14,4.66666666666667,2,4,6,59.0,35,43,78,202.248801497253
39.0,29,22,51,90.2366666666667,73.88,47.88,121.76,4.66666666666667,1,4,5,9.0,11,4,15,4.66666666666667,2,4,6,61.3333333333333,42,43,85,140.560267082929
36.6666666666667,66,7,40,80.8424933333333,154.43452,14.00674,91.224,5.66666666666667,6,2,5,18.0,8,4,16,9.66666666666667,1,4,7,113.333333333333,0,44,88,159.26764611604
28.3333333333333,25,6,31,61.9087333333333,57.712,12.011,69.723,4.66666666666667,2,2,4,13.0,2,6,14,6.66666666666667,1,4,7,83.0,21,49,77,179.993600927528
36.6666666666667,66,7,40,80.8424933333333,154.43452,14.00674,91.224,5.66666666666667,6,2,5,18.0,8,4,16,9.66666666666667,1,4,7,113.333333333333,0,44,88,156.744698856716
54.3333333333333,62,5,72,125.6372,156.868,10.811,178.49,7.33333333333333,2,2,6,19.0,22,4,13,9.33333333333333,0,4,6,121.0,99,45,72,254.56403715078
37.3333333333333,64,14,78,87.7478333333334,166.9945,28.0855,195.08,4.33333333333333,3,3,6,8.66666666666667,12,2,14,4.0,4,2,6,49.3333333333333,71,7,78,84.1523871060338
37.0,24,6,30,80.7383833333333,53.379,12.011,65.39,6.0,2,2,4,15.6666666666667,7,7,14,7.66666666666667,3,4,7,100.666666666667,79,52,77,192.083759497339
36.3333333333333,23,28,51,81.9478,63.0666,58.6934,121.76,4.33333333333333,1,4,5,12.3333333333333,5,10,15,4.66666666666667,2,4,6,71.6666666666667,24,61,85,101.95110897113
52.6666666666667,39,8,55,118.514076666667,100.90663,15.9994,132.90543,7.33333333333333,2,2,6,22.0,31,1,16,9.0,13,1,7,123.666666666667,169,5,87,16.8743595197264
45.3333333333333,27,29,56,107.544333333333,73.781,63.546,137.327,5.0,2,4,6,9.33333333333333,13,2,15,4.0,4,2,6,52.6666666666667,76,9,85,44.9004852858772
108.666666666667,40,19,78,250.9002,116.8834,39.0983,195.08,12.6666666666667,18,4,6,38.0,100,1,17,18.0,46,1,8,213.0,564,3,95,10.0011425393294
61.3333333333333,140,6,73,146.012933333333,349.8848,12.011,180.9479,6.66666666666667,10,2,6,18.6666666666667,22,5,16,9.66666666666667,6,4,7,116.333333333333,80,48,88,38.8134807414797
57.6666666666667,44,6,50,132.479516666667,106.699,12.011,118.71,7.33333333333333,3,2,5,12.3333333333333,5,3,14,7.0,2,3,7,64.3333333333333,44,12,80,82.3694352922211
35.6666666666667,30,22,52,83.4671966666667,79.72,47.88,127.6,4.33333333333333,1,4,5,11.6666666666667,12,4,16,5.33333333333333,2,4,6,72.3333333333333,47,43,90,83.1952888214891
65.3333333333333,10,16,74,146.398666666667,55.576,32.066,183.84,8.66666666666667,6,3,6,30.6666666666667,58,6,16,13.3333333333333,24,4,7,177.0,301,51,88,15.5164507431048
32.3333333333333,30,14,44,72.6871166666667,72.9845,28.0855,101.07,4.33333333333333,2,3,5,8.33333333333333,11,3,14,4.33333333333333,3,3,6,48.6666666666667,66,12,78,130.336024797042
83.3333333333333,28,17,74,189.163933333333,28.8762,35.4527,183.84,11.3333333333333,12,3,6,36.6666666666667,100,1,17,18.0,46,1,8,207.666666666667,556,4,94,9.6235305017335
33.3333333333333,42,14,56,76.9341666666667,109.2415,28.0855,137.327,4.33333333333333,3,3,6,9.33333333333333,12,2,14,4.0,4,2,6,52.0,69,9,78,43.9335661406753
65.3333333333333,58,20,78,154.931333333333,155.002,40.078,195.08,6.66666666666667,2,4,6,12.6666666666667,24,2,13,5.33333333333333,8,2,5,73.3333333333333,143,7,75,66.860247256999
42.0,41,8,73,96.6338033333333,116.9503,15.9994,180.9479,6.0,2,2,6,24.0,61,3,16,11.6666666666667,25,3,7,135.666666666667,337,11,87,177.153383229707
31.3333333333333,9,8,41,67.28663,28.90878,15.9994,92.90638,5.66666666666667,3,2,5,24.0,61,3,16,11.6666666666667,25,3,7,135.333333333333,337,11,87,166.892036138822
22.6666666666667,45,3,51,52.877256,107.878,6.941,121.76,4.0,1,2,5,6.0,13,1,15,3.0,4,1,6,29.6666666666667,83,1,85,29.4139761631257
46.6666666666667,64,14,46,103.029666666667,156.669,28.0855,106.42,6.66666666666667,4,3,5,16.6666666666667,26,2,14,7.33333333333333,10,2,6,95.6666666666667,149,7,78,108.111915889863
47.3333333333333,12,40,52,112.511333333333,36.376,91.224,127.6,5.0,0,5,5,11.3333333333333,12,4,16,5.0,2,4,6,71.3333333333333,46,44,90,81.762714028312
49.0,78,20,49,111.086666666667,189.558,40.078,114.818,6.0,6,4,5,13.0,24,2,13,5.33333333333333,8,2,5,73.6666666666667,143,7,75,48.4160853833344
56.0,54,29,83,136.61779,145.43437,63.546,208.98037,5.33333333333333,2,4,6,9.33333333333333,13,2,15,3.66666666666667,3,2,5,53.0,77,9,86,36.7776504693607
43.3333333333333,58,20,78,102.589333333333,155.002,40.078,195.08,4.66666666666667,2,4,6,8.66666666666667,12,2,14,4.0,4,2,6,49.6666666666667,72,7,79,89.8611335142011
33.3333333333333,25,6,31,72.2005766666667,57.712,12.011,69.723,6.0,2,2,4,12.0,5,3,14,7.0,2,3,7,61.3333333333333,44,11,77,100.171931222192
26.6666666666667,27,14,41,58.64331,64.82088,28.0855,92.90638,4.0,2,3,5,8.66666666666667,9,5,14,4.66666666666667,2,4,6,59.0,31,47,78,209.06088229115
49.3333333333333,46,32,78,118.436666666667,122.47,72.61,195.08,5.0,2,4,6,8.66666666666667,12,2,14,4.0,4,2,6,50.0,71,8,79,68.1440392746729
27.0,29,15,44,59.9745873333333,70.096238,30.973762,101.07,4.0,2,3,5,9.0,11,4,15,5.0,3,4,7,60.6666666666667,40,43,83,220.810386336107
72.0,4,30,56,168.509,6.547,65.39,137.327,8.0,2,4,6,18.0,26,2,14,6.66666666666667,8,2,5,102.333333333333,151,9,80,43.5796354323133
26.6666666666667,34,6,46,58.8071786666667,82.398,12.011,106.42,5.0,1,2,5,13.3333333333333,26,1,14,6.66666666666667,12,1,7,73.3333333333333,150,2,77,45.7942155271068
11.3333333333333,4,4,12,23.4476133333333,6.28064,9.01218,24.305,3.66666666666667,1,2,3,12.0,26,2,15,6.66666666666667,10,2,7,122.0,30,67,82,184.949899850169
27.6666666666667,26,14,40,60.9518333333333,63.1385,28.0855,91.224,4.0,2,3,5,9.66666666666667,10,4,14,4.66666666666667,2,4,6,62.0,34,44,78,146.558830276798
150.0,75,34,49,349.598,179.29,78.96,114.818,16.3333333333333,21,4,5,54.0,48,13,17,22.6666666666667,17,5,8,305.0,280,75,95,27.2194871476009
21.3333333333333,13,15,28,44.8743573333333,27.719638,30.973762,58.6934,3.66666666666667,1,3,4,9.33333333333333,12,3,15,4.66666666666667,4,3,7,51.6666666666667,72,11,83,151.578764288804
55.3333333333333,80,20,50,127.972666666667,197.342,40.078,118.71,6.33333333333333,6,4,5,13.3333333333333,26,2,14,5.33333333333333,8,2,5,76.3333333333333,153,7,80,60.007370814203
40.6666666666667,74,5,42,90.7318,170.258,10.811,95.94,6.0,6,2,5,16.0,14,6,13,8.0,4,4,6,101.666666666667,44,50,72,296.23444849653
65.6666666666667,57,20,77,156.572666666667,152.142,40.078,192.22,6.66666666666667,2,4,6,13.0,26,2,14,5.33333333333333,8,2,5,75.6666666666667,153,7,80,76.9152590507264
44.0,69,12,81,105.864716666667,180.0783,24.305,204.3833,4.66666666666667,3,3,6,6.0,11,2,13,3.33333333333333,3,2,5,52.0,64,12,76,53.9026530500306
22.3333333333333,40,6,23,48.289254,89.872,12.011,50.9415,4.33333333333333,6,2,4,13.0,5,5,15,7.33333333333333,1,4,7,84.0,9,46,83,227.160407125255
70.0,142,12,83,168.882913333333,369.35074,24.305,208.98037,7.33333333333333,6,3,6,12.0,26,2,15,5.33333333333333,6,2,5,105.0,165,7,86,34.559550022021
55.3333333333333,40,38,78,133.803333333333,107.46,87.62,195.08,5.33333333333333,1,5,6,8.66666666666667,12,2,14,3.66666666666667,3,2,5,50.3333333333333,72,8,80,69.5657598526795
16.6666666666667,23,3,29,36.1339206666667,49.664,6.941,63.546,3.66666666666667,0,2,4,9.33333333333333,13,1,15,4.33333333333333,5,1,7,49.6666666666667,81,1,83,60.4566322819309
56.0,40,39,79,134.860796666667,108.06069,88.90585,196.96654,5.33333333333333,1,5,6,9.33333333333333,11,3,14,4.0,2,3,5,52.6666666666667,68,12,80,78.3604975991816
33.6666666666667,32,14,46,75.80396,78.3345,28.0855,106.42,4.33333333333333,2,3,5,9.66666666666667,9,5,14,4.66666666666667,2,4,6,62.3333333333333,31,47,78,194.892000024562
22.3333333333333,42,6,24,47.6615796666667,91.9812,12.011,51.9961,4.33333333333333,6,2,4,13.0,2,6,14,6.66666666666667,1,4,7,82.6666666666667,21,49,77,188.811815538557
35.3333333333333,69,5,74,84.5280666666667,173.029,10.811,183.84,4.0,4,2,6,9.33333333333333,7,6,13,4.66666666666667,2,4,6,60.3333333333333,21,51,72,334.812895108244
25.0,25,14,39,54.9571166666667,60.82035,28.0855,88.90585,4.0,2,3,5,7.0,11,3,14,4.33333333333333,3,3,6,44.3333333333333,66,12,78,89.4537355940713
40.3333333333333,44,24,34,91.1540333333333,105.9239,51.9961,78.96,5.33333333333333,0,4,4,16.3333333333333,26,6,16,7.33333333333333,10,4,7,97.0,129,49,89,76.6835787666336
41.3333333333333,71,12,83,98.94379,184.67537,24.305,208.98037,4.33333333333333,3,3,6,9.33333333333333,13,2,15,3.66666666666667,3,2,5,72.6666666666667,22,64,86,57.0231682623761
55.6666666666667,28,44,72,133.773333333333,77.42,101.07,178.49,5.33333333333333,1,5,6,9.0,11,4,15,4.66666666666667,2,4,6,62.0,40,45,85,146.972883349073
51.3333333333333,74,7,81,120.67668,190.37656,14.00674,204.3833,6.66666666666667,4,2,6,13.3333333333333,3,4,15,8.0,5,4,7,95.6666666666667,47,43,82,150.406400861435
42.0,28,22,50,94.8188,70.83,47.88,118.71,5.66666666666667,3,4,5,12.0,10,4,14,5.66666666666667,3,4,5,79.6666666666667,37,43,80,168.165816892387
43.0,91,3,47,98.4291333333333,208.7954,6.941,107.8682,5.33333333333333,8,2,5,12.3333333333333,13,1,14,5.0,5,1,6,70.0,78,1,79,65.2469977636949
16.0,27,3,30,34.4349206666667,58.449,6.941,65.39,3.0,2,2,4,9.33333333333333,14,1,15,4.0,6,1,7,51.0,82,1,83,65.3139830393264
112.666666666667,60,17,81,268.440933333333,196.0504,35.4527,204.3833,12.0,6,3,6,44.6666666666667,96,6,17,20.6666666666667,44,4,8,255.666666666667,513,51,94,14.6477124423044
18.6666666666667,18,12,15,38.1126746666667,37.642524,24.305,30.973762,4.0,0,3,3,15.3333333333333,28,2,15,7.33333333333333,12,2,7,104.0,98,68,83,71.623279622982
46.0,40,32,72,110.02,105.88,72.61,178.49,4.66666666666667,2,4,6,11.3333333333333,12,4,16,5.66666666666667,3,4,7,71.0,44,45,89,111.843205837485
27.3333333333333,38,12,50,61.031,94.405,24.305,118.71,4.0,2,3,5,6.0,12,2,14,3.0,3,2,5,51.6666666666667,73,7,80,40.3638134164663
26.6666666666667,32,14,46,58.1945,78.3345,28.0855,106.42,4.0,2,3,5,8.66666666666667,12,2,14,4.0,4,2,6,49.0,71,7,78,66.0173585130725
24.0,34,7,41,52.96974,78.89964,14.00674,92.90638,3.66666666666667,3,2,5,8.66666666666667,10,5,15,5.0,3,4,7,59.3333333333333,35,47,82,279.985603999738
34.0,40,8,56,78.2386,105.3282,15.9994,137.327,4.66666666666667,2,2,6,15.3333333333333,30,2,16,6.66666666666667,12,2,7,84.0,165,9,87,83.0689692717273
31.3333333333333,35,16,51,70.9197333333333,89.694,32.066,121.76,4.0,2,3,5,13.3333333333333,7,9,16,5.66666666666667,3,4,7,77.0,30,58,88,112.789194811079
94.6666666666667,2,16,49,206.067333333333,37.24,32.066,114.818,13.3333333333333,8,3,5,52.6666666666667,60,12,16,21.3333333333333,30,4,7,295.0,321,69,88,53.1541351280072
33.3333333333333,31,20,51,75.128,81.682,40.078,121.76,4.33333333333333,1,4,5,9.33333333333333,13,2,15,4.0,4,2,6,52.0,78,7,85,52.4225198836356
16.0,30,3,33,35.3891966666667,67.98059,6.941,74.92159,3.0,2,2,4,6.0,14,1,15,3.0,5,1,6,51.0,83,1,84,46.605325566995
31.6666666666667,41,13,27,67.006313,90.884861,26.981539,58.9332,5.66666666666667,2,3,4,19.6666666666667,10,9,14,8.33333333333333,4,4,6,115.0,40,58,78,175.449906754394
81.3333333333333,117,39,78,197.961283333333,301.25415,88.90585,195.08,7.33333333333333,7,5,6,12.0,10,3,13,5.33333333333333,2,3,5,71.0,63,12,75,120.950103500831
36.0,32,14,30,75.6763333333333,74.609,28.0855,65.39,6.0,2,3,4,18.0,26,2,14,7.33333333333333,10,2,6,100.333333333333,149,7,78,70.0251837377265
124.0,170,16,78,294.8132,456.976,32.066,195.08,13.3333333333333,6,3,6,32.0,62,1,16,14.0,26,1,7,183.0,344,4,88,21.3089497293336
25.3333333333333,38,3,41,54.6597933333333,85.96538,6.941,92.90638,4.33333333333333,3,2,5,12.6666666666667,31,1,16,6.33333333333333,13,1,7,74.6666666666667,175,1,88,82.5442889019022
53.3333333333333,2,8,46,117.41986,10.4236,15.9994,106.42,8.33333333333333,7,2,5,45.3333333333333,86,10,16,19.3333333333333,38,4,7,250.666666666667,460,62,87,141.814146798849
21.6666666666667,11,11,22,45.0005893333333,24.890232,22.989768,47.88,4.33333333333333,2,3,4,12.3333333333333,31,1,16,6.33333333333333,13,1,7,73.6666666666667,174,2,88,51.9659660600497
21.3333333333333,27,8,35,46.9531033333333,63.9046,15.9994,79.904,3.33333333333333,2,2,4,12.0,14,3,17,6.0,5,3,8,64.3333333333333,84,11,95,22.381890171571
64.0,23,16,41,137.26946,35.35762,32.066,92.90638,9.66666666666667,7,3,5,34.0,59,5,16,14.6666666666667,16,4,7,197.0,305,47,88,39.6644018853362
71.3333333333333,28,17,74,158.250933333333,28.8762,35.4527,183.84,10.6666666666667,12,3,6,36.6666666666667,100,1,17,18.0,46,1,8,207.0,558,3,94,12.2317962484326
67.3333333333333,57,47,52,161.6094,147.3318,107.8682,127.6,6.66666666666667,0,5,5,19.3333333333333,21,11,16,7.33333333333333,8,4,6,110.0,115,65,90,49.7932553586812
13.0,3,3,6,27.9393333333333,5.07,6.941,12.011,5.33333333333333,0,2,2,31.0,13,1,14,14.6666666666667,6,1,7,170.0,76,1,77,196.903467473295
14.6666666666667,33,3,9,31.2485373333333,69.052612,6.941,18.998403,4.0,0,2,2,27.3333333333333,67,1,17,13.0,31,1,8,148.333333333333,371,1,93,10.8614748275629
22.6666666666667,26,3,32,50.6273333333333,58.728,6.941,72.61,4.0,0,2,4,9.33333333333333,12,1,14,4.0,4,1,6,50.0,77,1,79,48.4037511017667
16.6666666666667,15,9,12,34.7633256666667,32.690209,18.998403,24.305,4.0,3,2,3,18.0,50,1,17,9.0,23,1,8,116.333333333333,277,2,93,70.4193860898668
93.3333333333333,74,3,77,224.667,185.279,6.941,192.22,9.33333333333333,4,2,6,22.0,55,1,14,8.33333333333333,19,1,5,127.0,319,1,80,69.0271831095775
32.0,45,13,29,69.6705296666667,100.110461,26.981539,63.546,5.0,5,3,4,14.0,6,7,13,5.66666666666667,3,4,5,84.3333333333333,21,52,73,123.795848970215
29.6666666666667,41,13,27,64.2426463333333,90.884861,26.981539,58.9332,5.0,5,3,4,11.6666666666667,9,4,13,5.66666666666667,3,4,5,77.3333333333333,30,43,73,177.697024629998
16.6666666666667,10,8,14,33.4629,19.9127,15.9994,28.0855,4.0,3,2,3,21.3333333333333,46,2,16,9.66666666666667,19,2,7,135.666666666667,193,68,87,199.508808651478
39.3333333333333,69,7,38,89.7169133333333,161.23326,14.00674,87.62,5.33333333333333,8,2,5,12.0,13,2,17,6.33333333333333,4,2,8,64.3333333333333,79,8,95,43.3776291484406
100.0,4,29,40,224.358666666667,19.488,63.546,91.224,13.0,7,4,5,28.0,16,4,14,13.3333333333333,4,4,6,182.0,26,44,79,132.703826844409
60.6666666666667,4,30,56,139.316726666667,6.547,65.39,137.327,7.33333333333333,2,4,6,18.6666666666667,28,2,15,7.33333333333333,10,2,6,105.0,159,9,84,48.3960889792799
34.6666666666667,24,15,27,73.297308,55.918876,30.973762,58.9332,6.0,2,3,4,16.6666666666667,28,2,15,8.0,12,2,7,96.3333333333333,159,7,83,101.214723988496
22.3333333333333,12,15,27,48.2816706666667,27.959438,30.973762,58.9332,3.66666666666667,1,3,4,10.3333333333333,8,7,15,5.0,3,4,7,64.3333333333333,31,52,83,198.621479239106
72.0,62,17,40,158.291933333333,121.4922,35.4527,91.224,11.0,13,3,5,36.0,100,1,17,18.0,46,1,8,205.333333333333,556,4,94,9.380354402131
66.0,28,17,37,143.843933333333,41.7806,35.4527,85.4678,10.6666666666667,8,3,5,36.0,100,1,17,18.0,46,1,8,205.0,556,4,94,11.0905740440286
114.0,60,17,81,272.1876,196.0504,35.4527,204.3833,12.0,6,3,6,46.0,92,10,17,20.6666666666667,44,4,8,259.666666666667,501,63,94,11.2919017074236
20.6666666666667,10,8,26,42.6412666666667,23.8482,15.9994,55.847,4.0,0,2,4,14.0,30,2,16,6.66666666666667,12,2,7,78.6666666666667,167,7,87,109.713338081869
42.0,18,28,38,92.5389333333333,29.7668,58.6934,87.62,5.66666666666667,1,4,5,12.0,12,2,14,5.33333333333333,4,2,6,69.6666666666667,71,8,79,71.6601951306966
33.3333333333333,9,29,38,75.36253,24.074,63.546,87.62,4.33333333333333,1,4,5,9.33333333333333,13,2,15,4.0,4,2,6,52.0,76,8,84,56.4864134297307
43.0,9,20,31,92.3236666666667,10.433,40.078,69.723,6.66666666666667,4,4,4,13.0,9,2,13,5.66666666666667,1,2,5,72.0,60,7,74,49.8637172197007
34.0,16,8,40,75.6140666666667,43.2258,15.9994,91.224,5.33333333333333,1,2,5,18.0,46,2,16,9.0,19,2,7,104.333333333333,253,8,87,152.932068147966
62.0,46,28,38,136.306733333333,88.4602,58.6934,87.62,8.33333333333333,3,4,5,20.0,26,2,14,8.66666666666667,10,2,6,116.333333333333,150,8,79,89.2301590440036
27.0,25,6,31,59.1646666666667,57.712,12.011,69.723,4.66666666666667,2,2,4,11.6666666666667,6,4,14,6.66666666666667,1,4,7,79.0,9,43,77,138.983019428398
29.3333333333333,39,13,26,63.2056796666667,84.712461,26.981539,55.847,5.0,5,3,4,11.3333333333333,8,5,13,5.66666666666667,3,4,5,76.3333333333333,27,46,73,217.579549104846
39.0,23,27,50,89.6224,59.7768,58.9332,118.71,4.66666666666667,1,4,5,9.0,10,4,14,4.33333333333333,1,4,5,60.6666666666667,36,44,80,138.020512457488
32.6666666666667,80,3,83,80.0754566666667,202.03937,6.941,208.98037,3.66666666666667,4,2,6,6.0,14,1,15,2.66666666666667,4,1,5,51.6666666666667,85,1,86,31.2593513690444
54.0,80,17,22,112.930933333333,164.8362,35.4527,47.88,10.0,14,3,4,36.0,100,1,17,18.0,46,1,8,204.333333333333,558,3,94,11.8767384483966
22.0,27,8,35,48.9483,63.9046,15.9994,79.904,3.33333333333333,2,2,4,12.6666666666667,12,5,17,6.33333333333333,4,4,8,76.0,49,46,95,31.9723944975704
33.3333333333333,32,19,51,75.4161,82.6617,39.0983,121.76,4.33333333333333,1,4,5,9.33333333333333,14,1,15,3.66666666666667,5,1,6,52.3333333333333,82,3,85,23.9784727379294
39.3333333333333,45,5,50,88.1295766666667,107.899,10.811,118.71,6.33333333333333,3,2,5,12.0,5,3,14,6.66666666666667,3,3,6,61.6666666666667,47,11,80,82.6910443615272
171.666666666667,261,39,50,401.815283333333,623.35415,88.90585,118.71,18.3333333333333,10,5,5,39.6666666666667,81,3,14,16.3333333333333,27,3,5,238.666666666667,468,12,80,120.155074448756
49.6666666666667,57,21,78,119.58197,150.12409,44.95591,195.08,5.0,2,4,6,9.0,11,3,14,4.0,2,3,5,51.3333333333333,69,11,80,118.613056948765
46.0,78,8,47,102.142866666667,183.7376,15.9994,107.8682,6.0,6,2,5,21.3333333333333,22,10,16,8.66666666666667,6,4,7,121.666666666667,113,61,87,125.582432971866
32.3333333333333,22,8,27,68.2845893333333,53.8688,15.9994,58.9332,6.33333333333333,0,2,4,27.6666666666667,63,1,16,12.3333333333333,27,1,7,155.333333333333,346,2,87,69.582362568381
44.0,21,6,45,95.27241,54.8615,12.011,102.9055,8.33333333333333,3,2,5,24.6666666666667,47,3,14,13.6666666666667,19,3,7,133.333333333333,275,11,77,178.14045847422
109.666666666667,213,27,40,248.5744,488.4108,58.9332,91.224,14.0,26,4,5,19.6666666666667,2,4,13,12.6666666666667,6,4,5,156.666666666667,116,44,74,109.464346243424
97.6666666666667,214,13,40,220.080092666667,493.380922,26.981539,91.224,13.3333333333333,24,3,5,19.6666666666667,2,4,13,12.6666666666667,6,4,5,156.0,118,44,73,106.474020768395
37.3333333333333,66,13,79,88.008693,169.985001,26.981539,196.96654,4.33333333333333,3,3,6,8.66666666666667,11,2,13,3.66666666666667,3,2,5,48.6666666666667,66,7,73,66.8873592427834
33.3333333333333,28,23,51,76.1828333333333,70.8185,50.9415,121.76,4.33333333333333,1,4,5,9.33333333333333,10,5,15,4.66666666666667,2,4,6,62.0,39,46,85,160.392511454145
80.6666666666667,23,35,82,193.272476666667,32.512,79.904,207.2,8.0,6,4,6,22.0,50,1,17,10.0,23,1,8,123.666666666667,280,5,95,13.0093096935316
36.6666666666667,19,9,46,82.961003,49.424791,18.998403,106.42,5.33333333333333,1,2,5,20.6666666666667,50,1,17,9.66666666666667,23,1,8,115.0,275,4,93,70.3960741061976
54.3333333333333,89,15,52,127.311254,224.226238,30.973762,127.6,7.0,7,3,5,18.3333333333333,24,4,16,9.0,1,4,7,116.333333333333,94,43,90,20.6891890867876
50.0,48,31,79,119.304513333333,127.24354,69.723,196.96654,5.0,2,4,6,9.33333333333333,9,4,13,4.33333333333333,1,4,5,61.3333333333333,30,44,74,124.528677847241
27.3333333333333,50,3,8,56.3739333333333,98.1138,6.941,15.9994,8.66666666666667,0,2,2,55.3333333333333,110,1,16,25.0,47,1,7,299.666666666667,607,1,87,40.5737928429652
43.6666666666667,56,22,78,104.227666666667,147.2,47.88,195.08,4.66666666666667,2,4,6,9.0,9,4,13,4.33333333333333,1,4,5,60.0,31,43,74,162.602367953006
22.0,16,12,14,44.813026,31.866,24.305,28.0855,5.0,0,3,3,18.6666666666667,26,2,14,8.0,10,2,6,123.333333333333,88,68,78,63.9937464482769
29.3333333333333,24,16,40,65.3,59.158,32.066,91.224,4.0,2,3,5,11.3333333333333,12,4,16,5.66666666666667,3,4,7,70.3333333333333,44,44,88,119.35935271247
16.0,26,3,29,34.1619333333333,56.605,6.941,63.546,3.33333333333333,0,2,4,14.6666666666667,31,1,16,6.33333333333333,13,1,7,79.6666666666667,173,1,87,80.9075391318106
48.6666666666667,91,13,52,115.242513,228.218461,26.981539,127.6,5.66666666666667,7,3,5,18.6666666666667,21,11,16,7.0,8,4,6,105.666666666667,116,64,90,51.6696602342996
36.6666666666667,55,13,34,82.8158463333333,130.938461,26.981539,78.96,5.0,5,3,4,18.6666666666667,21,11,16,7.66666666666667,10,4,7,105.0,114,64,89,62.5189746586189
26.6666666666667,26,15,41,58.625414,61.932618,30.973762,92.90638,4.0,2,3,5,8.66666666666667,10,5,15,5.0,3,4,7,59.6666666666667,36,47,83,211.858087863534
98.6666666666667,14,29,73,229.141966666667,9.6901,63.546,180.9479,11.3333333333333,10,4,6,34.0,59,5,16,14.6666666666667,16,4,7,198.666666666667,308,48,89,31.4748659418228
30.3333333333333,38,14,26,64.90585,83.6085,28.0855,55.847,5.0,5,3,4,12.3333333333333,7,7,14,6.0,2,4,6,80.0,26,52,78,232.867825781062
52.0,20,9,37,114.539806,56.945182,18.998403,85.4678,8.66666666666667,2,2,5,38.0,100,1,17,18.0,46,1,8,209.0,550,4,93,14.4799923956018
65.0,146,6,41,144.880019666667,335.59252,12.011,92.90638,9.66666666666667,14,2,5,25.0,22,5,14,14.0,5,4,7,164.0,43,47,77,215.588650079961
44.6666666666667,48,8,72,104.702733333333,130.4918,15.9994,178.49,5.66666666666667,0,2,6,18.0,46,2,16,9.0,19,2,7,104.666666666667,253,8,87,155.891762856058
41.0,14,9,40,89.586806,22.766418,18.998403,91.224,7.0,7,2,5,39.0,98,4,17,18.6666666666667,44,4,8,222.0,514,44,93,14.3852251294439
44.3333333333333,59,8,83,104.27519,160.98217,15.9994,208.98037,5.33333333333333,0,2,6,23.6666666666667,40,8,16,10.0,17,4,7,134.0,206,55,87,162.167524741929
27.3333333333333,26,12,38,61.5116666666667,63.315,24.305,87.62,4.0,2,3,5,6.0,12,2,14,3.33333333333333,4,2,6,51.6666666666667,71,8,79,39.8838988049398
20.0,11,14,25,42.65982,26.85255,28.0855,54.93805,3.66666666666667,1,3,4,8.0,11,3,14,4.33333333333333,3,3,6,47.0,67,11,78,117.944577773821
44.6666666666667,48,8,72,104.702733333333,130.4918,15.9994,178.49,5.66666666666667,0,2,6,18.0,46,2,16,9.0,19,2,7,104.666666666667,253,8,87,154.642514980726
36.6666666666667,36,15,51,82.831254,90.786238,30.973762,121.76,5.33333333333333,2,3,5,12.6666666666667,7,4,15,7.0,1,4,7,84.6666666666667,1,43,85,114.252323165233
43.6666666666667,57,15,72,103.511254,147.516238,30.973762,178.49,4.66666666666667,3,3,6,9.0,11,4,15,5.0,3,4,7,61.3333333333333,38,45,83,221.070963349355
23.6666666666667,38,5,24,50.8652463333333,82.3702,10.811,51.9961,5.0,4,2,4,17.0,14,6,13,8.33333333333333,4,4,6,105.0,25,49,73,227.111116757378
75.0,130,14,79,179.669976666667,337.76208,28.0855,196.96654,7.66666666666667,6,3,6,17.6666666666667,25,3,14,7.66666666666667,9,3,6,100.0,144,12,78,116.102639883884
50.0,53,29,82,119.88395,143.654,63.546,207.2,5.0,2,4,6,9.33333333333333,11,3,14,4.0,2,3,5,52.3333333333333,69,12,81,67.7229387780195
37.3333333333333,71,5,27,81.1258366666667,155.1776,10.811,58.9332,6.66666666666667,8,2,4,18.6666666666667,23,3,13,9.0,9,3,6,109.666666666667,133,11,72,222.544377807642
50.0,56,27,83,119.712523333333,150.04717,58.9332,208.98037,5.0,2,4,6,9.33333333333333,11,4,15,4.33333333333333,1,4,5,62.6666666666667,42,44,86,116.816322754316
82.0,119,39,79,199.218976666667,305.02723,88.90585,196.96654,7.33333333333333,7,5,6,12.6666666666667,10,3,13,5.33333333333333,2,3,5,73.0,63,12,75,89.4429935057065
74.6666666666667,8,19,46,168.077533333333,28.2234,39.0983,106.42,9.66666666666667,11,4,5,26.6666666666667,66,1,17,12.6666666666667,30,1,8,149.333333333333,374,3,95,9.36952279569908
19.0,12,6,24,40.32467,27.9741,12.011,51.9961,4.0,0,2,4,12.3333333333333,25,3,14,7.0,11,3,7,71.3333333333333,143,11,77,209.409133317812
63.6666666666667,105,11,29,135.145922666667,231.194232,22.989768,63.546,10.3333333333333,4,3,4,36.3333333333333,63,1,16,15.0,27,1,7,203.333333333333,350,2,88,58.258177945161
24.6666666666667,21,8,37,54.1408366666667,53.469,15.9994,85.4678,4.33333333333333,1,2,5,12.0,31,1,16,6.0,13,1,7,63.0,170,4,87,95.0842513623659
75.3333333333333,140,13,51,170.831846333333,338.298461,26.981539,121.76,10.0,12,3,5,21.3333333333333,39,2,15,9.66666666666667,12,2,6,116.333333333333,234,7,85,37.8855596207262
53.3333333333333,34,8,41,115.733053333333,89.81636,15.9994,92.90638,8.66666666666667,2,2,5,39.3333333333333,86,5,16,18.0,38,4,7,228.333333333333,428,47,87,140.938324182622
47.6666666666667,59,13,72,110.854513,151.508461,26.981539,178.49,5.66666666666667,3,3,6,13.0,9,4,13,5.66666666666667,3,4,5,82.0,28,45,73,134.711725252905
119.333333333333,136,35,74,278.066533333333,295.584,79.904,183.84,13.3333333333333,18,4,6,36.6666666666667,100,1,17,18.0,46,1,8,209.666666666667,562,4,95,14.6077406796014
38.0,10,11,15,78.6518753333333,22.027554,22.989768,30.973762,9.0,0,3,3,21.3333333333333,40,1,15,10.6666666666667,16,1,7,112.333333333333,239,2,83,30.110685116953
58.0,75,29,52,137.21746,191.654,63.546,127.6,6.33333333333333,6,4,5,16.0,27,5,16,6.66666666666667,8,4,6,97.0,133,47,90,66.864173407946
51.6666666666667,20,9,37,114.619739333333,56.945182,18.998403,85.4678,8.66666666666667,2,2,5,37.6666666666667,100,1,17,18.0,46,1,8,208.0,550,4,93,16.4753349667943
43.3333333333333,12,39,51,100.62995,32.85415,88.90585,121.76,5.0,0,5,5,7.33333333333333,12,3,15,4.33333333333333,3,3,6,47.0,73,12,85,80.0908488908788
45.6666666666667,11,40,51,106.468,30.536,91.224,121.76,5.0,0,5,5,9.66666666666667,11,4,15,4.66666666666667,2,4,6,63.6666666666667,41,44,85,128.479795787671
54.0,76,8,50,121.204933333333,189.4218,15.9994,118.71,8.0,4,2,5,26.0,46,1,16,11.0,19,1,7,142.333333333333,255,3,87,23.1777932013602
82.6666666666667,46,33,53,192.163746666667,97.8603,74.92159,126.90447,9.0,7,4,5,28.6666666666667,7,12,17,11.3333333333333,0,4,8,162.666666666667,44,70,96,34.8509812787772
46.0,44,20,32,101.0548,105.142,40.078,72.61,6.66666666666667,0,4,4,16.0,26,2,14,7.33333333333333,10,2,6,93.6666666666667,151,7,79,97.2685963852416
81.3333333333333,207,6,73,197.949079666667,518.8217,12.011,180.9479,8.33333333333333,14,2,6,18.6666666666667,13,5,14,10.3333333333333,2,4,7,123.666666666667,10,48,77,224.585347002557
68.6666666666667,150,14,41,152.801473333333,343.54002,28.0855,92.90638,9.0,17,3,5,14.6666666666667,6,5,14,8.66666666666667,2,4,6,109.0,110,47,78,190.56673523362
46.6666666666667,87,3,8,96.1642666666667,171.1698,6.941,15.9994,14.6666666666667,0,2,2,95.3333333333333,189,1,16,43.0,81,1,7,517.0,1041,1,87,63.1260330245107
131.666666666667,215,13,56,313.417565,551.727305,26.981539,137.327,16.6666666666667,15,3,6,29.6666666666667,4,2,14,13.3333333333333,5,2,5,163.333333333333,35,9,80,29.757685494581
46.3333333333333,23,24,47,105.9281,55.8721,51.9961,107.8682,5.66666666666667,3,4,5,16.3333333333333,26,6,16,7.33333333333333,10,4,7,97.3333333333333,129,49,89,63.9208993638188
98.3333333333333,54,34,78,237.5026,153.28,78.96,195.08,9.66666666666667,0,4,6,23.0,47,1,16,10.0,20,1,7,132.333333333333,263,4,89,24.545983459504
92.3333333333333,137,19,78,222.0461,351.0617,39.0983,195.08,9.33333333333333,0,4,6,23.0,47,1,16,10.0,20,1,7,132.0,264,3,89,25.7877288753525
30.3333333333333,54,6,22,64.8811796666667,119.618,12.011,47.88,6.33333333333333,8,2,4,17.6666666666667,16,4,14,10.3333333333333,2,4,7,118.666666666667,25,43,77,158.521438245449
25.3333333333333,55,3,29,55.002254,120.151,6.941,63.546,4.33333333333333,6,2,4,12.6666666666667,14,1,15,5.33333333333333,6,1,7,70.6666666666667,82,1,83,79.3065850112228
55.3333333333333,46,32,78,135.005666666667,122.47,72.61,195.08,5.33333333333333,2,4,6,8.66666666666667,12,2,14,4.0,4,2,6,50.3333333333333,70,9,79,64.9512067854821
84.0,136,30,83,206.89258,352.57074,65.39,208.98037,7.33333333333333,8,4,6,14.6666666666667,28,2,15,5.33333333333333,8,2,5,83.3333333333333,163,9,86,31.8014829879947
20.6666666666667,11,8,27,43.3434333333333,26.9344,15.9994,58.9332,4.0,0,2,4,14.0,31,1,16,6.33333333333333,13,1,7,78.3333333333333,171,3,87,63.2612581297179
36.0,32,8,56,81.3395333333333,89.3288,15.9994,137.327,5.33333333333333,0,2,6,20.0,46,2,16,9.0,19,2,7,110.333333333333,252,9,87,85.2437235851821
32.0,64,8,72,75.5184666666667,162.4906,15.9994,178.49,3.66666666666667,4,2,6,12.0,12,4,16,6.0,3,4,7,73.3333333333333,43,45,88,137.042379590152
37.6666666666667,60,7,74,88.93051,155.82652,14.00674,183.84,4.66666666666667,2,2,6,14.3333333333333,24,6,15,7.33333333333333,10,4,7,89.0,113,51,82,288.416450910046
106.333333333333,86,14,50,243.3458,209.3345,28.0855,118.71,12.6666666666667,7,3,5,22.3333333333333,3,5,14,12.0,14,4,6,157.666666666667,75,47,80,162.308648268313
21.3333333333333,15,14,29,45.5291366666667,35.4605,28.0855,63.546,3.66666666666667,1,3,4,9.33333333333333,11,3,14,4.33333333333333,3,3,6,51.0,67,11,78,111.198806684447
37.6666666666667,26,6,32,83.14505,60.599,12.011,72.61,6.0,2,2,4,16.3333333333333,7,7,14,8.33333333333333,5,4,7,104.0,77,52,79,241.579997778788
33.3333333333333,24,22,46,75.6366666666667,58.54,47.88,106.42,4.33333333333333,1,4,5,9.33333333333333,10,4,14,4.66666666666667,2,4,6,61.3333333333333,36,43,79,150.253151282699
42.6666666666667,10,15,40,93.4211746666667,29.276476,30.973762,91.224,6.33333333333333,1,3,5,18.6666666666667,26,4,15,8.66666666666667,6,4,7,112.666666666667,122,44,83,128.611263643144
38.0,22,5,42,83.626,52.696,10.811,95.94,7.0,3,2,5,24.6666666666667,46,6,13,12.0,20,4,6,149.333333333333,238,50,72,308.276192754919
73.3333333333333,146,12,34,165.791026,346.19,24.305,78.96,10.6666666666667,14,3,4,36.6666666666667,76,2,16,16.3333333333333,31,2,7,242.333333333333,309,68,89,14.6859518081836
28.3333333333333,7,25,32,62.0804833333333,17.67195,54.93805,72.61,4.0,0,4,4,10.3333333333333,7,7,14,4.66666666666667,2,4,6,64.0,27,52,79,144.008703926121
39.3333333333333,30,21,51,91.0453033333333,76.80409,44.95591,121.76,4.66666666666667,1,4,5,9.33333333333333,12,3,15,4.33333333333333,3,3,6,52.6666666666667,74,11,85,96.7954122485819
89.3333333333333,8,8,56,201.64964,41.3306,15.9994,137.327,12.6666666666667,6,2,6,39.3333333333333,94,2,16,20.0,40,2,7,239.666666666667,513,9,87,185.079160982753
33.3333333333333,44,6,50,75.4936666666667,106.699,12.011,118.71,5.0,3,2,5,12.0,6,4,14,6.66666666666667,1,4,7,81.0,6,43,80,135.396013186869
21.3333333333333,26,12,38,46.6701666666667,63.315,24.305,87.62,3.66666666666667,2,3,5,6.0,12,2,14,3.33333333333333,4,2,6,51.3333333333333,70,8,78,42.9809029479682
37.3333333333333,23,7,30,81.40363,51.38326,14.00674,65.39,6.0,2,2,4,16.0,6,7,15,7.66666666666667,3,4,7,102.333333333333,74,52,82,194.923492381224
101.333333333333,132,34,83,250.706913333333,339.00074,78.96,208.98037,8.66666666666667,8,4,6,26.0,2,15,16,9.66666666666667,3,5,7,147.0,8,86,90,13.7881052082924
25.0,17,16,33,54.2781966666667,42.85559,32.066,74.92159,3.66666666666667,1,3,4,13.0,8,8,16,5.66666666666667,3,4,7,75.6666666666667,33,55,88,142.736897586553
50.0,45,33,78,119.635813333333,120.15841,74.92159,195.08,5.0,2,4,6,9.33333333333333,12,3,15,4.33333333333333,3,3,6,53.0,72,12,84,110.401480471322
28.3333333333333,27,6,33,62.93853,62.91059,12.011,74.92159,4.66666666666667,2,2,4,13.0,5,5,15,7.0,1,4,7,84.3333333333333,8,46,84,203.077105804572
33.3333333333333,23,22,45,75.2356966666667,55.0255,47.88,102.9055,4.33333333333333,1,4,5,9.33333333333333,11,4,15,4.66666666666667,2,4,6,62.0,41,43,84,178.457049160265
35.0,18,27,45,78.9200966666667,43.9723,58.9332,102.9055,4.33333333333333,1,4,5,11.0,6,9,15,4.66666666666667,2,4,6,67.0,26,58,84,194.74842609981
27.3333333333333,14,19,33,59.8032966666667,35.82329,39.0983,74.92159,4.0,0,4,4,9.33333333333333,14,1,15,3.66666666666667,5,1,6,52.0,81,3,84,30.666873071742
69.6666666666667,79,13,38,149.440083666667,155.213851,26.981539,87.62,13.3333333333333,22,3,5,45.6666666666667,115,2,13,18.3333333333333,43,2,5,260.333333333333,649,8,73,82.7003224132483
100.0,178,30,52,238.412,445.01,65.39,127.6,10.6666666666667,12,4,5,34.0,52,12,16,12.6666666666667,20,4,6,192.333333333333,291,69,90,28.3697078957535
54.3333333333333,71,7,78,125.54258,181.07326,14.00674,195.08,6.66666666666667,4,2,6,16.3333333333333,9,8,15,7.66666666666667,3,4,7,103.333333333333,83,55,82,214.101989510933
23.3333333333333,19,13,32,51.509863,45.628461,26.981539,72.61,3.66666666666667,1,3,4,11.3333333333333,7,7,14,5.0,2,4,6,68.0,27,52,79,113.92276515624
76.0,106,30,34,173.558666666667,250.45,65.39,78.96,9.33333333333333,0,4,4,34.0,52,12,16,14.0,24,4,7,191.0,287,69,89,36.7949341693245
75.3333333333333,66,12,39,172.652233333333,153.5067,24.305,88.90585,9.66666666666667,7,3,5,24.0,62,2,16,12.0,26,2,7,149.333333333333,332,12,89,51.7247207009327
86.6666666666667,70,14,42,192.6579,175.478,28.0855,95.94,12.3333333333333,3,3,5,26.6666666666667,50,3,14,14.0,18,3,6,162.0,288,12,78,156.102694280911
96.6666666666667,26,8,74,230.6058,87.8436,15.9994,183.84,12.0,6,2,6,36.0,90,2,16,17.3333333333333,36,2,7,200.0,495,9,87,95.2281280748945
30.6666666666667,13,13,39,67.267376,34.942772,26.981539,88.90585,5.0,1,3,5,12.6666666666667,23,3,13,5.66666666666667,7,3,5,72.0,134,12,73,89.228880374638
42.3333333333333,49,23,72,100.6805,127.5485,50.9415,178.49,4.66666666666667,2,4,6,7.66666666666667,10,4,14,4.66666666666667,2,4,6,56.6666666666667,34,45,79,154.762430200506
47.0,66,12,78,113.715,170.775,24.305,195.08,4.66666666666667,3,3,6,9.0,13,2,15,4.0,4,2,6,72.0,22,63,85,88.6931427227627
32.0,2,14,26,67.30994,0.323999999999998,28.0855,55.847,6.0,2,3,4,14.0,22,3,14,7.33333333333333,6,3,6,77.6666666666667,134,11,78,119.756927793495
37.6666666666667,21,7,28,80.08038,44.68666,14.00674,58.6934,6.0,2,2,4,16.3333333333333,9,8,15,7.66666666666667,3,4,7,102.666666666667,83,55,82,190.955691109821
40.3333333333333,11,14,39,87.64775,32.73485,28.0855,88.90585,6.33333333333333,1,3,5,16.3333333333333,25,3,14,7.66666666666667,9,3,6,94.6666666666667,144,12,78,145.14756270777
59.3333333333333,31,48,79,143.712513333333,84.55554,112.411,196.96654,5.33333333333333,1,5,6,12.6666666666667,4,11,15,4.66666666666667,2,4,6,73.6666666666667,19,66,85,70.5401352454829
28.0,8,25,33,61.9022133333333,19.98354,54.93805,74.92159,4.0,0,4,4,10.0,8,7,15,4.66666666666667,2,4,6,63.6666666666667,32,52,84,158.610669137703
67.3333333333333,107,14,45,151.26445,252.5455,28.0855,102.9055,8.66666666666667,9,3,5,19.3333333333333,25,3,14,9.0,9,3,6,115.0,144,12,78,174.086945115424
28.0,14,8,38,61.1660666666667,39.6218,15.9994,87.62,5.0,1,2,5,18.0,46,2,16,9.0,19,2,7,104.0,253,8,87,168.452515821931
27.3333333333333,12,20,32,59.3593333333333,32.532,40.078,72.61,4.0,0,4,4,9.33333333333333,12,2,14,4.0,4,2,6,51.6666666666667,72,7,79,49.3011939094994
58.6666666666667,72,20,46,132.712666666667,172.762,40.078,106.42,7.33333333333333,2,4,5,16.6666666666667,26,2,14,7.33333333333333,10,2,6,96.3333333333333,151,7,79,83.3163172572918
21.3333333333333,16,14,30,44.5178333333333,37.3045,28.0855,65.39,3.66666666666667,1,3,4,9.33333333333333,12,2,14,4.0,4,2,6,51.3333333333333,71,7,78,54.7327091249266
53.0,126,6,44,120.05897,291.199,12.011,101.07,7.0,13,2,5,13.6666666666667,11,3,14,7.33333333333333,4,3,7,85.3333333333333,66,11,77,233.701810709445
43.0,40,7,47,95.56303,93.86146,14.00674,107.8682,6.33333333333333,3,2,5,15.6666666666667,6,7,15,7.66666666666667,3,4,7,101.0,74,52,82,140.843018358112
28.0,7,25,32,62.1604166666667,17.67195,54.93805,72.61,4.0,0,4,4,10.0,7,7,14,4.66666666666667,2,4,6,63.0,27,52,79,144.212021115813
50.0,57,21,78,120.598636666667,150.12409,44.95591,195.08,5.0,2,4,6,9.33333333333333,12,3,15,4.33333333333333,3,3,6,53.0,74,11,85,109.904645853599
27.3333333333333,23,15,38,60.713254,56.646238,30.973762,87.62,4.0,2,3,5,9.33333333333333,13,2,15,4.33333333333333,5,2,7,51.6666666666667,75,8,83,66.4695724883255
32.3333333333333,12,14,40,70.3136666666667,35.053,28.0855,91.224,5.0,1,3,5,14.3333333333333,24,4,14,6.66666666666667,8,4,6,88.0,112,44,78,128.832470031423
68.0,150,14,41,151.852673333333,343.54002,28.0855,92.90638,9.0,17,3,5,14.0,6,5,14,8.66666666666667,2,4,6,107.0,110,47,78,191.258037929389
87.3333333333333,124,29,51,203.758,301.734,63.546,121.76,9.66666666666667,11,4,5,21.3333333333333,37,4,15,10.0,14,4,6,135.666666666667,167,44,85,91.0139009490811
68.0,88,13,38,154.014359333333,208.896922,26.981539,87.62,9.66666666666667,9,3,5,20.0,22,2,14,9.33333333333333,6,2,6,109.333333333333,134,8,79,40.5862577199009
32.3333333333333,15,25,40,72.9240166666667,36.28595,54.93805,91.224,4.33333333333333,1,4,5,8.33333333333333,10,4,14,4.66666666666667,2,4,6,58.3333333333333,35,44,79,98.9359006475477
25.3333333333333,17,16,33,55.30693,42.85559,32.066,74.92159,3.66666666666667,1,3,4,13.3333333333333,7,9,16,5.66666666666667,3,4,7,76.6666666666667,30,58,88,130.607531260689
31.3333333333333,40,14,27,67.2663,89.7809,28.0855,58.9332,5.0,5,3,4,13.3333333333333,6,8,14,6.0,2,4,6,83.0,23,55,78,201.691114357077
75.3333333333333,109,22,51,174.862,269.52,47.88,121.76,9.0,11,4,5,21.3333333333333,37,4,15,10.0,14,4,6,135.0,169,43,85,91.8781080268728
7.33333333333333,9,3,12,15.0842466666667,17.364,6.941,24.305,2.33333333333333,1,2,3,6.0,14,1,15,3.33333333333333,6,1,7,50.3333333333333,81,1,82,95.5152334820303
108.666666666667,115,29,72,261.935333333333,293.434,63.546,178.49,10.3333333333333,8,4,6,21.3333333333333,37,4,15,10.0,14,4,6,136.333333333333,165,45,85,96.1704027124702
57.3333333333333,8,16,56,125.761666666667,9.06299999999999,32.066,137.327,8.66666666666667,6,3,6,27.3333333333333,62,2,16,12.6666666666667,26,2,7,157.0,343,9,88,40.6180629330494
58.0,4,26,56,132.954726666667,25.633,55.847,137.327,7.33333333333333,2,4,6,16.0,28,2,15,7.33333333333333,10,2,6,95.6666666666667,159,9,84,77.1802099747712
22.3333333333333,14,14,28,47.2389833333333,30.6079,28.0855,58.6934,3.66666666666667,1,3,4,10.3333333333333,7,7,14,4.66666666666667,2,4,6,63.6666666666667,26,52,78,164.594765170928
36.0,32,12,56,80.7026666666667,88.717,24.305,137.327,6.0,0,3,6,11.3333333333333,24,2,14,6.0,8,2,6,100.333333333333,147,9,78,49.3305653062109
75.0,61,13,56,163.951617,105.506851,26.981539,137.327,13.6666666666667,21,3,6,45.0,115,2,13,18.3333333333333,43,2,5,258.666666666667,648,9,73,79.3079891852189
21.0,13,14,27,44.9662333333333,30.8477,28.0855,58.9332,3.66666666666667,1,3,4,9.0,10,4,14,4.66666666666667,2,4,6,59.6666666666667,35,43,78,180.788286623295
55.3333333333333,39,39,78,132.934616666667,106.17415,88.90585,195.08,5.33333333333333,1,5,6,8.66666666666667,10,3,13,4.0,2,3,5,50.0,63,12,75,100.808102490008
61.6666666666667,27,51,78,151.389,73.32,121.76,195.08,5.66666666666667,1,5,6,9.0,13,2,15,4.0,4,2,6,52.3333333333333,76,9,85,57.5222203328159
39.0,24,6,30,84.7335333333333,53.379,12.011,65.39,6.0,2,2,4,17.6666666666667,13,9,14,7.66666666666667,5,4,7,106.666666666667,97,58,77,216.75384303457
53.3333333333333,52,13,26,111.282026,113.577922,26.981539,55.847,10.0,0,3,4,35.3333333333333,32,8,14,15.3333333333333,12,4,6,207.666666666667,147,55,78,172.37109851288
114.0,258,12,45,255.211016,593.128,24.305,102.9055,15.0,18,3,5,38.6666666666667,58,2,15,18.0,26,2,7,251.333333333333,22,59,83,204.42176337353
50.3333333333333,55,28,83,119.63259,150.28697,58.6934,208.98037,5.0,2,4,6,9.66666666666667,11,4,15,4.33333333333333,1,4,5,63.6666666666667,42,44,86,104.490754465647
24.6666666666667,24,7,38,54.5044933333333,59.60652,14.00674,87.62,4.33333333333333,1,2,5,12.0,28,2,15,6.66666666666667,12,2,7,71.6666666666667,156,8,82,121.34584429249
142.0,196,32,52,342.246666666667,492.78,72.61,127.6,14.3333333333333,17,4,5,46.0,52,14,16,18.0,0,6,6,259.333333333333,292,79,90,22.6601161619209
82.6666666666667,197,3,50,194.8955,467.899,6.941,118.71,9.0,18,2,5,22.0,55,1,14,8.33333333333333,19,1,5,126.666666666667,319,1,80,63.6272321174693
39.3333333333333,30,20,50,90.3996666666667,78.632,40.078,118.71,4.66666666666667,1,4,5,9.33333333333333,12,2,14,3.66666666666667,3,2,5,52.3333333333333,73,7,80,41.9684531988119
101.0,81,22,49,231.301666666667,200.814,47.88,114.818,12.3333333333333,3,4,5,23.0,27,4,13,11.6666666666667,7,4,5,157.333333333333,96,43,75,121.813180277714
21.3333333333333,39,3,45,47.923013,89.0235,6.941,102.9055,4.0,1,2,5,8.0,11,1,13,3.66666666666667,3,1,5,44.6666666666667,71,1,73,80.318115540868
38.6666666666667,30,20,50,88.4026666666667,78.632,40.078,118.71,4.66666666666667,1,4,5,8.66666666666667,12,2,14,3.66666666666667,3,2,5,49.6666666666667,73,7,80,66.784700302194
49.3333333333333,57,21,78,118.284636666667,150.12409,44.95591,195.08,5.0,2,4,6,8.66666666666667,10,3,13,4.0,2,3,5,49.6666666666667,64,11,75,109.363452053127
38.3333333333333,29,20,49,87.1053333333334,74.74,40.078,114.818,4.66666666666667,1,4,5,8.33333333333333,11,2,13,3.66666666666667,3,2,5,48.0,68,7,75,60.6081827431054
55.0,80,20,50,126.801166666667,197.342,40.078,118.71,6.33333333333333,6,4,5,13.0,26,2,14,5.33333333333333,8,2,5,75.3333333333333,153,7,80,66.0718418631965
51.0,53,25,78,122.90935,140.14195,54.93805,195.08,5.0,2,4,6,10.3333333333333,7,7,14,4.33333333333333,1,4,5,65.0,28,52,80,107.852802052223
24.6666666666667,42,3,45,54.6031926666667,95.9645,6.941,102.9055,4.33333333333333,3,2,5,12.0,25,1,13,5.0,9,1,5,68.6666666666667,145,1,73,118.575046202074
37.6666666666667,23,27,31,82.0942666666667,11.0296,58.6934,69.723,5.33333333333333,0,4,4,13.6666666666667,5,9,13,5.66666666666667,1,4,5,83.6666666666667,42,58,74,180.375942110163
27.0,31,14,45,59.6236666666667,74.82,28.0855,102.9055,4.0,2,3,5,9.0,10,4,14,4.66666666666667,2,4,6,60.0,35,43,78,187.069668160217
88.0,68,30,49,203.622,164.246,65.39,114.818,10.0,6,4,5,34.0,52,12,16,14.0,24,4,7,191.666666666667,287,69,89,22.8059979567333
54.3333333333333,29,21,50,125.50197,73.75409,44.95591,118.71,6.33333333333333,1,4,5,12.3333333333333,11,3,14,5.33333333333333,2,3,5,71.6666666666667,69,11,80,124.120301595985
74.3333333333333,108,16,78,175.1521,293.962,32.066,195.08,8.33333333333333,3,3,6,23.0,47,1,16,10.0,20,1,7,131.0,261,3,88,32.2042031231082
40.0,58,14,72,95.1785,150.4045,28.0855,178.49,4.33333333333333,3,3,6,11.3333333333333,12,4,16,5.66666666666667,3,4,7,70.6666666666667,44,45,89,82.7139769654792
48.3333333333333,95,3,49,112.549,222.695,6.941,114.818,5.66666666666667,8,2,5,11.6666666666667,25,1,13,5.0,9,1,5,69.0,149,1,75,101.967917807144
19.3333333333333,28,3,31,41.758,62.782,6.941,69.723,4.0,2,2,4,6.0,12,1,13,3.33333333333333,4,1,5,70.3333333333333,73,1,74,41.5605578639842
40.0,56,16,72,94.3886666666667,146.424,32.066,178.49,4.33333333333333,3,3,6,11.3333333333333,12,4,16,5.66666666666667,3,4,7,70.6666666666667,43,45,88,127.360937338316
51.3333333333333,44,14,72,117.509133333333,122.319,28.0855,178.49,6.66666666666667,0,3,6,16.6666666666667,24,4,14,8.0,4,4,6,105.666666666667,111,45,78,190.499551266625
48.0,32,12,56,110.385666666667,88.717,24.305,137.327,6.66666666666667,0,3,6,11.3333333333333,24,2,14,6.0,8,2,6,101.0,149,9,79,43.2083169080447
61.0,68,16,29,129.826766666667,157.986,32.066,63.546,9.66666666666667,7,3,4,31.0,47,1,16,12.6666666666667,20,1,7,174.333333333333,261,3,88,47.5224938624663
44.0,62,21,83,104.209893333333,164.02446,44.95591,208.98037,4.66666666666667,2,4,6,9.33333333333333,12,3,15,4.0,2,3,5,52.6666666666667,75,11,86,88.6672616259387
81.3333333333333,140,12,82,200.112333333333,365.79,24.305,207.2,8.0,6,3,6,11.3333333333333,24,2,14,5.33333333333333,6,2,5,102.333333333333,153,9,81,32.0058476486066
34.0,58,14,72,79.5471666666667,150.4045,28.0855,178.49,4.0,3,3,6,11.3333333333333,12,4,16,5.66666666666667,3,4,7,70.3333333333333,43,45,88,135.092670933885
51.3333333333333,36,12,48,117.484133333333,88.106,24.305,112.411,6.0,2,3,5,12.0,10,2,12,4.66666666666667,2,2,4,89.3333333333333,60,65,70,69.3220436072207
33.3333333333333,38,12,50,76.8783333333333,94.405,24.305,118.71,4.33333333333333,2,3,5,6.0,12,2,14,3.0,3,2,5,52.0,72,8,80,35.9041776928764
81.6666666666667,33,16,81,184.921766666667,108.1853,32.066,204.3833,10.3333333333333,3,3,6,35.0,4,11,16,14.0,5,4,7,198.666666666667,8,64,88,46.0104418180856
32.6666666666667,33,13,46,74.102463,79.438461,26.981539,106.42,4.33333333333333,2,3,5,8.66666666666667,10,3,13,4.0,2,3,5,49.0,61,12,73,92.8793579422613
27.0,10,22,32,59.8077333333333,24.73,47.88,72.61,4.0,0,4,4,9.0,10,4,14,4.66666666666667,2,4,6,60.0,36,43,79,171.391952293686
25.0,43,3,46,55.7746926666667,99.479,6.941,106.42,4.33333333333333,3,2,5,12.3333333333333,25,1,13,5.0,9,1,5,69.6666666666667,145,1,73,104.176373034108
55.6666666666667,37,40,77,134.051333333333,100.996,91.224,192.22,5.33333333333333,1,5,6,9.0,10,4,14,4.33333333333333,1,4,5,61.3333333333333,36,44,80,159.912328326957
67.0,163,5,28,139.714133333333,341.3494,10.811,58.6934,10.6666666666667,22,2,4,33.6666666666667,32,10,14,14.0,12,4,6,198.0,210,61,78,209.858992276937
60.3333333333333,11,39,50,140.15195,29.80415,88.90585,118.71,6.66666666666667,5,5,5,12.3333333333333,11,3,14,5.33333333333333,2,3,5,72.0,68,12,80,107.75645491691
47.0,67,12,79,113.32718,172.66154,24.305,196.96654,4.66666666666667,3,3,6,9.0,12,2,14,3.66666666666667,3,2,5,71.3333333333333,14,66,80,66.7629548565098
33.3333333333333,30,20,50,74.726,78.632,40.078,118.71,4.33333333333333,1,4,5,9.33333333333333,12,2,14,3.66666666666667,3,2,5,52.0,73,7,80,46.1628956176106
36.0,8,16,40,75.8333333333333,4.974,32.066,91.224,6.0,4,3,5,18.0,46,2,16,9.0,19,2,7,105.0,257,7,88,69.2135888054731
54.6666666666667,22,30,38,122.747726666667,43.16,65.39,87.62,7.0,3,4,5,18.6666666666667,28,2,15,7.33333333333333,10,2,6,104.666666666667,160,8,84,54.1553338833965
58.0,23,16,55,129.225143333333,68.77343,32.066,132.90543,8.0,0,3,6,22.0,31,1,16,9.0,13,1,7,124.333333333333,171,5,88,15.2490733464496
28.6666666666667,44,3,50,65.994,104.828,6.941,118.71,4.33333333333333,1,2,5,9.33333333333333,12,1,14,3.66666666666667,3,1,5,50.3333333333333,78,1,80,37.5784946942086
49.3333333333333,62,20,82,117.899333333333,167.122,40.078,207.2,5.0,2,4,6,8.66666666666667,12,2,14,3.66666666666667,3,2,5,50.0,74,7,81,57.1129872105391
37.0,58,14,72,87.1711833333333,150.4045,28.0855,178.49,4.33333333333333,3,3,6,8.33333333333333,10,4,14,4.66666666666667,2,4,6,58.3333333333333,33,45,78,162.3266775004
76.3333333333333,0,13,26,161.398740666667,7.53568799999999,26.981539,55.847,14.6666666666667,8,3,4,46.3333333333333,101,3,13,19.6666666666667,37,3,5,271.666666666667,573,11,73,126.428837102068
49.0,58,20,78,116.658666666667,155.002,40.078,195.08,5.0,2,4,6,8.33333333333333,11,2,13,3.66666666666667,3,2,5,48.3333333333333,68,7,75,72.0318328840397
21.0,14,14,28,43.9116033333333,30.6079,28.0855,58.6934,3.66666666666667,1,3,4,9.0,11,3,14,4.33333333333333,3,3,6,50.0,67,11,78,132.364202792187
44.3333333333333,76,3,79,108.555846666667,190.02554,6.941,196.96654,4.33333333333333,4,2,6,9.0,14,1,15,3.66666666666667,5,1,6,50.6666666666667,84,1,85,55.4471208470453
61.6666666666667,73,3,79,149.422846666667,183.08454,6.941,196.96654,6.66666666666667,2,2,6,13.6666666666667,26,1,14,5.33333333333333,8,1,5,76.0,158,1,80,47.4486552129145
39.6666666666667,11,14,39,85.5902833333333,32.73485,28.0855,88.90585,6.33333333333333,1,3,5,15.6666666666667,25,3,14,7.66666666666667,9,3,6,92.6666666666667,144,12,78,139.729086616267
43.0,58,20,78,101.627,155.002,40.078,195.08,4.66666666666667,2,4,6,8.33333333333333,11,2,13,3.66666666666667,3,2,5,48.0,67,7,74,82.5959909795718
45.3333333333333,26,30,56,107.142333333333,71.937,65.39,137.327,5.0,2,4,6,9.33333333333333,12,2,14,3.66666666666667,3,2,5,52.6666666666667,71,9,80,34.5457713165515
39.3333333333333,26,30,56,91.7756666666667,71.937,65.39,137.327,4.66666666666667,2,4,6,9.33333333333333,12,2,14,4.0,4,2,6,52.3333333333333,70,9,79,39.7224215120415
86.3333333333333,65,13,39,186.314054,126.946462,26.981539,88.90585,15.0,19,3,5,50.3333333333333,101,3,13,19.6666666666667,37,3,5,284.0,572,12,73,100.798018868756
45.3333333333333,73,3,79,110.869513333333,183.08454,6.941,196.96654,5.0,2,2,6,9.33333333333333,13,1,15,4.0,4,1,6,51.0,83,1,85,53.4923446427392
35.6666666666667,29,13,42,78.2051796666667,68.958461,26.981539,95.94,5.33333333333333,2,3,5,11.6666666666667,7,6,13,5.66666666666667,1,4,5,77.6666666666667,23,50,73,225.310105150771
48.6666666666667,10,29,48,110.242333333333,14.681,63.546,112.411,6.0,3,4,5,12.6666666666667,8,4,12,5.33333333333333,4,4,4,80.6666666666667,26,44,70,114.931022252075
28.6666666666667,2,9,19,59.498404,2.20298800000001,18.998403,39.0983,6.33333333333333,0,2,4,24.0,66,1,17,12.0,30,1,8,148.666666666667,366,3,93,46.7453928733049
75.0,4,13,25,160.186807333333,3.89988799999998,26.981539,54.93805,14.6666666666667,8,3,4,45.0,101,3,13,19.6666666666667,37,3,5,267.666666666667,573,11,73,103.206644415958
35.3333333333333,74,3,77,84.3746926666667,185.279,6.941,192.22,4.66666666666667,4,2,6,12.0,25,1,13,5.0,9,1,5,69.0,145,1,73,134.960007867155
53.0,64,14,46,119.305616666667,156.669,28.0855,106.42,7.0,4,3,5,17.0,25,3,14,7.66666666666667,9,3,6,97.3333333333333,144,12,78,132.072451911809
29.0,39,13,26,62.1851796666667,84.712461,26.981539,55.847,5.0,5,3,4,11.0,9,4,13,5.66666666666667,3,4,5,75.3333333333333,30,43,73,184.560137098332
36.3333333333333,7,24,31,79.8618333333333,17.7269,51.9961,69.723,5.33333333333333,4,4,4,12.3333333333333,7,6,13,5.66666666666667,3,4,5,79.6666666666667,25,49,74,198.464061241188
52.3333333333333,62,14,45,116.962616666667,149.64,28.0855,102.9055,7.0,4,3,5,16.3333333333333,25,3,14,7.66666666666667,9,3,6,95.3333333333333,144,12,78,155.507223750387
60.0,2,29,56,138.087393333333,10.235,63.546,137.327,7.33333333333333,2,4,6,18.0,28,2,15,7.33333333333333,10,2,6,101.666666666667,159,9,84,57.409982970892
34.3333333333333,26,14,27,72.99777,61.6954,28.0855,58.9332,6.0,2,3,4,16.3333333333333,25,3,14,7.66666666666667,9,3,6,94.3333333333333,145,11,78,158.502768673328
59.3333333333333,0,28,56,134.852326666667,19.9402,58.6934,137.327,7.33333333333333,2,4,6,17.3333333333333,28,2,15,7.33333333333333,10,2,6,99.6666666666667,159,9,84,63.6843566575412
33.6666666666667,22,23,45,76.2561966666667,51.964,50.9415,102.9055,4.33333333333333,1,4,5,9.66666666666667,10,5,15,4.66666666666667,2,4,6,63.0,38,46,84,183.340189720836
30.3333333333333,38,12,50,68.8536666666667,94.405,24.305,118.71,4.0,2,3,5,9.0,12,2,14,3.66666666666667,3,2,5,70.6666666666667,16,64,80,63.1475331376884
66.6666666666667,30,33,48,154.09506,74.97882,74.92159,112.411,7.66666666666667,2,4,5,18.6666666666667,28,2,15,7.33333333333333,10,2,6,105.333333333333,160,8,84,46.1922779437879
35.3333333333333,30,14,29,74.447,70.921,28.0855,63.546,6.0,2,3,4,17.3333333333333,26,2,14,7.33333333333333,10,2,6,97.0,149,7,78,92.9078694225949
47.3333333333333,44,20,32,104.13,105.142,40.078,72.61,6.66666666666667,0,4,4,17.3333333333333,26,2,14,7.33333333333333,10,2,6,97.6666666666667,151,7,79,78.267458105996
66.0,76,8,50,152.117933333333,189.4218,15.9994,118.71,8.66666666666667,4,2,5,26.0,46,1,16,11.0,19,1,7,143.0,253,4,87,24.0662875094077
30.0,39,13,26,64.537863,84.712461,26.981539,55.847,5.0,5,3,4,12.0,6,7,13,5.66666666666667,3,4,5,78.3333333333333,21,52,73,196.022196411712
68.0,145,15,40,153.138587333333,333.922238,30.973762,91.224,9.0,17,3,5,14.0,1,4,15,9.0,3,4,7,107.666666666667,93,44,83,119.855004888544
68.6666666666667,92,22,34,155.815666666667,220.08,47.88,78.96,9.33333333333333,0,4,4,26.6666666666667,56,4,16,13.3333333333333,24,4,7,165.666666666667,270,43,89,58.5535109470118
39.3333333333333,26,12,19,81.4374666666667,53.8916,24.305,39.0983,7.66666666666667,4,3,4,24.0,66,1,17,12.0,30,1,8,150.0,370,3,94,21.616924967049
30.6666666666667,34,13,47,66.3272463333333,80.886661,26.981539,107.8682,4.66666666666667,1,3,5,18.6666666666667,21,11,16,7.66666666666667,10,4,7,104.666666666667,111,65,88,76.0570051751372
58.6666666666667,18,27,72,138.355466666667,60.6236,58.9332,178.49,6.33333333333333,2,4,6,12.0,10,4,14,5.66666666666667,3,4,5,80.3333333333333,35,45,80,163.786824523571
41.3333333333333,28,22,50,92.7613333333333,70.83,47.88,118.71,5.66666666666667,3,4,5,11.3333333333333,10,4,14,5.66666666666667,3,4,5,77.6666666666667,37,43,80,181.401012675526
51.3333333333333,53,25,78,123.926016666667,140.14195,54.93805,195.08,5.0,2,4,6,10.6666666666667,8,7,15,4.66666666666667,2,4,6,66.6666666666667,33,52,85,110.480966483643
55.3333333333333,42,39,81,133.236383333333,115.47745,88.90585,204.3833,5.33333333333333,1,5,6,8.66666666666667,10,3,13,4.0,2,3,5,50.0,64,12,76,82.9342895261775
46.0,58,14,72,111.391833333333,150.4045,28.0855,178.49,4.66666666666667,3,3,6,11.3333333333333,12,4,16,5.33333333333333,2,4,6,71.0,45,45,90,30.9967399114363
50.0,56,22,78,120.556666666667,147.2,47.88,195.08,5.0,2,4,6,9.33333333333333,10,4,14,4.33333333333333,1,4,5,62.0,37,43,80,136.519870769772
56.0,14,9,40,125.383339333333,22.766418,18.998403,91.224,9.0,7,2,5,36.0,100,1,17,18.0,46,1,8,203.333333333333,550,4,93,21.9444112841722
68.0,56,9,55,157.008426,151.820442,18.998403,132.90543,9.66666666666667,0,2,6,36.0,100,1,17,18.0,46,1,8,204.0,548,5,93,20.8891003611397
66.6666666666667,18,9,72,154.472006,64.499582,18.998403,178.49,9.33333333333333,6,2,6,36.0,100,1,17,18.0,46,1,8,203.666666666667,550,4,93,21.8916493323211
78.6666666666667,18,9,72,186.097092666667,64.499582,18.998403,178.49,10.0,6,2,6,36.0,100,1,17,18.0,46,1,8,204.333333333333,548,5,93,20.3187306019299
50.0,55,28,83,118.859873333333,150.28697,58.6934,208.98037,5.0,2,4,6,9.33333333333333,12,3,15,4.0,2,3,5,53.0,74,12,86,77.4669987350174
112.0,178,30,52,268.475333333333,445.01,65.39,127.6,11.3333333333333,16,4,5,34.0,52,12,16,12.6666666666667,20,4,6,193.0,291,69,90,23.5816869316115
88.0,182,13,52,209.917692666667,456.436922,26.981539,127.6,10.0,14,3,5,34.0,52,12,16,12.6666666666667,20,4,6,191.666666666667,291,69,90,29.3437176678325
56.6666666666667,54,13,80,127.605692666667,146.626922,26.981539,200.59,8.0,6,3,6,34.0,52,12,16,14.0,24,4,7,189.666666666667,281,71,88,37.8959536840712
73.0,124,14,76,175.17895,324.289,28.0855,190.23,7.66666666666667,6,3,6,15.6666666666667,25,3,14,7.66666666666667,9,3,6,94.0,144,12,78,166.330475175142
64.0,110,13,34,145.064359333333,261.876922,26.981539,78.96,8.66666666666667,10,3,4,34.0,52,12,16,14.0,24,4,7,190.333333333333,287,69,89,38.0960754046326
128.666666666667,18,49,80,313.542,29.046,114.818,200.59,12.0,14,5,6,34.0,52,12,16,12.6666666666667,20,4,6,193.666666666667,289,71,90,19.8207140323717
94.0,182,13,52,225.591359333333,456.436922,26.981539,127.6,10.3333333333333,14,3,5,34.0,52,12,16,12.6666666666667,20,4,6,192.0,290,70,90,25.6295660274175
118.0,160,48,52,284.149,397.989,112.411,127.6,11.6666666666667,0,5,5,34.0,52,12,16,12.6666666666667,20,4,6,193.333333333333,290,70,90,21.1133642223329
104.666666666667,54,13,80,254.984359333333,146.626922,26.981539,200.59,10.6666666666667,0,3,6,34.0,52,12,16,12.6666666666667,20,4,6,192.333333333333,289,71,90,26.0022173753169
51.0,2,16,31,108.881066666667,11.182,32.066,69.723,8.0,4,3,4,33.0,55,9,16,14.0,24,4,7,186.0,294,58,88,44.195989342905
16.0,5,8,21,33.314826,12.95711,15.9994,44.95591,3.66666666666667,0,2,4,12.0,31,1,16,6.0,13,1,7,62.3333333333333,172,2,87,104.064623194451
51.6666666666667,60,14,44,115.73895,145.969,28.0855,101.07,7.0,4,3,5,15.6666666666667,25,3,14,7.66666666666667,9,3,6,93.3333333333333,144,12,78,150.513241881664
52.0,40,32,72,126.233333333333,105.88,72.61,178.49,5.0,2,4,6,11.3333333333333,12,4,16,5.33333333333333,2,4,6,71.3333333333333,45,45,90,94.9773423639703
32.6666666666667,35,12,47,73.6930166666667,83.5632,24.305,107.8682,4.33333333333333,2,3,5,5.33333333333333,9,2,11,3.0,2,2,4,48.3333333333333,56,12,68,57.5598538639365
38.6666666666667,21,28,49,87.4724166666667,56.1246,58.6934,114.818,4.66666666666667,1,4,5,8.66666666666667,10,3,13,4.0,2,3,5,49.3333333333333,63,12,75,86.1955392234737
45.6666666666667,44,6,50,102.506866666667,106.699,12.011,118.71,6.33333333333333,3,2,5,18.3333333333333,13,9,14,8.0,5,4,7,110.333333333333,94,58,80,205.743923741477
21.6666666666667,29,3,32,48.3136666666667,65.669,6.941,72.61,3.33333333333333,2,2,4,9.0,13,1,14,3.66666666666667,5,1,6,49.6666666666667,78,1,79,51.3782051203824
49.6666666666667,76,5,81,116.687343333333,193.5723,10.811,204.3833,6.66666666666667,4,2,6,11.6666666666667,4,3,13,6.66666666666667,3,3,6,60.3333333333333,43,11,76,73.8314917066132
52.6666666666667,19,27,73,122.845766666667,63.0815,58.9332,180.9479,6.0,2,4,6,12.0,8,5,13,5.66666666666667,3,4,5,79.3333333333333,26,48,74,202.166279959191
39.3333333333333,23,28,51,89.7864166666667,63.0666,58.6934,121.76,4.66666666666667,1,4,5,9.33333333333333,12,3,15,4.33333333333333,3,3,6,52.6666666666667,73,12,85,93.998947629921
52.3333333333333,18,27,72,122.026466666667,60.6236,58.9332,178.49,6.0,2,4,6,11.6666666666667,9,4,13,5.66666666666667,3,4,5,78.3333333333333,29,45,74,174.277173907813
48.0,44,20,32,105.359333333333,105.142,40.078,72.61,6.66666666666667,0,4,4,18.0,26,2,14,7.33333333333333,10,2,6,101.0,151,7,79,59.0375594097125
28.0,48,3,51,64.697,114.819,6.941,121.76,3.66666666666667,3,2,5,9.33333333333333,14,1,15,3.66666666666667,5,1,6,51.6666666666667,84,1,85,46.5232854322673
21.3333333333333,32,8,40,46.4298,75.2246,15.9994,91.224,3.33333333333333,3,2,5,12.0,12,4,16,6.0,3,4,7,73.0,44,44,88,130.148550415161
22.0,30,3,33,49.0841966666667,67.98059,6.941,74.92159,3.33333333333333,2,2,4,9.33333333333333,14,1,15,3.66666666666667,5,1,6,51.3333333333333,83,1,84,54.7382212036708
24.6666666666667,40,11,51,56.3515893333333,98.770232,22.989768,121.76,3.66666666666667,2,3,5,6.0,14,1,15,3.0,5,1,6,51.6666666666667,83,2,85,26.912130539787
38.0,70,12,82,90.5276666666667,182.895,24.305,207.2,4.33333333333333,3,3,6,6.0,12,2,14,3.0,3,2,5,52.0,74,7,81,36.0515129261543
28.6666666666667,26,6,32,62.8710666666667,60.599,12.011,72.61,4.66666666666667,2,2,4,13.3333333333333,2,6,14,7.0,1,4,7,84.6666666666667,19,49,79,202.303060115878
63.3333333333333,16,16,48,139.495566666667,15.853,32.066,112.411,9.0,7,3,5,27.3333333333333,58,3,16,12.6666666666667,22,3,7,148.666666666667,328,12,88,61.6673839390391
10.0,12,3,15,20.7399206666667,24.032762,6.941,30.973762,2.66666666666667,1,2,3,6.0,14,1,15,3.33333333333333,6,1,7,50.6666666666667,82,1,83,55.1253581620807
14.6666666666667,22,3,25,31.2926166666667,47.99705,6.941,54.93805,3.33333333333333,0,2,4,13.3333333333333,31,1,16,6.33333333333333,13,1,7,75.6666666666667,173,1,87,115.59174272966
27.6666666666667,22,8,38,61.0549333333333,55.6212,15.9994,87.62,4.33333333333333,1,2,5,15.0,30,2,16,6.66666666666667,12,2,7,82.0,166,8,87,110.220702055616
14.6666666666667,22,3,25,31.2926166666667,47.99705,6.941,54.93805,3.33333333333333,0,2,4,13.3333333333333,31,1,16,6.33333333333333,13,1,7,75.6666666666667,173,1,87,101.893827820924
20.0,37,5,42,44.577513,85.129,10.811,95.94,3.33333333333333,3,2,5,10.6666666666667,7,6,13,5.0,2,4,6,65.0,23,50,73,211.062851364666
43.6666666666667,44,6,50,98.5117166666667,106.699,12.011,118.71,6.33333333333333,3,2,5,16.3333333333333,7,7,14,8.0,5,4,7,104.333333333333,76,52,80,208.624241391732
31.0,45,13,29,67.3178463333333,100.110461,26.981539,63.546,5.0,5,3,4,13.0,9,4,13,5.66666666666667,3,4,5,81.3333333333333,30,43,73,134.461658030355
13.3333333333333,17,7,12,27.2050476666667,34.60326,14.00674,24.305,3.33333333333333,4,2,3,12.0,13,2,17,6.33333333333333,4,2,8,103.666666666667,43,68,93,103.840258669779
70.0,90,23,34,158.805466666667,213.957,50.9415,78.96,9.33333333333333,0,4,4,28.0,54,5,16,13.3333333333333,24,4,7,169.666666666667,264,46,89,23.0179556235183
31.0,40,14,27,66.9633166666667,89.7809,28.0855,58.9332,5.0,5,3,4,13.0,7,7,14,6.0,2,4,6,82.0,26,52,78,219.29081069828
46.0,8,9,46,99.5356726666667,7.570418,18.998403,106.42,8.33333333333333,7,2,5,38.0,100,1,17,18.0,46,1,8,208.666666666667,552,3,93,24.4619140625211
38.0,60,7,74,89.2334933333333,155.82652,14.00674,183.84,4.66666666666667,2,2,6,14.6666666666667,24,6,15,7.33333333333333,10,4,7,90.0,113,51,82,224.313404258314
25.0,42,5,26,53.432513,90.072,10.811,55.847,5.0,4,2,4,18.3333333333333,10,8,13,8.33333333333333,4,4,6,109.0,37,55,73,202.896023645234
48.0,64,8,80,114.999933333333,168.5912,15.9994,200.59,5.0,2,2,6,18.6666666666667,20,12,16,7.33333333333333,10,4,7,105.0,104,70,87,77.0911437023397
54.3333333333333,65,13,78,133.517179666667,168.098461,26.981539,195.08,5.0,3,3,6,9.0,9,4,13,4.33333333333333,1,4,5,60.3333333333333,28,45,73,163.345672185323
42.0,24,28,52,97.5711333333333,68.9066,58.6934,127.6,4.66666666666667,1,4,5,12.0,6,10,16,4.66666666666667,2,4,6,71.0,29,61,90,119.697929066218
88.0,68,30,49,203.622,164.246,65.39,114.818,10.0,6,4,5,34.0,52,12,16,14.0,24,4,7,191.666666666667,287,69,89,30.1718734487079
10.0,11,3,14,20.6693463333333,21.1445,6.941,28.0855,2.66666666666667,1,2,3,9.33333333333333,13,1,14,4.0,5,1,6,50.6666666666667,77,1,78,62.9925175433653
26.3333333333333,33,13,46,57.826513,79.438461,26.981539,106.42,4.0,2,3,5,8.33333333333333,11,2,13,3.66666666666667,3,2,5,47.3333333333333,66,7,73,61.8049732756535
40.3333333333333,32,8,56,92.74386,89.3288,15.9994,137.327,5.66666666666667,0,2,6,18.3333333333333,46,2,16,9.0,19,2,7,105.666666666667,252,9,87,167.457151789288
54.6666666666667,53,6,77,125.04391,144.176,12.011,192.22,8.66666666666667,2,2,6,24.6666666666667,47,3,14,13.6666666666667,19,3,7,133.666666666667,275,11,77,189.922359491866
82.3333333333333,65,13,39,176.048720666667,126.946462,26.981539,88.90585,15.0,19,3,5,46.3333333333333,101,3,13,19.6666666666667,37,3,5,272.0,572,12,73,123.097297949336
21.3333333333333,13,14,27,45.9867333333333,30.8477,28.0855,58.9332,3.66666666666667,1,3,4,9.33333333333333,9,5,14,4.66666666666667,2,4,6,60.6666666666667,32,46,78,209.417580946452
55.0,127,5,22,118.087333333333,276.469,10.811,47.88,10.6666666666667,22,2,4,21.6666666666667,4,4,14,14.0,12,4,6,162.0,102,43,78,148.865311306134
106.0,196,12,52,254.780333333333,486.095,24.305,127.6,11.0,17,3,5,30.6666666666667,62,2,16,12.0,22,2,6,192.666666666667,292,68,90,22.5038531282195
52.0,2,16,31,111.033333333333,11.182,32.066,69.723,8.0,4,3,4,34.0,52,12,16,14.0,24,4,7,189.666666666667,283,69,88,44.9373872578032
24.6666666666667,37,5,42,55.2280666666667,85.129,10.811,95.94,3.66666666666667,3,2,5,9.33333333333333,7,6,13,4.66666666666667,2,4,6,60.0,22,50,72,304.9859885334
47.3333333333333,94,8,51,107.8838,227.5206,15.9994,121.76,6.0,8,2,5,26.0,2,15,16,11.0,2,6,7,144.333333333333,6,85,88,12.8949558983214
15.3333333333333,8,12,20,30.8228333333333,15.773,24.305,40.078,3.33333333333333,1,3,4,6.0,12,2,14,3.33333333333333,4,2,6,51.0,71,7,78,50.3027392055159
12.6666666666667,13,8,21,26.6512376666667,28.95651,15.9994,44.95591,2.66666666666667,2,2,4,12.0,14,3,17,6.0,5,3,8,63.6666666666667,82,11,93,103.772294692184
39.3333333333333,42,8,74,90.7142,119.8424,15.9994,183.84,5.66666666666667,2,2,6,24.0,62,2,16,11.3333333333333,26,2,7,155.666666666667,297,51,87,121.762110631258
23.3333333333333,26,14,40,50.4585,63.1385,28.0855,91.224,3.66666666666667,2,3,5,11.3333333333333,12,4,16,5.66666666666667,3,4,7,70.0,44,44,88,124.582200502366
50.0,75,6,81,117.087343333333,192.3723,12.011,204.3833,6.66666666666667,4,2,6,12.0,5,3,14,7.0,2,3,7,62.0,44,11,77,97.0463171484578
40.0,24,6,30,84.4937333333333,53.379,12.011,65.39,6.0,2,2,4,18.6666666666667,16,10,14,7.66666666666667,5,4,7,109.666666666667,106,61,77,189.962511031902
36.0,10,22,32,79.4521333333333,24.73,47.88,72.61,5.33333333333333,0,4,4,12.0,10,4,14,6.0,2,4,6,79.3333333333333,36,43,79,179.077482245582
85.3333333333333,22,21,52,193.594153333333,14.53546,44.95591,127.6,12.6666666666667,6,4,5,19.3333333333333,14,3,16,11.3333333333333,6,3,6,100.333333333333,114,11,90,67.7729615502769
32.3333333333333,72,3,78,78.6478463333333,181.198,6.941,195.08,4.33333333333333,2,2,6,8.33333333333333,11,1,13,3.66666666666667,3,1,5,46.0,71,1,73,87.7391436377247
54.6666666666667,49,16,81,130.091766666667,140.2513,32.066,204.3833,5.66666666666667,0,3,6,20.0,19,13,16,8.33333333333333,9,5,7,112.333333333333,100,76,88,13.544984820334
8.0,13,3,8,16.5836,25.0578,6.941,15.9994,2.66666666666667,0,2,2,15.3333333333333,31,1,16,7.0,13,1,7,82.3333333333333,173,1,87,59.9724972534561
59.3333333333333,38,12,50,132.399666666667,94.405,24.305,118.71,8.0,2,3,5,20.0,12,2,14,7.66666666666667,3,2,5,134.666666666667,176,64,80,100.273593345909
28.0,26,15,41,60.8578473333333,61.932618,30.973762,92.90638,4.0,2,3,5,10.0,10,5,15,5.0,3,4,7,63.6666666666667,36,47,83,217.79466887169
66.6666666666667,138,6,72,162.567,344.969,12.011,178.49,6.33333333333333,10,2,6,12.0,20,4,14,6.66666666666667,1,4,7,82.3333333333333,10,45,80,137.778616511467
30.6666666666667,41,13,27,66.5953296666667,90.884861,26.981539,58.9332,5.0,5,3,4,12.6666666666667,6,7,13,5.66666666666667,3,4,5,80.3333333333333,21,52,73,191.788405398407
23.0,20,12,32,50.6176833333333,48.305,24.305,72.61,3.66666666666667,1,3,4,7.66666666666667,12,2,14,4.0,4,2,6,66.3333333333333,27,52,79,79.6825646512554
78.0,28,28,56,184.050133333333,78.6336,58.6934,137.327,8.33333333333333,2,4,6,18.0,40,2,14,7.0,13,2,5,103.333333333333,231,9,80,55.5483924965591
30.6666666666667,40,11,51,70.0465893333333,98.770232,22.989768,121.76,4.0,2,3,5,9.33333333333333,14,1,15,3.66666666666667,5,1,6,52.0,83,2,85,29.5980080902953
45.0,42,8,74,103.794533333333,119.8424,15.9994,183.84,6.0,2,2,6,27.0,58,6,16,12.0,24,4,7,154.333333333333,297,51,87,86.7837012763132
33.6666666666667,24,14,26,70.9403033333333,55.523,28.0855,55.847,6.0,2,3,4,15.6666666666667,25,3,14,7.66666666666667,9,3,6,92.3333333333333,145,11,78,171.639852139309
33.3333333333333,24,22,46,75.6366666666667,58.54,47.88,106.42,4.33333333333333,1,4,5,9.33333333333333,10,4,14,4.66666666666667,2,4,6,61.3333333333333,36,43,79,148.453388308664
39.6666666666667,24,27,51,91.19986,62.8268,58.9332,121.76,4.66666666666667,1,4,5,9.66666666666667,10,5,15,4.66666666666667,2,4,6,63.3333333333333,38,47,85,155.939295629899
21.3333333333333,27,12,39,46.7307963333333,64.60085,24.305,88.90585,3.66666666666667,2,3,5,6.0,11,2,13,3.33333333333333,3,2,5,51.0,61,12,73,57.4400111536909
80.6666666666667,58,24,41,184.54962,133.81666,51.9961,92.90638,10.0,6,4,5,26.6666666666667,54,5,16,13.3333333333333,24,4,7,166.333333333333,262,47,89,76.1861578624904
72.0,40,8,72,172.380533333333,114.4924,15.9994,178.49,8.66666666666667,2,2,6,24.0,60,2,16,12.0,24,2,7,137.0,330,9,87,109.903811117513
31.3333333333333,34,8,29,66.4650666666667,79.0938,15.9994,63.546,5.66666666666667,2,2,4,24.0,46,2,16,10.3333333333333,19,2,7,152.333333333333,133,64,87,92.9975694671079
59.3333333333333,80,20,50,134.863333333333,197.342,40.078,118.71,7.33333333333333,2,4,5,17.3333333333333,26,2,14,6.66666666666667,8,2,5,98.3333333333333,153,7,80,60.9221700804113
19.6666666666667,11,14,25,41.03385,26.85255,28.0855,54.93805,3.66666666666667,1,3,4,7.66666666666667,12,2,14,4.0,4,2,6,45.6666666666667,71,7,78,44.6117221885743
41.3333333333333,58,7,72,98.04116,150.47652,14.00674,178.49,5.0,2,2,6,12.0,28,2,15,6.66666666666667,12,2,7,72.3333333333333,156,8,82,156.360277020903
114.666666666667,48,33,81,270.468296666667,129.46171,74.92159,204.3833,11.6666666666667,2,4,6,26.0,35,10,15,10.3333333333333,14,4,6,156.666666666667,226,62,84,136.269461046036
64.0,145,13,79,155.290176333333,366.951541,26.981539,196.96654,6.33333333333333,9,3,6,12.6666666666667,10,3,13,5.33333333333333,2,3,5,72.0,62,11,73,113.866190631029
46.0,36,16,28,96.2801333333333,69.5706,32.066,58.6934,8.0,8,3,4,28.0,54,5,16,13.3333333333333,24,4,7,168.333333333333,260,46,88,101.44394742003
21.6666666666667,11,15,26,46.2722873333333,24.873238,30.973762,55.847,3.66666666666667,1,3,4,9.66666666666667,9,6,15,5.0,3,4,7,62.3333333333333,34,49,83,238.123559069388
48.6666666666667,30,13,56,112.170026,83.363922,26.981539,137.327,6.66666666666667,0,3,6,18.6666666666667,26,2,14,8.0,10,2,6,104.333333333333,149,9,79,41.9202359987889
30.0,40,14,27,64.6106333333333,89.7809,28.0855,58.9332,5.0,5,3,4,12.0,10,4,14,6.0,2,4,6,79.0,35,43,78,201.334006710642
38.6666666666667,63,14,77,91.74785,164.1345,28.0855,192.22,4.33333333333333,3,3,6,10.0,7,7,14,4.66666666666667,2,4,6,63.3333333333333,26,52,78,162.367219153698
120.0,165,16,49,271.441333333333,413.76,32.066,114.818,14.6666666666667,10,3,5,54.0,48,13,17,22.6666666666667,17,5,8,303.333333333333,280,75,95,31.5072208941913
37.0,72,5,77,88.859,181.409,10.811,192.22,4.0,4,2,6,11.0,4,9,13,4.66666666666667,2,4,6,65.3333333333333,12,60,72,191.183854679616
71.0,31,52,83,177.220123333333,81.38037,127.6,208.98037,5.66666666666667,1,5,6,13.6666666666667,6,10,16,5.0,2,4,6,79.6666666666667,27,63,90,86.2999634317225
34.0,32,8,56,77.7350666666667,89.3288,15.9994,137.327,5.33333333333333,0,2,6,18.0,46,2,16,9.0,19,2,7,104.333333333333,252,9,87,163.211279507665
20.6666666666667,12,14,26,43.9375,27.7615,28.0855,55.847,3.66666666666667,1,3,4,8.66666666666667,10,4,14,4.66666666666667,2,4,6,58.6666666666667,35,43,78,183.31229573792
36.0,28,15,29,76.372508,65.144476,30.973762,63.546,6.0,2,3,4,18.0,28,2,15,8.0,12,2,7,100.333333333333,159,7,83,86.0155920286593
31.0,17,22,39,69.7986166666667,41.02585,47.88,88.90585,4.33333333333333,1,4,5,7.0,11,3,14,4.33333333333333,3,3,6,44.6666666666667,67,12,79,84.4958510329531
141.333333333333,252,14,77,333.818666666667,656.538,28.0855,192.22,16.0,12,3,6,32.6666666666667,50,2,14,15.3333333333333,18,2,6,191.0,291,7,78,131.563643103115
60.6666666666667,88,8,56,143.024066666667,226.6558,15.9994,137.327,7.66666666666667,6,2,6,20.6666666666667,44,2,16,9.66666666666667,17,2,7,113.666666666667,243,9,87,86.2138071200051
182.0,248,41,53,431.550143333333,151.11914,92.90638,127.6,18.3333333333333,30,5,5,50.0,104,5,17,24.6666666666667,44,4,8,301.0,531,47,96,12.2821976613177
38.0,65,14,79,90.00265,168.88104,28.0855,196.96654,4.33333333333333,3,3,6,9.33333333333333,11,3,14,4.33333333333333,3,3,6,51.6666666666667,67,11,78,112.80629405644
42.6666666666667,14,12,38,95.3577266666667,39.01,24.305,87.62,6.33333333333333,1,3,5,12.0,26,2,15,6.0,8,2,6,104.0,160,8,84,47.5336684189039
26.6666666666667,25,15,40,59.0452706666667,60.250238,30.973762,91.224,4.0,2,3,5,8.66666666666667,11,4,15,5.0,3,4,7,59.6666666666667,39,44,83,174.628612659655
29.3333333333333,26,14,40,66.0898333333333,63.1385,28.0855,91.224,4.0,2,3,5,11.3333333333333,12,4,16,5.66666666666667,3,4,7,70.3333333333333,45,44,89,85.626235743452
61.0,5,27,49,138.377466666667,3.0484,58.9332,114.818,7.66666666666667,3,4,5,13.0,5,4,13,7.0,3,4,5,93.0,13,44,75,132.350100136079
66.6666666666667,151,5,78,163.292283333333,379.349,10.811,195.08,6.33333333333333,10,2,6,12.0,10,3,13,5.66666666666667,3,3,6,70.0,60,12,72,159.170092945715
55.6666666666667,39,39,78,134.23195,106.17415,88.90585,195.08,5.33333333333333,1,5,6,9.0,11,3,14,4.0,2,3,5,51.6666666666667,68,12,80,108.406715042781
128.0,107,16,41,290.037713333333,246.65314,32.066,92.90638,15.3333333333333,12,3,5,50.0,104,5,17,25.0,44,4,8,298.0,524,47,95,12.5213374326308
35.6666666666667,32,8,56,81.4194666666667,89.3288,15.9994,137.327,5.33333333333333,0,2,6,19.6666666666667,46,2,16,9.0,19,2,7,109.333333333333,252,9,87,86.0560309219888
33.0,40,8,56,76.0863333333333,105.3282,15.9994,137.327,4.66666666666667,2,2,6,14.3333333333333,30,2,16,6.66666666666667,12,2,7,80.3333333333333,165,9,87,78.7365078445727
40.6666666666667,17,16,49,90.6187933333333,50.686,32.066,114.818,5.33333333333333,1,3,5,16.6666666666667,27,5,16,7.66666666666667,10,4,7,99.3333333333333,129,47,88,58.1940576358195
23.0,13,8,29,49.1803,31.5472,15.9994,63.546,4.0,0,2,4,16.3333333333333,26,6,16,7.33333333333333,10,4,7,95.6666666666667,125,49,87,154.66480677339
56.0,29,44,73,134.592633333333,79.8779,101.07,180.9479,5.33333333333333,1,5,6,9.33333333333333,10,5,15,4.66666666666667,2,4,6,63.0,37,48,85,175.472235936825
37.3333333333333,60,7,74,87.94986,155.82652,14.00674,183.84,4.66666666666667,2,2,6,14.0,24,6,15,7.33333333333333,10,4,7,88.0,115,49,82,262.277360464032
31.3333333333333,18,8,25,66.0595666666667,45.8785,15.9994,54.93805,6.33333333333333,0,2,4,26.6666666666667,62,2,16,12.6666666666667,26,2,7,173.333333333333,244,52,87,139.562450836525
41.3333333333333,74,14,44,92.7018333333333,174.0545,28.0855,101.07,5.66666666666667,7,3,5,11.3333333333333,10,4,14,6.0,2,4,6,77.6666666666667,35,43,78,242.909450832992
22.0,42,3,48,50.1993333333333,98.529,6.941,112.411,4.0,1,2,5,5.33333333333333,10,1,12,2.66666666666667,2,1,4,46.6666666666667,68,1,70,30.178321798351
28.6666666666667,58,4,33,64.0575133333333,131.81882,9.01218,74.92159,5.0,4,2,4,12.0,26,2,15,6.0,8,2,6,123.333333333333,34,67,84,76.2031945402765
43.0,13,13,39,96.0296426666667,34.942772,26.981539,88.90585,6.33333333333333,1,3,5,19.0,25,3,14,8.33333333333333,9,3,6,105.333333333333,146,12,79,71.3296358165192
88.6666666666667,26,13,39,194.226774333333,77.846777,26.981539,88.90585,14.6666666666667,6,3,5,40.6666666666667,82,3,13,17.3333333333333,26,3,5,225.0,475,12,73,88.0070193429035
42.6666666666667,38,6,50,95.4573333333333,94.688,12.011,118.71,7.0,1,2,5,18.0,2,4,14,10.3333333333333,2,4,7,121.0,49,43,80,158.263390615776
28.0,46,3,49,64.7896666666667,107.877,6.941,114.818,3.66666666666667,3,2,5,9.33333333333333,13,1,14,4.0,5,1,6,51.6666666666667,78,1,79,42.9650770083629
42.3333333333333,79,13,46,95.900513,185.858461,26.981539,106.42,5.66666666666667,7,3,5,12.3333333333333,9,4,13,5.66666666666667,3,4,5,80.0,30,43,73,165.826551531416
34.3333333333333,10,8,42,74.4945333333333,31.9424,15.9994,95.94,5.66666666666667,3,2,5,27.0,58,6,16,12.0,24,4,7,154.0,298,50,87,78.1044345617609
33.6666666666667,28,23,51,77.2115666666667,70.8185,50.9415,121.76,4.33333333333333,1,4,5,9.66666666666667,10,5,15,4.66666666666667,2,4,6,63.0,39,46,85,140.939959476089
54.6666666666667,26,25,51,126.27935,66.82195,54.93805,121.76,6.33333333333333,1,4,5,12.6666666666667,8,7,15,6.0,2,4,6,83.0,33,52,85,204.631332540331
76.3333333333333,61,13,56,165.849217,105.506851,26.981539,137.327,13.6666666666667,21,3,6,46.3333333333333,115,2,13,18.3333333333333,43,2,5,262.666666666667,648,9,73,78.6073384193133
15.0,17,3,23,32.2741,37.0595,6.941,50.9415,4.0,0,2,4,13.0,30,1,16,6.66666666666667,12,1,7,74.0,172,1,87,111.968312000344
48.6666666666667,62,26,44,110.199,146.293,55.847,101.07,6.0,6,4,5,12.6666666666667,2,8,14,6.0,2,4,6,82.0,24,55,79,227.23543627465
60.0,129,6,45,136.54445,296.7055,12.011,102.9055,7.33333333333333,13,2,5,14.6666666666667,11,3,14,7.33333333333333,4,3,7,88.6666666666667,65,12,77,196.645227701158
32.3333333333333,72,6,26,68.844513,155.53,12.011,55.847,5.66666666666667,10,2,4,17.0,10,8,14,8.0,5,4,7,105.0,88,55,77,230.120278959367
35.6666666666667,70,5,75,85.3170666666667,175.396,10.811,186.207,4.0,4,2,6,9.66666666666667,6,7,13,4.66666666666667,2,4,6,61.3333333333333,18,54,72,349.539579258422
91.6666666666667,21,34,81,218.034433333333,32.4967,78.96,204.3833,9.33333333333333,6,4,6,27.0,28,10,16,11.3333333333333,13,4,7,155.666666666667,143,62,89,21.2058244963213
36.3333333333333,75,3,39,80.3079,170.8707,6.941,88.90585,6.0,8,2,5,11.6666666666667,27,1,14,6.33333333333333,11,1,6,60.3333333333333,155,1,78,67.9233578785663
43.0,101,3,52,103.340333333333,248.259,6.941,127.6,5.33333333333333,8,2,5,12.3333333333333,31,1,16,5.66666666666667,11,1,6,74.6666666666667,179,1,90,37.9979972010008
44.0,58,14,72,104.331833333333,150.4045,28.0855,178.49,4.66666666666667,3,3,6,9.33333333333333,10,4,14,4.66666666666667,2,4,6,61.6666666666667,33,45,78,169.347839330396
54.0,49,16,81,127.777766666667,140.2513,32.066,204.3833,5.66666666666667,0,3,6,19.3333333333333,19,13,16,8.0,9,5,7,109.0,101,75,88,46.6410481033471
45.0,73,3,79,109.852846666667,183.08454,6.941,196.96654,5.0,2,2,6,9.0,12,1,14,3.66666666666667,3,1,5,49.3333333333333,78,1,80,57.8304835629545
66.3333333333333,138,6,72,161.269666666667,344.969,12.011,178.49,6.33333333333333,10,2,6,11.6666666666667,6,4,14,6.66666666666667,1,4,7,80.6666666666667,13,45,77,129.540329966724
69.3333333333333,140,14,77,164.227166666667,356.3545,28.0855,192.22,7.66666666666667,9,3,6,12.0,10,2,14,6.0,2,2,6,70.6666666666667,64,7,78,97.1411309944288
22.6666666666667,28,7,42,49.4194933333333,67.92652,14.00674,95.94,4.0,1,2,5,12.6666666666667,28,2,15,6.66666666666667,12,2,7,94.0,114,50,82,246.397146580893
28.0,28,11,50,62.9981786666667,72.730464,22.989768,118.71,4.66666666666667,2,3,5,6.0,12,1,14,3.0,3,1,5,50.6666666666667,76,2,80,23.0141930810442
60.0,40,8,72,139.242533333333,114.4924,15.9994,178.49,8.0,2,2,6,24.0,60,2,16,12.0,24,2,7,136.333333333333,332,8,87,123.410274888521
41.0,19,8,29,87.1418,32.4504,15.9994,63.546,8.0,8,2,4,39.0,86,5,16,18.0,38,4,7,226.0,430,46,87,46.4438023224458
28.6666666666667,45,3,51,66.396,107.878,6.941,121.76,4.33333333333333,1,2,5,9.33333333333333,13,1,15,4.0,4,1,6,50.3333333333333,83,1,85,53.2907649002969
46.3333333333333,46,8,39,101.7851,113.8141,15.9994,88.90585,7.33333333333333,2,2,5,27.0,58,3,16,12.6666666666667,22,3,7,145.333333333333,324,12,87,145.078795901126
32.6666666666667,42,6,48,73.394,100.4,12.011,112.411,5.0,3,2,5,11.3333333333333,6,4,14,6.33333333333333,3,4,7,77.6666666666667,9,43,77,111.788114010882
49.0,5,28,51,110.1236,4.37320000000001,58.6934,121.76,6.0,3,4,5,13.0,11,4,15,6.0,2,4,6,83.6666666666667,41,44,85,145.042071392506
27.0,11,21,32,58.7531033333333,27.65409,44.95591,72.61,4.0,0,4,4,9.0,11,3,14,4.33333333333333,3,3,6,50.3333333333333,68,11,79,123.616721389055
68.6666666666667,42,13,25,145.244500333333,78.019701,26.981539,54.93805,14.0,9,3,4,50.6666666666667,7,7,14,21.0,6,4,6,297.0,78,52,78,117.089885680916
153.0,191,27,49,352.284133333333,456.2236,58.9332,114.818,17.6666666666667,17,4,5,33.0,49,4,13,16.3333333333333,17,4,5,222.333333333333,199,44,75,89.405228419699
46.0,44,6,50,105.511253333333,106.699,12.011,118.71,5.66666666666667,3,2,5,12.6666666666667,4,5,14,6.66666666666667,1,4,7,83.6666666666667,14,47,80,160.086962453837
34.3333333333333,21,25,46,77.98935,51.48195,54.93805,106.42,4.33333333333333,1,4,5,10.3333333333333,7,7,14,4.66666666666667,2,4,6,64.3333333333333,27,52,79,127.384502965503
57.3333333333333,4,15,56,126.202949333333,13.431952,30.973762,137.327,8.66666666666667,6,3,6,27.3333333333333,58,2,15,12.6666666666667,26,2,7,154.333333333333,323,9,83,97.78278090557
83.3333333333333,36,46,56,197.895666666667,75.513,106.42,137.327,8.66666666666667,4,5,6,17.3333333333333,28,2,15,7.33333333333333,10,2,6,101.0,161,9,85,62.5110116961741
26.6666666666667,26,13,39,58.1935963333333,61.924311,26.981539,88.90585,4.0,2,3,5,8.66666666666667,10,3,13,4.0,2,3,5,48.6666666666667,61,12,73,92.0774742797544
55.0,40,38,78,132.506,107.46,87.62,195.08,5.33333333333333,1,5,6,8.33333333333333,11,2,13,3.66666666666667,3,2,5,48.6666666666667,67,8,75,62.2898009865727
76.6666666666667,18,32,78,183.412333333333,22.75,72.61,195.08,8.0,6,4,6,18.0,40,2,14,8.0,16,2,6,103.0,228,9,79,75.09120220994
27.3333333333333,25,14,39,60.1791166666667,60.82035,28.0855,88.90585,4.0,2,3,5,9.33333333333333,11,3,14,4.33333333333333,3,3,6,51.3333333333333,66,12,78,90.4731515017603
45.0,43,6,49,103.092333333333,102.807,12.011,114.818,5.66666666666667,3,2,5,11.6666666666667,6,4,14,6.66666666666667,1,4,7,80.0,11,44,77,118.534724456458
51.3333333333333,12,25,38,115.77976,22.2561,54.93805,87.62,7.0,3,4,5,15.3333333333333,28,2,15,7.33333333333333,10,2,6,93.3333333333333,160,8,84,54.260274660514
31.6666666666667,17,23,40,71.5918333333333,40.2825,50.9415,91.224,4.33333333333333,1,4,5,7.66666666666667,10,4,14,4.66666666666667,2,4,6,56.3333333333333,35,44,79,145.783568336006
37.3333333333333,66,6,78,88.360512,171.058,12.011,195.08,5.33333333333333,2,2,6,13.3333333333333,26,1,14,6.66666666666667,12,1,7,73.6666666666667,150,2,77,51.5664646450596
21.3333333333333,15,14,29,45.5291366666667,35.4605,28.0855,63.546,3.66666666666667,1,3,4,9.33333333333333,11,3,14,4.33333333333333,3,3,6,51.0,67,11,78,112.133282617115
37.6666666666667,13,33,46,86.7671966666667,31.49841,74.92159,106.42,4.33333333333333,1,4,5,13.6666666666667,6,10,16,5.66666666666667,3,4,7,78.3333333333333,27,62,89,93.7061628022058
90.0,186,22,52,216.501333333333,462.52,47.88,127.6,9.66666666666667,16,4,5,24.0,60,4,16,10.6666666666667,20,4,6,149.0,317,43,90,14.7498491779218
21.6666666666667,40,3,46,49.094513,92.538,6.941,106.42,4.0,1,2,5,8.33333333333333,11,1,13,3.66666666666667,3,1,5,45.6666666666667,71,1,73,68.4348081549872
120.0,188,14,72,281.941666666667,479.299,28.0855,178.49,13.3333333333333,12,3,6,28.0,16,4,14,13.3333333333333,4,4,6,182.333333333333,21,45,78,148.104772169866
48.3333333333333,78,14,46,109.943783333333,184.7545,28.0855,106.42,6.0,7,3,5,12.3333333333333,11,3,14,5.66666666666667,3,3,6,71.3333333333333,66,12,78,126.328321682764
132.0,100,29,72,311.624666666667,281.286,63.546,178.49,14.0,10,4,6,28.0,16,4,14,13.3333333333333,4,4,6,183.0,23,45,79,143.063645187412
24.0,26,15,41,51.9820473333333,61.932618,30.973762,92.90638,3.66666666666667,2,3,5,12.0,11,5,16,6.0,3,4,7,72.6666666666667,41,47,88,135.823721217718
22.0,26,13,39,47.990963,61.924311,26.981539,88.90585,3.66666666666667,2,3,5,10.0,11,3,14,4.66666666666667,3,3,6,54.3333333333333,66,12,78,88.4427016946454
66.6666666666667,42,30,51,153.973333333333,112.74,65.39,121.76,7.66666666666667,2,4,5,18.6666666666667,28,2,15,7.33333333333333,10,2,6,105.333333333333,162,8,85,42.031679334493
26.0,25,14,39,57.3098,60.82035,28.0855,88.90585,4.0,2,3,5,8.0,11,3,14,4.33333333333333,3,3,6,47.3333333333333,66,12,78,88.9653641529129
85.3333333333333,188,12,50,200.071666666667,450.535,24.305,118.71,9.33333333333333,17,3,5,22.0,54,2,14,8.66666666666667,18,2,5,148.0,264,56,80,74.0614505759261
56.0,88,13,38,124.331359333333,208.896922,26.981539,87.62,9.0,9,3,5,20.0,22,2,14,9.33333333333333,6,2,6,108.666666666667,132,8,78,43.1065223454716
131.0,75,52,81,325.7811,178.4167,127.6,204.3833,11.0,9,5,6,27.0,28,10,16,10.3333333333333,10,4,6,157.333333333333,144,63,90,22.0995021820476
63.3333333333333,52,25,51,147.005366666667,133.6439,54.93805,121.76,7.66666666666667,2,4,5,15.3333333333333,28,2,15,7.33333333333333,10,2,6,94.0,162,8,85,33.7010008482433
86.0,22,21,52,194.542953333333,14.53546,44.95591,127.6,12.6666666666667,6,4,5,20.0,14,3,16,11.3333333333333,6,3,6,102.333333333333,114,11,90,72.721712816083
55.0,63,6,75,129.3469,162.185,12.011,186.207,6.66666666666667,2,2,6,13.6666666666667,22,3,14,8.0,8,3,7,77.3333333333333,130,12,77,123.731621410171
146.666666666667,234,3,79,357.560206666667,583.95862,6.941,196.96654,13.3333333333333,16,2,6,30.0,55,1,14,11.0,19,1,5,173.0,319,1,80,62.1989944749966
34.6666666666667,76,6,41,76.62992,173.80176,12.011,92.90638,5.0,8,2,5,13.3333333333333,6,5,16,7.33333333333333,1,4,7,86.3333333333333,6,47,88,193.156993270582
35.3333333333333,34,13,30,74.9403593333333,76.816922,26.981539,65.39,6.0,2,3,4,17.3333333333333,24,2,13,6.66666666666667,8,2,5,97.0,139,7,73,61.3868613710674
68.6666666666667,130,14,79,163.394026666667,337.76208,28.0855,196.96654,7.33333333333333,6,3,6,17.3333333333333,26,2,14,7.33333333333333,10,2,6,98.3333333333333,149,7,78,92.9302863795344
39.0,22,28,50,88.76975,60.0166,58.6934,118.71,4.66666666666667,1,4,5,9.0,11,3,14,4.0,2,3,5,51.0,68,12,80,90.5101277088812
46.6666666666667,46,20,33,102.59586,109.76518,40.078,74.92159,6.66666666666667,0,4,4,16.6666666666667,28,2,15,7.33333333333333,10,2,6,97.0,161,7,84,83.2399827627631
59.0,59,13,72,139.437179666667,151.508461,26.981539,178.49,6.33333333333333,3,3,6,12.3333333333333,9,4,13,5.66666666666667,3,4,5,80.6666666666667,28,45,73,163.469991586565
18.6666666666667,13,8,29,39.5115226666667,31.5472,15.9994,63.546,3.66666666666667,0,2,4,14.6666666666667,31,1,16,6.33333333333333,13,1,7,80.0,172,2,87,63.0324351819351
21.0,38,6,22,44.917513,83.749,12.011,47.88,4.33333333333333,6,2,4,11.6666666666667,6,4,14,6.66666666666667,1,4,7,78.6666666666667,9,43,77,136.910119292941
27.0,25,14,39,58.5615833333333,60.82035,28.0855,88.90585,4.0,2,3,5,9.0,11,3,14,4.33333333333333,3,3,6,50.3333333333333,66,12,78,112.213469580288
51.0,75,6,81,120.011433333333,192.3723,12.011,204.3833,6.66666666666667,4,2,6,13.0,2,4,14,8.0,5,4,7,94.0,52,43,77,145.731827514749
38.0,63,15,78,90.3365573333334,164.106238,30.973762,195.08,4.33333333333333,3,3,6,9.33333333333333,12,3,15,4.66666666666667,4,3,7,52.3333333333333,72,11,83,149.419595833865
29.6666666666667,39,13,26,63.557213,84.712461,26.981539,55.847,5.0,5,3,4,11.6666666666667,7,6,13,5.66666666666667,3,4,5,77.3333333333333,24,49,73,236.400435790861
35.3333333333333,8,32,40,80.9313333333333,18.614,72.61,91.224,4.33333333333333,1,4,5,11.3333333333333,12,4,16,5.66666666666667,3,4,7,70.6666666666667,45,44,89,102.388649014424
29.3333333333333,55,3,16,60.020254,107.441,6.941,32.066,7.0,6,2,3,27.3333333333333,61,1,16,12.6666666666667,25,1,7,146.0,349,1,88,21.4714899179678
34.6666666666667,26,25,51,78.4638166666667,66.82195,54.93805,121.76,4.33333333333333,1,4,5,10.6666666666667,8,7,15,4.66666666666667,2,4,6,66.0,33,52,85,109.193179804482
56.3333333333333,13,9,41,125.944132666667,21.084038,18.998403,92.90638,9.0,7,2,5,36.3333333333333,100,1,17,18.0,46,1,8,204.333333333333,550,4,93,23.3324270571044
78.6666666666667,30,51,81,193.7811,82.6233,121.76,204.3833,7.0,4,5,6,20.0,19,13,16,7.66666666666667,7,5,6,113.666666666667,104,76,90,30.3349826513825
62.3333333333333,129,15,72,148.882387333333,326.006238,30.973762,178.49,6.33333333333333,9,3,6,11.0,7,4,15,6.33333333333333,3,4,7,78.0,7,45,83,166.715139802941
33.3333333333333,12,15,42,72.1936413333333,33.992476,30.973762,95.94,5.0,1,3,5,15.3333333333333,24,6,15,7.33333333333333,10,4,7,92.3333333333333,116,50,83,189.319576736454
53.3333333333333,42,15,72,122.509841333333,116.542476,30.973762,178.49,6.66666666666667,0,3,6,18.6666666666667,26,4,15,8.66666666666667,6,4,7,113.0,121,45,83,132.91179033633
42.6666666666667,20,15,50,97.689508,56.762476,30.973762,118.71,5.33333333333333,1,3,5,18.6666666666667,18,12,15,7.66666666666667,10,4,7,105.333333333333,96,70,83,56.8974984483335
28.3333333333333,9,24,33,61.8703633333333,22.92549,51.9961,74.92159,4.0,0,4,4,10.3333333333333,9,6,15,4.66666666666667,2,4,6,64.6666666666667,35,49,84,128.890559586476
43.0,57,15,72,101.801254,147.516238,30.973762,178.49,4.66666666666667,3,3,6,8.33333333333333,11,4,15,5.0,3,4,7,59.3333333333333,38,45,83,207.565039198722
26.3333333333333,27,14,41,57.66266,64.82088,28.0855,92.90638,4.0,2,3,5,8.33333333333333,9,5,14,4.66666666666667,2,4,6,58.0,31,47,78,212.444857045821
73.6666666666667,126,14,77,176.505616666667,328.269,28.0855,192.22,7.66666666666667,6,3,6,16.3333333333333,25,3,14,7.66666666666667,9,3,6,96.0,144,12,78,175.19060787899
31.0,13,13,39,66.3466426666667,34.942772,26.981539,88.90585,5.66666666666667,1,3,5,19.0,25,3,14,8.33333333333333,9,3,6,104.666666666667,144,12,78,76.9639228910648
38.6666666666667,54,12,78,90.5918333333333,146.47,24.305,195.08,5.0,3,3,6,9.33333333333333,10,2,14,4.66666666666667,2,2,6,92.3333333333333,15,63,78,98.6314025187226
58.6666666666667,2,27,56,135.012193333333,19.4606,58.9332,137.327,7.33333333333333,2,4,6,16.6666666666667,28,2,15,7.33333333333333,10,2,6,97.6666666666667,159,9,84,69.4550173415423
145.0,378,12,78,358.208863333333,951.095,24.305,195.08,12.3333333333333,27,3,6,22.3333333333333,13,2,15,9.33333333333333,4,2,6,155.666666666667,231,63,84,181.857661039565
26.6666666666667,33,6,39,60.2736166666667,76.89485,12.011,88.90585,3.66666666666667,3,2,5,11.3333333333333,14,3,17,6.0,5,3,8,61.3333333333333,83,12,95,22.9707693654562
16.3333333333333,6,8,22,34.2895226666667,15.8812,15.9994,47.88,3.66666666666667,0,2,4,12.3333333333333,31,1,16,6.33333333333333,13,1,7,73.0,172,2,87,98.3589573123386
27.3333333333333,15,19,34,60.5347666666667,39.8617,39.0983,78.96,4.0,0,4,4,9.33333333333333,15,1,16,4.0,6,1,7,52.0,86,3,89,34.1115654318941
92.6666666666667,21,8,39,197.872681666667,74.72475,15.9994,88.90585,18.0,9,2,5,88.6666666666667,183,3,16,39.3333333333333,75,3,7,481.666666666667,1008,12,87,168.5808
